"Num_Acc";"id_vehicule";"num_veh";"senc";"catv";"obs";"obsm";"choc";"manv";"motor";"occutc"
"202100000652";"200 548";"A01";"2";"7";"0";"2";"1";"1";"1";""
"202100000653";"200 545";"A01";"1";"35";"12";"0";"7";"1";"1";""
"202100000654";"200 542";"A01";"1";"7";"0";"2";"0";"0";"1";""
"202100000654";"200 543";"B01";"1";"7";"0";"2";"1";"1";"1";""
"202100000654";"200 544";"C01";"1";"7";"0";"2";"8";"1";"1";""
"202100000655";"200 540";"A01";"1";"31";"0";"9";"1";"1";"1";""
"202100000655";"200 541";"B01";"2";"2";"0";"9";"8";"15";"1";""
"202100000656";"200 539";"A01";"1";"33";"0";"0";"8";"15";"1";""
"202100000657";"200 538";"A01";"1";"7";"0";"1";"2";"0";"1";""
"202100000658";"200 537";"A01";"2";"7";"0";"1";"1";"1";"1";""
"202100000659";"200 535";"B01";"1";"30";"0";"2";"3";"11";"1";""
"202100000659";"200 536";"A01";"1";"7";"0";"2";"2";"17";"1";""
"202100000660";"200 533";"A01";"1";"7";"0";"2";"1";"1";"1";""
"202100000660";"200 534";"B01";"1";"1";"0";"0";"4";"1";"5";""
"202100000661";"200 531";"B01";"2";"7";"0";"0";"4";"1";"1";""
"202100000661";"200 532";"A01";"2";"7";"0";"2";"1";"2";"1";""
"202100000662";"200 529";"B01";"2";"10";"0";"0";"3";"14";"1";""
"202100000662";"200 530";"A01";"1";"7";"6";"0";"2";"13";"1";""
"202100000663";"200 528";"A01";"2";"7";"2";"0";"3";"1";"1";""
"202100000664";"200 527";"A01";"1";"7";"0";"0";"9";"1";"1";""
"202100000665";"200 526";"A01";"2";"7";"4";"0";"3";"21";"1";""
"202100000666";"200 523";"C01";"2";"7";"0";"2";"3";"1";"1";""
"202100000666";"200 524";"B01";"2";"10";"0";"2";"1";"21";"1";""
"202100000666";"200 525";"A01";"1";"10";"0";"2";"1";"13";"1";""
"202100000667";"200 521";"A01";"3";"2";"0";"2";"8";"15";"1";""
"202100000667";"200 522";"B01";"2";"33";"0";"2";"1";"17";"1";""
"202100000668";"200 519";"B01";"1";"7";"0";"2";"6";"1";"3";""
"202100000668";"200 520";"A01";"2";"33";"0";"2";"1";"1";"1";""
"202100000669";"200 517";"A01";"1";"7";"0";"2";"2";"1";"1";""
"202100000669";"200 518";"B01";"1";"1";"0";"0";"4";"1";"5";""
"202100000670";"200 516";"A01";"3";"7";"8";"0";"2";"1";"1";""
"202100000671";"200 514";"B01";"1";"10";"0";"2";"1";"1";"1";""
"202100000671";"200 515";"A01";"1";"3";"0";"2";"4";"1";"1";""
"202100000672";"200 512";"A01";"1";"33";"0";"2";"1";"3";"1";""
"202100000672";"200 513";"B01";"1";"7";"0";"2";"5";"1";"2";""
"202100000673";"200 510";"A01";"3";"7";"0";"2";"1";"9";"1";""
"202100000673";"200 511";"B01";"3";"7";"0";"2";"4";"2";"1";""
"202100000674";"200 508";"A01";"2";"7";"0";"2";"8";"10";"1";""
"202100000674";"200 509";"B01";"2";"33";"0";"2";"1";"17";"1";""
"202100000675";"200 507";"A01";"1";"30";"0";"0";"0";"0";"1";""
"202100000676";"200 505";"B01";"1";"33";"0";"2";"1";"1";"1";""
"202100000676";"200 506";"A01";"2";"7";"0";"2";"1";"13";"1";""
"202100000677";"200 503";"B01";"3";"7";"0";"0";"5";"2";"1";""
"202100000677";"200 504";"A01";"3";"10";"0";"2";"1";"2";"1";""
"202100000678";"200 501";"A01";"2";"30";"0";"2";"1";"26";"1";""
"202100000678";"200 502";"B01";"2";"2";"0";"2";"1";"11";"1";""
"202100000679";"200 499";"A01";"0";"7";"0";"2";"8";"26";"1";""
"202100000679";"200 500";"B01";"0";"7";"0";"2";"1";"2";"1";""
"202100000680";"200 497";"B01";"3";"7";"0";"2";"3";"1";"1";""
"202100000680";"200 498";"A01";"3";"33";"0";"2";"2";"16";"1";""
"202100000681";"200 495";"A01";"1";"50";"0";"2";"1";"1";"3";""
"202100000681";"200 496";"B01";"2";"7";"0";"2";"7";"15";"1";""
"202100000682";"200 492";"B01";"3";"7";"0";"2";"3";"1";"1";""
"202100000682";"200 493";"A01";"3";"10";"0";"2";"1";"2";"1";""
"202100000682";"200 494";"C01";"3";"7";"0";"2";"4";"15";"1";""
"202100000683";"200 491";"A01";"0";"7";"12";"1";"2";"26";"1";""
"202100000684";"200 488";"A01";"1";"7";"0";"2";"1";"1";"1";""
"202100000684";"200 489";"B01";"1";"7";"0";"2";"4";"1";"1";""
"202100000684";"200 490";"C01";"1";"7";"0";"2";"4";"1";"1";""
"202100000685";"200 487";"A01";"1";"7";"0";"1";"2";"1";"3";""
"202100000686";"200 485";"B01";"3";"7";"0";"2";"2";"1";"0";""
"202100000686";"200 486";"A01";"3";"7";"0";"2";"1";"9";"1";""
"202100000687";"200 484";"A01";"3";"7";"0";"1";"3";"26";"1";""
"202100000688";"200 482";"A01";"3";"7";"0";"2";"2";"5";"1";""
"202100000688";"200 483";"B01";"3";"7";"0";"2";"2";"1";"1";""
"202100000689";"200 480";"M01";"2";"33";"0";"2";"4";"10";"1";""
"202100000689";"200 481";"A01";"2";"10";"0";"2";"3";"9";"1";""
"202100000690";"200 478";"B01";"0";"7";"0";"2";"1";"1";"2";""
"202100000690";"200 479";"A01";"0";"7";"0";"2";"8";"9";"1";""
"202100000691";"200 477";"A01";"0";"7";"0";"0";"9";"1";"1";""
"202100000692";"200 476";"A01";"1";"10";"0";"1";"2";"19";"6";""
"202100000693";"200 475";"A01";"0";"14";"0";"1";"2";"1";"1";""
"202100000694";"200 473";"A01";"0";"7";"0";"2";"3";"1";"1";""
"202100000694";"200 474";"B01";"0";"7";"0";"2";"1";"1";"1";""
"202100000695";"200 472";"A01";"0";"7";"0";"1";"3";"15";"1";""
"202100000696";"200 470";"B01";"1";"7";"0";"0";"5";"2";"3";""
"202100000696";"200 471";"A01";"1";"2";"0";"2";"1";"2";"1";""
"202100000697";"200 468";"B01";"1";"2";"0";"2";"2";"15";"1";""
"202100000697";"200 469";"A01";"2";"7";"0";"2";"3";"9";"1";""
"202100000698";"200 466";"A01";"1";"7";"11";"2";"3";"6";"1";""
"202100000698";"200 467";"B01";"2";"7";"0";"2";"8";"1";"1";""
"202100000699";"200 464";"B01";"1";"7";"0";"2";"5";"1";"1";""
"202100000699";"200 465";"A01";"2";"33";"13";"2";"3";"1";"1";""
"202100000700";"200 462";"A01";"3";"7";"0";"2";"2";"15";"1";""
"202100000700";"200 463";"B01";"3";"7";"0";"2";"3";"19";"1";""
"202100000701";"200 460";"A01";"2";"10";"0";"2";"1";"13";"1";""
"202100000701";"200 461";"B01";"1";"10";"0";"2";"1";"1";"1";""
"202100000702";"200 457";"C01";"1";"7";"0";"2";"4";"2";"1";""
"202100000702";"200 458";"B01";"1";"7";"0";"2";"4";"2";"1";""
"202100000702";"200 459";"A01";"1";"7";"0";"2";"1";"2";"1";""
"202100000703";"200 455";"B01";"1";"34";"0";"2";"2";"1";"1";""
"202100000703";"200 456";"A01";"1";"7";"0";"2";"3";"13";"1";""
"202100000704";"200 454";"A01";"2";"7";"0";"1";"1";"15";"1";""
"202100000705";"200 453";"A01";"2";"7";"6";"0";"2";"14";"1";""
"202100000706";"200 451";"A01";"1";"1";"0";"0";"4";"0";"5";""
"202100000706";"200 452";"B01";"2";"0";"0";"9";"1";"0";"0";""
"202100000707";"200 450";"A01";"3";"7";"2";"0";"2";"1";"1";""
"202100000708";"200 448";"A01";"2";"7";"16";"0";"3";"14";"1";""
"202100000709";"200 447";"A01";"1";"7";"2";"0";"2";"1";"1";""
"202100000710";"200 445";"A01";"1";"7";"0";"2";"2";"13";"1";""
"202100000710";"200 446";"B01";"2";"17";"0";"2";"2";"1";"1";""
"202100000711";"200 444";"A01";"1";"7";"14";"0";"1";"0";"1";""
"202100000712";"200 443";"A01";"2";"7";"13";"0";"2";"1";"1";""
"202100000713";"200 442";"A01";"3";"7";"0";"1";"2";"1";"1";""
"202100000714";"200 440";"A01";"0";"7";"7";"2";"8";"19";"1";""
"202100000714";"200 441";"B01";"1";"38";"0";"2";"1";"1";"1";"1"
"202100000715";"200 435";"B01";"2";"7";"0";"2";"7";"15";"1";""
"202100000715";"200 436";"A01";"1";"33";"0";"2";"1";"1";"1";""
"202100000716";"200 433";"A01";"3";"7";"0";"2";"3";"15";"1";""
"202100000716";"200 434";"B01";"3";"32";"0";"2";"1";"0";"1";""
"202100000717";"200 431";"B01";"0";"7";"0";"2";"2";"0";"1";""
"202100000717";"200 432";"A01";"0";"31";"4";"2";"1";"0";"1";""
"202100000718";"200 429";"B01";"2";"30";"0";"2";"1";"1";"1";""
"202100000718";"200 430";"A01";"1";"7";"0";"2";"3";"15";"1";""
"202100000719";"200 422";"B01";"2";"15";"1";"2";"6";"20";"1";""
"202100000719";"200 423";"D01";"2";"7";"1";"0";"3";"21";"1";""
"202100000719";"200 424";"F01";"2";"7";"1";"0";"1";"21";"1";""
"202100000719";"200 425";"C01";"2";"7";"1";"0";"1";"21";"1";""
"202100000719";"200 426";"G01";"2";"7";"1";"0";"1";"21";"1";""
"202100000719";"200 427";"A01";"2";"7";"1";"0";"1";"2";"1";""
"202100000719";"200 428";"E01";"2";"7";"1";"0";"1";"14";"1";""
"202100000720";"200 421";"A01";"2";"7";"4";"0";"8";"9";"1";""
"202100000721";"200 419";"A01";"2";"7";"0";"2";"6";"1";"2";""
"202100000721";"200 420";"B01";"2";"7";"0";"2";"0";"1";"0";""
"202100000722";"200 417";"B01";"1";"32";"0";"2";"2";"2";"1";""
"202100000722";"200 418";"A01";"1";"7";"0";"2";"3";"2";"1";""
"202100000723";"200 415";"B01";"2";"7";"0";"2";"8";"1";"1";""
"202100000723";"200 416";"A01";"2";"17";"0";"2";"7";"12";"1";""
"202100000724";"200 414";"A01";"1";"7";"0";"2";"1";"15";"2";""
"202100000725";"200 413";"A01";"1";"10";"0";"1";"4";"20";"1";""
"202100000726";"200 412";"A01";"2";"7";"0";"1";"1";"1";"1";""
"202100000727";"200 411";"A01";"1";"7";"0";"1";"1";"19";"1";""
"202100000728";"200 407";"D01";"1";"7";"0";"2";"4";"23";"1";""
"202100000728";"200 408";"C01";"1";"7";"0";"2";"1";"23";"1";""
"202100000728";"200 409";"B01";"1";"7";"0";"2";"6";"23";"1";""
"202100000728";"200 410";"A01";"1";"7";"0";"2";"2";"1";"1";""
"202100000729";"200 406";"A01";"1";"7";"0";"1";"1";"1";"1";""
"202100000730";"200 405";"A01";"1";"3";"0";"1";"1";"15";"1";""
"202100000731";"200 403";"Z01";"1";"10";"0";"0";"0";"0";"1";""
"202100000731";"200 404";"A01";"1";"7";"0";"2";"2";"0";"0";""
"202100000732";"200 402";"A01";"1";"7";"13";"0";"7";"26";"1";""
"202100000733";"200 401";"A01";"2";"30";"12";"0";"2";"26";"1";""
"202100000734";"200 400";"A01";"2";"7";"2";"0";"3";"14";"1";""
"202100000735";"200 399";"A01";"3";"7";"0";"1";"1";"1";"1";""
"202100000736";"200 397";"A01";"3";"7";"0";"1";"1";"1";"1";""
"202100000737";"200 396";"A01";"3";"7";"0";"1";"2";"1";"1";""
"202100000738";"200 395";"A01";"3";"10";"6";"1";"4";"26";"1";""
"202100000739";"200 394";"A01";"3";"7";"0";"1";"0";"0";"1";""
"202100000740";"200 393";"A01";"1";"7";"0";"1";"3";"26";"2";""
"202100000741";"200 391";"B01";"3";"30";"1";"0";"0";"1";"1";""
"202100000741";"200 392";"A01";"3";"7";"0";"2";"2";"24";"1";""
"202100000742";"200 389";"A01";"1";"7";"0";"2";"1";"1";"1";""
"202100000742";"200 390";"B01";"3";"50";"0";"2";"1";"25";"3";""
"202100000743";"200 387";"A01";"1";"7";"0";"2";"0";"26";"0";""
"202100000743";"200 388";"B01";"2";"33";"0";"2";"7";"16";"1";""
"202100000744";"200 384";"C01";"2";"7";"0";"2";"1";"1";"1";""
"202100000744";"200 385";"B01";"2";"7";"0";"2";"1";"1";"0";""
"202100000744";"200 386";"A01";"2";"7";"1";"0";"4";"1";"1";""
"202100000745";"200 382";"A01";"1";"30";"0";"2";"1";"17";"1";""
"202100000745";"200 383";"B01";"1";"7";"0";"2";"3";"15";"1";""
"202100000746";"200 380";"B01";"1";"7";"0";"2";"2";"1";"1";""
"202100000746";"200 381";"A01";"1";"7";"16";"2";"2";"13";"1";""
"202100000747";"200 378";"B01";"3";"10";"8";"2";"3";"1";"1";""
"202100000747";"200 379";"A01";"2";"10";"0";"2";"1";"1";"1";""
"202100000748";"200 377";"A01";"2";"33";"0";"1";"8";"16";"1";""
"202100000749";"200 375";"A01";"2";"7";"0";"2";"2";"15";"1";""
"202100000749";"200 376";"B01";"2";"33";"0";"2";"1";"1";"1";""
"202100000750";"200 372";"A01";"0";"0";"0";"1";"0";"0";"0";""
"202100000751";"200 371";"A01";"0";"0";"0";"1";"0";"0";"0";""
"202100000752";"200 369";"B01";"0";"40";"0";"2";"1";"1";"3";""
"202100000752";"200 370";"A01";"0";"7";"0";"2";"1";"1";"1";""
"202100000753";"200 368";"A01";"1";"31";"4";"0";"7";"14";"3";""
"202100000754";"200 365";"B01";"1";"7";"0";"2";"1";"1";"1";""
"202100000754";"200 366";"A01";"3";"50";"0";"2";"7";"19";"3";""
"202100000755";"200 363";"B01";"1";"7";"0";"2";"4";"15";"1";""
"202100000755";"200 364";"A01";"1";"7";"0";"2";"1";"2";"1";""
"202100000756";"200 360";"A01";"3";"7";"0";"2";"1";"2";"1";""
"202100000756";"200 361";"B01";"3";"7";"0";"2";"4";"2";"1";""
"202100000756";"200 362";"C01";"3";"7";"0";"2";"4";"2";"1";""
"202100000757";"200 358";"B01";"2";"33";"0";"2";"2";"17";"1";""
"202100000757";"200 359";"A01";"2";"7";"2";"2";"8";"20";"1";""
"202100000758";"200 356";"B01";"1";"32";"0";"2";"2";"17";"1";""
"202100000758";"200 357";"A01";"1";"10";"0";"2";"3";"15";"1";""
"202100000759";"200 354";"A01";"2";"33";"0";"2";"1";"1";"1";""
"202100000759";"200 355";"B01";"1";"7";"0";"2";"2";"15";"1";""
"202100000760";"200 353";"A01";"2";"7";"8";"0";"1";"1";"1";""
"202100000761";"200 351";"B01";"3";"7";"0";"2";"1";"23";"1";""
"202100000761";"200 352";"A01";"2";"33";"0";"2";"3";"17";"1";""
"202100000762";"200 350";"A01";"1";"7";"11";"0";"3";"13";"1";""
"202100000763";"200 348";"B01";"1";"2";"0";"2";"3";"1";"1";""
"202100000763";"200 349";"A01";"0";"7";"0";"2";"3";"15";"1";""
"202100000764";"200 347";"A01";"1";"7";"1";"1";"2";"1";"1";""
"202100000765";"200 346";"A01";"1";"7";"0";"1";"1";"1";"1";""
"202100000766";"200 345";"A01";"3";"7";"0";"1";"1";"1";"1";""
"202100000767";"200 343";"B01";"1";"7";"0";"2";"4";"2";"1";""
"202100000767";"200 344";"A01";"1";"7";"0";"2";"1";"2";"1";""
"202100000768";"200 341";"B01";"0";"10";"0";"2";"5";"15";"1";""
"202100000768";"200 342";"A01";"1";"2";"0";"2";"1";"1";"1";""
"202100000769";"200 339";"B01";"3";"7";"0";"2";"8";"19";"0";""
"202100000769";"200 340";"A01";"3";"7";"0";"2";"2";"1";"1";""
"202100000770";"200 337";"A01";"0";"37";"0";"2";"1";"1";"1";"1"
"202100000770";"200 338";"B01";"0";"50";"0";"2";"1";"13";"3";""
"202100000771";"200 334";"B01";"2";"7";"0";"2";"4";"2";"2";""
"202100000771";"200 335";"A01";"2";"10";"0";"2";"1";"9";"1";""
"202100000771";"200 336";"C01";"2";"7";"0";"2";"4";"2";"1";""
"202100000772";"200 332";"B01";"1";"7";"0";"2";"2";"1";"1";""
"202100000772";"200 333";"A01";"2";"2";"0";"2";"1";"1";"1";""
"202100000773";"200 331";"A01";"1";"30";"12";"0";"7";"26";"1";""
"202100000774";"200 330";"A01";"0";"30";"0";"2";"0";"1";"3";""
"202100000775";"200 328";"B01";"3";"7";"0";"2";"2";"23";"1";""
"202100000775";"200 329";"A01";"1";"7";"0";"2";"3";"1";"1";""
"202100000776";"200 327";"A01";"1";"7";"14";"0";"1";"1";"1";""
"202100000777";"200 325";"Z01";"1";"10";"0";"2";"1";"2";"1";""
"202100000777";"200 326";"A01";"1";"7";"0";"2";"6";"23";"1";""
"202100000778";"200 323";"A01";"1";"7";"1";"2";"3";"1";"2";""
"202100000778";"200 324";"B01";"1";"50";"0";"2";"1";"13";"3";""
"202100000779";"200 321";"B01";"1";"7";"0";"2";"3";"1";"1";""
"202100000779";"200 322";"A01";"1";"30";"0";"2";"1";"1";"1";""
"202100000780";"200 319";"Z01";"2";"13";"0";"2";"2";"22";"0";""
"202100000780";"200 320";"A01";"2";"1";"0";"2";"1";"1";"5";""
"202100000781";"200 317";"A01";"1";"32";"0";"2";"8";"12";"1";""
"202100000781";"200 318";"B01";"1";"7";"0";"2";"5";"1";"1";""
"202100000782";"200 314";"C01";"1";"30";"0";"2";"1";"1";"1";""
"202100000782";"200 315";"A01";"1";"30";"0";"2";"4";"15";"1";""
"202100000782";"200 316";"B01";"1";"30";"0";"2";"1";"1";"3";""
"202100000783";"200 313";"A01";"1";"30";"0";"2";"7";"16";"3";""
"202100000784";"200 311";"B01";"2";"30";"0";"2";"1";"1";"1";""
"202100000784";"200 312";"A01";"2";"7";"0";"2";"6";"10";"1";""
"202100000785";"200 310";"A01";"2";"7";"0";"1";"0";"19";"1";""
"202100000786";"200 308";"A01";"2";"7";"0";"2";"1";"1";"1";""
"202100000786";"200 309";"B01";"2";"7";"0";"2";"4";"23";"1";""
"202100000787";"200 307";"Z01";"2";"7";"0";"1";"0";"2";"0";""
"202100000788";"200 306";"A01";"1";"7";"1";"0";"1";"1";"1";""
"202100000789";"200 304";"A01";"2";"32";"0";"2";"3";"13";"1";""
"202100000789";"200 305";"B01";"1";"7";"0";"2";"3";"1";"1";""
"202100000790";"200 302";"B01";"2";"34";"0";"2";"7";"16";"1";""
"202100000790";"200 303";"Z01";"2";"10";"0";"2";"8";"19";"1";""
"202100000791";"200 301";"Z01";" -1";"7";"0";"1";"3";"15";"1";""
"202100000792";"200 300";"A01";" -1";"32";"0";"0";"1";"17";"0";""
"202100000793";"200 299";"Z01";"3";"7";"12";"1";"1";"1";"1";""
"202100000794";"200 297";"B01";"2";"7";"0";"2";"3";"15";"1";""
"202100000794";"200 298";"A01";"1";"7";"8";"2";"8";"1";"1";""
"202100000795";"200 295";"A01";"2";"7";"0";"2";"5";"16";"1";""
"202100000795";"200 296";"B01";"2";"2";"0";"2";"1";"2";"1";""
"202100000796";"200 294";"A01";"1";"7";"0";"1";"2";"1";"1";""
"202100000797";"200 292";"A01";"1";"10";"0";"2";"3";"16";"1";""
"202100000797";"200 293";"B01";"1";"32";"0";"2";"1";"1";"1";""
"202100000798";"200 290";"B01";"1";"10";"0";"2";"2";"15";"1";""
"202100000798";"200 291";"A01";"2";"2";"0";"2";"3";"1";"1";""
"202100000799";"200 288";"B01";"1";"32";"0";"2";"1";"1";"1";""
"202100000799";"200 289";"A01";"2";"7";"0";"0";"2";"26";"1";""
"202100000800";"200 287";"A01";"1";"7";"14";"0";"5";"14";"1";""
"202100000801";"200 286";"A01";"1";"2";"0";"0";"7";"1";"1";""
"202100000802";"200 284";"A01";"1";"33";"0";"2";"1";"13";"1";""
"202100000802";"200 285";"B01";"2";"7";"0";"2";"3";"1";"1";""
"202100000803";"200 282";"B01";"2";"15";"0";"0";"6";"1";"1";""
"202100000803";"200 283";"A01";"2";"7";"0";"2";"1";"1";"1";""
"202100000804";"200 281";"A01";"1";"7";"13";"0";"1";"0";"1";""
"202100000805";"200 280";"A01";"3";"7";"0";"1";"1";"0";"1";""
"202100000806";"200 279";"A01";"3";"7";"6";"0";"1";"15";"2";""
"202100000807";"200 278";"A01";"2";"7";"2";"0";"1";"1";"1";""
"202100000808";"200 276";"B01";"2";"7";"3";"0";"6";"1";"1";""
"202100000808";"200 277";"A01";"2";"7";"3";"2";"2";"11";"1";""
"202100000809";"200 274";"A01";"1";"7";"0";"2";"1";"2";"1";""
"202100000809";"200 275";"B01";"1";"7";"0";"2";"4";"2";"2";""
"202100000810";"200 273";"A01";"2";"7";"3";"0";"1";"1";"1";""
"202100000811";"200 271";"B01";"2";"7";"0";"2";"4";"2";"1";""
"202100000811";"200 272";"A01";"2";"7";"0";"2";"1";"14";"1";""
"202100000812";"200 269";"A01";"1";"7";"0";"2";"1";"2";"1";""
"202100000812";"200 270";"B01";"1";"7";"0";"2";"4";"2";"1";""
"202100000813";"200 267";"A01";"1";"7";"0";"2";"2";"14";"1";""
"202100000813";"200 268";"B01";"1";"7";"6";"2";"6";"0";"2";""
"202100000814";"200 265";"A01";"2";"33";"0";"2";"2";"3";"1";""
"202100000814";"200 266";"B01";"2";"7";"0";"2";"3";"1";"1";""
"202100000815";"200 264";"A01";"3";"7";"0";"1";"3";"9";"1";""
"202100000816";"200 262";"B01";"1";"7";"0";"2";"5";"2";"1";""
"202100000816";"200 263";"A01";"1";"7";"0";"2";"3";"2";"1";""
"202100000817";"200 258";"A01";"2";"33";"1";"2";"8";"18";"1";""
"202100000817";"200 259";"B01";"2";"10";"0";"2";"7";"1";"1";""
"202100000818";"200 257";"A01";"3";"30";"0";"1";"1";"21";"1";""
"202100000819";"200 256";"A01";"1";"30";"0";"1";"1";"1";"3";""
"202100000820";"200 255";"A01";"3";"15";"0";"1";"0";"16";"1";""
"202100000821";"200 254";"A01";"2";"7";"0";"1";"1";"15";"1";""
"202100000822";"200 253";"A01";"1";"7";"0";"1";"1";"16";"1";""
"202100000823";"200 252";"A01";"3";"10";"0";"1";"1";"1";"1";""
"202100000824";"200 250";"A01";"3";"7";"0";"2";"3";"5";"1";""
"202100000824";"200 251";"B01";"3";"7";"0";"2";"3";"1";"1";""
"202100000825";"200 249";"A01";"1";"33";"0";"1";"3";"26";"1";""
"202100000826";"200 248";"A01";"3";"7";"0";"1";"1";"1";"1";""
"202100000827";"200 247";"A01";"1";"32";"0";"1";"1";"1";"1";""
"202100000828";"200 246";"A01";"0";"7";"0";"1";"0";"0";"1";""
"202100000829";"200 245";"A01";"2";"7";"0";"1";"2";"15";"1";""
"202100000830";"200 244";"A01";"3";"7";"0";"1";"1";"1";"1";""
"202100000831";"200 243";"A01";"3";"37";"0";"1";"8";"2";"1";"1"
"202100000832";"200 242";"A01";"3";"32";"0";"1";"1";"17";"1";""
"202100000833";"200 240";"A01";"3";"50";"0";"2";"8";"18";"3";""
"202100000833";"200 241";"B01";"3";"7";"0";"2";"2";"16";"1";""
"202100000834";"200 239";"A01";"1";"7";"4";"1";"2";"21";"1";""
"202100000835";"200 238";"A01";"2";"7";"0";"1";"1";"1";"1";""
"202100000836";"200 236";"A01";"2";"7";"0";"1";"1";"15";"1";""
"202100000837";"200 234";"A01";"1";"7";"0";"2";"1";"15";"1";""
"202100000837";"200 235";"B01";"1";"38";"0";"2";"0";"0";"3";"5"
"202100000838";"200 233";"A01";"1";"7";"13";"0";"1";"1";"1";""
"202100000839";"200 230";"A01";"1";"7";"0";"2";"1";"14";"1";""
"202100000839";"200 231";"B01";"1";"7";"0";"2";"9";"14";"1";""
"202100000839";"200 232";"C01";"1";"33";"0";"2";"3";"2";"1";""
"202100000840";"200 228";"B01";"1";"34";"0";"2";"3";"0";"1";""
"202100000840";"200 229";"A01";"2";"7";"0";"9";"6";"15";"1";""
"202100000841";"200 227";"A01";"2";"7";"0";"1";"2";"1";"1";""
"202100000842";"200 226";"B01";"2";"7";"0";"2";"5";"2";"1";""
"202100000843";"200 224";"B01";"1";"50";"0";"2";"0";"16";"3";""
"202100000843";"200 225";"A01";"1";"7";"0";"2";"0";"16";"1";""
"202100000844";"200 223";"A01";"2";"7";"0";"1";"3";"1";"1";""
"202100000845";"200 222";"A01";"2";"7";"0";"1";"4";"4";"2";""
"202100000846";"200 221";"A01";"3";"7";"0";"1";"2";"26";"1";""
"202100000847";"200 220";"A01";"0";"99";"0";"1";"1";"26";"3";""
"202100000848";"200 218";"B01";"2";"7";"0";"2";"5";"23";"1";""
"202100000848";"200 219";"A01";"2";"7";"0";"2";"3";"1";"1";""
"202100000849";"200 217";"A01";"1";"7";"0";"1";"6";"4";"1";""
"202100000850";"200 216";"A01";"3";"7";"0";"1";"1";"9";"1";""
"202100000851";"200 215";"A01";"2";"10";"0";"1";"3";"1";"1";""
"202100000852";"200 214";"A01";"3";"7";"0";"1";"1";"1";"1";""
"202100000853";"200 212";"B01";"3";"43";"0";"2";"1";"1";"1";""
"202100000853";"200 213";"A01";"1";"7";"0";"2";"7";"9";"1";""
"202100000854";"200 211";"A01";"2";"1";"0";"0";"8";"25";"0";""
"202100000855";"200 209";"B01";"2";"7";"7";"2";"4";"23";"1";""
"202100000855";"200 210";"A01";"2";"7";"0";"2";"1";"1";"1";""
"202100000856";"200 207";"A01";"3";"7";"0";"2";"4";"2";"1";""
"202100000856";"200 208";"B01";"3";"7";"0";"2";"4";"2";"1";""
"202100000857";"200 204";"C01";"1";"7";"0";"2";"4";"1";"1";""
"202100000857";"200 205";"B01";"1";"7";"0";"2";"4";"1";"1";""
"202100000857";"200 206";"A01";"1";"99";"0";"2";"1";"1";"1";""
"202100000858";"200 202";"B01";"1";"50";"0";"2";"1";"2";"3";""
"202100000858";"200 203";"A01";"2";"7";"0";"2";"3";"9";"1";""
"202100000859";"200 201";"A01";"1";"7";"9";"0";"5";"22";"0";""
"202100000860";"200 200";"A01";"3";"7";"0";"1";"3";"1";"1";""
"202100000861";"200 199";"A01";"1";"10";"12";"0";"7";"14";"1";""
"202100000862";"200 197";"B01";"3";"7";"0";"2";"1";"1";"1";""
"202100000862";"200 198";"A01";"3";"7";"0";"2";"2";"15";"1";""
"202100000863";"200 196";"A01";"1";"7";"0";"1";"2";"2";"1";""
"202100000864";"200 194";"A01";"1";"7";"0";"2";"1";"1";"1";""
"202100000864";"200 195";"B01";"2";"7";"15";"2";"8";"1";"1";""
"202100000865";"200 193";"A01";"1";"40";"0";"1";"1";"1";"3";""
"202100000866";"200 191";"A01";"2";"7";"1";"0";"3";"13";"1";""
"202100000867";"200 190";"A01";"3";"7";"6";"0";"2";"14";"1";""
"202100000868";"200 188";"A01";"3";"7";"0";"2";"1";"9";"1";""
"202100000868";"200 189";"B01";"3";"1";"0";"2";"2";"1";"5";""
"202100000869";"200 186";"A01";"3";"10";"0";"2";"1";"2";"1";""
"202100000869";"200 187";"B01";"3";"7";"0";"2";"4";"23";"1";""
"202100000870";"200 185";"A01";"3";"36";"0";"0";"0";"0";"1";""
"202100000871";"200 183";"A01";"3";"7";"0";"2";"2";"15";"1";""
"202100000871";"200 184";"B01";"3";"30";"0";"2";"1";"1";"1";""
"202100000872";"200 182";"A01";"3";"7";"13";"0";"1";"13";"1";""
"202100000873";"200 181";"A01";"2";"10";"13";"0";"9";"1";"1";""
"202100000874";"200 180";"A01";"1";"7";"0";"1";"8";"26";"1";""
"202100000875";"200 179";"A01";"2";"7";"0";"1";"3";"1";"1";""
"202100000876";"200 178";"A01";"2";"7";"2";"0";"2";"26";"0";""
"202100000877";"200 177";"A01";"1";"7";"3";"0";"1";"14";"1";""
"202100000878";"200 175";"A01";"2";"7";"0";"2";"1";"16";"1";""
"202100000878";"200 176";"B01";"2";"7";"0";"2";"3";"15";"1";""
"202100000879";"200 173";"A01";"2";"7";"0";"2";"8";"15";"1";""
"202100000879";"200 174";"B01";"2";"7";"0";"2";"1";"1";"1";""
"202100000880";"200 171";"A01";"1";"7";"0";"2";"2";"15";"1";""
"202100000880";"200 172";"B01";"2";"7";"0";"2";"3";"1";"1";""
"202100000881";"200 169";"A01";"3";"7";"0";"2";"6";"20";"1";""
"202100000881";"200 170";"B01";"3";"7";"0";"2";"5";"26";"1";""