"Num_Acc";"id_vehicule";"num_veh";"senc";"catv";"obs";"obsm";"choc";"manv";"motor";"occutc"
"202100001113";"199 778";"B01";"2";"7";"0";"9";"1";"11";"1";""
"202100001113";"199 779";"A01";"2";"7";"3";"0";"3";"2";"1";""
"202100001114";"199 776";"B01";"2";"7";"0";"2";"3";"13";"1";""
"202100001114";"199 777";"A01";"1";"15";"0";"2";"3";"1";"1";""
"202100001115";"199 774";"B01";"0";"14";"0";"2";"2";"1";"1";""
"202100001115";"199 775";"A01";"3";"7";"0";"2";"7";"1";"1";""
"202100001116";"199 772";"A01";"1";"15";"0";"2";"2";"1";"1";""
"202100001116";"199 773";"B01";"1";"7";"4";"0";"8";"1";"1";""
"202100001117";"199 771";"A01";"1";"10";"1";"0";"1";"2";"1";""
"202100001118";"199 769";"A01";"1";"7";"0";"2";"1";"2";"1";""
"202100001118";"199 770";"B01";"1";"7";"4";"0";"4";"2";"1";""
"202100001119";"199 767";"A01";"1";"7";"0";"2";"7";"11";"1";""
"202100001119";"199 768";"B01";"2";"33";"0";"2";"1";"1";"1";""
"202100001120";"199 766";"A01";"2";"7";"13";"0";"3";"0";"1";""
"202100001121";"199 765";"A01";"1";"7";"0";"1";"3";"1";"2";""
"202100001122";"199 763";"B01";"2";"1";"0";"0";"4";"1";"5";""
"202100001122";"199 764";"A01";"2";"1";"0";"2";"1";"1";"5";""
"202100001123";"199 762";"A01";"1";"7";"0";"1";"1";"15";"1";""
"202100001124";"199 761";"A01";"1";"7";"6";"0";"8";"1";"1";""
"202100001125";"199 759";"B01";"2";"7";"0";"0";"1";"0";"1";""
"202100001125";"199 760";"A01";"1";"7";"8";"0";"5";"0";"1";""
"202100001126";"199 758";"A01";"1";"7";"2";"0";"1";"1";"1";""
"202100001127";"199 757";"A01";"2";"7";"0";"2";"1";"12";"1";""
"202100001128";"199 755";"B01";"2";"7";"0";"2";"2";"2";"1";""
"202100001128";"199 756";"A01";"2";"7";"0";"2";"4";"2";"1";""
"202100001129";"199 753";"B01";"2";"7";"0";"2";"4";"1";"1";""
"202100001129";"199 754";"A01";"2";"7";"0";"2";"1";"1";"1";""
"202100001130";"199 751";"A01";"2";"7";"0";"2";"1";"2";"1";""
"202100001130";"199 752";"B01";"2";"7";"0";"2";"4";"2";"1";""
"202100001131";"199 750";"A01";"2";"7";"4";"0";"1";"14";"1";""
"202100001132";"199 747";"C01";"2";"7";"0";"2";"4";"23";"1";""
"202100001132";"199 748";"B01";"2";"7";"0";"2";"4";"23";"1";""
"202100001132";"199 749";"A01";"2";"7";"0";"2";"1";"2";"1";""
"202100001133";"199 745";"A01";"1";"15";"0";"2";"1";"2";"1";""
"202100001133";"199 746";"B01";"1";"33";"0";"2";"6";"2";"1";""
"202100001134";"199 741";"A01";"1";"7";"0";"2";"1";"2";"1";""
"202100001134";"199 742";"B01";"1";"7";"0";"2";"1";"2";"1";""
"202100001134";"199 743";"C01";"1";"7";"0";"2";"2";"2";"1";""
"202100001134";"199 744";"D01";"1";"7";"0";"2";"1";"2";"1";""
"202100001135";"199 739";"A01";"2";"15";"3";"2";"3";"13";"1";""
"202100001135";"199 740";"B01";"2";"7";"0";"2";"2";"1";"1";""
"202100001136";"199 738";"A01";"1";"7";"4";"0";"3";"16";"1";""
"202100001137";"199 737";"A01";"2";"7";"0";"9";"1";"1";"1";""
"202100001138";"199 736";"A01";"0";"7";"0";"0";"0";"26";"1";""
"202100001139";"199 735";"A01";"1";"7";"4";"0";"1";"1";"1";""
"202100001140";"199 733";"A01";"1";"17";"1";"0";"1";"2";"1";""
"202100001140";"199 734";"B01";"1";"7";"3";"0";"4";"23";"1";""
"202100001141";"199 732";"A01";"1";"7";"3";"0";"1";"1";"1";""
"202100001142";"199 731";"A01";"1";"33";"0";"0";"1";"1";"1";""
"202100001143";"199 729";"B01";"1";"7";"0";"2";"3";"11";"1";""
"202100001143";"199 730";"A01";"1";"7";"0";"2";"2";"1";"1";""
"202100001144";"199 728";"A01";"2";"7";"4";"0";"1";"1";"1";""
"202100001145";"199 726";"B01";"2";"33";"0";"2";"2";"3";"1";""
"202100001145";"199 727";"A01";"2";"7";"0";"2";"6";"11";"0";""
"202100001146";"199 724";"A01";"2";"43";"0";"2";"1";"3";"1";""
"202100001146";"199 725";"B01";"2";"7";"0";"2";"5";"12";"1";""
"202100001147";"199 722";"A01";"1";"7";"3";"2";"3";"1";"1";""
"202100001147";"199 723";"B01";"1";"7";"16";"2";"7";"1";"0";""
"202100001148";"199 721";"A01";"1";"7";"2";"0";"1";"26";"1";""
"202100001149";"199 719";"A01";"1";"10";"0";"9";"5";"2";"1";""
"202100001149";"199 720";"B01";"1";"2";"0";"2";"1";"2";"1";""
"202100001150";"199 717";"A01";"1";"7";"0";"2";"3";"15";"1";""
"202100001150";"199 718";"B01";"1";"2";"0";"2";"3";"1";"1";""
"202100001151";"199 715";"B01";"3";"33";"0";"2";"8";"17";"1";""
"202100001151";"199 716";"A01";"0";"7";"0";"2";"3";"1";"1";""
"202100001152";"199 713";"B01";"1";"2";"0";"2";"8";"1";"1";""
"202100001152";"199 714";"A01";"2";"7";"0";"2";"0";"15";"1";""
"202100001153";"199 711";"A01";"2";"7";"15";"2";"1";"1";"1";""
"202100001153";"199 712";"B01";"2";"7";"6";"2";"7";"1";"1";""
"202100001154";"199 709";"B01";"1";"10";"0";"2";"6";"15";"1";""
"202100001154";"199 710";"A01";"1";"7";"0";"2";"1";"13";"1";""
"202100001155";"199 707";"A01";"1";"30";"0";"2";"4";"2";"1";""
"202100001155";"199 708";"Z01";"1";"2";"0";"0";"0";"0";"0";""
"202100001156";"199 705";"A01";"1";"7";"0";"2";"7";"16";"1";""
"202100001156";"199 706";"B01";"1";"31";"0";"2";"3";"1";"1";""
"202100001157";"199 703";"B01";"1";"7";"0";"2";"1";"1";"1";""
"202100001157";"199 704";"A01";"1";"7";"0";"2";"2";"1";"1";""
"202100001158";"199 702";"A01";"1";"7";"14";"0";"7";"17";"1";""
"202100001159";"199 701";"A01";"3";"7";"8";"0";"0";"14";"1";""
"202100001160";"199 700";"A01";"1";"32";"0";"0";"8";"1";"3";""
"202100001161";"199 699";"A01";"1";"7";"0";"1";"1";"15";"1";""
"202100001162";"199 697";"A01";"2";"7";"0";"2";"1";"9";"1";""
"202100001162";"199 698";"B01";"1";"7";"0";"2";"3";"0";"1";""
"202100001163";"199 696";"A01";"2";"7";"0";"1";"2";"0";"1";""
"202100001164";"199 694";"B01";"1";"7";"0";"2";"1";"2";"0";""
"202100001164";"199 695";"A01";"1";"7";"0";"2";"1";"0";"0";""
"202100001165";"199 692";"B01";"1";"1";"0";"2";"7";"1";"5";""
"202100001165";"199 693";"A01";"1";"7";"0";"2";"1";"9";"1";""
"202100001166";"199 687";"B01";"0";"7";"0";"2";"1";"1";"2";""
"202100001166";"199 688";"A01";"0";"7";"0";"2";"1";"13";"1";""
"202100001167";"199 686";"A01";"2";"1";"0";"1";"1";"1";"5";""
"202100001168";"199 685";"A01";"3";"37";"0";"1";"2";"16";"1";"1"
"202100001169";"199 683";"A01";"0";"32";"0";"2";"1";"0";"1";""
"202100001169";"199 684";"B01";"0";"20";"0";"2";"1";"15";"1";""
"202100001170";"199 682";"A01";"0";"30";"0";"0";"0";"9";"1";""
"202100001171";"199 680";"B01";"2";"7";"0";"2";"1";"1";"1";""
"202100001171";"199 681";"A01";"1";"7";"0";"2";"0";"0";"1";""
"202100001172";"199 678";"A01";"1";"7";"0";"2";"1";"1";"1";""
"202100001172";"199 679";"B01";"1";"7";"0";"2";"6";"1";"1";""
"202100001173";"199 677";"A01";"2";"7";"0";"1";"1";"1";"1";""
"202100001174";"199 675";"A01";"1";"7";"0";"2";"1";"1";"1";""
"202100001174";"199 676";"B01";"2";"7";"0";"2";"8";"1";"1";""
"202100001175";"199 673";"A01";"1";"7";"0";"2";"2";"1";"1";""
"202100001175";"199 674";"B01";"2";"7";"0";"2";"8";"1";"1";""
"202100001176";"199 672";"A01";"1";"7";"0";"1";"3";"1";"1";""
"202100001177";"199 670";"B01";"2";"7";"0";"2";"3";"1";"1";""
"202100001177";"199 671";"A01";"1";"7";"0";"2";"2";"1";"1";""
"202100001178";"199 668";"B01";"1";"7";"0";"2";"3";"1";"1";""
"202100001178";"199 669";"A01";"2";"1";"0";"2";"1";"9";"5";""
"202100001179";"199 667";"A01";"1";"2";"0";"0";"7";"1";"1";""
"202100001180";"199 665";"A01";"2";"7";"0";"2";"2";"13";"1";""
"202100001180";"199 666";"B01";"1";"14";"0";"2";"2";"21";"1";""
"202100001181";"199 663";"B01";"1";"1";"0";"2";"8";"1";"5";""
"202100001181";"199 664";"A01";"1";"7";"0";"2";"2";"14";"1";""
"202100001182";"199 661";"A01";"1";"7";"0";"1";"2";"26";"1";""
"202100001183";"199 658";"A01";"1";"7";"2";"0";"1";"21";"1";""
"202100001184";"199 656";"B01";"2";"3";"0";"2";"3";"9";"1";""
"202100001184";"199 657";"A01";"2";"7";"0";"2";"1";"7";"1";""
"202100001185";"199 654";"A01";"1";"7";"0";"2";"7";"15";"1";""
"202100001185";"199 655";"B01";"1";"10";"0";"2";"2";"1";"1";""
"202100001186";"199 652";"B01";"1";"7";"0";"2";"1";"1";"1";""
"202100001186";"199 653";"A01";"1";"7";"0";"2";"3";"10";"1";""
"202100001187";"199 650";"B01";"1";"10";"0";"2";"2";"26";"1";""
"202100001187";"199 651";"A01";"1";"7";"0";"2";"7";"26";"1";""
"202100001188";"199 648";"A01";"1";"7";"0";"2";"8";"15";"1";""
"202100001188";"199 649";"B01";"2";"33";"0";"2";"1";"1";"1";""
"202100001189";"199 646";"B01";"2";"7";"0";"2";"1";"1";"1";""
"202100001189";"199 647";"A01";"2";"7";"0";"2";"7";"15";"1";""
"202100001190";"199 645";"A01";"2";"7";"1";"0";"1";"1";"1";""
"202100001191";"199 644";"A01";" -1";"33";"0";"0";"0";"1";"1";""
"202100001192";"199 643";"A01";"1";"30";"0";"0";"0";"2";"1";""
"202100001193";"199 640";"A01";"1";"7";"0";"2";"2";"1";"1";""
"202100001193";"199 641";"B01";"1";"7";"0";"2";"0";"0";"1";""
"202100001193";"199 642";"C01";"1";"7";"0";"2";"6";"1";"1";""
"202100001194";"199 639";"A01";"1";"30";"12";"0";"1";"26";"1";""
"202100001195";"199 636";"A01";"2";"7";"0";"2";"1";"13";"1";""
"202100001195";"199 637";"B01";"1";"7";"0";"2";"3";"1";"3";""
"202100001195";"199 638";"C01";"2";"7";"0";"9";"1";"1";"1";""
"202100001196";"199 634";"B01";"1";"7";"3";"2";"4";"1";"1";""
"202100001196";"199 635";"A01";"1";"7";"0";"2";"1";"9";"1";""
"202100001197";"199 631";"B01";"1";"10";"0";"2";"3";"1";" -1";""
"202100001197";"199 632";"C01";"2";"7";"0";"2";"1";"1";" -1";""
"202100001197";"199 633";"A01";"1";"10";"0";"2";"1";"17";" -1";""
"202100001198";"199 629";"B01";"1";"7";"0";"2";"1";"23";"1";""
"202100001198";"199 630";"A01";"2";"7";"0";"2";"1";"5";"1";""
"202100001199";"199 627";"A01";"3";"7";"0";"1";"2";"1";"1";""
"202100001199";"199 628";"B01";"3";"7";"4";"1";"3";"1";"1";""
"202100001200";"199 625";"A01";"1";"10";"0";"2";"3";"19";"1";""
"202100001200";"199 626";"B01";"2";"33";"0";"2";"1";"1";"1";""
"202100001201";"199 624";"A01";"3";"33";"0";"0";"1";"26";"1";""
"202100001202";"199 623";"A01";"1";"2";"0";"0";"7";"1";"1";""
"202100001203";"199 622";"A01";"2";"7";"0";"1";"2";"21";"1";""
"202100001204";"199 620";"A01";"1";"7";"0";"2";"8";"9";"1";""
"202100001204";"199 621";"B01";"2";"50";"0";"2";"1";"1";"3";""
"202100001205";"199 618";"A01";"2";"50";"0";"2";"1";"2";"3";""
"202100001205";"199 619";"B01";"2";"7";"0";"2";"6";"2";"1";""
"202100001206";"199 615";"C01";"1";"7";"0";"2";"6";"16";"1";""
"202100001206";"199 616";"B01";"1";"33";"0";"2";"2";"18";"1";""
"202100001206";"199 617";"A01";"2";"7";"0";"2";"2";"16";"1";""
"202100001207";"199 613";"B01";"3";"30";"0";"2";"2";"15";"1";""
"202100001207";"199 614";"A01";"2";"7";"0";"2";"8";"1";"1";""
"202100001208";"199 611";"B01";"1";"30";"0";"2";"2";"2";"1";""
"202100001208";"199 612";"A01";"1";"7";"0";"2";"3";"20";"1";""
"202100001209";"199 610";"A01";"1";"7";"11";"0";"1";"13";"1";""
"202100001210";"199 608";"B01";"2";"30";"0";"2";"3";"1";"1";""
"202100001210";"199 609";"A01";"2";"7";"0";"2";"2";"22";"1";""
"202100001211";"199 606";"B01";"2";"7";"0";"2";"6";"15";"6";""
"202100001211";"199 607";"A01";"2";"50";"0";"2";"1";"1";"3";""
"202100001212";"199 605";"A01";"1";"2";"0";"0";"0";"21";"3";""
"202100001213";"199 603";"Z01";"1";"7";"0";"9";"1";"15";"0";""
"202100001213";"199 604";"B01";"2";"1";"0";"2";"1";"19";"5";""
"202100001214";"199 602";"A01";"2";"7";"4";"0";"1";"1";"1";""
"202100001215";"199 600";"B01";"0";"37";"0";"2";"5";"19";"1";"2"
"202100001215";"199 601";"A01";"0";"37";"0";"2";"1";"19";"0";"5"
"202100001216";"199 598";"B01";"1";"13";"0";"2";"3";"1";"1";""
"202100001216";"199 599";"A01";"1";"7";"0";"2";"7";"16";"1";""
"202100001217";"199 596";"A01";"1";"7";"0";"2";"1";"2";"1";""
"202100001217";"199 597";"B01";"1";"31";"0";"2";"4";"1";"1";""
"202100001218";"199 594";"B01";"2";"2";"0";"2";"1";"1";"1";""
"202100001218";"199 595";"A01";"1";"7";"0";"2";"2";"15";"1";""
"202100001219";"199 592";"A01";"1";"7";"0";"2";"1";"1";"1";""
"202100001219";"199 593";"B01";"1";"7";"0";"2";"3";"15";"1";""
"202100001220";"199 590";"A01";"1";"7";"0";"2";"1";"1";"1";""
"202100001220";"199 591";"B01";"1";"13";"0";"2";"4";"23";"1";""
"202100001221";"199 588";"B01";"1";"7";"0";"2";"8";"15";"1";""
"202100001221";"199 589";"A01";"1";"7";"0";"2";"1";"1";"1";""
"202100001222";"199 586";"Z01";"1";"7";"0";"2";"7";"16";"0";""
"202100001222";"199 587";"A01";"1";"32";"0";"2";"1";"1";"1";""
"202100001223";"199 583";"A01";"3";"7";"0";"2";"1";"11";"0";""
"202100001223";"199 584";"C01";"3";"99";"0";"2";"5";"1";"0";""
"202100001223";"199 585";"B01";"3";"99";"0";"2";"4";"0";"0";""
"202100001224";"199 582";"A01";"1";"15";"0";"1";"0";"9";"1";""
"202100001225";"199 580";"B01";"2";"7";"0";"0";"3";"1";"1";""
"202100001225";"199 581";"A01";"1";"7";"0";"0";"3";"13";"1";""
"202100001226";"199 578";"A01";"1";"33";"0";"2";"1";"13";"1";""
"202100001226";"199 579";"B01";"2";"7";"0";"2";"1";"1";"1";""
"202100001227";"199 577";"A01";"1";"7";"2";"0";"1";"1";"1";""
"202100001228";"199 575";"B01";"1";"7";"0";"2";"2";"17";"1";""
"202100001228";"199 576";"A01";"1";"15";"0";"2";"6";"13";"1";""
"202100001229";"199 573";"B01";"1";"15";"0";"2";"3";"1";"1";""
"202100001229";"199 574";"A01";"1";"7";"13";"2";"5";"12";"1";""
"202100001230";"199 571";"A01";"0";"7";"0";"0";"8";"19";"1";""
"202100001230";"199 572";"B01";"0";"7";"0";"2";"1";"1";"1";""
"202100001231";"199 570";"A01";"3";"7";"16";"0";"1";"1";"1";""
"202100001232";"199 568";"A01";"2";"7";"0";"2";"3";"15";"1";""
"202100001232";"199 569";"B01";"1";"2";"0";"2";"1";"1";"1";""
"202100001233";"199 567";"A01";"1";"10";"6";"0";"2";"1";"1";""
"202100001234";"199 565";"B01";"3";"7";"0";"0";"3";"15";"1";""
"202100001234";"199 566";"A01";"1";"2";"0";"2";"1";"1";"1";""
"202100001235";"199 564";"A01";"2";"7";"0";"1";"2";"1";"1";""
"202100001236";"199 562";"B01";"1";"7";"0";"2";"1";"15";"1";""
"202100001236";"199 563";"A01";"2";"10";"0";"2";"3";"15";"1";""
"202100001237";"199 561";"A01";"2";"7";"0";"1";"3";"1";"1";""
"202100001238";"199 559";"A01";"1";"15";"0";"0";"6";"2";"1";""
"202100001238";"199 560";"B01";"1";"7";"3";"2";"2";"2";"1";""
"202100001239";"199 557";"A01";"2";"7";"0";"6";"3";"1";"1";""
"202100001239";"199 558";"B01";"2";"7";"0";"2";"1";"1";"1";""
"202100001240";"199 552";"A01";"1";"7";"0";"2";"1";"1";"1";""
"202100001240";"199 553";"B01";"2";"7";"0";"2";"1";"13";"1";""
"202100001241";"199 550";"A01";"1";"7";"0";"9";"3";"15";"1";""
"202100001241";"199 551";"B01";"1";"1";"0";"2";"2";"1";"5";""
"202100001242";"199 548";"A01";"1";"7";"0";"2";"7";"1";"1";""
"202100001242";"199 549";"B01";"2";"1";"0";"2";"1";"19";"5";""
"202100001243";"199 544";"A01";"0";"7";"0";"2";"3";"5";"1";""
"202100001243";"199 545";"B01";"0";"7";"0";"2";"3";"1";"1";""
"202100001244";"199 542";"B01";"3";"7";"0";"1";"2";"1";"1";""
"202100001244";"199 543";"A01";"3";"7";"16";"0";"2";"1";"0";""
"202100001245";"199 540";"B01";"2";"15";"0";"2";"1";"1";"1";""
"202100001245";"199 541";"A01";"1";"7";"0";"2";"1";"13";"1";""
"202100001246";"199 535";"A01";"2";"10";"0";"2";"1";"13";"1";""
"202100001246";"199 536";"B01";"2";"21";"0";"2";"6";"1";"1";""
"202100001246";"199 537";"C01";"2";"7";"0";"2";"1";"1";"1";""
"202100001246";"199 538";"D01";"1";"7";"0";"2";"1";"1";"1";""
"202100001246";"199 539";"E01";"1";"7";"0";"2";"1";"1";"1";""
"202100001247";"199 531";"A01";"1";"7";"13";"0";"1";"1";"1";""
"202100001248";"199 529";"B01";"1";"7";"0";"2";"4";"1";"1";""
"202100001248";"199 530";"A01";"1";"7";"0";"2";"1";"2";"1";""
"202100001249";"199 528";"A01";"1";"7";"4";"0";"1";"13";"0";""
"202100001250";"199 526";"A01";"2";"7";"0";"2";"2";"0";"1";""
"202100001250";"199 527";"B01";"2";"10";"0";"2";"6";"26";"1";""
"202100001251";"199 524";"B01";"1";"7";"1";"0";"4";"23";"1";""
"202100001251";"199 525";"A01";"1";"10";"1";"0";"1";"2";"1";""
"202100001252";"199 523";"A01";"2";"7";"4";"0";"1";"1";"1";""
"202100001253";"199 522";"A01";"2";"7";"4";"0";"1";"2";"1";""
"202100001254";"199 521";"A01";"1";"33";"0";"0";"1";"0";"1";""
"202100001255";"199 520";"A01";"2";"7";"0";"0";"1";"1";"1";""
"202100001256";"199 519";"A01";"1";"7";"6";"0";"3";"0";"1";""
"202100001257";"199 518";"A01";"3";"7";"4";"0";"2";"0";"1";""
"202100001258";"199 517";"A01";"2";"7";"0";"0";"1";"1";"1";""
"202100001259";"199 516";"A01";"1";"7";"0";"2";"1";"16";"1";""
"202100001260";"199 515";"A01";"2";"10";"0";"2";"1";"13";"1";""
"202100001261";"199 513";"A01";"2";"7";"3";"2";"1";"1";"1";""
"202100001261";"199 514";"B01";"2";"7";"0";"2";"4";"2";"1";""
"202100001262";"199 510";"A01";"1";"17";"0";"2";"1";"2";"1";""
"202100001262";"199 511";"B01";"1";"7";"0";"2";"4";"2";"1";""
"202100001262";"199 512";"C01";"1";"7";"0";"2";"4";"2";"1";""
"202100001263";"199 504";"F01";"2";"7";"0";"2";"1";"1";"1";""
"202100001263";"199 505";"E01";"2";"7";"0";"2";"4";"1";"0";""
"202100001263";"199 506";"D01";"2";"7";"0";"2";"4";"1";"0";""
"202100001263";"199 507";"C01";"2";"7";"0";"2";"4";"1";"2";""
"202100001263";"199 508";"A01";"2";"7";"0";"2";"4";"1";"2";""
"202100001263";"199 509";"B01";"2";"7";"0";"2";"4";"2";"1";""
"202100001264";"199 502";"A01";"1";"10";"0";"2";"8";"21";"1";""
"202100001264";"199 503";"B01";"1";"7";"0";"2";"1";"1";"1";""
"202100001265";"199 500";"A01";"1";"7";"3";"2";"1";"1";"1";""
"202100001265";"199 501";"B01";"1";"7";"0";"2";"3";"1";"0";""
"202100001266";"199 498";"A01";"1";"7";"0";"2";"7";"1";"1";""
"202100001266";"199 499";"B01";"0";"7";"0";"2";"1";"1";"2";""
"202100001267";"199 494";"A01";"3";"7";"0";"2";"5";"9";"1";""
"202100001267";"199 495";"B01";"3";"7";"0";"2";"4";"0";"2";""
"202100001267";"199 496";"C01";"3";"7";"0";"2";"4";"0";"1";""
"202100001267";"199 497";"D01";"3";"7";"0";"9";"0";"0";"1";""
"202100001268";"199 493";"A01";"3";"7";"0";"0";"2";"26";"1";""
"202100001269";"199 492";"A01";"3";"2";"0";"1";"1";"1";"1";""
"202100001270";"199 491";"A01";"3";"0";"0";"2";"0";"0";"0";""
"202100001271";"199 489";"A01";"3";"7";"0";"2";"5";"1";"1";""
"202100001271";"199 490";"B01";"3";"2";"0";"2";"1";"2";"1";""
"202100001272";"199 487";"B01";"1";"7";"0";"2";"1";"1";"1";""
"202100001272";"199 488";"A01";"1";"7";"0";"2";"3";"19";"1";""
"202100001273";"199 485";"A01";"3";"7";"0";"2";"4";"23";"1";""
"202100001273";"199 486";"B01";"3";"7";"0";"2";"1";"2";"1";""
"202100001274";"199 484";"A01";"3";"7";"0";"0";"0";"13";"1";""
"202100001275";"199 482";"A01";"1";"7";"0";"2";"1";"13";"1";""
"202100001275";"199 483";"B01";"2";"7";"0";"2";"1";"21";"1";""
"202100001276";"199 479";"C01";"2";"7";"0";"2";"4";"23";"1";""
"202100001276";"199 480";"B01";"2";"7";"0";"2";"4";"23";"1";""
"202100001276";"199 481";"A01";"2";"7";"0";"2";"1";"1";"1";""
"202100001277";"199 477";"A01";"0";"7";"0";"2";"2";"15";"1";""
"202100001277";"199 478";"B01";"0";"33";"0";"2";"1";"1";"1";""
"202100001278";"199 475";"A01";"2";"7";"0";"2";"3";"19";"1";""
"202100001278";"199 476";"B01";"1";"2";"0";"2";"1";"1";"1";""
"202100001279";"199 473";"A01";"3";"7";"0";"2";"2";"10";"1";""
"202100001279";"199 474";"B01";"3";"2";"0";"2";"9";"1";"1";""
"202100001280";"199 471";"A01";"1";"1";"0";"2";"7";"9";"5";""
"202100001280";"199 472";"B01";"1";"7";"0";"2";"3";"16";"1";""
"202100001281";"199 470";"A01";"1";"99";"0";"1";"2";"16";"6";""
"202100001282";"199 469";"A01";"1";"31";"6";"0";"1";"1";"1";""
"202100001283";"199 468";"A01";"2";"7";"0";"1";"1";"1";"1";""
"202100001284";"199 466";"A01";"1";"7";"0";"2";"7";"26";"1";""
"202100001284";"199 467";"B01";"1";"30";"0";"2";"1";"26";"1";""
"202100001285";"199 465";"A01";"1";"7";"13";"0";"7";"1";"1";""
"202100001286";"199 464";"A01";"1";"7";"8";"0";"1";"19";"1";""
"202100001287";"199 462";"A01";"1";"7";"0";"2";"8";"1";"1";""
"202100001287";"199 463";"B01";"1";"30";"0";"2";"7";"17";"3";""
"202100001288";"199 460";"B01";"2";"7";"0";"2";"1";"1";"1";""
"202100001288";"199 461";"A01";"2";"7";"0";"2";"1";"1";"1";""
"202100001289";"199 459";"A01";"0";"7";"0";"4";"1";"26";"1";""
"202100001290";"199 458";"A01";"1";"7";"8";"0";"1";"26";"0";""
"202100001291";"199 457";"A01";"1";"7";"14";"0";"1";"9";"1";""
"202100001292";"199 455";"B01";"2";"7";"0";"2";"5";"23";"2";""
"202100001292";"199 456";"A01";"2";"32";"0";"2";"1";"1";"1";""
"202100001293";"199 453";"B01";"2";"7";"0";"2";"6";"1";"1";""
"202100001293";"199 454";"A01";"2";"1";"0";"2";"1";"1";"5";""
"202100001294";"199 451";"B01";"2";"43";"0";"2";"1";"1";"1";""
"202100001294";"199 452";"A01";"2";"7";"0";"2";"4";"10";"1";""
"202100001295";"199 449";"A01";"2";"30";"0";"2";"4";"10";"1";""
"202100001295";"199 450";"B01";"2";"7";"0";"2";"3";"1";"1";""
"202100001296";"199 448";"A01";"2";"30";"14";"0";"1";"1";"1";""
"202100001297";"199 446";"B01";"2";"30";"0";"2";"1";"1";"1";""
"202100001297";"199 447";"A01";"2";"7";"0";"2";"4";"23";"1";""
"202100001298";"199 444";"A01";"2";"7";"0";"2";"3";"10";"1";""
"202100001298";"199 445";"B01";"2";"32";"0";"2";"1";"1";"1";""
"202100001299";"199 443";"A01";"3";"10";"1";"0";"1";"1";"1";""
"202100001300";"199 441";"A01";"3";"2";"0";"2";"1";"2";"1";""
"202100001300";"199 442";"B01";"3";"13";"0";"2";"5";"2";"1";""
"202100001301";"199 439";"A01";"1";"7";"0";"2";"4";"2";"1";""
"202100001301";"199 440";"B01";"1";"7";"0";"2";"1";"0";"0";""
"202100001302";"199 438";"A01";"2";"7";"4";"0";"1";"13";"1";""
"202100001303";"199 436";"B01";"2";"2";"0";"2";"3";"16";"0";""
"202100001303";"199 437";"A01";"2";"7";"0";"2";"5";"16";"1";""
"202100001304";"199 432";"C01";"1";"17";"0";"0";"4";"24";"1";""
"202100001304";"199 433";"D01";"1";"7";"14";"0";"3";"2";"1";""
"202100001304";"199 434";"B01";"1";"7";"1";"2";"1";"1";"1";""
"202100001304";"199 435";"A01";"1";"7";"4";"0";"1";"0";"1";""
"202100001305";"199 430";"A01";"0";"2";"0";"2";"1";"1";"1";""
"202100001305";"199 431";"B01";"0";"7";"0";"2";"1";"15";"1";""
"202100001306";"199 429";"A01";"1";"7";"10";"0";"8";"13";"1";""
"202100001307";"199 428";"A01";"1";"10";"0";"1";"2";"1";"1";""
"202100001308";"199 426";"A01";"3";"7";"0";"2";"6";"19";"1";""
"202100001308";"199 427";"B01";"1";"33";"0";"2";"1";"1";"1";""
"202100001309";"199 423";"A01";"2";"10";"0";"2";"8";"11";"1";""
"202100001309";"199 424";"B01";"2";"7";"0";"2";"7";"1";"1";""
"202100001309";"199 425";"C01";"1";"7";"0";"9";"2";"2";"1";""
"202100001310";"199 421";"A01";"1";"7";"3";"2";"1";"2";"1";""
"202100001310";"199 422";"B01";"1";"17";"0";"2";"5";"2";"1";""
"202100001311";"199 416";"A01";"1";"10";"0";"2";"1";"1";"1";""
"202100001311";"199 417";"B01";"1";"7";"0";"2";"3";"16";"0";""
"202100001311";"199 418";"C01";"2";"7";"0";"2";"3";"1";"1";""
"202100001312";"199 412";"D01";"1";"7";"0";"2";"1";"1";"1";""
"202100001312";"199 413";"C01";"1";"7";"0";"2";"3";"1";"1";""
"202100001312";"199 414";"B01";"1";"10";"0";"2";"6";"21";"1";""
"202100001312";"199 415";"A01";"2";"7";"0";"2";"3";"13";"1";""
"202100001313";"199 410";"B01";"2";"7";"0";"2";"1";"1";"1";""
"202100001313";"199 411";"A01";"1";"17";"0";"2";"8";"15";"1";""
"202100001314";"199 408";"B01";"2";"10";"0";"2";"1";"1";"1";""
"202100001314";"199 409";"A01";"1";"7";"0";"2";"6";"13";"1";""
"202100001315";"199 407";"A01";"1";"7";"2";"0";"9";"1";"1";""
"202100001316";"199 406";"A01";"2";"7";"2";"0";"7";"1";"1";""
"202100001317";"199 405";"A01";"1";"7";"2";"0";"8";"1";"1";""
"202100001318";"199 404";"A01";"2";"7";"9";"0";"1";"1";"1";""
"202100001319";"199 403";"A01";"2";"7";"0";"1";"3";"1";"1";""
"202100001320";"199 402";"A01";"2";"7";"6";"0";"1";"1";"3";""
"202100001321";"199 400";"A01";"2";"7";"0";"2";"1";"1";"1";""
"202100001321";"199 401";"B01";"2";"20";"0";"0";"4";"1";"1";""
"202100001322";"199 398";"A01";"1";"2";"0";"2";"1";"1";"1";""
"202100001322";"199 399";"B01";"1";"7";"0";"2";"5";"15";"1";""