"Num_Acc";"id_vehicule";"num_veh";"senc";"catv";"obs";"obsm";"choc";"manv";"motor";"occutc"
"202100001768";"198 631";"A01";"3";"7";"0";"2";"3";"26";"1";""
"202100001769";"198 628";"B01";"1";"7";"0";"0";"6";"15";"1";""
"202100001769";"198 629";"A01";"1";"7";"0";"2";"1";"17";"1";""
"202100001770";"198 626";"A01";"2";"7";"0";"2";"1";"1";"1";""
"202100001770";"198 627";"B01";"1";"7";"0";"2";"7";"15";"1";""
"202100001771";"198 625";"A01";"1";"7";"6";"0";"3";"0";"1";""
"202100001772";"198 624";"A01";"1";"7";"0";"1";"1";"16";"1";""
"202100001773";"198 623";"A01";"1";"7";"2";"0";"1";"26";"1";""
"202100001774";"198 622";"A01";"1";"7";"6";"0";"6";"1";"1";""
"202100001775";"198 620";"B01";"2";"7";"0";"2";"1";"1";"1";""
"202100001775";"198 621";"A01";"1";"7";"0";"2";"1";"1";"1";""
"202100001776";"198 617";"C01";"2";"7";"0";"2";"1";"2";"1";""
"202100001776";"198 618";"B01";"2";"7";"0";"2";"5";"2";"1";""
"202100001776";"198 619";"A01";"2";"7";"0";"2";"3";"2";"1";""
"202100001777";"198 615";"A01";"1";"1";"0";"2";"8";"10";"5";""
"202100001777";"198 616";"B01";"1";"7";"0";"2";"7";"17";"1";""
"202100001778";"198 611";"A01";"2";"7";"3";"2";"3";"17";"1";""
"202100001778";"198 612";"B01";"1";"10";"0";"2";"1";"1";"1";""
"202100001778";"198 613";"C01";"1";"10";"13";"2";"2";"2";"1";""
"202100001778";"198 614";"D01";"2";"15";"0";"2";"1";"2";"1";""
"202100001779";"198 610";"A01";"3";"7";"0";"1";"2";"2";"1";""
"202100001780";"198 609";"A01";"1";"7";"13";"0";"2";"1";"1";""
"202100001781";"198 607";"B01";"2";"10";"0";"2";"7";"19";"1";""
"202100001781";"198 608";"A01";"2";"7";"0";"2";"1";"1";"1";""
"202100001782";"198 605";"B01";"1";"2";"0";"2";"8";"1";"1";""
"202100001782";"198 606";"A01";"1";"7";"0";"2";"3";"9";"1";""
"202100001783";"198 604";"A01";"2";"7";"2";"0";"1";"0";"1";""
"202100001784";"198 602";"B01";"3";"10";"0";"2";"7";"1";"0";""
"202100001784";"198 603";"A01";"3";"1";"0";"2";"8";"1";"5";""
"202100001785";"198 601";"A01";"1";"7";"0";"1";"1";"1";"1";""
"202100001786";"198 600";"A01";"3";"20";"0";"1";"4";"4";"4";""
"202100001787";"198 599";"A01";"1";"7";"13";"0";"9";"1";"1";""
"202100001788";"198 597";"A01";"3";"7";"0";"2";"1";"1";"1";""
"202100001788";"198 598";"B01";"0";"2";"0";"2";"7";"1";"1";""
"202100001789";"198 595";"A01";"1";"7";"0";"2";"2";"1";"1";""
"202100001789";"198 596";"B01";"2";"10";"0";"2";"3";"1";"1";""
"202100001790";"198 594";"A01";"2";"7";"13";"0";"1";"14";"1";""
"202100001791";"198 593";"A01";"1";"7";"0";"1";"2";"1";"1";""
"202100001792";"198 592";"A01";"2";"17";"0";"1";"2";"1";"1";""
"202100001793";"198 591";"A01";"3";"7";"13";"0";"2";"0";"1";""
"202100001794";"198 590";"A01";"1";"7";"0";"1";"2";"1";"1";""
"202100001795";"198 589";"A01";"1";"3";"0";"0";"0";"1";"3";""
"202100001796";"198 588";"A01";"1";"7";"3";"0";"0";"0";"1";""
"202100001797";"198 586";"B01";"1";"17";"0";"0";"4";"2";"1";""
"202100001797";"198 587";"A01";"1";"10";"0";"2";"1";"2";"1";""
"202100001798";"198 585";"A01";"2";"33";"0";"0";"7";"9";"1";""
"202100001799";"198 584";"A01";"2";"7";"2";"0";"2";"1";"1";""
"202100001800";"198 581";"A01";"1";"7";"4";"0";"4";"2";"1";""
"202100001800";"198 582";"C01";"1";"7";"0";"2";"1";"2";"1";""
"202100001800";"198 583";"B01";"1";"7";"0";"2";"1";"2";"1";""
"202100001801";"198 579";"B01";"3";"7";"0";"2";"8";"1";"1";""
"202100001801";"198 580";"A01";"2";"15";"0";"2";"3";"1";"1";""
"202100001802";"198 578";"A01";"3";"7";"2";"0";"7";"0";"1";""
"202100001803";"198 576";"B01";"2";"10";"0";"0";"1";"17";"1";""
"202100001803";"198 577";"A01";"1";"7";"0";"0";"1";"1";"1";""
"202100001804";"198 575";"A01";"1";"7";"2";"0";"3";"1";"1";""
"202100001805";"198 573";"A01";"3";"7";"0";"2";"3";"0";"1";""
"202100001805";"198 574";"B01";"3";"7";"0";"2";"3";"0";"1";""
"202100001806";"198 572";"A01";"0";"7";"0";"1";"4";"26";"1";""
"202100001807";"198 570";"B01";"2";"7";"0";"2";"1";"1";"2";""
"202100001807";"198 571";"A01";"2";"7";"0";"2";"8";"15";"1";""
"202100001808";"198 568";"A01";"1";"7";"0";"0";"2";"1";"1";""
"202100001808";"198 569";"B01";"3";"7";"0";"2";"1";"19";"1";""
"202100001809";"198 563";"E01";"1";"7";"0";"2";"1";"2";"1";""
"202100001809";"198 564";"D01";"1";"7";"0";"0";"5";"2";"1";""
"202100001809";"198 565";"C01";"1";"7";"0";"0";"7";"23";"1";""
"202100001809";"198 566";"B01";"1";"10";"0";"2";"1";"1";"1";""
"202100001809";"198 567";"A01";"1";"7";"0";"2";"1";"2";"1";""
"202100001810";"198 561";"A01";"2";"7";"0";"2";"3";"19";"1";""
"202100001810";"198 562";"B01";"2";"10";"0";"2";"2";"1";"1";""
"202100001811";"198 560";"A01";"1";"7";"3";"0";"1";"1";"1";""
"202100001812";"198 558";"B01";"1";"7";"0";"2";"3";"1";"1";""
"202100001812";"198 559";"A01";"2";"7";"0";"2";"3";"13";"1";""
"202100001813";"198 557";"A01";"1";"7";"17";"0";"1";"1";"1";""
"202100001814";"198 555";"A01";"3";"7";"0";"2";"3";"1";"1";""
"202100001814";"198 556";"B01";"3";"7";"0";"2";"3";"1";"1";""
"202100001815";"198 553";"A01";"1";"7";"0";"2";"2";"13";"1";""
"202100001815";"198 554";"B01";"2";"2";"0";"2";"1";"1";"1";""
"202100001816";"198 552";"A01";"2";"7";"13";"0";"1";"0";"1";""
"202100001817";"198 550";"A01";"2";"7";"0";"9";"9";"17";"1";""
"202100001817";"198 551";"B01";"2";"1";"0";"2";"4";"1";"5";""
"202100001818";"198 549";"A01";"1";"7";"9";"9";"1";"2";"1";""
"202100001819";"198 548";"A01";"1";"7";"3";"0";"1";"14";"1";""
"202100001820";"198 546";"A01";" -1";"14";"0";"2";"0";"0";"1";""
"202100001820";"198 547";"B01";" -1";"7";"0";"2";"4";"2";"1";""
"202100001821";"198 543";"C01";"1";"7";"0";"2";"1";"2";"1";""
"202100001821";"198 544";"B01";"1";"7";"0";"2";"4";"2";"1";""
"202100001821";"198 545";"A01";"1";"7";"0";"2";"2";"2";"1";""
"202100001822";"198 542";"A01";"1";"33";"6";"0";"8";"1";"1";""
"202100001823";"198 540";"B01";"1";"7";"0";"2";"3";"2";"1";""
"202100001823";"198 541";"A01";"1";"7";"0";"2";"2";"2";"1";""
"202100001824";"198 537";"A01";"1";"10";"0";"2";"8";"11";"1";""
"202100001824";"198 538";"C01";"1";"7";"0";"2";"4";"2";"1";""
"202100001824";"198 539";"B01";"1";"43";"0";"2";"2";"2";"1";""
"202100001825";"198 535";"B01";"2";"7";"0";"2";"2";"0";"1";""
"202100001825";"198 536";"A01";"2";"7";"3";"2";"6";"1";"3";""
"202100001826";"198 533";"A01";"2";"7";"0";"2";"7";"17";"1";""
"202100001826";"198 534";"B01";"2";"7";"0";"2";"3";"1";"1";""
"202100001827";"198 531";"A01";"2";"7";"0";"2";"1";"1";"1";""
"202100001827";"198 532";"B01";"2";"7";"0";"2";"4";"1";"1";""
"202100001828";"198 529";"A01";"2";"7";"0";"2";"1";"2";"1";""
"202100001828";"198 530";"B01";"2";"7";"0";"2";"4";"2";"1";""
"202100001829";"198 527";"B01";"1";"7";"0";"2";"0";"0";"1";""
"202100001829";"198 528";"A01";"1";"7";"0";"0";"2";"17";"1";""
"202100001830";"198 525";"A01";"1";"30";"0";"2";"1";"26";"1";""
"202100001830";"198 526";"B01";"2";"30";"0";"2";"1";"21";"1";""
"202100001831";"198 524";"A01";"3";"0";"0";"1";"0";"26";"1";""
"202100001832";"198 522";"A01";"2";"7";"0";"2";"5";"15";"1";""
"202100001832";"198 523";"B01";"1";"2";"0";"2";"1";"1";"1";""
"202100001833";"198 521";"A01";"3";"30";"15";"0";"8";"13";"1";""
"202100001834";"198 519";"A01";"1";"30";"0";"2";"1";"1";"1";""
"202100001834";"198 520";"B01";"1";"7";"0";"2";"4";"2";"1";""
"202100001835";"198 517";"A01";"1";"50";"0";"2";"1";"1";"3";""
"202100001835";"198 518";"B01";"1";"7";"0";"2";"2";"1";"1";""
"202100001836";"198 515";"A01";"1";"7";"0";"2";"8";"11";"1";""
"202100001836";"198 516";"B01";"1";"33";"0";"2";"7";"1";"1";""
"202100001837";"198 513";"A01";"1";"7";"0";"2";"1";"21";"1";""
"202100001837";"198 514";"B01";"1";"7";"0";"2";"4";"1";"1";""
"202100001838";"198 511";"B01";"1";"7";"0";"2";"7";"15";"1";""
"202100001838";"198 512";"A01";"2";"33";"0";"2";"1";"1";"1";""
"202100001839";"198 510";"A01";"2";"13";"0";"1";"3";"15";"1";""
"202100001840";"198 509";"A01";"1";"7";"0";"1";"3";"1";"1";""
"202100001841";"198 508";"A01";"1";"30";"0";"1";"1";"17";"1";""
"202100001842";"198 507";"A01";"1";"7";"15";"0";"1";"0";"1";""
"202100001843";"198 505";"A01";"3";"7";"0";"2";"1";"26";"1";""
"202100001843";"198 506";"B01";"2";"7";"0";"2";"1";"26";"1";""
"202100001844";"198 503";"B01";"2";"7";"0";"2";"6";"24";"1";""
"202100001844";"198 504";"A01";"1";"7";"1";"0";"1";"13";"1";""
"202100001845";"198 501";"A01";"3";"7";"0";"2";"2";"19";"1";""
"202100001845";"198 502";"B01";"3";"1";"0";"2";"1";"1";"5";""
"202100001846";"198 499";"B01";"3";"1";"0";"2";"7";"19";"0";""
"202100001846";"198 500";"A01";"1";"7";"0";"9";"1";"26";"1";""
"202100001847";"198 497";"A01";"0";"7";"0";"2";"1";"1";"1";""
"202100001847";"198 498";"B01";"0";"7";"0";"2";"2";"1";"1";""
"202100001848";"198 495";"A01";"3";"7";"15";"0";"8";"26";"0";""
"202100001848";"198 496";"B01";"1";"10";"0";"0";"1";"1";"0";""
"202100001849";"198 493";"A01";"2";"7";"0";"2";"1";"2";"1";""
"202100001849";"198 494";"B01";"2";"7";"0";"2";"4";"1";"1";""
"202100001850";"198 491";"B01";"2";"7";"0";"2";"4";"2";"1";""
"202100001850";"198 492";"Z01";"1";"7";"0";"2";"1";"2";"0";""
"202100001851";"198 488";"B01";"3";"15";"0";"2";"4";"11";"1";""
"202100001851";"198 489";"A01";"3";"7";"0";"2";"1";"12";"1";""
"202100001852";"198 487";"A01";"1";"7";"0";"0";"1";"9";"1";""
"202100001853";"198 485";"A01";"0";"7";"0";"2";"2";"9";"1";""
"202100001853";"198 486";"B01";"0";"3";"0";"2";"3";"1";"1";""
"202100001854";"198 483";"B01";"1";"7";"0";"2";"8";"15";"1";""
"202100001854";"198 484";"A01";"1";"33";"0";"2";"1";"17";"1";""
"202100001855";"198 481";"A01";"1";"7";"0";"2";"1";"2";"1";""
"202100001855";"198 482";"B01";"1";"7";"0";"2";"4";"2";"1";""
"202100001856";"198 479";"B01";"1";"80";"1";"2";"6";"1";"3";""
"202100001856";"198 480";"A01";"1";"7";"0";"2";"1";"1";"1";""
"202100001857";"198 476";"C01";"2";"7";"0";"2";"0";"0";"1";""
"202100001857";"198 477";"B01";"2";"7";"0";"2";"0";"0";"1";""
"202100001857";"198 478";"A01";"1";"7";"0";"2";"3";"13";"2";""
"202100001858";"198 474";"A01";"1";"7";"0";"2";"3";"5";"1";""
"202100001858";"198 475";"B01";"2";"7";"0";"2";"3";"1";"1";""
"202100001859";"198 472";"A01";"1";"7";"0";"2";"1";"2";"1";""
"202100001859";"198 473";"B01";"1";"7";"0";"2";"4";"2";"1";""
"202100001860";"198 470";"A01";"1";"7";"0";"2";"3";"13";"1";""
"202100001860";"198 471";"B01";"1";"17";"0";"2";"3";"1";"1";""
"202100001861";"198 469";"A01";"1";"40";"0";"1";"2";"26";"3";""
"202100001862";"198 468";"A01";"3";"7";"0";"1";"1";"15";"1";""
"202100001863";"198 466";"B01";"1";"20";"0";"2";"1";"5";"0";""
"202100001863";"198 467";"A01";"2";"20";"0";"0";"1";"1";"1";""
"202100001864";"198 465";"A01";"1";"33";"16";"0";"0";"1";"1";""
"202100001865";"198 463";"A01";"1";"3";"0";"2";"1";"2";"1";""
"202100001865";"198 464";"B01";"1";"7";"0";"2";"4";"1";"1";""
"202100001866";"198 462";"A01";"1";"7";"0";"1";"1";"1";"1";""
"202100001867";"198 459";"A01";"2";"7";"0";"2";"9";"1";"1";""
"202100001867";"198 460";"B01";"1";"10";"0";"2";"8";"1";"1";""
"202100001867";"198 461";"C01";"1";"7";"0";"2";"2";"1";"1";""
"202100001868";"198 457";"A01";"1";"7";"0";"9";"1";"1";"1";""
"202100001868";"198 458";"B01";"1";"1";"0";"2";"8";"15";"5";""
"202100001869";"198 452";"E01";"1";"7";"0";"2";"1";"1";"1";""
"202100001869";"198 453";"D01";"1";"7";"0";"2";"8";"1";"1";""
"202100001869";"198 454";"C01";"1";"15";"0";"2";"6";"1";"1";""
"202100001869";"198 455";"B01";"1";"7";"0";"2";"2";"1";"1";""
"202100001869";"198 456";"A01";"1";"7";"0";"2";"9";"17";"1";""
"202100001870";"198 450";"B01";"1";"7";"0";"2";"1";"26";"3";""
"202100001870";"198 451";"A01";"1";"30";"0";"2";"1";"26";"3";""
"202100001871";"198 448";"B01";"1";"30";"0";"2";"1";"26";"1";""
"202100001871";"198 449";"A01";"1";"7";"0";"2";"8";"26";"1";""
"202100001872";"198 447";"A01";"1";"7";"0";"1";"3";"26";"1";""
"202100001873";"198 446";"A01";"3";"34";"4";"0";"8";"1";"1";""
"202100001874";"198 445";"A01";"2";"7";"6";"0";"4";"14";"1";""
"202100001875";"198 444";"A01";"1";"7";"4";"0";"9";"1";"1";""
"202100001876";"198 439";"A01";"2";"10";"0";"2";"1";"2";"1";""
"202100001876";"198 440";"B01";"2";"7";"0";"2";"4";"2";"1";""
"202100001876";"198 441";"C01";"2";"7";"0";"2";"4";"2";"1";""
"202100001876";"198 442";"D01";"2";"7";"0";"2";"4";"2";"1";""
"202100001876";"198 443";"E01";"2";"7";"0";"0";"4";"2";"1";""
"202100001877";"198 437";"B01";"1";"7";"0";"2";"4";"2";"1";""
"202100001877";"198 438";"A01";"1";"14";"0";"2";"1";"2";"1";""
"202100001878";"198 435";"A01";"2";"7";"0";"2";"4";"23";"1";""
"202100001878";"198 436";"B01";"2";"7";"0";"2";"1";"2";"1";""
"202100001879";"198 433";"A01";"1";"7";"0";"2";"1";"1";"1";""
"202100001879";"198 434";"B01";"1";"7";"0";"2";"4";"1";"1";""
"202100001880";"198 432";"A01";"1";"30";"0";"0";"0";"1";"1";""
"202100001881";"198 431";"A01";"2";"7";"8";"0";"1";"15";"1";""
"202100001882";"198 430";"A01";"1";"7";"0";"1";"3";"26";"1";""
"202100001883";"198 429";"A01";"3";"7";"0";"1";"2";"1";"1";""
"202100001884";"198 427";"B01";"3";"7";"0";"2";"1";"5";"1";""
"202100001884";"198 428";"A01";"3";"7";"0";"2";"1";"1";"1";""
"202100001885";"198 426";"A01";"0";"7";"0";"1";"1";"19";"1";""
"202100001886";"198 425";"A01";"0";"7";"3";"0";"1";"1";"1";""
"202100001887";"198 423";"B01";"3";"1";"0";"2";"1";"1";"5";""
"202100001887";"198 424";"A01";"3";"7";"0";"2";"8";"1";"1";""
"202100001888";"198 421";"A01";"2";"7";"0";"2";"2";"26";"1";""
"202100001888";"198 422";"B01";"1";"7";"0";"2";"1";"0";"1";""
"202100001889";"198 419";"B01";"1";"7";"0";"9";"7";"1";"1";""
"202100001889";"198 420";"A01";"1";"1";"0";"2";"1";"1";"5";""
"202100001890";"198 417";"B01";"1";"7";"0";"2";"3";"15";"1";""
"202100001890";"198 418";"A01";"1";"7";"6";"2";"2";"21";"1";""
"202100001891";"198 415";"B01";"1";"7";"0";"2";"6";"1";"1";""
"202100001891";"198 416";"A01";"1";"7";"0";"2";"2";"26";"1";""
"202100001892";"198 414";"A01";"3";"7";"0";"1";"1";"1";"3";""
"202100001893";"198 413";"A01";"2";"30";"2";"0";"3";"26";"1";""
"202100001894";"198 411";"A01";"1";"7";"15";"1";"2";"15";"0";""
"202100001894";"198 412";"B01";"1";"7";"15";"1";"5";"23";"1";""
"202100001895";"198 409";"A01";"0";"7";"0";"2";"3";"2";"1";""
"202100001895";"198 410";"B01";"0";"1";"0";"0";"0";"0";"0";""
"202100001896";"198 407";"B01";"1";"33";"0";"2";"2";"1";"1";""
"202100001896";"198 408";"A01";"1";"7";"0";"2";"3";"12";"1";""
"202100001897";"198 406";"A01";"3";"7";"0";"1";"1";"1";"1";""
"202100001898";"198 404";"B01";"2";"14";"0";"2";"3";"1";"1";""
"202100001898";"198 405";"A01";"1";"7";"0";"2";"1";"13";"1";""
"202100001899";"198 401";"C01";"2";"7";"0";"2";"6";"23";"1";""
"202100001899";"198 402";"B01";"2";"33";"0";"2";"4";"23";"1";""
"202100001899";"198 403";"A01";"2";"31";"0";"2";"1";"1";"1";""
"202100001900";"198 400";"A01";"1";"7";"2";"0";"2";"21";"1";""
"202100001901";"198 398";"A01";"2";"7";"4";"2";"9";"16";"1";""
"202100001901";"198 399";"B01";"2";"7";"4";"2";"8";"1";"1";""
"202100001902";"198 396";"A01";"1";"32";"0";"2";"4";"7";"1";""
"202100001902";"198 397";"B01";"1";"7";"0";"2";"1";"16";"1";""
"202100001903";"198 394";"A01";"1";"31";"14";"0";"1";"14";"1";""
"202100001904";"198 393";"A01";"2";"50";"0";"1";"0";"25";"3";""
"202100001905";"198 391";"A01";"1";"10";"0";"2";"3";"15";"1";""
"202100001905";"198 392";"B01";"1";"7";"0";"2";"2";"1";"1";""
"202100001906";"198 390";"A01";"1";"50";"0";"0";"1";"1";"3";""
"202100001907";"198 388";"B01";"2";"32";"0";"2";"1";"1";"3";""
"202100001907";"198 389";"A01";"1";"7";"0";"2";"2";"15";"2";""
"202100001908";"198 386";"A01";"2";"7";"0";"2";"7";"11";"1";""
"202100001908";"198 387";"B01";"2";"2";"0";"2";"3";"11";"1";""
"202100001909";"198 385";"A01";"2";"7";"0";"1";"2";"26";"1";""
"202100001910";"198 383";"B01";"2";"1";"0";"2";"6";"1";"5";""
"202100001910";"198 384";"A01";"2";"7";"0";"9";"1";"1";"2";""
"202100001911";"198 377";"A01";"2";"7";"0";"2";"1";"1";"1";""
"202100001911";"198 378";"B01";"2";"7";"0";"2";"8";"2";"1";""
"202100001912";"198 375";"B01";"2";"33";"0";"2";"3";"1";"1";""
"202100001912";"198 376";"A01";"1";"7";"0";"2";"3";"15";"1";""
"202100001913";"198 373";"B01";"3";"33";"0";"2";"1";"1";"1";""
"202100001913";"198 374";"A01";"3";"10";"0";"2";"2";"5";"1";""
"202100001914";"198 372";"A01";"3";"10";"0";"1";"1";"15";"3";""
"202100001915";"198 371";"A01";"2";"7";"6";"0";"2";"14";"1";""
"202100001916";"198 369";"B01";" -1";"3";"0";"2";"4";"2";"0";""
"202100001916";"198 370";"A01";" -1";"3";"0";"2";"1";"23";"0";""
"202100001917";"198 367";"A01";"2";"7";"0";"2";"1";"9";"1";""
"202100001917";"198 368";"B01";"3";"2";"0";"2";"7";"0";"1";""
"202100001918";"198 365";"A01";"2";"2";"0";"2";"3";"26";"1";""
"202100001918";"198 366";"B01";"2";"7";"0";"2";"1";"26";"2";""
"202100001919";"198 363";"B01";"1";"33";"0";"2";"7";"2";"1";""
"202100001919";"198 364";"A01";"1";"7";"0";"2";"8";"11";"1";""
"202100001920";"198 362";"A01";"2";"7";"0";"1";"1";"1";"1";""
"202100001921";"198 360";"A01";"3";"7";"0";"2";"1";"16";"1";""
"202100001921";"198 361";"B01";"3";"10";"0";"0";"0";"0";"1";""
"202100001922";"198 358";"A01";"1";"7";"0";"2";"1";"1";"1";""
"202100001922";"198 359";"B01";"1";"50";"0";"2";"8";"19";"3";""
"202100001923";"198 357";"A01";"0";"34";"0";"0";"8";"1";"0";""
"202100001924";"198 355";"A01";"1";"7";"0";"2";"6";"23";"1";""
"202100001924";"198 356";"B01";"1";"7";"1";"0";"2";"0";"1";""
"202100001925";"198 353";"B01";"2";"33";"0";"2";"1";"1";"1";""
"202100001925";"198 354";"A01";"1";"7";"0";"2";"5";"15";"1";""
"202100001926";"198 350";"A01";"1";"7";"0";"2";"1";"17";"1";""
"202100001926";"198 351";"B01";"2";"2";"0";"2";"1";"1";"1";""
"202100001927";"198 349";"A01";"2";"14";"0";"1";"2";"1";"1";""
"202100001928";"198 348";"A01";"0";"7";"2";"0";"3";"1";"1";""
"202100001929";"198 346";"A01";"2";"7";"0";"2";"1";"2";"1";""
"202100001929";"198 347";"B01";"2";"7";"0";"2";"4";"15";"1";""
"202100001930";"198 344";"B01";"1";"7";"0";"2";"1";"1";"1";""
"202100001930";"198 345";"A01";"2";"7";"0";"2";"1";"13";"1";""
"202100001931";"198 343";"A01";"2";"7";"13";"0";"1";"1";"1";""
"202100001932";"198 341";"A01";"1";"7";"0";"2";"3";"0";"1";""
"202100001932";"198 342";"B01";"2";"7";"0";"2";"3";"0";"1";""
"202100001933";"198 340";"A01";"2";"7";"0";"1";"2";"2";"1";""
"202100001934";"198 338";"B01";"2";"7";"0";"2";"1";"1";"1";""
"202100001934";"198 339";"A01";"1";"10";"0";"2";"1";"1";"1";""
"202100001935";"198 337";"B01";"0";"0";"0";"0";"0";"0";"0";""
"202100001936";"198 335";"B01";"2";"15";"0";"2";"3";"1";"1";""
"202100001936";"198 336";"A01";"1";"7";"0";"2";"1";"13";"1";""
"202100001937";"198 334";"A01";"1";"7";"15";"0";"9";"1";"1";""
"202100001938";"198 333";"A01";"2";"10";"0";"1";"3";"9";"1";""
"202100001939";"198 332";"A01";"1";"7";"0";"1";"1";"13";"1";""
"202100001940";"198 331";"A01";"1";"33";"8";"0";"8";"13";"1";""
"202100001941";"198 329";"A01";"1";"7";"0";"2";"1";"1";"1";""
"202100001941";"198 330";"B01";"1";"15";"0";"0";"4";"1";"1";""
"202100001942";"198 328";"A01";"1";"10";"0";"1";"2";"1";"1";""
"202100001943";"198 327";"A01";"2";"7";"8";"0";"3";"1";"1";""
"202100001944";"198 326";"A01";"2";"7";"16";"0";"0";"1";"1";""
"202100001945";"198 324";"A01";"1";"7";"0";"2";"1";"15";"1";""
"202100001945";"198 325";"B01";"2";"7";"0";"2";"2";"1";"1";""
"202100001946";"198 323";"A01";"2";"2";"0";"6";"1";"0";"1";""
"202100001947";"198 321";"A01";"1";"2";"0";"2";"1";"0";"1";""
"202100001947";"198 322";"B01";"2";"7";"0";"2";"3";"0";"1";""
"202100001948";"198 319";"A01";"2";"15";"0";"2";"6";"13";"1";""
"202100001948";"198 320";"B01";"2";"10";"3";"2";"2";"17";"1";""
"202100001949";"198 318";"A01";"3";"7";"6";"0";"1";"1";"1";""
"202100001950";"198 317";"A01";"1";"7";"0";"0";"7";"1";"1";""
"202100001951";"198 315";"A01";"0";"7";"0";"2";"8";"16";"1";""
"202100001951";"198 316";"B01";"1";"7";"0";"2";"1";"1";"1";""
"202100001952";"198 312";"A01";"1";"7";"0";"2";"1";"15";"2";""
"202100001952";"198 313";"B01";"2";"7";"0";"2";"1";"1";"1";""
"202100001952";"198 314";"C01";"1";"14";"0";"2";"3";"1";"1";""
"202100001953";"198 310";"A01";"3";"7";"0";"2";"3";"1";"1";""
"202100001953";"198 311";"B01";"3";"2";"0";"2";"1";"1";"3";""
"202100001954";"198 309";"A01";"1";"33";"12";"0";"7";"1";"1";""
"202100001955";"198 307";"B01";"2";"7";"0";"2";"2";"1";"1";""
"202100001955";"198 308";"A01";"1";"7";"0";"2";"3";"15";"1";""
"202100001956";"198 304";"C01";"3";"15";"0";"2";"3";"23";"1";""
"202100001956";"198 305";"A01";"2";"15";"0";"2";"5";"15";"1";""
"202100001956";"198 306";"B01";"1";"7";"0";"2";"1";"1";"1";""
"202100001957";"198 301";"C01";"1";"7";"0";"2";"1";"1";"1";""
"202100001957";"198 302";"B01";"1";"7";"0";"2";"6";"1";"1";""
"202100001957";"198 303";"A01";"2";"7";"0";"2";"3";"13";"1";""
"202100001958";"198 300";"A01";"1";"15";"8";"0";"1";"1";"1";""
"202100001959";"198 299";"A01";"2";"7";"2";"0";"7";"14";"1";""
"202100001960";"198 297";"A01";"1";"7";"0";"2";"3";"5";"1";""
"202100001960";"198 298";"B01";"2";"33";"0";"0";"8";"1";"1";""
"202100001961";"198 295";"A01";"1";"10";"0";"2";"1";"15";"1";""
"202100001961";"198 296";"B01";"2";"2";"0";"2";"1";"1";"1";""
"202100001962";"198 294";"A01";"2";"7";"4";"0";"3";"1";"1";""
"202100001963";"198 292";"A01";"1";"7";"0";"2";"3";"13";"1";""
"202100001963";"198 293";"B01";"2";"10";"13";"2";"8";"1";"1";""
"202100001964";"198 290";"A01";"1";"7";"0";"2";"2";"5";"1";""
"202100001964";"198 291";"B01";"2";"7";"0";"2";"1";"1";"1";""
"202100001965";"198 289";"A01";"1";"39";"0";"1";"2";"0";"3";""
"202100001966";"198 288";"A01";"2";"7";"2";"0";"1";"1";"1";""
"202100001967";"198 286";"B01";"1";"14";"0";"2";"3";"1";"1";""
"202100001967";"198 287";"A01";"2";"7";"0";"2";"3";"13";"1";""
"202100001968";"198 284";"B01";"1";"7";"0";"2";"2";"1";"1";""
"202100001968";"198 285";"A01";"1";"7";"0";"0";"7";"15";"1";""
"202100001969";"198 282";"A01";"2";"7";"0";"0";"3";"23";"1";""
"202100001969";"198 283";"B01";"2";"7";"1";"0";"2";"2";"1";""
"202100001970";"198 280";"A01";"1";"7";"0";"2";"4";"26";"1";""
"202100001970";"198 281";"B01";"1";"7";"0";"2";"0";"26";"1";""
"202100001971";"198 279";"A01";"1";"34";"3";"0";"7";"1";"1";""
"202100001972";"198 277";"B01";"1";"7";"0";"2";"1";"2";"1";""
"202100001972";"198 278";"A01";"1";"7";"0";"2";"4";"2";"1";""
"202100001973";"198 275";"A01";"2";"10";"0";"2";"7";"21";"1";""
"202100001973";"198 276";"B01";"2";"7";"0";"2";"8";"1";"1";""
"202100001974";"198 273";"B01";"1";"7";"0";"2";"1";"1";"1";""
"202100001974";"198 274";"A01";"1";"7";"0";"2";"4";"1";"1";""
"202100001975";"198 271";"B01";"1";"10";"0";"2";"1";"1";"1";""
"202100001975";"198 272";"A01";"1";"7";"0";"2";"4";"1";"1";""
"202100001976";"198 268";"A01";"1";"7";"0";"2";"4";"2";"3";""
"202100001976";"198 269";"C01";"1";"7";"0";"2";"1";"2";"1";""
"202100001976";"198 270";"B01";"1";"7";"0";"2";"4";"2";"1";""
"202100001977";"198 266";"B01";"2";"7";"4";"0";"4";"23";"1";""
"202100001977";"198 267";"A01";"2";"10";"14";"0";"1";"1";"1";""
"202100001978";"198 264";"A01";"2";"33";"0";"2";"1";"11";"1";""
"202100001978";"198 265";"B01";"2";"7";"0";"2";"4";"1";"1";""
"202100001979";"198 261";"A01";"2";"10";"0";"2";"1";"2";"1";""
"202100001979";"198 262";"B01";"2";"7";"0";"2";"4";"2";"1";""
"202100001979";"198 263";"C01";"2";"7";"0";"2";"4";"2";"1";""
"202100001980";"198 260";"A01";"2";"17";"16";"0";"7";"26";"1";""
"202100001981";"198 258";"B01";"2";"7";"0";"2";"4";"1";"1";""
"202100001981";"198 259";"A01";"2";"33";"0";"2";"1";"3";"1";""
"202100001982";"198 256";"A01";"2";"7";"0";"2";"1";"2";"1";""