"Num_Acc";"id_vehicule";"num_veh";"senc";"catv";"obs";"obsm";"choc";"manv";"motor";"occutc"
"202100002195";"197 869";"B01";"1";"7";"0";"2";"3";"1";"1";""
"202100002195";"197 870";"A01";"2";"7";"0";"2";"1";"13";"1";""
"202100002196";"197 867";"A01";"2";"7";"0";"2";"7";"15";"1";""
"202100002196";"197 868";"B01";"1";"31";"0";"2";"1";"1";"1";""
"202100002197";"197 865";"B01";"2";"1";"0";"2";"0";"15";"0";""
"202100002197";"197 866";"A01";"2";"7";"0";"9";"2";"17";"1";""
"202100002198";"197 864";"A01";"2";"7";"3";"0";"1";"1";"1";""
"202100002199";"197 862";"A01";"2";"7";"0";"2";"3";"11";"1";""
"202100002199";"197 863";"B01";"2";"32";"16";"2";"8";"1";"1";""
"202100002200";"197 861";"A01";"2";"10";"6";"0";"2";"13";"6";""
"202100002201";"197 858";"C01";"2";"7";"0";"2";"6";"1";"1";""
"202100002201";"197 859";"B01";"2";"7";"0";"2";"1";"1";"1";""
"202100002201";"197 860";"A01";"1";"7";"0";"2";"7";"11";"1";""
"202100002202";"197 857";"A01";"1";"10";"0";"1";"8";"1";"0";""
"202100002203";"197 854";"A01";"1";"7";"0";"2";"3";"13";"1";""
"202100002203";"197 855";"B01";"2";"7";"0";"2";"8";"1";"1";""
"202100002203";"197 856";"C01";"2";"7";"0";"2";"1";"1";"1";""
"202100002204";"197 852";"B01";"2";"7";"0";"2";"3";"1";"0";""
"202100002204";"197 853";"A01";"1";"7";"0";"2";"3";"13";"1";""
"202100002205";"197 850";"A01";"0";"7";"0";"2";"1";"1";"1";""
"202100002205";"197 851";"B01";"0";"7";"0";"2";"5";"9";"1";""
"202100002206";"197 849";"A01";"1";"7";"13";"9";"1";"1";"2";""
"202100002207";"197 848";"A01";"1";"7";"0";"1";"1";"1";"1";""
"202100002208";"197 847";"A01";"3";"7";"14";"0";"1";"6";"1";""
"202100002209";"197 846";"A01";"3";"7";"13";"0";"1";"0";"1";""
"202100002210";"197 845";"A01";"0";"7";"0";"1";"2";"1";"1";""
"202100002211";"197 841";"A01";"1";"7";"0";"2";"6";"23";"1";""
"202100002211";"197 842";"B01";"1";"7";"1";"0";"2";"12";"1";""
"202100002211";"197 843";"C01";"1";"7";"0";"2";"2";"1";"1";""
"202100002211";"197 844";"D01";"1";"33";"0";"2";"4";"1";"1";""
"202100002212";"197 839";"B01";"1";"7";"0";"2";"2";"2";"1";""
"202100002212";"197 840";"A01";"1";"7";"0";"2";"3";"1";"1";""
"202100002213";"197 837";"B01";"1";"10";"0";"2";"6";"1";"1";""
"202100002213";"197 838";"A01";"1";"7";"4";"2";"2";"17";"1";""
"202100002214";"197 835";"B01";"1";"7";"0";"2";"4";"2";"1";""
"202100002214";"197 836";"A01";"1";"7";"0";"2";"1";"2";"1";""
"202100002215";"197 832";"A01";"2";"7";"0";"2";"1";"1";"1";""
"202100002215";"197 833";"B01";"2";"10";"0";"2";"4";"1";"1";""
"202100002215";"197 834";"C01";"0";"7";"0";"0";"4";"1";"1";""
"202100002216";"197 830";"A01";"1";"7";"0";"2";"2";"1";"1";""
"202100002216";"197 831";"B01";"1";"7";"4";"0";"6";"2";"1";""
"202100002217";"197 828";"A01";"1";"7";"0";"2";"1";"1";"1";""
"202100002217";"197 829";"B01";"1";"7";"0";"2";"4";"1";"1";""
"202100002218";"197 826";"A01";"2";"7";"0";"2";"1";"1";"1";""
"202100002218";"197 827";"B01";"2";"7";"0";"2";"4";"1";"1";""
"202100002219";"197 823";"A01";"1";"7";"0";"2";"2";"12";"1";""
"202100002219";"197 824";"B01";"1";"33";"0";"2";"3";"3";"1";""
"202100002219";"197 825";"Z01";"1";"0";"0";"2";"0";"0";"0";""
"202100002220";"197 821";"A01";"1";"7";"0";"2";"4";"1";"1";""
"202100002220";"197 822";"B01";"1";"7";"0";"2";"1";"1";"1";""
"202100002221";"197 819";"A01";"2";"7";"0";"2";"6";"1";"1";""
"202100002221";"197 820";"B01";"2";"33";"0";"2";"2";"21";"1";""
"202100002222";"197 817";"A01";"1";"7";"0";"9";"1";"1";"1";""
"202100002222";"197 818";"B01";"1";"2";"0";"2";"1";"0";"0";""
"202100002223";"197 815";"A01";"1";"7";"0";"2";"1";"19";"1";""
"202100002223";"197 816";"B01";"1";"7";"0";"2";"4";"1";"1";""
"202100002224";"197 813";"A01";"1";"7";"0";"2";"4";"2";"1";""
"202100002224";"197 814";"B01";"1";"33";"0";"2";"1";"2";"1";""
"202100002225";"197 811";"B01";"3";"60";"0";"2";"0";"0";"5";""
"202100002225";"197 812";"A01";"3";"0";"0";"2";"0";"26";"0";""
"202100002226";"197 809";"B01";"2";"7";"0";"2";"1";"2";"0";""
"202100002226";"197 810";"A01";"2";"33";"0";"2";"4";"2";"1";""
"202100002227";"197 807";"B01";"0";"7";"0";"2";"1";"1";"1";""
"202100002227";"197 808";"A01";"1";"7";"0";"2";"1";"15";"1";""
"202100002228";"197 805";"A01";"1";"7";"0";"2";"1";"15";"1";""
"202100002228";"197 806";"B01";"2";"33";"0";"2";"1";"1";"1";""
"202100002229";"197 804";"A01";"3";"32";"8";"0";"8";"13";"1";""
"202100002230";"197 802";"B01";"1";"7";"0";"2";"1";"1";"1";""
"202100002230";"197 803";"A01";"1";"7";"0";"2";"4";"1";"1";""
"202100002231";"197 801";"A01";"3";"7";"0";"1";"8";"15";"1";""
"202100002232";"197 800";"A01";"2";"7";"0";"1";"1";"1";"1";""
"202100002233";"197 797";"A01";"2";"7";"0";"1";"2";"15";"1";""
"202100002234";"197 795";"A01";"1";"7";"0";"2";"2";"17";"1";""
"202100002234";"197 796";"B01";"1";"30";"0";"2";"1";"10";"1";""
"202100002235";"197 789";"B01";"3";"7";"0";"2";"1";"1";"1";""
"202100002235";"197 790";"A01";"3";"7";"0";"2";"8";"1";"1";""
"202100002236";"197 787";"A01";"1";"7";"0";"2";"5";"10";"1";""
"202100002236";"197 788";"B01";"2";"31";"0";"2";"1";"1";"1";""
"202100002237";"197 785";"B01";"3";"7";"0";"2";"1";"1";"1";""
"202100002237";"197 786";"A01";"3";"1";"0";"2";"8";"19";"5";""
"202100002238";"197 783";"A01";"1";"30";"0";"2";"1";"19";"1";""
"202100002238";"197 784";"B01";"2";"7";"0";"2";"7";"1";"1";""
"202100002239";"197 781";"B01";"3";"30";"0";"2";"0";"0";"1";""
"202100002239";"197 782";"Z01";"1";"7";"0";"2";"1";"9";"1";""
"202100002240";"197 779";"B01";"1";"7";"0";"2";"4";"13";"1";""
"202100002240";"197 780";"A01";"1";"7";"0";"2";"1";"13";"1";""
"202100002241";"197 777";"A01";"2";"7";"0";"9";"3";"1";"1";""
"202100002241";"197 778";"B01";"1";"50";"0";"2";"3";"0";"3";""
"202100002242";"197 773";"D01";"2";"7";"0";"2";"8";"2";"1";""
"202100002242";"197 774";"C01";"2";"37";"0";"2";"6";"1";"1";"1"
"202100002242";"197 775";"B01";"2";"7";"0";"2";"6";"2";"1";""
"202100002242";"197 776";"A01";"2";"7";"0";"2";"1";"17";"1";""
"202100002243";"197 772";"A01";"2";"7";"9";"0";"3";"1";"1";""
"202100002244";"197 770";"A01";"1";"7";"0";"2";"1";"1";"1";""
"202100002244";"197 771";"B01";"1";"7";"0";"2";"4";"1";"1";""
"202100002245";"197 769";"A01";"1";"7";"6";"0";"1";"0";"1";""
"202100002246";"197 768";"A01";"1";"10";"0";"1";"2";"2";"3";""
"202100002247";"197 767";"A01";"1";"7";"4";"2";"3";"13";"1";""
"202100002248";"197 764";"A01";"1";"7";"0";"2";"1";"2";"1";""
"202100002248";"197 765";"B01";"1";"7";"0";"2";"4";"2";"1";""
"202100002248";"197 766";"C01";"1";"7";"0";"2";"4";"2";"1";""
"202100002249";"197 763";"A01";"3";"7";"0";"1";"1";"1";"1";""
"202100002250";"197 762";"A01";"2";"7";"2";"0";"3";"25";"1";""
"202100002251";"197 760";"A01";"2";"32";"0";"2";"1";"26";"1";""
"202100002251";"197 761";"B01";"2";"1";"0";"2";"8";"10";"5";""
"202100002252";"197 758";"A01";"2";"7";"0";"2";"3";"9";"1";""
"202100002252";"197 759";"B01";"2";"7";"0";"2";"2";"1";"1";""
"202100002253";"197 755";"A01";"1";"7";"0";"1";"2";"9";"1";""
"202100002254";"197 754";"A01";"1";"7";"0";"1";"1";"9";"1";""
"202100002255";"197 752";"B01";"3";"31";"0";"2";"1";"1";"1";""
"202100002255";"197 753";"A01";"3";"7";"0";"2";"1";"13";"1";""
"202100002256";"197 751";"A01";"3";"7";"0";"1";"3";"21";"1";""
"202100002257";"197 749";"A01";"1";"34";"0";"2";"4";"1";"1";""
"202100002257";"197 750";"Z01";"0";"10";"0";"0";"0";"0";"0";""
"202100002258";"197 745";"A01";"3";"7";"0";"2";"8";"9";"1";""
"202100002258";"197 746";"B01";"2";"7";"0";"2";"1";"1";"1";""
"202100002259";"197 744";"A01";"1";"37";"0";"1";"3";"1";"1";"1"
"202100002260";"197 742";"B01";"1";"7";"0";"2";"4";"2";"1";""
"202100002260";"197 743";"A01";"1";"7";"0";"2";"1";"2";"1";""
"202100002261";"197 741";"A01";"2";"7";"0";"1";"2";"1";"1";""
"202100002262";"197 740";"A01";"1";"10";"0";"1";"3";"15";"1";""
"202100002263";"197 738";"B01";"2";"7";"0";"2";"2";"12";"1";""
"202100002263";"197 739";"A01";"2";"33";"0";"2";"3";"3";"1";""
"202100002264";"197 735";"B01";"1";"10";"0";"2";"7";"14";"1";""
"202100002264";"197 736";"C01";"1";"10";"0";"2";"0";"1";"3";""
"202100002264";"197 737";"A01";"1";"33";"0";"2";"8";"3";"1";""
"202100002265";"197 733";"Z01";"1";"7";"0";"2";"2";"16";"0";""
"202100002265";"197 734";"A01";"1";"1";"0";"2";"3";"1";"5";""
"202100002266";"197 732";"Z01";"2";"7";"0";"1";"1";"1";"0";""
"202100002267";"197 730";"A01";"1";"43";"0";"2";"1";"1";"1";""
"202100002267";"197 731";"B01";"1";"32";"0";"2";"4";"23";"1";""
"202100002268";"197 728";"B01";"1";"33";"0";"2";"1";"1";"1";""
"202100002268";"197 729";"A01";"1";"7";"0";"2";"3";"10";"1";""
"202100002269";"197 727";"A01";"2";"37";"0";"1";"2";"1";"1";"1"
"202100002270";"197 725";"B01";"2";"7";"0";"2";"8";"15";"2";""
"202100002270";"197 726";"A01";"1";"7";"0";"2";"1";"1";"1";""
"202100002271";"197 724";"A01";"2";"2";"0";"0";"0";"21";"1";""
"202100002272";"197 721";"B01";"3";"7";"0";"2";"2";"23";"2";""
"202100002272";"197 722";"Z01";"3";"34";"0";"2";"1";"21";"1";""
"202100002272";"197 723";"A01";"3";"50";"0";"2";"1";"1";"3";""
"202100002273";"197 720";"A01";"2";"32";"0";"1";"1";"1";"1";""
"202100002274";"197 718";"A01";"3";"7";"0";"2";"0";"1";"2";""
"202100002274";"197 719";"B01";"3";"33";"0";"2";"0";"21";"1";""
"202100002275";"197 716";"B01";"2";"7";"6";"2";"2";"1";"1";""
"202100002275";"197 717";"A01";"2";"7";"0";"2";"3";"1";"1";""
"202100002276";"197 715";"A01";"2";"7";"0";"1";"2";"1";"1";""
"202100002277";"197 713";"A01";"1";"7";"0";"2";"8";"15";"1";""
"202100002277";"197 714";"B01";"1";"33";"0";"2";"7";"0";"1";""
"202100002278";"197 711";"B01";"2";"7";"0";"2";"2";"1";"1";""
"202100002278";"197 712";"A01";"1";"7";"0";"2";"3";"1";"1";""
"202100002279";"197 708";"A01";"3";"7";"0";"2";"1";"1";"1";""
"202100002279";"197 709";"B01";"3";"7";"0";"2";"1";"15";"1";""
"202100002280";"197 706";"A01";"2";"7";"0";"9";"3";"9";"1";""
"202100002280";"197 707";"B01";"3";"60";"0";"2";"1";"1";"5";""
"202100002281";"197 705";"A01";"1";"7";"0";"1";"2";"16";"1";""
"202100002282";"197 704";"A01";" -1";"7";"9";"0";"1";"26";"1";""
"202100002283";"197 702";"A01";"0";"7";"0";"2";"8";"1";"1";""
"202100002283";"197 703";"B01";"3";"34";"0";"2";"1";"1";"1";""
"202100002284";"197 700";"B01";"3";"34";"0";"2";"8";"1";"1";""
"202100002284";"197 701";"A01";"3";"7";"0";"2";"3";"9";"1";""
"202100002285";"197 699";"A01";"1";"7";"0";"1";"1";"1";"1";""
"202100002286";"197 698";"A01";"1";"10";"0";"1";"5";"2";"1";""
"202100002287";"197 697";"A01";"1";"7";"0";"1";"5";"1";"1";""
"202100002288";"197 696";"A01";"1";"7";"0";"1";"4";"20";"3";""
"202100002289";"197 695";"A01";"1";"7";"15";"0";"1";"1";"0";""
"202100002290";"197 693";"A01";"2";"10";"0";"2";"1";"15";"1";""
"202100002290";"197 694";"B01";"3";"30";"0";"2";"8";"1";"1";""
"202100002291";"197 691";"B01";"2";"2";"0";"2";"8";"1";"1";""
"202100002291";"197 692";"A01";"1";"7";"0";"2";"2";"15";"2";""
"202100002292";"197 690";"A01";"2";"30";"0";"0";"0";"1";"1";""
"202100002293";"197 688";"B01";"1";"1";"0";"2";"3";"1";"6";""
"202100002293";"197 689";"A01";"2";"7";"0";"2";"1";"1";"2";""
"202100002294";"197 686";"B01";"1";"33";"0";"2";"1";"1";"1";""
"202100002294";"197 687";"A01";"2";"10";"0";"2";"3";"15";"1";""
"202100002295";"197 685";"A01";"1";"7";"0";"1";"1";"16";"1";""
"202100002296";"197 683";"A01";"3";"3";"0";"2";"1";"5";"1";""
"202100002296";"197 684";"B01";"3";"7";"0";"2";"4";"4";"1";""
"202100002297";"197 682";"A01";"2";"7";"1";"0";"0";"0";"1";""
"202100002298";"197 681";"A01";"1";"7";"16";"0";"1";"1";"1";""
"202100002299";"197 679";"A01";"1";"7";"0";"2";"4";"0";"1";""
"202100002299";"197 680";"B01";"1";"7";"0";"2";"1";"0";"1";""
"202100002300";"197 678";"A01";"1";"7";"6";"0";"1";"1";"1";""
"202100002301";"197 677";"A01";"2";"3";"0";"1";"1";"1";"1";""
"202100002302";"197 676";"A01";"2";"7";"0";"1";"2";"1";"1";""
"202100002303";"197 674";"B01";"1";"7";"3";"0";"6";"1";"1";""
"202100002303";"197 675";"A01";"1";"7";"0";"2";"2";"1";"1";""
"202100002304";"197 668";"A01";"2";"7";"3";"0";"1";"1";"1";""
"202100002305";"197 666";"B01";"3";"99";"0";"2";"2";"1";"1";""
"202100002305";"197 667";"A01";"1";"34";"0";"2";"1";"1";"1";""
"202100002306";"197 665";"A01";"1";"7";"13";"0";"2";"1";"1";""
"202100002307";"197 664";"A01";"3";"50";"0";"0";"0";"16";"3";""
"202100002308";"197 662";"B01";"1";"10";"0";"2";"7";"1";"1";""
"202100002308";"197 663";"A01";"3";"7";"0";"2";"1";"19";"1";""
"202100002309";"197 661";"A01";"0";"7";"6";"0";"1";"0";"1";""
"202100002310";"197 659";"B01";"1";"7";"0";"2";"1";"1";"1";""
"202100002310";"197 660";"A01";"2";"10";"0";"2";"2";"11";"1";""
"202100002311";"197 658";"A01";"1";"10";"2";"0";"2";"1";"1";""
"202100002312";"197 656";"A01";"2";"7";"0";"2";"2";"13";"1";""
"202100002312";"197 657";"B01";"1";"7";"0";"2";"2";"1";"1";""
"202100002313";"197 655";"A01";"1";"33";"3";"0";"0";"0";"1";""
"202100002314";"197 654";"A01";"1";"7";"0";"1";"1";"0";"1";""
"202100002315";"197 653";"A01";"1";"7";"13";"0";"2";"1";"1";""
"202100002316";"197 651";"A01";"2";"31";"0";"2";"3";"1";"1";""
"202100002316";"197 652";"B01";"1";"7";"0";"2";"3";"15";"1";""
"202100002317";"197 649";"B01";"0";"1";"0";"2";"2";"1";"5";""
"202100002317";"197 650";"A01";"0";"7";"0";"9";"3";"0";"1";""
"202100002318";"197 648";"A01";"1";"33";"13";"0";"7";"17";"1";""
"202100002319";"197 646";"A01";"1";"7";"0";"2";"3";"16";"1";""
"202100002319";"197 647";"B01";"1";"7";"0";"2";"1";"17";"1";""
"202100002320";"197 644";"A01";"1";"7";"0";"2";"3";"1";"1";""
"202100002320";"197 645";"B01";"2";"7";"0";"2";"3";"1";"1";""
"202100002321";"197 643";"A01";"1";"7";"0";"1";"7";"1";"1";""
"202100002322";"197 641";"B01";"1";"7";"0";"2";"7";"1";"0";""
"202100002322";"197 642";"A01";"1";"7";"0";"2";"8";"9";"1";""
"202100002323";"197 640";"A01";"2";"7";"14";"0";"1";"1";"1";""
"202100002324";"197 639";"A01";"0";"7";"2";"0";"8";"1";"1";""
"202100002325";"197 635";"A01";"1";"7";"0";"2";"1";"1";"1";""
"202100002325";"197 636";"E01";"1";"10";"0";"2";"1";"1";"1";""
"202100002325";"197 637";"D01";"1";"10";"0";"2";"3";"1";"1";""
"202100002325";"197 638";"C01";"1";"16";"0";"0";"0";"1";"1";""
"202100002326";"197 633";"A01";"3";"7";"0";"2";"6";"1";"1";""
"202100002326";"197 634";"B01";"3";"32";"0";"2";"7";"2";"1";""
"202100002327";"197 631";"A01";"2";"7";"0";"2";"2";"1";"1";""
"202100002327";"197 632";"B01";"2";"15";"0";"2";"6";"1";"1";""
"202100002328";"197 629";"A01";"1";"1";"0";"0";"0";"1";"6";""
"202100002328";"197 630";"B01";"1";"0";"0";"9";"0";"0";"0";""
"202100002329";"197 626";"A01";"1";"10";"0";"2";"3";"14";"0";""
"202100002329";"197 627";"C01";"1";"7";"0";"2";"1";"1";" -1";""
"202100002329";"197 628";"B01";"2";"10";"0";"0";"5";"0";"1";""
"202100002330";"197 624";"B01";"1";"15";"0";"2";"3";"1";"1";""
"202100002330";"197 625";"A01";"2";"10";"0";"2";"1";"13";"1";""
"202100002331";"197 621";"A01";"1";"7";"0";"2";"1";"1";"1";""
"202100002331";"197 622";"B01";"1";"7";"0";"2";"4";"1";"1";""
"202100002331";"197 623";"C01";"1";"7";"0";"2";"4";"1";"1";""
"202100002332";"197 619";"A01";"2";"7";"0";"2";"1";"13";"1";""
"202100002332";"197 620";"B01";"1";"33";"0";"2";"1";"1";"1";""
"202100002333";"197 617";"A01";"2";"7";"0";"2";"3";"17";"1";""
"202100002333";"197 618";"B01";"1";"7";"13";"2";"3";"1";"1";""
"202100002334";"197 616";"A01";"1";"7";"8";"0";"1";"1";"1";""
"202100002335";"197 614";"A01";"0";"10";"0";"2";"5";"20";"3";""
"202100002335";"197 615";"B01";"1";"34";"0";"2";"1";"20";"1";""
"202100002336";"197 612";"B01";"2";"43";"0";"2";"1";"1";"1";""
"202100002336";"197 613";"A01";"1";"7";"0";"2";"2";"15";"1";""
"202100002337";"197 610";"A01";"1";"7";"0";"2";"1";"1";"1";""
"202100002337";"197 611";"B01";"2";"7";"0";"2";"1";"17";"1";""
"202100002338";"197 609";"A01";"2";"7";"0";"1";"3";"1";"1";""
"202100002339";"197 606";"A01";"0";"7";"0";"2";"3";"9";"1";""
"202100002339";"197 607";"B01";"0";"7";"0";"2";"1";"1";"1";""
"202100002340";"197 605";"A01";"2";"2";"0";"0";"0";"1";"1";""
"202100002341";"197 602";"A01";"1";"7";"0";"2";"3";"26";"1";""
"202100002341";"197 603";"B01";"2";"7";"0";"2";"5";"1";"1";""
"202100002342";"197 600";"B01";"2";"7";"0";"2";"4";"1";"1";""
"202100002342";"197 601";"A01";"2";"10";"0";"2";"1";"12";"1";""
"202100002343";"197 596";"A01";"2";"10";"0";"2";"1";"2";"1";""
"202100002343";"197 597";"B01";"2";"33";"0";"2";"1";"2";"1";""
"202100002343";"197 598";"C01";"2";"7";"0";"2";"1";"2";"1";""
"202100002343";"197 599";"D01";"2";"7";"0";"2";"4";"2";"1";""
"202100002344";"197 593";"A01";"2";"7";"0";"2";"1";"2";"1";""
"202100002344";"197 594";"B01";"2";"7";"0";"2";"4";"2";"1";""
"202100002344";"197 595";"C01";"2";"7";"0";"2";"4";"2";"1";""
"202100002345";"197 592";"A01";"1";"33";"13";"0";"1";"14";"1";""
"202100002346";"197 590";"A01";"1";"7";"0";"0";"0";"26";"0";""
"202100002346";"197 591";"B01";"1";"7";"3";"2";"3";"0";"1";""
"202100002347";"197 588";"B01";"2";"7";"0";"2";"6";"1";"2";""
"202100002347";"197 589";"A01";"2";"33";"0";"2";"1";"3";"1";""
"202100002348";"197 585";"A01";"2";"7";"0";"2";"1";"2";"1";""
"202100002348";"197 586";"B01";"2";"7";"0";"2";"4";"1";"1";""
"202100002348";"197 587";"C01";"2";"10";"0";"2";"4";"1";"1";""
"202100002349";"197 583";"B01";"2";"3";"0";"2";"3";"11";"1";""
"202100002349";"197 584";"A01";"2";"33";"0";"2";"3";"0";"1";""
"202100002350";"197 581";"B01";"1";"17";"0";"2";"4";"1";"1";""
"202100002350";"197 582";"A01";"1";"10";"0";"2";"1";"1";"1";""
"202100002351";"197 579";"B01";"1";"33";"0";"2";"1";"21";"1";""
"202100002351";"197 580";"A01";"1";"7";"0";"2";"4";"1";"1";""
"202100002352";"197 577";"B01";"2";"7";"0";"2";"7";"12";"1";""
"202100002352";"197 578";"A01";"2";"33";"0";"2";"1";"3";"1";""
"202100002353";"197 575";"A01";"1";"15";"1";"0";"2";"1";"1";""
"202100002353";"197 576";"B01";"1";"7";"1";"0";"6";"24";"1";""
"202100002354";"197 573";"B01";"1";"7";"0";"2";"4";"1";"1";""
"202100002354";"197 574";"A01";"1";"7";"0";"2";"1";"1";"1";""
"202100002355";"197 571";"B01";"2";"7";"0";"2";"3";"26";"1";""
"202100002355";"197 572";"A01";"2";"7";"0";"2";"2";"12";"1";""
"202100002356";"197 569";"B01";"2";"7";"3";"0";"8";"23";"1";""
"202100002356";"197 570";"A01";"1";"37";"3";"0";"8";"10";"1";"9"
"202100002357";"197 568";"A01";"1";"7";"8";"0";"1";"26";"1";""
"202100002358";"197 567";"A01";"3";"32";"0";"0";"0";"0";"1";""
"202100002359";"197 565";"A01";"3";"7";"0";"2";"3";"1";"1";""
"202100002359";"197 566";"B01";"1";"50";"0";"2";"1";"1";"3";""
"202100002360";"197 563";"A01";"1";"10";"0";"2";"2";"1";"1";""
"202100002360";"197 564";"B01";"1";"7";"0";"2";"6";"1";"1";""
"202100002361";"197 561";"B01";"2";"40";"0";"2";"2";"1";"3";""
"202100002361";"197 562";"A01";"1";"7";"11";"4";"1";"1";"1";""
"202100002362";"197 559";"A01";"2";"80";"0";"2";"8";"25";"3";""
"202100002362";"197 560";"B01";"3";"7";"0";"2";"7";"26";"1";""
"202100002363";"197 557";"B01";"2";"7";"0";"2";"3";"16";"1";""
"202100002363";"197 558";"A01";"1";"99";"0";"2";"1";"1";"3";""
"202100002364";"197 555";"A01";"1";"10";"0";"2";"1";"9";"1";""
"202100002364";"197 556";"B01";"2";"30";"0";"2";"1";"9";"1";""
"202100002365";"197 554";"A01";"1";"7";"0";"1";"0";"1";"1";""
"202100002366";"197 553";"A01";"2";"32";"6";"0";"1";"1";"1";""
"202100002367";"197 552";"A01";"2";"10";"0";"1";"2";"26";"3";""
"202100002368";"197 550";"A01";"2";"7";"0";"2";"2";"3";"1";""
"202100002368";"197 551";"B01";"2";"1";"0";"2";"1";"1";"5";""
"202100002369";"197 549";"A01";"1";"7";"6";"0";"1";"13";"1";""
"202100002370";"197 547";"A01";"1";"7";"0";"2";"7";"12";"1";""
"202100002370";"197 548";"B01";"1";"2";"0";"2";"0";"2";"1";""
"202100002371";"197 545";"A01";"2";"32";"0";"2";"3";"19";"1";""
"202100002371";"197 546";"B01";"1";"37";"0";"2";"5";"19";"1";"1"
"202100002372";"197 543";"A01";"0";"30";"0";"2";"7";"15";"1";""
"202100002372";"197 544";"B01";"0";"7";"0";"2";"1";"1";"1";""
"202100002373";"197 539";"D01";"3";"7";"0";"2";"1";"2";"1";""
"202100002373";"197 540";"C01";"3";"10";"0";"2";"1";"2";"1";""
"202100002373";"197 541";"B01";"3";"10";"0";"2";"1";"2";"1";""
"202100002373";"197 542";"A01";"3";"10";"0";"2";"4";"1";"1";""
"202100002374";"197 538";"A01";"3";"7";"0";"1";"2";"26";"0";""
"202100002375";"197 536";"A01";"3";"10";"0";"2";"1";"17";"1";""
"202100002375";"197 537";"B01";"3";"33";"0";"2";"1";"1";"1";""
"202100002376";"197 534";"A01";"2";"7";"0";"2";"3";"15";"1";""
"202100002376";"197 535";"B01";"2";"33";"0";"2";"1";"1";"1";""
"202100002377";"197 533";"A01";"1";"7";"0";"1";"4";"4";"1";""
"202100002378";"197 531";"A01";"3";"7";"0";"2";"0";"26";"1";""
"202100002378";"197 532";"B01";"1";"7";"0";"2";"1";"1";"1";""
"202100002379";"197 529";"B01";"0";"1";"0";"2";"1";"1";"5";""
"202100002379";"197 530";"A01";"0";"7";"0";"2";"1";"15";"1";""
"202100002380";"197 528";"A01";"0";"7";"1";"0";"0";"14";"1";""
"202100002381";"197 527";"A01";"2";"7";"0";"1";"2";"1";"1";""
"202100002382";"197 525";"B01";"2";"33";"0";"2";"1";"1";"1";""
"202100002382";"197 526";"A01";"2";"7";"0";"2";"3";"15";"1";""
"202100002383";"197 523";"B01";"2";"33";"0";"2";"1";"1";"1";""
"202100002383";"197 524";"A01";"3";"7";"0";"2";"3";"9";"1";""
"202100002384";"197 520";"A01";"3";"33";"12";"2";"2";"21";"1";""
"202100002384";"197 521";"B01";"3";"10";"0";"2";"2";"17";"1";""
"202100002384";"197 522";"C01";"3";"7";"0";"2";"2";"23";"1";""
"202100002385";"197 519";"A01";"3";"37";"0";"1";"2";"21";"1";"1"
"202100002386";"197 517";"A01";"3";"7";"0";"2";"2";"2";"1";""
"202100002386";"197 518";"B01";"3";"7";"0";"2";"6";"2";"1";""
"202100002387";"197 515";"B01";"2";"7";"0";"2";"4";"2";"1";""
"202100002387";"197 516";"A01";"2";"33";"0";"2";"1";"2";"1";""
"202100002388";"197 513";"B01";"3";"50";"0";"2";"1";"9";"3";""
"202100002388";"197 514";"Z01";"3";"7";"0";"2";"8";"0";"0";""
"202100002389";"197 511";"A01";"1";"7";"0";"2";"1";"11";"1";""
"202100002389";"197 512";"B01";"2";"7";"0";"2";"1";"1";"1";""
"202100002390";"197 509";"A01";"1";"7";"0";"2";"2";"11";"1";""
"202100002390";"197 510";"B01";"2";"7";"0";"2";"1";"1";"1";""
"202100002391";"197 508";"A01";"2";"7";"8";"0";"1";"14";"1";""
"202100002392";"197 502";"F01";"1";"7";"0";"2";"4";"2";"2";""
"202100002392";"197 503";"E01";"1";"7";"0";"2";"4";"2";"1";""
"202100002392";"197 504";"D01";"1";"7";"0";"2";"4";"2";"1";""
"202100002392";"197 505";"C01";"1";"7";"0";"2";"4";"2";"1";""
"202100002392";"197 506";"B01";"1";"7";"0";"2";"4";"2";"1";""
"202100002392";"197 507";"A01";"1";"7";"0";"2";"1";"2";"1";""
"202100002393";"197 500";"B01";"2";"7";"0";"2";"4";"2";"1";""
"202100002393";"197 501";"Z01";"2";"7";"0";"2";"1";"2";"0";""
"202100002394";"197 498";"A01";"1";"7";"0";"4";"7";"23";"1";""
"202100002394";"197 499";"B01";"3";"39";"0";"4";"1";"1";"3";""
"202100002395";"197 497";"A01";"2";"7";"0";"1";"2";"1";"1";""
"202100002396";"197 495";"A01";"3";"7";"0";"2";"1";"9";"1";""
"202100002396";"197 496";"B01";"3";"7";"0";"2";"8";"1";"1";""
"202100002397";"197 494";"A01";"1";"1";"0";"0";"0";"1";"5";""
"202100002398";"197 493";"A01";"2";"7";"0";"1";"1";"1";"1";""
"202100002399";"197 492";"A01";"1";"7";"0";"1";"3";"13";"1";""
"202100002400";"197 491";"A01";"2";"33";"0";"1";"2";"21";"1";""
"202100002401";"197 490";"A01";"1";"7";"0";"1";"8";"1";"1";""
"202100002402";"197 486";"D01";"3";"50";"6";"2";"0";"23";"3";""
"202100002402";"197 487";"C01";"3";"7";"0";"2";"1";"23";"1";""
"202100002402";"197 488";"A01";"3";"10";"0";"2";"2";"26";"1";""
"202100002402";"197 489";"B01";"3";"7";"0";"2";"3";"1";"1";""