"Num_Acc";"id_vehicule";"num_veh";"senc";"catv";"obs";"obsm";"choc";"manv";"motor";"occutc"
"202100002403";"197 484";"B01";"1";"2";"0";"2";"1";"1";"1";""
"202100002403";"197 485";"A01";"1";"7";"0";"2";"6";"15";"1";""
"202100002404";"197 482";"A01";"2";"7";"0";"2";"1";"13";"1";""
"202100002404";"197 483";"B01";"1";"7";"0";"2";"1";"1";"1";""
"202100002405";"197 480";"A01";"1";"7";"0";"9";"3";"1";"1";""
"202100002405";"197 481";"B01";"1";"1";"0";"2";"7";"1";"5";""
"202100002406";"197 478";"B01";"1";"50";"0";"2";"1";"1";"3";""
"202100002406";"197 479";"A01";"1";"7";"0";"9";"8";"1";"1";""
"202100002407";"197 476";"A01";"1";"7";"0";"2";"6";"13";"1";""
"202100002407";"197 477";"B01";"1";"33";"0";"2";"1";"2";"1";""
"202100002408";"197 475";"A01";"2";"7";"0";"1";"1";"9";"1";""
"202100002409";"197 473";"A01";"2";"10";"0";"2";"1";"20";"1";""
"202100002409";"197 474";"B01";"2";"2";"0";"2";"9";"1";"1";""
"202100002410";"197 472";"A01";"2";"37";"0";"1";"2";"1";"1";"1"
"202100002411";"197 469";"A01";"1";"7";"0";"2";"1";"15";"1";""
"202100002411";"197 470";"C01";"2";"7";"0";"2";"1";"15";"1";""
"202100002411";"197 471";"B01";"2";"7";"0";"2";"1";"15";"1";""
"202100002412";"197 467";"A01";"2";"10";"0";"2";"7";"16";"1";""
"202100002412";"197 468";"B01";"2";"50";"0";"2";"1";"1";"3";""
"202100002413";"197 465";"A01";"2";"7";"0";"2";"2";"1";"1";""
"202100002413";"197 466";"B01";"1";"2";"0";"2";"6";"1";"1";""
"202100002414";"197 462";"C01";"1";"7";"0";"2";"1";"2";"1";""
"202100002414";"197 463";"B01";"1";"7";"0";"2";"4";"2";"1";""
"202100002414";"197 464";"A01";"1";"7";"0";"2";"1";"2";"1";""
"202100002415";"197 460";"B01";"1";"2";"0";"2";"6";"26";"1";""
"202100002415";"197 461";"A01";"1";"7";"0";"2";"3";"26";"1";""
"202100002416";"197 459";"A01";"2";"7";"0";"1";"1";"1";"1";""
"202100002417";"197 456";"C01";"1";"7";"0";"2";"4";"1";"1";""
"202100002417";"197 457";"B01";"1";"10";"0";"2";"4";"1";"1";""
"202100002417";"197 458";"A01";"1";"7";"0";"2";"1";"1";"1";""
"202100002418";"197 454";"A01";"1";"7";"0";"2";"2";"16";"1";""
"202100002418";"197 455";"B01";"1";"31";"0";"2";"2";"16";"1";""
"202100002419";"197 452";"B01";"3";"1";"0";"2";"1";"1";"5";""
"202100002419";"197 453";"A01";"0";"7";"0";"9";"1";"15";"1";""
"202100002420";"197 451";"A01";"3";"7";"0";"1";"5";"13";"1";""
"202100002421";"197 450";"B01";"1";"10";"0";"1";"2";"0";"1";""
"202100002422";"197 449";"A01";"3";"7";"0";"1";"1";"17";"1";""
"202100002423";"197 445";"A01";"3";"7";"10";"2";"0";"6";"1";""
"202100002423";"197 446";"D01";"3";"10";"0";"2";"0";"1";"1";""
"202100002423";"197 447";"C01";"3";"10";"0";"2";"0";"1";"1";""
"202100002423";"197 448";"B01";"3";"32";"0";"2";"0";"1";"1";""
"202100002424";"197 443";"A01";"1";"32";"0";"2";"1";"1";"1";""
"202100002424";"197 444";"B01";"2";"7";"0";"2";"1";"15";"1";""
"202100002425";"197 442";"A01";"0";"7";"0";"1";"1";"19";"1";""
"202100002426";"197 438";"A01";"2";"7";"0";"0";"0";"5";"1";""
"202100002426";"197 439";"B01";"1";"7";"0";"2";"0";"1";"1";""
"202100002426";"197 440";"C01";"1";"10";"0";"2";"4";"2";"1";""
"202100002426";"197 441";"D01";"1";"7";"0";"2";"1";"2";"1";""
"202100002427";"197 436";"B01";"1";"7";"0";"2";"2";"1";"0";""
"202100002427";"197 437";"A01";"2";"7";"0";"2";"3";"9";"1";""
"202100002428";"197 434";"Y01";"3";"50";"0";"2";"3";"19";"3";""
"202100002428";"197 435";"A01";"3";"7";"0";"2";"2";"16";"1";""
"202100002429";"197 433";"A01";"3";"7";"8";"0";"1";"14";"0";""
"202100002430";"197 430";"A01";"1";"50";"0";"0";"0";"25";"3";""
"202100002431";"197 427";"A01";"0";"7";"0";"2";"1";"9";"1";""
"202100002431";"197 428";"B01";"3";"33";"0";"2";"7";"1";"1";""
"202100002432";"197 424";"C01";"2";"7";"0";"2";"4";"2";"1";""
"202100002432";"197 425";"B01";"2";"7";"0";"2";"4";"2";"1";""
"202100002432";"197 426";"A01";"2";"7";"0";"2";"1";"9";"1";""
"202100002433";"197 422";"B01";"3";"7";"0";"2";"7";"1";"1";""
"202100002433";"197 423";"A01";"3";"7";"0";"2";"3";"9";"1";""
"202100002434";"197 420";"A01";"1";"7";"0";"2";"1";"15";"1";""
"202100002434";"197 421";"B01";"2";"2";"0";"2";"8";"1";"1";""
"202100002435";"197 418";"A01";"1";"32";"6";"2";"2";"17";"1";""
"202100002435";"197 419";"B01";"1";"7";"0";"2";"8";"15";"1";""
"202100002436";"197 416";"A01";"3";"7";"1";"2";"3";"18";"1";""
"202100002436";"197 417";"B01";"1";"7";"0";"2";"7";"16";"1";""
"202100002437";"197 414";"A01";"3";"30";"0";"2";"2";"1";"1";""
"202100002437";"197 415";"Z01";"3";"7";"0";"2";"3";"1";"0";""
"202100002438";"197 412";"B01";"1";"15";"0";"2";"1";"1";"1";""
"202100002438";"197 413";"A01";"1";"7";"0";"2";"3";"1";"1";""
"202100002439";"197 410";"B01";"1";"32";"0";"2";"7";"1";"1";""
"202100002439";"197 411";"Z01";"2";"7";"0";"2";"2";"5";"1";""
"202100002440";"197 409";"A01";"2";"10";" -1";"1";"4";"26";"1";""
"202100002441";"197 408";"A01";"2";"7";"4";"0";"2";"26";"1";""
"202100002442";"197 406";"A01";"3";"50";"0";"2";"1";"26";"3";""
"202100002442";"197 407";"B01";"3";"7";"0";"9";"4";"0";"1";""
"202100002443";"197 404";"A01";"2";"7";"0";"2";"3";"15";"1";""
"202100002443";"197 405";"B01";"1";"2";"0";"2";"3";"1";"1";""
"202100002444";"197 403";"A01";"1";"7";"0";"1";"2";"1";"1";""
"202100002445";"197 401";"A01";"3";"50";"0";"2";"8";"1";"3";""
"202100002445";"197 402";"B01";"2";"40";"0";"2";"3";"1";"3";""
"202100002446";"197 399";"B01";"3";"31";"0";"2";"1";"1";"1";""
"202100002446";"197 400";"A01";"3";"7";"0";"2";"2";"9";"1";""
"202100002447";"197 397";"A01";"2";"7";"0";"2";"2";"13";"1";""
"202100002447";"197 398";"B01";"1";"33";"0";"2";"1";"1";"1";""
"202100002448";"197 395";"B01";"2";"7";"0";"2";"3";"15";"1";""
"202100002448";"197 396";"A01";"1";"33";"0";"2";"2";"17";"1";""
"202100002449";"197 393";"A01";"2";"7";"0";"2";"8";"9";"1";""
"202100002449";"197 394";"B01";"2";"17";"0";"2";"1";"1";"1";""
"202100002450";"197 391";"B01";"3";"10";"0";"2";"8";"1";"1";""
"202100002450";"197 392";"A01";"3";"7";"0";"2";"8";"15";"1";""
"202100002451";"197 390";"A01";"1";"32";"0";"1";"2";"1";"1";""
"202100002452";"197 389";"A01";"2";"7";"0";"1";"3";"15";"1";""
"202100002453";"197 388";"A01";"2";"34";"0";"1";"1";"1";"1";""
"202100002454";"197 386";"B01";"2";"1";"0";"2";"8";"15";"5";""
"202100002454";"197 387";"A01";"2";"50";"0";"2";"2";"17";"3";""
"202100002455";"197 384";"B01";"1";"1";"0";"2";"1";"1";"5";""
"202100002455";"197 385";"A01";"1";"1";"0";"2";"7";"1";"5";""
"202100002456";"197 382";"Z01";"1";"7";"0";"2";"8";"10";"1";""
"202100002456";"197 383";"A01";"1";"33";"0";"2";"1";"1";"1";""
"202100002457";"197 381";"A01";"2";"7";"0";"1";"7";"1";"2";""
"202100002458";"197 379";"B01";"3";"7";"0";"2";"4";"23";"1";""
"202100002458";"197 380";"A01";"3";"30";"0";"2";"1";"18";"1";""
"202100002459";"197 378";"A01";"3";"7";"1";"0";"2";"14";"1";""
"202100002460";"197 376";"A01";"3";"10";"0";"2";"3";"15";"1";""
"202100002460";"197 377";"B01";"3";"33";"0";"2";"2";"1";"1";""
"202100002461";"197 374";"A01";"3";"1";"0";"2";"1";"1";"5";""
"202100002461";"197 375";"Z01";"3";"7";"0";"2";"5";"22";"0";""
"202100002462";"197 372";"Z01";"1";"7";"0";"2";"5";"12";"0";""
"202100002462";"197 373";"B01";"1";"2";"0";"2";"3";"1";"1";""
"202100002463";"197 370";"B01";"2";"1";"0";"2";"6";"11";"5";""
"202100002463";"197 371";"A01";"2";"7";"0";"2";"2";"1";"1";""
"202100002464";"197 368";"A01";"2";"30";"0";"2";"3";"1";"3";""
"202100002464";"197 369";"B01";"2";"80";"0";"2";"8";"1";"3";""
"202100002465";"197 367";"Z01";"1";"7";"0";"1";"1";"1";"0";""
"202100002466";"197 365";"A01";"3";"33";"0";"2";"2";"1";"1";""
"202100002466";"197 366";"B01";"3";"7";"0";"2";"5";"1";"1";""
"202100002467";"197 363";"B01";"2";"1";"0";"2";"1";"1";"5";""
"202100002467";"197 364";"A01";"1";"2";"0";"2";"3";"9";"1";""
"202100002468";"197 361";"B01";"1";"33";"0";"2";"0";"15";"1";""
"202100002468";"197 362";"A01";"1";"7";"0";"2";"3";"1";"2";""
"202100002469";"197 359";"B01";"2";"30";"0";"2";"1";"1";"1";""
"202100002469";"197 360";"A01";"1";"10";"0";"2";"3";"15";"1";""
"202100002470";"197 355";"A01";"1";"7";"0";"2";"8";"11";"1";""
"202100002470";"197 356";"B01";"1";"7";"0";"2";"7";"1";"2";""
"202100002470";"197 357";"C01";"1";"7";"0";"2";"4";"1";"1";""
"202100002470";"197 358";"D01";"1";"31";"0";"2";"4";"1";"1";""
"202100002471";"197 353";"A01";"3";"7";"0";"2";"2";"15";"1";""
"202100002471";"197 354";"B01";"3";"2";"0";"2";"1";"16";"1";""
"202100002472";"197 351";"B01";"1";"7";"0";"2";"1";"1";"1";""
"202100002472";"197 352";"A01";"2";"7";"0";"2";"1";"1";"1";""
"202100002473";"197 349";"A01";"1";"7";"8";"2";"1";"19";"1";""
"202100002473";"197 350";"B01";"1";"7";"0";"2";"1";"1";"1";""
"202100002474";"197 347";"A01";"1";"99";"0";"2";"1";"1";"3";""
"202100002474";"197 348";"B01";"1";"7";"0";"2";"3";"15";"1";""
"202100002475";"197 345";"B01";"3";"7";"0";"2";"1";"1";"1";""
"202100002475";"197 346";"A01";"3";"7";"1";"0";"1";"21";"1";""
"202100002476";"197 343";"B01";"1";"43";"0";"2";"1";"1";"1";""
"202100002476";"197 344";"A01";"1";"1";"0";"2";"1";"2";"5";""
"202100002477";"197 342";"A01";"1";"7";"1";"0";"2";"1";"2";""
"202100002478";"197 341";"A01";"2";"10";"0";"1";"7";"26";"1";""
"202100002479";"197 339";"B01";"2";"33";"0";"2";"1";"3";"1";""
"202100002479";"197 340";"A01";"1";"17";"0";"2";"1";"1";"1";""
"202100002480";"197 338";"A01";"3";"7";"0";"1";"3";"1";"2";""
"202100002481";"197 335";"A01";"3";"7";"0";"2";"1";"17";"1";""
"202100002481";"197 336";"B01";"3";"7";"0";"2";"1";"1";"1";""
"202100002481";"197 337";"C01";"3";"37";"0";"2";"1";"1";"1";"3"
"202100002482";"197 334";"Z01";"2";"34";"0";"1";"0";"1";"1";""
"202100002483";"197 332";"B01";"2";"33";"0";"2";"2";"1";"1";""
"202100002483";"197 333";"A01";"2";"10";"0";"2";"3";"11";"1";""
"202100002484";"197 331";"A01";"1";"7";"2";"0";"9";"13";"1";""
"202100002485";"197 330";"A01";"1";"43";"4";"0";"2";"1";"1";""
"202100002486";"197 328";"A01";"2";"7";"0";"9";"3";"1";"3";""
"202100002486";"197 329";"B01";"2";"1";"0";"2";"1";"15";"5";""
"202100002487";"197 326";"A01";"1";"7";"0";"2";"2";"17";"1";""
"202100002487";"197 327";"B01";"1";"7";"0";"2";"2";"1";"1";""
"202100002488";"197 325";"A01";"1";"7";"13";"0";"3";"1";"1";""
"202100002489";"197 324";"A01";"2";"30";"6";"0";"0";"26";"1";""
"202100002490";"197 323";"A01";"2";"7";"0";"1";"2";"16";"1";""
"202100002491";"197 321";"B01";"1";"7";"0";"2";"1";"0";"1";""
"202100002491";"197 322";"A01";"1";"7";"4";"0";"3";"0";"1";""
"202100002492";"197 319";"B01";"2";"7";"0";"2";"3";"23";"1";""
"202100002492";"197 320";"A01";"2";"7";"0";"2";"1";"16";"1";""
"202100002493";"197 318";"A01";"1";"7";"13";"0";"3";"1";"1";""
"202100002494";"197 315";"A01";"2";"7";"0";"2";"2";"9";"1";""
"202100002494";"197 316";"B01";"2";"33";"0";"2";"1";"1";"1";""
"202100002494";"197 317";"C01";"2";"7";"0";"2";"3";"1";"1";""
"202100002495";"197 314";"A01";"1";"7";"6";"0";"0";"0";"1";""
"202100002496";"197 312";"B01";"1";"7";"0";"2";"8";"15";"1";""
"202100002496";"197 313";"A01";"2";"31";"0";"2";"7";"21";"1";""
"202100002497";"197 310";"A01";"1";"10";"0";"2";"2";"2";"1";""
"202100002497";"197 311";"B01";"1";"21";"0";"2";"6";"1";"1";""
"202100002498";"197 308";"B01";"2";"7";"0";"0";"0";"1";"1";""
"202100002498";"197 309";"A01";"1";"33";"13";"0";"2";"1";"1";""
"202100002499";"197 307";"A01";"1";"7";"0";"1";"1";"1";"1";""
"202100002500";"197 305";"B01";"3";"7";"2";"2";"3";"1";"0";""
"202100002500";"197 306";"A01";"3";"3";"0";"2";"3";"1";"0";""
"202100002501";"197 304";"A01";"1";"7";"15";"0";"1";"14";"6";""
"202100002502";"197 302";"A01";"0";"7";"0";"2";"1";"1";"1";""
"202100002502";"197 303";"B01";"0";"7";"0";"0";"4";"2";"1";""
"202100002503";"197 300";"A01";"2";"31";"0";"2";"1";"1";"1";""
"202100002503";"197 301";"B01";"2";"10";"0";"2";"4";"16";"1";""
"202100002504";"197 298";"A01";"2";"32";"0";"2";"1";"1";"1";""
"202100002504";"197 299";"B01";"2";"10";"0";"0";"6";"1";"1";""
"202100002505";"197 297";"A01";"1";"7";"0";"1";"1";"1";"1";""
"202100002506";"197 295";"A01";"2";"7";"0";"2";"3";"16";"1";""
"202100002506";"197 296";"B01";"2";"2";"0";"2";"1";"1";"1";""
"202100002507";"197 293";"A01";"3";"33";"0";"2";"1";"26";"1";""
"202100002507";"197 294";"B01";"3";"7";"0";"2";"1";"1";"1";""
"202100002508";"197 291";"A01";"1";"7";"0";"2";"1";"5";"1";""
"202100002508";"197 292";"B01";"2";"7";"0";"2";"1";"1";"1";""
"202100002509";"197 290";"A01";"1";"7";"2";"0";"3";"0";"1";""
"202100002510";"197 288";"A01";"3";"7";"0";"2";"1";"9";"1";""
"202100002510";"197 289";"B01";"3";"1";"0";"2";"1";"5";"5";""
"202100002511";"197 287";"A01";"3";"7";"6";"0";"9";"0";"1";""
"202100002512";"197 285";"B01";"2";"7";"0";"2";"2";"1";"1";""
"202100002512";"197 286";"A01";"1";"7";"0";"2";"2";"15";"1";""
"202100002513";"197 283";"B01";"2";"7";"0";"0";"6";"2";"1";""
"202100002513";"197 284";"A01";"2";"2";"0";"2";"1";"2";"1";""
"202100002514";"197 282";"A01";"1";"2";"0";"0";"0";"0";"1";""
"202100002515";"197 280";"B01";"2";"7";"0";"2";"1";"1";"1";""
"202100002515";"197 281";"A01";"1";"7";"0";"2";"1";"1";"1";""
"202100002516";"197 279";"A01";"2";"7";"0";"1";"1";"1";"1";""
"202100002517";"197 277";"B01";"2";"1";"0";"2";"4";"2";"5";""
"202100002517";"197 278";"A01";"2";"7";"0";"9";"2";"2";"1";""
"202100002518";"197 275";"B01";"1";"7";"0";"2";"3";"0";"1";""
"202100002518";"197 276";"A01";"2";"2";"0";"2";"1";"13";"1";""
"202100002519";"197 273";"B01";"2";"1";"0";"2";"1";"13";"5";""
"202100002519";"197 274";"A01";"1";"2";"0";"2";"1";"1";"1";""
"202100002520";"197 272";"A01";"1";"7";"0";"9";"1";"0";"1";""
"202100002521";"197 270";"B01";"2";"7";"0";"9";"3";"1";"1";""
"202100002521";"197 271";"A01";"1";"33";"0";"0";"1";"17";"1";""
"202100002522";"197 268";"B01";"1";"7";"0";"2";"1";"1";"1";""
"202100002522";"197 269";"A01";"2";"7";"0";"2";"7";"1";"1";""
"202100002523";"197 267";"A01";"1";"7";"6";"0";"1";"1";"1";""
"202100002524";"197 265";"A01";"2";"1";"0";"0";"6";"1";"5";""
"202100002524";"197 266";"B01";"2";"7";"0";"2";"2";"1";"1";""
"202100002525";"197 263";"B01";"2";"21";"0";"2";"2";"0";"1";""
"202100002525";"197 264";"A01";"1";"7";"0";"2";"1";"0";"1";""
"202100002526";"197 262";"A01";"1";"33";"0";"0";"7";"1";"1";""
"202100002527";"197 260";"A01";"1";"34";"0";"2";"1";"1";"1";""
"202100002527";"197 261";"B01";"2";"7";"0";"2";"5";"15";"1";""
"202100002528";"197 259";"A01";"2";"7";"13";"0";"2";"1";"1";""
"202100002529";"197 257";"B01";"1";"7";"0";"0";"0";"1";"1";""
"202100002529";"197 258";"A01";"1";"7";"0";"0";"0";"1";"1";""
"202100002530";"197 256";"A01";"2";"7";"2";"0";"1";"14";"1";""
"202100002531";"197 255";"A01";"0";"7";"6";"2";"2";"1";"1";""
"202100002532";"197 254";"A01";"1";"7";"6";"0";"2";"1";"1";""
"202100002533";"197 253";"A01";"1";"33";"12";"0";"1";"1";"1";""
"202100002534";"197 251";"A01";"2";"7";"0";"2";"1";"11";"1";""
"202100002534";"197 252";"B01";"1";"7";"0";"2";"1";"1";"1";""
"202100002535";"197 249";"B01";"1";"7";"0";"2";"2";"1";"1";""
"202100002535";"197 250";"A01";"1";"2";"0";"2";"1";"5";"1";""
"202100002536";"197 247";"B01";"3";"7";"0";"0";"1";"0";"1";""
"202100002536";"197 248";"A01";"3";"7";"0";"2";"1";"0";"1";""
"202100002537";"197 245";"A01";"1";"10";"0";"2";"1";"0";"1";""
"202100002537";"197 246";"B01";"2";"7";"0";"2";"2";"1";"1";""
"202100002538";"197 244";"A01";"2";"7";"6";"0";"1";"1";"1";""
"202100002539";"197 242";"A01";"1";"7";"0";"2";"1";"1";"1";""
"202100002539";"197 243";"B01";"2";"7";"0";"2";"1";"1";"1";""
"202100002540";"197 241";"A01";"1";"7";"6";"0";"2";"10";"1";""
"202100002541";"197 240";"A01";"2";"31";"3";"0";"0";"1";"1";""
"202100002542";"197 238";"A01";"3";"7";"0";"2";"3";"9";"1";""
"202100002542";"197 239";"B01";"3";"7";"0";"2";"3";"1";"1";""
"202100002543";"197 236";"A01";"2";"7";"0";"2";"1";"1";"1";""
"202100002543";"197 237";"B01";"1";"7";"0";"2";"1";"5";"1";""
"202100002544";"197 234";"B01";"1";"7";"0";"2";"3";"15";"1";""
"202100002544";"197 235";"A01";"1";"33";"0";"2";"1";"17";"1";""
"202100002545";"197 231";"C01";"0";"7";"0";"2";"2";"1";"1";""
"202100002545";"197 232";"B01";"2";"10";"0";"2";"1";"17";"1";""
"202100002545";"197 233";"A01";"1";"7";"0";"2";"1";"1";"1";""
"202100002546";"197 229";"A01";"1";"10";"0";"2";"7";"13";"1";""
"202100002546";"197 230";"B01";"2";"7";"0";"2";"1";"1";"1";""
"202100002547";"197 227";"B01";"0";"7";"0";"2";"1";"1";"1";""
"202100002547";"197 228";"A01";"0";"7";"0";"2";"1";"5";"1";""
"202100002548";"197 226";"A01";"1";"10";"0";"0";"0";"0";"1";""
"202100002549";"197 224";"B01";"1";"1";"0";"0";"4";"1";"5";""
"202100002549";"197 225";"A01";"1";"7";"0";"2";"2";"1";"1";""
"202100002550";"197 223";"A01";"1";"2";"0";"0";"0";"13";"1";""
"202100002551";"197 221";"B01";"2";"7";"0";"2";"4";"1";"1";""
"202100002551";"197 222";"A01";"2";"7";"0";"2";"1";"2";"1";""
"202100002552";"197 219";"A01";"1";"7";"0";"2";"3";"2";"1";""
"202100002552";"197 220";"B01";"1";"7";"0";"2";"6";"2";"1";""
"202100002553";"197 217";"B01";"2";"7";"0";"2";"4";"1";"1";""
"202100002553";"197 218";"A01";"2";"7";"0";"2";"1";"2";"1";""
"202100002554";"197 216";"A01";"1";"7";"14";"0";"1";"14";"1";""
"202100002555";"197 214";"B01";"1";"33";"0";"2";"1";"2";"1";""
"202100002555";"197 215";"A01";"1";"7";"0";"2";"4";"2";"1";""
"202100002556";"197 212";"A01";"2";"7";"0";"2";"3";"11";"1";""
"202100002556";"197 213";"B01";"2";"33";"0";"2";"7";"1";"1";""
"202100002557";"197 210";"B01";"1";"17";"0";"2";"4";"1";"1";""
"202100002557";"197 211";"A01";"1";"10";"0";"2";"1";"12";"1";""
"202100002558";"197 208";"A01";"2";"10";"0";"2";"0";"12";"1";""
"202100002558";"197 209";"B01";"2";"43";"0";"2";"6";"3";"1";""
"202100002559";"197 207";"A01";"1";"31";"0";"0";"0";"12";"3";""
"202100002560";"197 204";"Z01";"1";"0";"0";"2";"0";"0";"0";""
"202100002560";"197 205";"B01";"1";"10";"0";"2";"4";"2";"0";""
"202100002560";"197 206";"A01";"1";"10";"0";"2";"9";"2";"0";""
"202100002561";"197 203";"A01";"2";"7";"3";"0";"2";"1";"1";""
"202100002562";"197 201";"B01";"2";"7";"0";"2";"4";"1";"1";""
"202100002562";"197 202";"A01";"2";"33";"0";"2";"1";"11";"1";""
"202100002563";"197 200";"A01";"1";"31";"0";"2";"0";"0";"1";""
"202100002564";"197 197";"A01";"2";"7";"3";"0";"3";"11";"1";""
"202100002564";"197 198";"B01";"2";"7";"1";"0";"1";"12";"1";""
"202100002564";"197 199";"C01";"2";"7";"14";"0";"1";"12";"1";""
"202100002565";"197 196";"A01";"0";"7";"0";"1";"0";"14";"1";""
"202100002566";"197 194";"A01";"1";"7";"1";"9";"2";"16";"1";""
"202100002566";"197 195";"B01";"1";"1";"1";"2";"3";"1";"5";""
"202100002567";"197 193";"A01";"3";"7";"0";"1";"1";"1";"1";""
"202100002568";"197 192";"Z01";"2";"32";"0";"1";"0";"0";"0";""
"202100002569";"197 190";"B01";"2";"7";"0";"2";"8";"26";"1";""
"202100002569";"197 191";"A01";"1";"30";"0";"2";"1";"17";"1";""
"202100002570";"197 189";"A01";"3";"99";"0";"0";"0";"0";"1";""
"202100002571";"197 188";"A01";"1";"7";"0";"1";"1";"26";"1";""
"202100002572";"197 186";"A01";"1";"7";"0";"2";"2";"15";"1";""
"202100002572";"197 187";"B01";"2";"2";"0";"2";"8";"1";"1";""
"202100002573";"197 184";"B01";"2";"33";"0";"2";"7";"1";"1";""
"202100002573";"197 185";"A01";"1";"7";"0";"2";"1";"1";"1";""
"202100002574";"197 182";"B01";"2";"7";"0";"2";"1";"15";"1";""
"202100002574";"197 183";"A01";"1";"7";"0";"2";"3";"1";"1";""
"202100002575";"197 181";"A01";"1";"7";"1";"1";"5";"26";"1";""
"202100002576";"197 180";"A01";"3";"2";"16";"0";"0";"0";"0";""
"202100002577";"197 178";"B01";"1";"7";"0";"2";"6";"16";"1";""
"202100002577";"197 179";"A01";"1";"7";"0";"2";"1";"26";"1";""
"202100002578";"197 177";"A01";"1";"30";"0";"0";"8";"26";"0";""
"202100002579";"197 175";"A01";"2";"37";"0";"2";"3";"15";"0";"1"
"202100002579";"197 176";"B01";"3";"1";"0";"2";"1";"19";"6";""
"202100002580";"197 173";"B01";"2";"7";"0";"2";"1";"15";"1";""
"202100002580";"197 174";"A01";"2";"1";"0";"2";"1";"13";"5";""
"202100002581";"197 171";"B01";"1";"7";"0";"2";"4";"2";"1";""
"202100002581";"197 172";"A01";"1";"31";"14";"0";"1";"2";"1";""
"202100002582";"197 169";"A01";"1";"7";"0";"2";"1";"26";"0";""
"202100002582";"197 170";"B01";"1";"7";"0";"2";"4";"1";"2";""
"202100002583";"197 166";"C01";"1";"7";"0";"2";"4";"11";"1";""
"202100002583";"197 167";"B01";"1";"10";"0";"2";"1";"2";"1";""
"202100002583";"197 168";"A01";"1";"10";"0";"2";"1";"1";"1";""
"202100002584";"197 164";"B01";"2";"7";"0";"2";"7";"1";"1";""
"202100002584";"197 165";"A01";"3";"7";"0";"2";"3";"15";"1";""
"202100002585";"197 162";"B01";"1";"1";"0";"2";"3";"19";"0";""
"202100002585";"197 163";"A01";"1";"7";"0";"9";"3";"15";"1";""
"202100002586";"197 161";"A01";"2";"7";"0";"1";"2";"26";"1";""
"202100002587";"197 160";"A01";"2";"32";"0";"0";"0";"1";"1";""
"202100002588";"197 158";"B01";"2";"33";"0";"2";"7";"3";"1";""
"202100002588";"197 159";"A01";"1";"13";"0";"2";"2";"15";"1";""
"202100002589";"197 155";"C01";"3";"10";"1";"2";"4";"2";"1";""
"202100002589";"197 156";"B01";"1";"2";"0";"2";"4";"2";"1";""
"202100002589";"197 157";"A01";"1";"7";"1";"2";"1";"2";"3";""
"202100002590";"197 153";"B01";"1";"39";"0";"2";"0";"0";"6";""
"202100002590";"197 154";"A01";"1";"30";"0";"4";"1";"1";"1";""
"202100002591";"197 151";"A01";"0";"7";"0";"1";"1";"18";"1";""
"202100002591";"197 152";"B01";"0";"7";"0";"2";"2";"1";"1";""
"202100002592";"197 150";"A01";"2";"7";"13";"0";"9";"2";"1";""
"202100002593";"197 148";"A01";"3";"7";"0";"2";"3";"14";"1";""
"202100002593";"197 149";"B01";"3";"7";"0";"2";"5";"11";"1";""
"202100002594";"197 145";"A01";"0";"7";"0";"2";"1";"1";"1";""
"202100002594";"197 146";"B01";"0";"7";"0";"2";"1";"1";"1";""
"202100002594";"197 147";"C01";"0";"7";"0";"2";"1";"15";"1";""
"202100002595";"197 144";"A01";"2";"7";"0";"1";"3";"26";"1";""
"202100002596";"197 141";"A01";"2";"7";"0";"2";"4";"23";"1";""
"202100002596";"197 142";"B01";"2";"7";"0";"2";"4";"23";"1";""
"202100002596";"197 143";"Z01";"2";"7";"0";"2";"1";"26";"1";""
"202100002597";"197 139";"A01";"3";"1";"0";"2";"1";"1";"5";""
"202100002597";"197 140";"B01";"1";"7";"0";"9";"3";"15";"1";""
"202100002598";"197 137";"A01";"2";"10";"1";"0";"1";"7";"1";""
"202100002598";"197 138";"B01";"1";"2";"0";"2";"7";"15";"1";""
"202100002599";"197 135";"A01";"3";"7";"0";"9";"3";"9";"0";""
"202100002599";"197 136";"B01";"3";"3";"0";"2";"2";"1";"6";""
"202100002600";"197 133";"A01";"1";"7";"0";"2";"7";"9";"1";""
"202100002600";"197 134";"B01";"1";"31";"0";"2";"8";"9";"1";""
"202100002601";"197 131";"A01";"1";"7";"0";"2";"2";"1";"1";""
"202100002601";"197 132";"B01";"2";"1";"0";"2";"2";"5";"5";""
"202100002602";"197 130";"A01";"1";"10";"0";"1";"4";"20";"1";""
"202100002603";"197 128";"A01";"1";"2";"0";"2";"2";"1";"1";""
"202100002603";"197 129";"B01";"3";"7";"0";"2";"3";"9";"1";""
"202100002604";"197 126";"A01";"3";"33";"0";"0";"0";"11";"1";""
"202100002604";"197 127";"B01";"3";"10";"0";"0";"0";"1";"1";""
"202100002605";"197 124";"A01";"1";"37";"0";"2";"2";"13";"1";"1"
"202100002605";"197 125";"B01";"1";"1";"0";"2";"6";"0";"5";""
"202100002606";"197 123";"A01";"2";"50";"0";"1";"1";"7";"3";""
"202100002607";"197 121";"A01";"1";"1";"0";"2";"3";"19";"5";""
"202100002607";"197 122";"B01";"1";"7";"0";"2";"2";"1";"1";""
"202100002608";"197 120";"A01";"1";"7";"13";"0";"1";"14";"1";""
"202100002609";"197 118";"A01";"1";"7";"0";"2";"7";"19";"1";""
"202100002609";"197 119";"B01";"1";"10";"0";"2";"1";"1";"1";""
"202100002610";"197 116";"B01";"1";"1";"0";"2";"3";"2";"0";""