"Num_Acc";"id_vehicule";"num_veh";"senc";"catv";"obs";"obsm";"choc";"manv";"motor";"occutc"
"202100004752";"193 289";"A01";"1";"7";"0";"2";"2";"1";"1";""
"202100004753";"193 286";"B01";"3";"30";"0";"2";"4";"23";"1";""
"202100004753";"193 287";"A01";"3";"7";"0";"2";"1";"1";"1";""
"202100004754";"193 284";"B01";"3";"10";"14";"0";"4";"2";"1";""
"202100004754";"193 285";"A01";"3";"7";"0";"2";"1";"1";"1";""
"202100004755";"193 282";"A01";"1";"7";"0";"2";"2";"1";"1";""
"202100004755";"193 283";"B01";"2";"7";"0";"2";"3";"15";"1";""
"202100004756";"193 280";"A01";"3";"7";"0";"2";"1";"9";"1";""
"202100004756";"193 281";"B01";"3";"7";"0";"2";"7";"26";"1";""
"202100004757";"193 278";"A01";"3";"7";"0";"2";"3";"9";"1";""
"202100004757";"193 279";"B01";"3";"50";"0";"2";"8";"19";"3";""
"202100004758";"193 276";"A01";"1";"30";"0";"2";"2";"9";"1";""
"202100004758";"193 277";"B01";"1";"7";"0";"2";"3";"9";"1";""
"202100004759";"193 274";"A01";"3";"7";"0";"2";"2";"17";"1";""
"202100004759";"193 275";"B01";"3";"7";"0";"2";"8";"15";"1";""
"202100004760";"193 272";"B01";"2";"2";"0";"2";"1";"16";"1";""
"202100004760";"193 273";"A01";"1";"7";"0";"2";"1";"15";"1";""
"202100004761";"193 271";"A01";"0";"7";"0";"1";"1";"15";"1";""
"202100004762";"193 269";"B01";"3";"50";"0";"2";"8";"1";"3";""
"202100004762";"193 270";"A01";"1";"7";"0";"1";"1";"1";"1";""
"202100004763";"193 268";"A01";"2";"7";"3";"0";"1";"1";"1";""
"202100004764";"193 267";"A01";"3";"37";"0";"1";"1";"16";"1";"1"
"202100004765";"193 266";"A01";"2";"40";"0";"1";"3";"1";"3";""
"202100004766";"193 264";"A01";"1";"7";"0";"2";"1";"1";"1";""
"202100004766";"193 265";"B01";"2";"7";"0";"2";"1";"1";"1";""
"202100004767";"193 262";"A01";"1";"10";"0";"2";"1";"16";"1";""
"202100004767";"193 263";"B01";"2";"7";"0";"2";"1";"23";"1";""
"202100004768";"193 260";"A01";"3";"7";"0";"2";"3";"9";"1";""
"202100004768";"193 261";"B01";"3";"1";"0";"2";"1";"1";"5";""
"202100004769";"193 259";"A01";"1";"7";"0";"1";"1";"1";"1";""
"202100004770";"193 257";"A01";"1";"10";"0";"2";"3";"1";"1";""
"202100004770";"193 258";"B01";"2";"7";"0";"2";"2";"1";"1";""
"202100004771";"193 255";"B01";"2";"7";"0";"2";"4";"1";"0";""
"202100004771";"193 256";"A01";"2";"7";"0";"2";"1";"1";"1";""
"202100004772";"193 251";"Z01";"2";"7";"0";"0";"0";"0";"0";""
"202100004772";"193 252";"C01";"2";"7";"3";"0";"6";"0";"1";""
"202100004772";"193 253";"B01";"2";"7";"1";"0";"7";"21";"1";""
"202100004772";"193 254";"A01";"2";"7";"3";"0";"3";"13";"1";""
"202100004773";"193 249";"B01";"1";"7";"0";"2";"3";"2";"1";""
"202100004773";"193 250";"A01";"1";"7";"0";"2";"1";"2";"1";""
"202100004774";"193 247";"B01";"2";"7";"0";"1";"3";"23";"1";""
"202100004774";"193 248";"A01";"1";"10";"0";"1";"3";"1";"1";""
"202100004775";"193 243";"D01";"2";"7";"0";"2";"1";"1";"0";""
"202100004775";"193 244";"C01";"2";"7";"0";"2";"4";"1";"1";""
"202100004775";"193 245";"B01";"2";"7";"0";"2";"4";"1";"1";""
"202100004775";"193 246";"A01";"2";"10";"0";"2";"1";"1";"1";""
"202100004776";"193 241";"B01";"2";"7";"0";"2";"1";"16";"1";""
"202100004776";"193 242";"A01";"2";"7";"0";"2";"1";"13";"1";""
"202100004777";"193 239";"A01";"0";"7";"0";"2";"1";"2";"1";""
"202100004777";"193 240";"B01";"0";"7";"0";"2";"4";"2";"1";""
"202100004778";"193 238";"A01";"1";"7";"0";"1";"2";"1";"1";""
"202100004779";"193 237";"A01";"1";"7";"0";"1";"1";"9";"3";""
"202100004780";"193 235";"B01";"0";"60";"0";"2";"1";"1";"5";""
"202100004780";"193 236";"A01";"0";"7";"0";"2";"2";"9";"1";""
"202100004781";"193 231";"A01";"1";"7";"0";"1";"1";"9";"1";""
"202100004782";"193 230";"A01";"1";"7";"0";"0";"0";"26";"1";""
"202100004783";"193 228";"B01";"3";"10";"0";"2";"4";"9";"3";""
"202100004783";"193 229";"A01";"3";"10";"0";"2";"1";"2";"1";""
"202100004784";"193 226";"A01";"3";"7";"2";"2";"1";"1";"1";""
"202100004784";"193 227";"B01";"0";"7";"1";"2";"1";"1";"1";""
"202100004785";"193 222";"A01";"1";"7";"0";"2";"2";"19";"0";""
"202100004785";"193 223";"B01";"1";"7";"0";"2";"1";"1";"1";""
"202100004785";"193 224";"C01";"1";"7";"0";"2";"7";"0";"1";""
"202100004786";"193 221";"A01";"1";"7";"0";"1";"7";"26";"1";""
"202100004787";"193 219";"B01";"1";"7";"4";"0";"1";"26";"1";""
"202100004787";"193 220";"A01";"1";"7";"0";"2";"1";"26";"1";""
"202100004788";"193 217";"B01";"3";"7";"0";"2";"2";"15";"1";""
"202100004788";"193 218";"A01";"3";"7";"0";"2";"1";"1";"1";""
"202100004789";"193 216";"A01";"2";"7";"0";"1";"1";"15";"1";""
"202100004790";"193 215";"A01";"1";"33";"14";"0";"1";"1";"1";""
"202100004791";"193 213";"B01";"2";"10";"0";"2";"2";"15";"1";""
"202100004791";"193 214";"A01";"1";"31";"0";"2";"1";"1";"1";""
"202100004792";"193 211";"Z01";"0";"7";"0";"0";"0";"0";"0";""
"202100004792";"193 212";"A01";"0";"33";"0";"2";"2";"1";"1";""
"202100004793";"193 210";"A01";"3";"1";"6";"0";"2";"15";"5";""
"202100004794";"193 209";"A01";"1";"7";"8";"0";"1";"1";"1";""
"202100004795";"193 207";"B01";"1";"50";"0";"2";"1";"1";"3";""
"202100004795";"193 208";"A01";"3";"7";"0";"1";"7";"17";"1";""
"202100004796";"193 205";"A01";"1";"7";"0";"2";"1";"15";"1";""
"202100004796";"193 206";"B01";"2";"7";"0";"2";"3";"1";"1";""
"202100004797";"193 204";"A01";"1";"7";"0";"1";"2";"1";"1";""
"202100004798";"193 202";"B01";"2";"2";"0";"2";"1";"15";"1";""
"202100004798";"193 203";"A01";"1";"7";"0";"2";"2";"1";"1";""
"202100004799";"193 201";"A01";"1";"33";"1";"0";"0";"0";"0";""
"202100004800";"193 199";"A01";"0";"30";"0";"2";"3";"7";"1";""
"202100004800";"193 200";"B01";"3";"7";"0";"2";"2";"16";"1";""
"202100004801";"193 197";"B01";"0";"32";"0";"2";"4";"2";"1";""
"202100004801";"193 198";"A01";"0";"7";"0";"2";"2";"2";"3";""
"202100004802";"193 196";"A01";"1";"7";"0";"1";"2";"26";"2";""
"202100004803";"193 194";"A01";"3";"7";"0";"2";"6";"15";"1";""
"202100004803";"193 195";"B01";"3";"31";"0";"2";"1";"13";"1";""
"202100004804";"193 193";"A01";"2";"33";"4";"0";"2";"14";"1";""
"202100004805";"193 192";"A01";"2";"7";"4";"0";"7";"14";"1";""
"202100004806";"193 190";"A01";"1";"7";"0";"2";"1";"15";"1";""
"202100004806";"193 191";"B01";"2";"2";"0";"2";"7";"1";"1";""
"202100004807";"193 189";"A01";"0";"7";"0";"1";"1";"1";"1";""
"202100004808";"193 188";"A01";"3";"50";"0";"1";"1";"1";"3";""
"202100004809";"193 186";"A01";"2";"2";"0";"2";"2";"1";"1";""
"202100004809";"193 187";"Z01";"2";"7";"0";"2";"4";"10";"0";""
"202100004810";"193 185";"A01";"2";"7";"9";"0";"3";"13";"1";""
"202100004811";"193 184";"A01";"3";"30";"0";"0";"8";"1";"1";""
"202100004812";"193 182";"B01";"2";"7";"0";"2";"0";"16";"1";""
"202100004812";"193 183";"A01";"1";"43";"0";"2";"3";"17";"1";""
"202100004813";"193 180";"A01";"3";"7";"0";"2";"2";"2";"1";""
"202100004813";"193 181";"B01";"3";"7";"0";"2";"4";"2";"1";""
"202100004814";"193 178";"A01";"2";"10";"0";"2";"1";"2";"1";""
"202100004814";"193 179";"B01";"2";"7";"0";"2";"4";"23";"1";""
"202100004815";"193 176";"B01";"1";"1";"0";"2";"8";"15";"0";""
"202100004815";"193 177";"A01";"1";"7";"0";"2";"2";"17";"1";""
"202100004816";"193 175";"A01";"1";"7";"11";"0";"2";"14";"1";""
"202100004817";"193 174";"Z01";"1";"1";"0";"1";"1";"1";"5";""
"202100004818";"193 171";"C01";"2";"7";"0";"2";"6";"24";"1";""
"202100004818";"193 172";"B01";"3";"33";"0";"2";"2";"17";"1";""
"202100004818";"193 173";"A01";"2";"7";"0";"2";"3";"15";"0";""
"202100004819";"193 168";"B01";"1";"32";"1";"2";"2";"18";"3";""
"202100004819";"193 169";"A01";"3";"10";"0";"2";"6";"24";"1";""
"202100004819";"193 170";"C01";"1";"37";"0";"2";"7";"12";"6";"1"
"202100004820";"193 166";"A01";"1";"7";"0";"2";"7";"15";"1";""
"202100004820";"193 167";"B01";"2";"2";"0";"2";"1";"1";"1";""
"202100004821";"193 165";"A01";"2";"30";"0";"1";"4";"21";"3";""
"202100004822";"193 163";"A01";"1";"30";"8";"2";"1";"21";"1";""
"202100004822";"193 164";"B01";"1";"7";"9";"2";"2";"1";"1";""
"202100004823";"193 161";"B01";"1";"32";"0";"2";"1";"1";"1";""
"202100004823";"193 162";"A01";"2";"7";"8";"0";"5";"13";"1";""
"202100004824";"193 159";"B01";"1";"7";"0";"2";"5";"15";"1";""
"202100004824";"193 160";"A01";"2";"34";"0";"2";"1";"1";"1";""
"202100004825";"193 157";"B01";"3";"32";"0";"2";"1";"3";"1";""
"202100004825";"193 158";"A01";"3";"7";"0";"2";"3";"15";"1";""
"202100004826";"193 156";"A01";"2";"7";"0";"1";"1";"1";"2";""
"202100004827";"193 154";"B01";"1";"7";"0";"9";"2";"1";"0";""
"202100004827";"193 155";"A01";"1";"1";"0";"2";"1";"23";"0";""
"202100004828";"193 153";"A01";"2";"7";"0";"1";"3";"15";"1";""
"202100004829";"193 151";"A01";"1";"7";"0";"1";"4";"20";"0";""
"202100004830";"193 149";"A01";" -1";"7";"0";"9";"3";"15";"1";""
"202100004830";"193 150";"B01";" -1";"1";"0";"2";"1";"0";"0";""
"202100004831";"193 148";"A01";" -1";"7";"1";"2";"4";"23";"1";""
"202100004832";"193 147";"A01";"0";"10";"0";"1";"1";"1";"1";""
"202100004833";"193 145";"A01";"2";"7";"0";"0";"0";"16";"1";""
"202100004833";"193 146";"B01";"1";"33";"0";"0";"7";"1";"1";""
"202100004834";"193 144";"Z01";"1";"14";"0";"1";"3";"1";"0";""
"202100004835";"193 143";"A01";"1";"7";"0";"1";"1";"15";"1";""
"202100004836";"193 142";"A01";"1";"37";"0";"1";"7";"1";"1";"1"
"202100004837";"193 140";"A01";"1";"7";"0";"2";"3";"1";"1";""
"202100004837";"193 141";"B01";"1";"50";"0";"2";"1";"1";"3";""
"202100004838";"193 138";"A01";"2";"7";"0";"2";"2";"12";"1";""
"202100004838";"193 139";"B01";"2";"32";"0";"2";"1";"1";"1";""
"202100004839";"193 137";"A01";"2";"7";"6";"0";"1";"1";"1";""
"202100004840";"193 136";"A01";"2";"10";"0";"9";"5";"1";"1";""
"202100004841";"193 135";"A01";"3";"10";"0";"1";"2";"1";"1";""
"202100004842";"193 133";"A01";"1";"7";"9";"2";"1";"1";"1";""
"202100004842";"193 134";"B01";"1";"7";"9";"0";"4";"1";"1";""
"202100004843";"193 130";"C01";"1";"7";"0";"0";"4";"1";"1";""
"202100004843";"193 131";"B01";"1";"7";"0";"2";"6";"2";"1";""
"202100004843";"193 132";"A01";"1";"10";"0";"2";"2";"2";"1";""
"202100004844";"193 129";"A01";"2";"10";"2";"0";"3";"19";"0";""
"202100004845";"193 127";"B01";"2";"7";"13";"0";"3";"1";"1";""
"202100004845";"193 128";"A01";"2";"7";"13";"0";"8";"1";"1";""
"202100004846";"193 125";"A01";"3";"7";"0";"2";"2";"15";"1";""
"202100004846";"193 126";"B01";"1";"2";"0";"2";"1";"1";"1";""
"202100004847";"193 124";"A01";"1";"7";"6";"0";"0";"13";"1";""
"202100004848";"193 122";"B01";"1";"7";"0";"2";"1";"1";"1";""
"202100004848";"193 123";"A01";"2";"7";"0";"2";"9";"13";"1";""
"202100004849";"193 121";"A01";"2";"7";"2";"0";"3";"13";"1";""
"202100004850";"193 120";"A01";"1";"7";"13";"0";"3";"13";"1";""
"202100004851";"193 119";"A01";"2";"7";"7";"0";"1";"1";"1";""
"202100004852";"193 116";"A01";"2";"7";"0";"2";"3";"9";"1";""
"202100004852";"193 117";"B01";"2";"7";"0";"2";"7";"1";"1";""
"202100004852";"193 118";"C01";"1";"7";"0";"2";"2";"1";"1";""
"202100004853";"193 115";"A01";"1";"21";"0";"1";"1";"26";"0";""
"202100004854";"193 114";"A01";"1";"10";"2";"0";"1";"1";"1";""
"202100004855";"193 112";"A01";"1";"10";"0";"2";"4";"4";"1";""
"202100004855";"193 113";"B01";"1";"7";"0";"2";"1";"1";"1";""
"202100004856";"193 110";"B01";"1";"33";"0";"2";"8";"1";"1";""
"202100004856";"193 111";"A01";"3";"7";"0";"2";"1";"19";"1";""
"202100004857";"193 108";"A01";"2";"7";"13";"0";"2";"1";"2";""
"202100004857";"193 109";"B01";"2";"7";"0";"1";"1";"1";"1";""
"202100004858";"193 107";"A01";"2";"7";"2";"0";"8";"1";"1";""
"202100004859";"193 106";"A01";"1";"7";"0";"0";"9";"0";"1";""
"202100004860";"193 104";"A01";"3";"33";"0";"2";"1";"13";"1";""
"202100004860";"193 105";"B01";"3";"7";"0";"2";"3";"1";"1";""
"202100004861";"193 103";"A01";"1";"7";"2";"0";"2";"1";"1";""
"202100004862";"193 099";"A01";"1";"7";"0";"2";"1";"1";"2";""
"202100004862";"193 100";"B01";"2";"7";"0";"2";"3";"15";"1";""
"202100004863";"193 097";"A01";"2";"7";"3";"2";"7";"1";"1";""
"202100004863";"193 098";"B01";"1";"7";"0";"2";"2";"1";"1";""
"202100004864";"193 096";"A01";"1";"7";"2";"0";"1";"0";"1";""
"202100004865";"193 095";"A01";"2";"7";"2";"0";"3";"1";"1";""
"202100004866";"193 094";"A01";"2";"7";"0";"1";"2";"2";"1";""
"202100004867";"193 091";"A01";"1";"7";"0";"2";"5";"1";"1";""
"202100004867";"193 092";"B01";"2";"7";"0";"2";"3";"1";"1";""
"202100004868";"193 090";"A01";"1";"7";"5";"0";"1";"1";"1";""
"202100004869";"193 089";"A01";"3";"7";"13";"0";"1";"1";"1";""
"202100004870";"193 087";"A01";"1";"7";"0";"2";"2";"13";"1";""
"202100004870";"193 088";"B01";"2";"7";"13";"2";"2";"2";"1";""
"202100004871";"193 085";"B01";"2";"7";"0";"2";"1";"0";"0";""
"202100004871";"193 086";"A01";"2";"33";"4";"0";"4";"2";"1";""
"202100004872";"193 084";"A01";"2";"7";"16";"0";"2";"14";"1";""
"202100004873";"193 077";"E01";"1";"7";"0";"0";"0";"1";"2";""
"202100004873";"193 078";"G01";"1";"7";"0";"2";"4";"1";"1";""
"202100004873";"193 079";"F01";"1";"7";"0";"2";"4";"1";"1";""
"202100004873";"193 080";"D01";"1";"7";"0";"2";"1";"1";"1";""
"202100004873";"193 081";"C01";"1";"7";"0";"2";"1";"1";"1";""
"202100004873";"193 082";"B01";"1";"7";"3";"2";"1";"1";"1";""
"202100004873";"193 083";"A01";"1";"7";"0";"2";"5";"1";"1";""
"202100004874";"193 076";"A01";"2";"7";"13";"0";"0";"1";"1";""
"202100004875";"193 074";"A01";"3";"33";"12";"2";"8";"21";"1";""
"202100004875";"193 075";"B01";"3";"7";"0";"2";"3";"21";"1";""
"202100004876";"193 072";"A01";"1";"7";"0";"2";"0";"2";"1";""
"202100004876";"193 073";"B01";"1";"32";"0";"2";"8";"1";"1";""
"202100004877";"193 069";"A01";"2";"7";"0";"2";"1";"1";"1";""
"202100004877";"193 070";"B01";"1";"7";"0";"2";"3";"1";"0";""
"202100004878";"193 065";"D01";"1";"7";"0";"2";"1";"17";"1";""
"202100004878";"193 066";"C01";"2";"7";"0";"2";"1";"26";"1";""
"202100004878";"193 067";"B01";"1";"7";"0";"0";"7";"26";"1";""
"202100004878";"193 068";"A01";"2";"7";"2";"0";"0";"14";"1";""
"202100004879";"193 064";"A01";"1";"7";"0";"1";"2";"20";"1";""
"202100004880";"193 063";"A01";"3";"31";"0";"0";"1";"1";"1";""
"202100004881";"193 062";"A01";"1";"7";"0";"1";"2";"1";"1";""
"202100004882";"193 061";"A01";"2";"7";"2";"0";"1";"26";"6";""
"202100004883";"193 060";"A01";"1";"7";"9";"0";"3";"6";"1";""
"202100004884";"193 057";"A01";"1";"7";"0";"2";"3";"13";"1";""
"202100004884";"193 058";"B01";"2";"7";"0";"2";"8";"1";"1";""
"202100004884";"193 059";"C01";"2";"7";"0";"2";"1";"1";"1";""
"202100004885";"193 056";"A01";"2";"7";"13";"0";"2";"1";"1";""
"202100004886";"193 055";"A01";"1";"7";"0";"1";"1";"2";"1";""
"202100004887";"193 054";"A01";"2";"7";"0";"1";"2";"1";"1";""
"202100004888";"193 052";"A01";"1";"10";"0";"9";"3";"15";"1";""
"202100004888";"193 053";"B01";"2";"2";"0";"2";"1";"1";"1";""
"202100004889";"193 051";"A01";"1";"7";"2";"0";"1";"1";"1";""
"202100004890";"193 049";"B01";"2";"7";"0";"2";"1";"1";"1";""
"202100004890";"193 050";"A01";"1";"7";"0";"2";"1";"5";"1";""
"202100004891";"193 047";"B01";"1";"33";"0";"2";"1";"1";"1";""
"202100004891";"193 048";"A01";"1";"7";"0";"2";"2";"9";"1";""
"202100004892";"193 044";"A01";"3";"7";"0";"2";"1";"2";"1";""
"202100004892";"193 045";"B01";"3";"10";"0";"2";"1";"2";"1";""
"202100004892";"193 046";"C01";"3";"7";"0";"2";"1";"2";"1";""
"202100004893";"193 042";"A01";"2";"7";"1";"0";"1";"1";"1";""
"202100004893";"193 043";"B01";"2";"7";"0";"2";"5";"2";"1";""
"202100004894";"193 041";"A01";"2";"7";"4";"0";"1";"2";"1";""
"202100004895";"193 038";"C01";"1";"7";"0";"2";"4";"2";"1";""
"202100004895";"193 039";"B01";"1";"7";"0";"2";"4";"2";"1";""
"202100004895";"193 040";"A01";"1";"7";"0";"2";"1";"2";"1";""
"202100004896";"193 036";"B01";"2";"7";"0";"2";"6";"11";"1";""
"202100004896";"193 037";"A01";"2";"7";"0";"2";"2";"1";"1";""
"202100004897";"193 035";"A01";"2";"10";"4";"0";"2";"1";"1";""
"202100004898";"193 033";"B01";"1";"7";"0";"2";"4";"23";"1";""
"202100004898";"193 034";"A01";"1";"17";"1";"0";"1";"11";"1";""
"202100004899";"193 032";"A01";"2";"7";"4";"0";"9";"15";"1";""
"202100004900";"193 031";"A01";"1";"7";"4";"0";"3";"13";"1";""
"202100004901";"193 030";"A01";"1";"7";"4";"0";"1";"1";"1";""
"202100004902";"193 028";"B01";"2";"7";"0";"2";"1";"2";"2";""
"202100004902";"193 029";"A01";"2";"7";"4";"2";"2";"2";"1";""
"202100004903";"193 026";"A01";"1";"7";"0";"2";"1";"1";"1";""
"202100004903";"193 027";"B01";"1";"7";"0";"2";"4";"23";"1";""
"202100004904";"193 024";"A01";"1";"7";"0";"2";"1";"1";"1";""
"202100004904";"193 025";"B01";"1";"7";"0";"2";"6";"2";"1";""
"202100004905";"193 023";"A01";"2";"33";"0";"2";"4";"3";"1";""
"202100004906";"193 021";"B01";"2";"7";"0";"2";"4";"1";"1";""
"202100004906";"193 022";"A01";"2";"7";"0";"2";"1";"2";"1";""
"202100004907";"193 018";"C01";"2";"10";"0";"2";"1";"2";"1";""
"202100004907";"193 019";"A01";"2";"7";"0";"2";"4";"23";"1";""
"202100004907";"193 020";"B01";"2";"7";"0";"2";"1";"2";"1";""
"202100004908";"193 015";"B01";"2";"7";"5";"2";"4";"12";"1";""
"202100004908";"193 016";"C01";"1";"7";"4";"2";"1";"12";"1";""
"202100004908";"193 017";"A01";"1";"7";"4";"2";"3";"2";"1";""
"202100004909";"193 012";"C01";"2";"7";"0";"2";"4";"2";"1";""
"202100004909";"193 013";"B01";"2";"33";"0";"2";"4";"2";"1";""
"202100004909";"193 014";"A01";"2";"7";"0";"2";"3";"11";"1";""
"202100004910";"193 011";"A01";"1";"7";"1";"1";"9";"14";"1";""
"202100004911";"193 009";"B01";"2";"50";"0";"4";"3";"19";"3";""
"202100004911";"193 010";"A01";"2";"40";"0";"2";"3";"1";"3";""
"202100004912";"193 008";"A01";"1";"10";"0";"1";"3";"1";"1";""
"202100004913";"193 007";"A01";"1";"7";"0";"1";"4";"4";"1";""
"202100004914";"193 005";"Z01";"2";"7";"0";"2";"1";"16";"0";""
"202100004914";"193 006";"A01";"2";"50";"0";"2";"8";"1";"3";""
"202100004915";"193 003";"B01";"1";"7";"0";"2";"6";"2";"1";""
"202100004915";"193 004";"A01";"2";"7";"0";"2";"1";"2";"1";""
"202100004916";"193 001";"A01";"2";"1";"0";"2";"7";"1";"5";""
"202100004916";"193 002";"B01";"2";"7";"0";"2";"1";"1";"1";""
"202100004917";"193 000";"A01";"2";"50";"0";"0";"1";"1";"3";""
"202100004918";"192 998";"A01";"2";"7";"0";"2";"3";"10";"3";""
"202100004918";"192 999";"B01";"2";"2";"0";"2";"2";"17";"1";""
"202100004919";"192 997";"A01";"2";"32";"0";"1";"3";"1";"1";""
"202100004920";"192 996";"Z01";"1";"30";"0";"1";"1";"1";"0";""
"202100004921";"192 994";"A01";"2";"30";"0";"2";"7";"16";"3";""
"202100004921";"192 995";"B01";"2";"33";"0";"2";"1";"1";"1";""
"202100004922";"192 992";"A01";"2";"1";"0";"0";"7";"5";"5";""
"202100004922";"192 993";"B01";"1";"7";"0";"0";"2";"1";"2";""
"202100004923";"192 991";"A01";"2";"7";"0";"1";"3";"1";"2";""
"202100004924";"192 990";"A01";"2";"30";"0";"0";"7";"1";"1";""
"202100004925";"192 988";"B01";"2";"1";"1";"0";"1";"1";"5";""
"202100004925";"192 989";"A01";"2";"10";"1";"0";"2";"22";"1";""
"202100004926";"192 987";"A01";"2";"32";"0";"0";"0";"1";"1";""
"202100004927";"192 985";"Z01";"3";"7";"0";"0";"0";"11";"0";""
"202100004927";"192 986";"A01";"3";"31";"0";"2";"7";"1";"1";""
"202100004928";"192 983";"B01";"1";"2";"0";"2";"2";"1";"1";""
"202100004928";"192 984";"A01";"1";"7";"0";"2";"3";"26";"1";""
"202100004929";"192 981";"A01";"0";"7";"1";"1";"1";"1";"1";""
"202100004929";"192 982";"B01";"0";"7";"0";"2";"8";"24";"1";""
"202100004930";"192 979";"A01";"3";"7";"0";"2";"1";"1";"1";""
"202100004930";"192 980";"B01";"3";"7";"0";"2";"6";"23";"1";""
"202100004931";"192 977";"A01";"1";"7";"0";"2";"7";"1";"1";""
"202100004931";"192 978";"B01";"1";"13";"0";"2";"8";"13";"1";""
"202100004932";"192 976";"A01";"0";"7";"8";"0";"2";"26";"1";""
"202100004933";"192 974";"A01";"1";"10";"0";"2";"7";"19";"1";""
"202100004933";"192 975";"B01";"1";"7";"0";"2";"2";"1";"1";""
"202100004934";"192 973";"A01";"1";"2";"0";"1";"1";"17";"1";""
"202100004935";"192 971";"A01";"1";"7";"0";"2";"2";"19";"1";""
"202100004935";"192 972";"B01";"1";"10";"0";"2";"1";"1";"1";""
"202100004936";"192 969";"A01";"1";"10";"0";"2";"3";"15";"1";""
"202100004936";"192 970";"B01";"1";"34";"0";"2";"3";"2";"1";""
"202100004937";"192 967";"B01";"1";"99";"0";"2";"3";"1";"0";""
"202100004937";"192 968";"A01";"1";"7";"0";"2";"8";"15";"1";""
"202100004938";"192 964";"C01";"1";"33";"0";"2";"6";"3";"1";""
"202100004938";"192 965";"B01";"1";"7";"0";"0";"0";"0";"0";""
"202100004938";"192 966";"A01";"1";"15";"0";"2";"7";"9";"0";""
"202100004939";"192 962";"B01";" -1";"7";"0";"2";"2";"17";"1";""
"202100004939";"192 963";"A01";" -1";"7";"0";"2";"6";"17";"1";""
"202100004940";"192 960";"B01";"3";"7";"14";"0";"1";"2";"0";""
"202100004940";"192 961";"XA01";"1";"32";"14";"0";"4";"23";"1";""
"202100004941";"192 958";"A01";"2";"7";"0";"2";"5";"15";"2";""
"202100004941";"192 959";"B01";"1";"31";"0";"2";"1";"1";"1";""
"202100004942";"192 956";"B01";"1";"60";"0";"2";"3";"1";"5";""
"202100004942";"192 957";"A01";"1";"7";"0";"2";"2";"16";"1";""
"202100004943";"192 954";"A01";"1";"30";"0";"2";"8";"1";"3";""
"202100004943";"192 955";"B01";"1";"7";"0";"2";"1";"15";"1";""
"202100004944";"192 952";"A01";"3";"1";"0";"2";"0";"0";"0";""
"202100004944";"192 953";"B01";"3";"7";"0";"2";"1";"1";"1";""
"202100004945";"192 951";"A01";"3";"7";"0";"1";"2";"1";"1";""
"202100004946";"192 950";"A01";"1";"14";"0";"1";"2";"5";"1";""
"202100004947";"192 948";"A01";"3";"7";"0";"2";"3";"19";"1";""
"202100004947";"192 949";"B01";"1";"33";"0";"2";"1";"1";"1";""
"202100004948";"192 947";"A01";"3";"7";"0";"1";"1";"1";"1";""
"202100004949";"192 945";"A01";"3";"7";"0";"2";"1";"13";"2";""
"202100004949";"192 946";"B01";"3";"7";"0";"2";"1";"1";"1";""
"202100004950";"192 942";"C01";"1";"7";"0";"2";"1";"1";"1";""
"202100004950";"192 943";"B01";"1";"7";"0";"2";"4";"23";"1";""
"202100004950";"192 944";"A01";"1";"7";"0";"0";"4";"23";"1";""
"202100004951";"192 939";"A01";"2";"15";"4";"2";"3";"6";"1";""
"202100004951";"192 940";"B01";"1";"7";"0";"2";"1";"1";"1";""
"202100004951";"192 941";"C01";"1";"7";"4";"2";"2";"1";"1";""
"202100004952";"192 938";"A01";"3";"2";"13";"0";"1";"0";"1";""
"202100004953";"192 937";"A01";"2";"7";"0";"1";"2";"1";"1";""
"202100004954";"192 935";"B01";"1";"7";"0";"2";"1";"1";"1";""
"202100004954";"192 936";"A01";"1";"1";"0";"2";"4";"15";"5";""
"202100004955";"192 933";"A01";"3";"2";"0";"2";"1";"15";"1";""
"202100004955";"192 934";"B01";"0";"7";"0";"2";"3";"1";"1";""
"202100004956";"192 931";"A01";"2";"7";"0";"2";"2";"1";"1";""
"202100004956";"192 932";"D01";"1";"7";"0";" -1";"3";"1";" -1";""
"202100004957";"192 930";"A01";"2";"7";"2";"0";"3";"1";"1";""
"202100004958";"192 928";"B01";"2";"7";"0";"2";"1";"1";"3";""
"202100004958";"192 929";"A01";"1";"7";"0";"2";"1";"13";"1";""
"202100004959";"192 924";"B01";"1";"7";"0";"2";"1";"1";"1";""
"202100004959";"192 925";"A01";"2";"7";"0";"2";"4";"10";"1";""
"202100004960";"192 923";"A01";"2";"7";"13";"0";"2";"1";"1";""
"202100004961";"192 921";"A01";"1";"33";"10";"0";"2";"14";"1";""
"202100004962";"192 919";"A01";"2";"7";"0";"2";"6";"15";"1";""
"202100004962";"192 920";"B01";"2";"7";"0";"2";"2";"1";"1";""
"202100004963";"192 917";"B01";"1";"1";"0";"2";"3";"1";"5";""
"202100004963";"192 918";"A01";"1";"7";"0";"2";"2";"19";"2";""
"202100004964";"192 915";"A01";"2";"7";"1";"0";"2";"14";"1";""
"202100004964";"192 916";"B01";"2";"7";"0";"2";"6";"23";"1";""
"202100004965";"192 914";"A01";"1";"7";"0";"1";"7";"1";"1";""
"202100004966";"192 913";"A01";"1";"7";"6";"0";"1";"1";"2";""
"202100004967";"192 911";"B01";"1";"7";"0";"2";"1";"1";"1";""
"202100004967";"192 912";"A01";"2";"7";"0";"2";"7";"15";"1";""