"Num_Acc";"id_vehicule";"num_veh";"senc";"catv";"obs";"obsm";"choc";"manv";"motor";"occutc"
"202100004968";"192 910";"A01";"1";"7";"6";"0";"1";"1";"1";""
"202100004969";"192 907";"B01";"2";"7";"0";"2";"1";"1";"1";""
"202100004969";"192 908";"A01";"1";"7";"0";"2";"8";"19";"1";""
"202100004970";"192 906";"A01";"1";"7";"13";"0";"2";"0";"1";""
"202100004971";"192 902";"B01";"1";"10";"0";"2";"1";"1";"1";""
"202100004971";"192 903";"A01";"2";"10";"0";"2";"1";"13";"1";""
"202100004972";"192 900";"B01";"1";"2";"0";"2";"8";"1";"1";""
"202100004972";"192 901";"A01";"2";"7";"0";"2";"1";"15";"1";""
"202100004973";"192 899";"A01";"2";"2";"0";"0";"0";"1";"1";""
"202100004974";"192 898";"A01";"2";"17";"3";"0";"2";"1";"1";""
"202100004975";"192 897";"A01";"3";"13";"0";"1";"4";"4";"1";""
"202100004976";"192 894";"A01";"1";"17";"3";"2";"1";"13";"1";""
"202100004976";"192 895";"C01";"2";"7";"0";"2";"1";"26";"1";""
"202100004976";"192 896";"B01";"1";"7";"0";"2";"1";"21";"1";""
"202100004977";"192 893";"A01";"1";"7";"4";"0";"1";"1";"1";""
"202100004978";"192 891";"A01";"1";"2";"0";"2";"7";"19";"1";""
"202100004978";"192 892";"B01";"2";"7";"0";"2";"1";"1";"1";""
"202100004979";"192 889";"A01";"2";"10";"0";"2";"1";"13";"1";""
"202100004979";"192 890";"B01";"1";"7";"0";"2";"1";"1";"1";""
"202100004980";"192 887";"B01";"2";"7";"0";"2";"1";"1";"1";""
"202100004980";"192 888";"A01";"2";"7";"13";"2";"3";"9";"1";""
"202100004981";"192 885";"B01";"0";"13";"0";"0";"4";"23";"1";""
"202100004981";"192 886";"A01";"0";"7";"0";"2";"1";"1";"1";""
"202100004982";"192 882";"A01";"2";"10";"0";"2";"1";"13";"1";""
"202100004982";"192 883";"B01";"1";"3";"0";"2";"3";"1";"1";""
"202100004982";"192 884";"C01";"1";"7";"0";"2";"1";"1";"1";""
"202100004983";"192 880";"A01";"2";"33";"0";"2";"1";"1";"1";""
"202100004983";"192 881";"B01";"2";"7";"0";"2";"1";"15";"0";""
"202100004984";"192 879";"A01";"2";"7";"0";"0";"0";"17";"1";""
"202100004985";"192 876";"B01";"0";"7";"0";"2";"1";"1";"1";""
"202100004985";"192 877";"C01";"3";"10";"0";"2";"3";"1";"1";""
"202100004985";"192 878";"A01";"3";"7";"0";"2";"1";"13";"1";""
"202100004986";"192 874";"B01";"2";"7";"3";"2";"7";"1";"1";""
"202100004986";"192 875";"A01";"1";"7";"0";"2";"3";"16";"1";""
"202100004987";"192 873";"A01";"1";"7";"6";"0";"3";"1";"1";""
"202100004988";"192 871";"B01";"1";"7";"0";"2";"3";"2";"1";""
"202100004988";"192 872";"A01";"1";"7";"3";"0";"3";"2";"1";""
"202100004989";"192 870";"A01";"1";"7";"7";"0";"0";"1";"1";""
"202100004990";"192 869";"A01";"3";"7";"0";"1";"0";"1";"0";""
"202100004991";"192 866";"C01";"1";"7";"0";"2";"2";"1";"1";""
"202100004991";"192 867";"B01";"2";"7";"0";"2";"3";"1";"1";""
"202100004991";"192 868";"A01";"1";"2";"0";"2";"1";"17";"1";""
"202100004992";"192 864";"B01";"2";"2";"0";"2";"1";"1";"1";""
"202100004992";"192 865";"A01";"1";"7";"0";"2";"1";"15";"1";""
"202100004993";"192 863";"A01";"3";"7";"0";"1";"3";"8";"1";""
"202100004994";"192 861";"B01";"2";"7";"0";"0";"1";"1";"1";""
"202100004994";"192 862";"A01";"2";"7";"0";"0";"4";"1";"3";""
"202100004995";"192 860";"A01";"1";"7";"13";"0";"1";"0";"1";""
"202100004996";"192 858";"A01";"1";"7";"0";"2";"3";"2";"1";""
"202100004996";"192 859";"B01";"1";"1";"0";"2";"7";"1";"5";""
"202100004997";"192 856";"A01";"1";"7";"0";"2";"4";"1";"1";""
"202100004997";"192 857";"B01";"1";"7";"0";"2";"1";"2";"1";""
"202100004998";"192 854";"C01";"2";"17";"0";"2";"2";"2";"1";""
"202100004998";"192 855";"A01";"2";"17";"0";"2";"6";"24";"1";""
"202100004999";"192 852";"A01";"2";"10";"3";"2";"1";"2";"1";""
"202100004999";"192 853";"B01";"2";"7";"0";"2";"4";"1";"1";""
"202100005000";"192 850";"B01";"1";"10";"0";"2";"4";"2";"1";""
"202100005000";"192 851";"Z01";"1";"7";"3";"2";"1";"2";"1";""
"202100005001";"192 847";"C01";"2";"7";"0";"2";"4";"1";"0";""
"202100005001";"192 848";"B01";"2";"7";"0";"2";"5";"1";"0";""
"202100005001";"192 849";"A01";"2";"7";"0";"2";"2";"1";"0";""
"202100005002";"192 845";"B01";"2";"7";"0";"2";"4";"1";"1";""
"202100005002";"192 846";"A01";"2";"7";"0";"2";"1";"13";"1";""
"202100005003";"192 843";"A01";"1";"7";"0";"2";"3";"2";"1";""
"202100005003";"192 844";"B01";"1";"7";"0";"2";"6";"2";"1";""
"202100005004";"192 841";"A01";"1";"7";"0";"2";"5";"12";"1";""
"202100005004";"192 842";"B01";"1";"33";"0";"2";"1";"3";"1";""
"202100005005";"192 838";"C01";"2";"10";"0";"2";"1";"2";"1";""
"202100005005";"192 839";"B01";"2";"17";"0";"2";"2";"2";"1";""
"202100005005";"192 840";"A01";"2";"7";"0";"2";"3";"13";"1";""
"202100005006";"192 835";"A01";"2";"7";"0";"2";"5";"14";"1";""
"202100005006";"192 836";"B01";"2";"33";"0";"2";"1";"2";"1";""
"202100005006";"192 837";"C01";"2";"33";"0";"2";"7";"1";"1";""
"202100005007";"192 832";"Z01";"2";"7";"0";"2";"0";"26";"0";""
"202100005007";"192 833";"A01";"2";"7";"4";"2";"7";"9";"1";""
"202100005007";"192 834";"B01";"2";"15";"0";"2";"7";"1";"1";""
"202100005008";"192 830";"A01";"1";"7";"0";"2";"6";"11";"1";""
"202100005008";"192 831";"B01";"1";"33";"0";"2";"3";"26";"1";""
"202100005009";"192 829";"A01";"2";"7";"0";"1";"1";"1";"1";""
"202100005010";"192 828";"A01";"2";"7";"4";"0";"3";"13";"1";""
"202100005011";"192 825";"C01";"2";"7";"0";"2";"4";"2";"1";""
"202100005011";"192 826";"B01";"2";"7";"0";"2";"1";"2";"1";""
"202100005011";"192 827";"A01";"2";"10";"0";"2";"1";"1";"1";""
"202100005012";"192 823";"A01";"2";"7";"15";"0";"9";"1";"1";""
"202100005012";"192 824";"B01";"2";"7";"0";"0";"0";"14";"1";""
"202100005013";"192 822";"A01";"2";"7";"3";"0";"1";"1";"1";""
"202100005014";"192 821";"A01";"1";"7";"0";"0";"0";"1";"0";""
"202100005015";"192 820";"A01";"3";"80";"0";"1";"1";"19";"3";""
"202100005016";"192 817";"A01";"1";"7";"0";"1";"1";"26";"1";""
"202100005017";"192 816";"A01";"1";"3";"0";"1";"1";"1";"1";""
"202100005018";"192 815";"A01";"1";"7";"0";"1";"2";"16";"1";""
"202100005019";"192 814";"A01";"1";"7";"0";"1";"2";"1";"1";""
"202100005020";"192 812";"A01";"1";"7";"0";"2";"1";"13";"1";""
"202100005020";"192 813";"B01";"1";"7";"0";"2";"1";"1";"1";""
"202100005021";"192 810";"A01";"1";"7";"0";"4";"3";"1";"1";""
"202100005021";"192 811";"B01";"3";"40";"0";"2";"7";"1";"3";""
"202100005022";"192 809";"A01";"2";"7";"13";"0";"7";"14";"1";""
"202100005023";"192 807";"A01";"3";"7";"0";"2";"7";"1";"2";""
"202100005023";"192 808";"B01";"3";"7";"0";"2";"1";"1";"1";""
"202100005024";"192 806";"Z01";"3";"33";"9";"1";"9";"26";"0";""
"202100005025";"192 804";"A01";"3";"7";"0";"2";"3";"1";"1";""
"202100005025";"192 805";"B01";"3";"7";"0";"2";"1";"1";"1";""
"202100005026";"192 803";"A01";"1";"30";"0";"1";"1";"12";"1";""
"202100005027";"192 801";"A01";"1";"7";"0";"2";"2";"2";"1";""
"202100005027";"192 802";"B01";"1";"1";"0";"2";"3";"2";"0";""
"202100005028";"192 799";"A01";"1";"1";"0";"2";"3";"26";"5";""
"202100005028";"192 800";"B01";"1";"7";"0";"2";"2";"1";"1";""
"202100005029";"192 798";"A01";"2";"7";"0";"1";"1";"19";"1";""
"202100005030";"192 797";"A01";"2";"3";"0";"1";"2";"23";"1";""
"202100005031";"192 796";"A01";"2";"50";"12";"0";"0";"1";"3";""
"202100005032";"192 795";"A01";"2";"7";"0";"1";"1";"1";"1";""
"202100005033";"192 792";"C01";"2";"7";"0";"2";"5";"1";"1";""
"202100005033";"192 793";"B01";"2";"7";"0";"2";"3";"1";"1";""
"202100005033";"192 794";"A01";"1";"7";"0";"2";"1";"5";"1";""
"202100005034";"192 789";"C01";"1";"7";"0";"2";"1";"1";"1";""
"202100005034";"192 790";"B01";"1";"7";"0";"2";"4";"23";"1";""
"202100005034";"192 791";"A01";"1";"7";"0";"2";"4";"23";"1";""
"202100005035";"192 788";"A01";"1";"7";"0";"2";"1";"21";"1";""
"202100005036";"192 785";"A01";"2";"7";"0";"2";"1";"21";"1";""
"202100005036";"192 786";"B01";"2";"7";"0";"2";"4";"23";"1";""
"202100005036";"192 787";"C01";"2";"7";"0";"2";"1";"26";"0";""
"202100005037";"192 784";"A01";"3";"7";"0";"1";"1";"26";"1";""
"202100005038";"192 782";"B01";"1";"7";"0";"2";"1";"1";"1";""
"202100005038";"192 783";"A01";"1";"7";"0";"2";"3";"23";"1";""
"202100005039";"192 780";"A01";"2";"15";"0";"2";"1";"2";"1";""
"202100005039";"192 781";"B01";"2";"10";"0";"0";"4";"2";"1";""
"202100005040";"192 779";"A01";"3";"7";"0";"1";"1";"1";"1";""
"202100005041";"192 776";"C01";"1";"7";"0";"2";"5";"23";"1";""
"202100005041";"192 777";"B01";"1";"7";"0";"2";"4";"2";"1";""
"202100005041";"192 778";"A01";"1";"7";"0";"2";"1";"1";"1";""
"202100005042";"192 772";"B01";"0";"1";"0";"2";"7";"1";"0";""
"202100005042";"192 773";"A01";"0";"7";"0";"2";"3";"15";"1";""
"202100005043";"192 771";"A01";"0";"7";"0";"0";"1";"1";"1";""
"202100005044";"192 769";"A01";"2";"7";"3";"0";"1";"9";"1";""
"202100005044";"192 770";"B01";"2";"10";"0";"2";"1";"1";"1";""
"202100005045";"192 768";"A01";"3";"7";"0";"1";"2";"1";"1";""
"202100005046";"192 766";"A01";"0";"31";"0";"2";"6";"0";"0";""
"202100005046";"192 767";"B01";"0";"10";"0";"2";"6";"0";"1";""
"202100005047";"192 765";"A01";"0";"7";"0";"1";"1";"20";"1";""
"202100005048";"192 759";"A01";"3";"7";"0";"2";"1";"17";"1";""
"202100005048";"192 760";"B01";"3";"3";"0";"2";"1";"1";"1";""
"202100005049";"192 757";"A01";"2";"50";"0";"2";"3";"15";"3";""
"202100005049";"192 758";"B01";"2";"7";"0";"2";"7";"1";"1";""
"202100005050";"192 756";"A01";"3";"7";"0";"1";"0";"20";"1";""
"202100005051";"192 753";"A01";"2";"7";"0";"2";"3";"7";"1";""
"202100005051";"192 754";"C01";"2";"10";"0";"2";"5";"1";"1";""
"202100005051";"192 755";"B01";"2";"7";"0";"2";"5";"9";"1";""
"202100005052";"192 751";"A01";"1";"7";"0";"2";"1";"26";"1";""
"202100005052";"192 752";"B01";"2";"7";"8";"2";"8";"1";"1";""
"202100005053";"192 748";"B01";"2";"7";"0";"2";"4";"2";"1";""
"202100005053";"192 749";"A01";"2";"7";"0";"2";"1";"2";"1";""
"202100005053";"192 750";"C01";"2";"10";"0";"2";"4";"2";"1";""
"202100005054";"192 746";"A01";"3";"7";"0";"2";"1";"2";"1";""
"202100005054";"192 747";"B01";"3";"7";"0";"2";"4";"2";"1";""
"202100005055";"192 744";"B01";"3";"7";"16";"2";"1";"2";"1";""
"202100005055";"192 745";"A01";"3";"10";"16";"2";"3";"9";"1";""
"202100005056";"192 741";"A01";"1";"7";"0";"2";"1";"1";"1";""
"202100005056";"192 742";"B01";"1";"7";"0";"2";"1";"1";"1";""
"202100005056";"192 743";"C01";"1";"7";"0";"2";"4";"1";"1";""
"202100005057";"192 739";"A01";"1";"37";"0";"2";"4";"1";"1";"2"
"202100005057";"192 740";"B01";"0";"33";"0";"2";"4";"23";"1";""
"202100005058";"192 737";"A01";"1";"7";"0";"2";"1";"13";"1";""
"202100005058";"192 738";"B01";"2";"7";"0";"2";"3";"1";"1";""
"202100005059";"192 735";"B01";"1";"7";"0";"2";"7";"15";"1";""
"202100005059";"192 736";"A01";"2";"30";"0";"2";"1";"1";"1";""
"202100005060";"192 734";"A01";"1";"7";"0";"1";"1";"1";"1";""
"202100005061";"192 732";"A01";"1";"7";"0";"9";"3";"1";"1";""
"202100005061";"192 733";"B01";"1";"30";"0";"2";"4";"1";"1";""
"202100005062";"192 731";"A01";"1";"7";"0";"1";"7";"15";"1";""
"202100005063";"192 727";"A01";"1";"7";"5";"0";"1";"1";"1";""
"202100005064";"192 726";"A01";"1";"32";"0";"0";"5";"26";"1";""
"202100005065";"192 725";"A01";"2";"7";"2";"0";"1";"9";"1";""
"202100005066";"192 721";"A01";"3";"7";"0";"2";"2";"17";"1";""
"202100005066";"192 722";"B01";"2";"7";"0";"2";"7";"1";"1";""
"202100005067";"192 720";"A01";"1";"10";"6";"0";"2";"14";"1";""
"202100005068";"192 718";"A01";"0";"10";"0";"2";"2";"1";"1";""
"202100005068";"192 719";"B01";"3";"7";"0";"2";"1";"16";"1";""
"202100005069";"192 716";"A01";"2";"7";"0";"1";"7";"1";"1";""
"202100005069";"192 717";"B01";"2";"7";"0";"0";"0";"2";"1";""
"202100005070";"192 714";"B01";"3";"7";"0";"2";"3";"1";"1";""
"202100005070";"192 715";"A01";"0";"7";"0";"2";"1";"15";"1";""
"202100005071";"192 712";"A01";"1";"10";"0";"2";"1";"1";"1";""
"202100005071";"192 713";"B01";"1";"7";"0";"2";"4";"2";"1";""
"202100005072";"192 710";"B01";"0";"7";"0";"2";"2";"1";"1";""
"202100005072";"192 711";"A01";"0";"80";"0";"2";"1";"5";"3";""
"202100005073";"192 709";"A01";"0";"33";"0";"1";"3";"1";"1";""
"202100005074";"192 707";"A01";"0";"30";"0";"2";"1";"20";"1";""
"202100005074";"192 708";"B01";"1";"32";"0";"2";"3";"1";"1";""
"202100005075";"192 705";"B01";"2";"7";"0";"2";"4";"2";"1";""
"202100005075";"192 706";"A01";"2";"7";"0";"2";"1";"2";"1";""
"202100005076";"192 703";"B01";"2";"33";"0";"2";"1";"1";"1";""
"202100005076";"192 704";"A01";"2";"7";"0";"2";"6";"13";"1";""
"202100005077";"192 701";"A01";"2";"7";"0";"2";"1";"15";"1";""
"202100005077";"192 702";"B01";"1";"2";"0";"2";"1";"1";"1";""
"202100005078";"192 700";"A01";"2";"7";"6";"0";"1";"13";"1";""
"202100005079";"192 699";"A01";"3";"10";"0";"1";"2";"16";"1";""
"202100005080";"192 696";"A01";"0";"30";"0";"0";"3";"15";"3";""
"202100005081";"192 694";"A01";"1";"7";"0";"2";"1";"1";"1";""
"202100005081";"192 695";"B01";"1";"7";"0";"2";"4";"1";"1";""
"202100005082";"192 692";"B01";"3";"7";"0";"2";"6";"1";"1";""
"202100005082";"192 693";"A01";"1";"34";"0";"2";"1";"1";"1";""
"202100005083";"192 686";"C01";"1";"7";"0";"2";"3";"1";"1";""
"202100005083";"192 687";"B01";"1";"7";"0";"2";"8";"1";"1";""
"202100005084";"192 685";"A01";"3";"7";"0";"1";"2";"12";"1";""
"202100005085";"192 683";"B01";"0";"2";"0";"2";"1";"1";"1";""
"202100005085";"192 684";"A01";"0";"10";"0";"2";"2";"15";"1";""
"202100005086";"192 682";"A01";"1";"30";"3";"0";"8";"13";"1";""
"202100005087";"192 680";"B01";"2";"7";"0";"2";"4";"2";"1";""
"202100005087";"192 681";"A01";"2";"7";"0";"2";"2";"2";"1";""
"202100005088";"192 678";"B01";"3";"10";"0";"2";"3";"1";"3";""
"202100005088";"192 679";"A01";"3";"7";"0";"2";"2";"11";"1";""
"202100005089";"192 676";"B01";"1";"50";"0";"2";"0";"1";"3";""
"202100005089";"192 677";"A01";"2";"7";"0";"9";"3";"9";"1";""
"202100005090";"192 674";"A01";"2";"10";"0";"2";"2";"19";"1";""
"202100005090";"192 675";"B01";"1";"2";"0";"2";"1";"1";"1";""
"202100005091";"192 672";"A01";"2";"7";"0";"2";"1";"13";"1";""
"202100005091";"192 673";"B01";"1";"10";"0";"2";"1";"1";"1";""
"202100005092";"192 671";"A01";"1";"10";"0";"1";"1";"15";"1";""
"202100005093";"192 669";"B01";"3";"7";"0";"2";"0";"0";"1";""
"202100005093";"192 670";"A01";"3";"7";"0";"2";"2";"9";"1";""
"202100005094";"192 667";"A01";"2";"7";"0";"2";"1";"2";"1";""
"202100005094";"192 668";"B01";"2";"10";"0";"2";"4";"23";"1";""
"202100005095";"192 665";"A01";"1";"7";"0";"2";"6";"11";"1";""
"202100005095";"192 666";"B01";"1";"32";"0";"2";"1";"3";"1";""
"202100005096";"192 664";"A01";"1";"30";"0";"0";"0";"21";"1";""
"202100005097";"192 661";"A01";"2";"10";"0";"2";"1";"2";"1";""
"202100005097";"192 662";"B01";"2";"10";"0";"2";"4";"23";"1";""
"202100005097";"192 663";"C01";"2";"7";"0";"2";"4";"23";"1";""
"202100005098";"192 660";"A01";"1";"30";"0";"1";"1";"1";"1";""
"202100005099";"192 658";"A01";"2";"10";"0";"2";"3";"22";"1";""
"202100005099";"192 659";"B01";"2";"1";"0";"2";"1";"1";"5";""
"202100005100";"192 657";"Z01";"1";"1";"0";"1";"0";"5";"5";""
"202100005101";"192 655";"A01";"3";"10";"0";"2";"2";"22";"1";""
"202100005101";"192 656";"B01";"1";"1";"0";"2";"0";"1";"5";""
"202100005102";"192 653";"B01";"2";"34";"0";"2";"2";"1";"1";""
"202100005102";"192 654";"A01";"2";"10";"0";"2";"3";"9";"1";""
"202100005103";"192 652";"A01";"2";"7";"0";"1";"2";"15";"1";""
"202100005104";"192 650";"A01";"1";"32";"0";"2";"1";"1";"1";""
"202100005104";"192 651";"B01";"3";"50";"0";"2";"0";"1";"3";""
"202100005105";"192 648";"A01";"1";"7";"0";"2";"2";"15";"1";""
"202100005105";"192 649";"B01";"2";"30";"0";"2";"1";"1";"1";""
"202100005106";"192 647";"A01";"1";"7";"0";"1";"2";"1";"2";""
"202100005107";"192 645";"A01";"1";"7";"0";"2";"4";"23";"1";""
"202100005107";"192 646";"B01";"1";"7";"0";"2";"1";"1";"1";""
"202100005108";"192 643";"A01";"1";"1";"0";"2";"1";"1";"5";""
"202100005108";"192 644";"B01";"2";"7";"0";"9";"1";"15";"1";""
"202100005109";"192 641";"A01";"3";"31";"0";"2";"7";"1";"1";""
"202100005109";"192 642";"B01";"3";"7";"0";"2";"3";"2";"1";""
"202100005110";"192 640";"A01";"2";"1";"8";"1";"1";"1";"5";""
"202100005111";"192 639";"A01";"3";"7";"1";"0";"0";"1";"1";""
"202100005112";"192 636";"B01";"1";"33";"0";"0";"1";"1";"1";""
"202100005112";"192 637";"A01";"1";"7";"8";"2";"1";"15";"1";""
"202100005113";"192 635";"A01";"3";"7";"0";"1";"3";"1";"1";""
"202100005114";"192 634";"A01";"3";"10";"0";"1";"1";"9";"1";""
"202100005115";"192 632";"A01";"1";"7";"0";"2";"8";"9";"0";""
"202100005115";"192 633";"B01";"1";"50";"0";"2";"1";"19";"3";""
"202100005116";"192 631";"A01";"2";"7";"0";"1";"1";"16";"1";""
"202100005117";"192 629";"B01";"3";"10";"0";"2";"3";"26";"1";""
"202100005117";"192 630";"A01";"3";"7";"0";"2";"1";"13";"1";""
"202100005118";"192 628";"A01";"2";"34";"0";"2";"7";"16";"1";""
"202100005119";"192 627";"A01";"1";"7";"0";"1";"3";"19";"2";""
"202100005120";"192 626";"A01";"3";"7";"0";"9";"3";"13";"1";""
"202100005121";"192 624";"A01";"1";"7";"0";"2";"5";"15";"1";""
"202100005121";"192 625";"B01";"1";"33";"0";"2";"0";"17";"1";""
"202100005122";"192 623";"A01";" -1";"7";"0";"1";"1";"16";"2";""
"202100005123";"192 622";"A01";"3";"37";"0";"1";"2";"26";"2";"1"
"202100005124";"192 620";"A01";"2";"50";"1";"2";"1";"2";"3";""
"202100005124";"192 621";"B01";"0";"7";"0";"2";"0";"0";"0";""
"202100005125";"192 618";"A01";"1";"7";"0";"2";"1";"1";"3";""
"202100005125";"192 619";"Y01";"3";"60";"0";"2";"8";"19";"5";""
"202100005126";"192 616";"B01";"2";"7";"1";"2";"3";"15";"3";""
"202100005126";"192 617";"A01";"2";"30";"1";"2";"7";"26";"1";""
"202100005127";"192 615";"A01";"3";"14";"9";"1";"2";"20";"1";""
"202100005128";"192 613";"Y01";"0";"0";"0";"2";"0";"0";" -1";""
"202100005128";"192 614";"A01";"1";"32";"1";"0";"1";"2";"1";""
"202100005129";"192 609";"B01";"3";"1";"1";"0";"1";"1";"5";""
"202100005129";"192 610";"A01";"3";"7";"0";"2";"7";"24";"1";""
"202100005130";"192 607";"A01";"3";"3";"0";"9";"8";"24";"1";""
"202100005130";"192 608";"B01";"3";"1";"1";"0";"1";"1";"5";""
"202100005131";"192 605";"A01";"3";"7";"0";"2";"3";"1";"1";""
"202100005131";"192 606";"B01";"3";"2";"0";"2";"0";"0";"1";""
"202100005132";"192 604";"A01";"2";"3";"0";"1";"2";"16";"1";""
"202100005133";"192 601";"B01";"1";"15";"0";"2";"4";"2";"0";""
"202100005133";"192 602";"A01";"1";"7";"0";"2";"1";"2";"1";""
"202100005134";"192 599";"B01";"0";"7";"0";"2";"1";"1";"3";""
"202100005134";"192 600";"A01";"1";"7";"0";"2";"7";"1";"1";""
"202100005135";"192 598";"A01";"2";"7";"0";"1";"3";"1";"1";""
"202100005136";"192 596";"A01";"1";"7";"0";"2";"6";"4";"1";""
"202100005136";"192 597";"B01";"1";"33";"0";"2";"1";"17";"1";""
"202100005137";"192 595";"A01";"1";"7";"0";"1";"2";"2";"1";""
"202100005138";"192 594";"A01";"1";"7";"2";"0";"1";"13";"1";""
"202100005139";"192 591";"A01";"2";"7";"0";"2";"1";"2";"1";""
"202100005139";"192 592";"B01";"2";"7";"0";"2";"4";"1";"1";""
"202100005139";"192 593";"C01";"2";"10";"0";"2";"4";"1";"1";""
"202100005140";"192 589";"B01";"2";"15";"0";"0";"4";"0";"0";""
"202100005140";"192 590";"A01";"2";"7";"3";"2";"1";"17";"1";""
"202100005141";"192 587";"A01";"1";"33";"0";"2";"1";"2";"1";""
"202100005141";"192 588";"B01";"1";"7";"0";"2";"4";"2";"1";""
"202100005142";"192 585";"B01";"1";"7";"0";"2";"3";"1";"1";""
"202100005142";"192 586";"A01";"1";"7";"0";"2";"2";"15";"1";""
"202100005143";"192 584";"A01";"3";"7";"0";"1";"1";"1";"1";""
"202100005144";"192 582";"B01";"1";"10";"0";"2";"3";"16";"1";""
"202100005144";"192 583";"A01";"1";"2";"0";"2";"3";"17";"1";""
"202100005145";"192 577";"A01";"1";"33";"0";"2";"1";"18";"1";""
"202100005145";"192 578";"B01";"1";"7";"0";"2";"5";"1";"1";""
"202100005145";"192 579";"C01";"1";"7";"3";"2";"1";"1";"1";""
"202100005146";"192 575";"B01";"1";"7";"0";"2";"1";"1";"2";""
"202100005146";"192 576";"A01";"2";"7";"0";"2";"1";"13";"3";""
"202100005147";"192 572";"C01";"1";"7";"0";"2";"1";"1";"1";""
"202100005147";"192 573";"B01";"2";"7";"0";"2";"1";"2";"1";""
"202100005147";"192 574";"A01";"1";"7";"0";"2";"7";"15";"1";""
"202100005148";"192 570";"A01";"3";"7";"0";"2";"6";"10";"1";""
"202100005148";"192 571";"B01";"3";"33";"0";"2";"1";"2";"1";""
"202100005149";"192 569";"A01";"2";"7";"0";"1";"2";"1";"1";""
"202100005150";"192 568";"A01";"1";"7";"7";"0";"1";"13";"1";""
"202100005151";"192 567";"A01";"2";"7";"13";"0";"1";"1";"1";""
"202100005152";"192 566";"A01";"1";"7";"0";"0";"1";"0";"1";""
"202100005153";"192 564";"B01";"1";"7";"0";"0";"6";"23";"1";""
"202100005153";"192 565";"A01";"1";"7";"1";"1";"5";"2";"1";""
"202100005154";"192 563";"A01";"2";"7";"3";"0";"1";"26";"1";""
"202100005155";"192 561";"B01";"1";"2";"0";"2";"1";"2";"1";""
"202100005155";"192 562";"A01";"1";"10";"0";"0";"5";"2";"1";""
"202100005156";"192 560";"A01";"3";"10";"0";"1";"2";"1";"1";""
"202100005157";"192 558";"B01";"0";"7";"0";"2";"7";"0";"1";""
"202100005157";"192 559";"A01";"0";"2";"0";"2";"7";"17";"1";""
"202100005158";"192 557";"A01";"3";"10";"0";"1";"3";"1";"1";""
"202100005159";"192 555";"B01";"2";"2";"0";"2";"1";"1";"1";""
"202100005159";"192 556";"A01";"1";"10";"0";"2";"2";"15";"1";""
"202100005160";"192 553";"B01";"2";"99";"0";"2";"1";"1";"1";""
"202100005160";"192 554";"A01";"1";"7";"0";"2";"2";"1";"1";""
"202100005161";"192 551";"A01";"2";"10";"0";"2";"3";"13";"1";""
"202100005161";"192 552";"B01";"1";"7";"0";"2";"3";"13";"1";""
"202100005162";"192 549";"A01";"2";"7";"13";"0";"8";"15";"1";""
"202100005163";"192 548";"A01";"1";"7";"11";"0";"1";"26";"1";""
"202100005164";"192 547";"A01";"2";"15";"6";"0";"3";"1";"1";""
"202100005165";"192 545";"A01";"2";"10";"0";"2";"1";"2";"1";""
"202100005165";"192 546";"B01";"2";"17";"0";"2";"4";"2";"1";""
"202100005166";"192 543";"A01";"2";"7";"0";"2";"1";"2";"1";""
"202100005166";"192 544";"B01";"2";"7";"0";"0";"4";"2";"2";""
"202100005167";"192 542";"A01";"2";"7";"0";"1";"1";"1";"1";""
"202100005168";"192 541";"A01";"2";"0";"0";"1";"7";"1";"0";""
"202100005169";"192 538";"A01";"1";"7";"0";"2";"3";"2";"1";""
"202100005169";"192 539";"B01";"1";"7";"0";"2";"1";"2";"1";""
"202100005169";"192 540";"C01";"1";"17";"0";"0";"4";"2";"1";""
"202100005170";"192 537";"A01";"3";"7";"0";"1";"1";"1";"1";""
"202100005171";"192 535";"B01";"2";"17";"0";"2";"1";"1";"1";""
"202100005171";"192 536";"A01";"1";"7";"0";"2";"1";"1";"1";""
"202100005172";"192 533";"A01";"1";"10";"0";"2";"1";"19";"1";""
"202100005172";"192 534";"B01";"2";"7";"0";"0";"7";"1";"1";""
"202100005173";"192 532";"A01";"1";"7";"13";"0";"1";"21";"1";""
"202100005174";"192 531";"A01";"2";"0";"0";"1";"0";"2";"0";""
"202100005175";"192 530";"A01";"2";"7";"10";"0";"1";"14";"1";""
"202100005176";"192 528";"A01";"1";"7";"0";"0";"6";"9";"1";""
"202100005176";"192 529";"B01";"1";"31";"0";"2";"1";"1";"1";""
"202100005177";"192 527";"A01";"1";"7";"6";"0";"1";"1";"1";""
"202100005178";"192 525";"A01";"1";"7";"0";"2";"3";"13";"1";""
"202100005178";"192 526";"B01";"2";"7";"0";"2";"3";"1";"1";""
"202100005179";"192 524";"A01";"0";"7";"2";"0";"1";"1";"1";""
"202100005180";"192 523";"A01";"1";"7";"0";"1";"2";"1";"1";""
"202100005181";"192 520";"A01";"2";"7";"0";"2";"3";"13";"1";""
"202100005181";"192 521";"B01";"1";"7";"0";"2";"3";"1";"1";""
"202100005181";"192 522";"C01";"1";"7";"0";"2";"8";"1";"1";""
"202100005182";"192 517";"C01";"1";"7";"0";"2";"8";"1";"1";""
"202100005182";"192 518";"B01";"1";"7";"0";"2";"8";"1";"1";""
"202100005182";"192 519";"A01";"1";"10";"0";"2";"1";"1";"1";""
"202100005183";"192 514";"A01";"1";"7";"0";"2";"4";"0";"1";""