"Num_Acc";"id_vehicule";"num_veh";"senc";"catv";"obs";"obsm";"choc";"manv";"motor";"occutc"
"202100005826";"191 379";"B01";"3";"7";"0";"2";"3";"15";"3";""
"202100005827";"191 377";"A01";"2";"7";"6";"0";"2";"14";"1";""
"202100005828";"191 376";"A01";"0";"7";"2";"0";"8";"21";"1";""
"202100005829";"191 374";"A01";"1";"7";"0";"2";"1";"17";"1";""
"202100005829";"191 375";"B01";"2";"7";"0";"2";"1";"1";"1";""
"202100005830";"191 372";"A01";"2";"7";"0";"2";"2";"13";"1";""
"202100005830";"191 373";"B01";"1";"7";"0";"2";"1";"1";"1";""
"202100005831";"191 371";"A01";"0";"7";"1";"1";"1";"1";"1";""
"202100005832";"191 369";"B01";"2";"7";"0";"0";"1";"1";"0";""
"202100005832";"191 370";"A01";"2";"7";"7";"2";"2";"1";"1";""
"202100005833";"191 368";"A01";"0";"99";"0";"0";"0";"0";"1";""
"202100005834";"191 366";"A01";"3";"7";"0";"2";"1";"1";"1";""
"202100005834";"191 367";"B01";"3";"7";"0";"2";"3";"1";"1";""
"202100005835";"191 365";"A01";"2";"7";"8";"0";"1";"1";"1";""
"202100005836";"191 360";"B01";"1";"7";"0";"2";"1";"2";"1";""
"202100005836";"191 361";"A01";"1";"7";"0";"2";"4";"2";"1";""
"202100005837";"191 358";"B01";"2";"7";"0";"2";"6";"1";"2";""
"202100005837";"191 359";"A01";"2";"7";"0";"2";"2";"2";"1";""
"202100005838";"191 357";"A01";"1";"7";"2";"0";"9";"0";"1";""
"202100005839";"191 355";"A01";"1";"7";"0";"2";"1";"2";"1";""
"202100005839";"191 356";"B01";"1";"7";"0";"2";"4";"2";"1";""
"202100005840";"191 353";"B01";"1";"7";"0";"2";"4";"0";"1";""
"202100005840";"191 354";"A01";"1";"7";"4";"2";"2";"2";"1";""
"202100005841";"191 349";"A01";"2";"7";"0";"2";"1";"2";"1";""
"202100005841";"191 350";"B01";"2";"7";"0";"2";"5";"2";"2";""
"202100005841";"191 351";"D01";"2";"7";"0";"2";"4";"2";"1";""
"202100005841";"191 352";"C01";"2";"7";"0";"2";"1";"2";"1";""
"202100005842";"191 347";"B01";"2";"7";"0";"2";"4";"2";"1";""
"202100005842";"191 348";"A01";"2";"7";"0";"2";"3";"2";"1";""
"202100005843";"191 346";"A01";"2";"33";"3";"0";"2";"1";"1";""
"202100005844";"191 345";"A01";"1";"7";"13";"0";"2";"1";"1";""
"202100005845";"191 344";"A01";"2";"7";"4";"0";"1";"1";"1";""
"202100005846";"191 343";"A01";"2";"7";"4";"0";"3";"1";"1";""
"202100005847";"191 333";"C01";"2";"7";"0";"2";"0";"0";"1";""
"202100005847";"191 334";"D01";"2";"7";"0";"2";"0";"0";"1";""
"202100005847";"191 335";"B01";"2";"7";"0";"2";"1";"0";"1";""
"202100005847";"191 336";"A01";"2";"7";"0";"2";"4";"2";"1";""
"202100005847";"191 337";"I01";"2";"7";"0";"2";"0";"0";"1";""
"202100005847";"191 338";"E01";"2";"7";"0";"2";"0";"0";"1";""
"202100005847";"191 339";"H01";"2";"7";"0";"2";"0";"0";"1";""
"202100005847";"191 340";"G01";"2";"7";"0";"2";"0";"0";"1";""
"202100005847";"191 341";"F01";"2";"7";"0";"2";"0";"0";"1";""
"202100005847";"191 342";"J01";"2";"10";"0";"2";"0";"0";"1";""
"202100005848";"191 331";"A01";"1";"7";"0";"2";"1";"1";"1";""
"202100005848";"191 332";"B01";"1";"7";"3";"0";"4";"1";"1";""
"202100005849";"191 329";"B01";"2";"17";"0";"2";"6";"1";"1";""
"202100005849";"191 330";"A01";"2";"7";"0";"2";"2";"1";"1";""
"202100005850";"191 328";"A01";"2";"7";"4";"0";"1";"1";"1";""
"202100005851";"191 327";"A01";"1";"7";"4";"0";"1";"13";"1";""
"202100005852";"191 326";"A01";"1";"7";"3";"0";"1";"2";"1";""
"202100005853";"191 325";"A01";"1";"7";"4";"0";"1";"1";"1";""
"202100005854";"191 324";"A01";"1";"7";"0";"2";"3";"1";"1";""
"202100005855";"191 323";"A01";"2";"7";"0";"0";"3";"1";"1";""
"202100005856";"191 322";"A01";"1";"7";"4";"0";"1";"26";"1";""
"202100005857";"191 321";"A01";" -1";"7";"0";"2";"1";"0";"1";""
"202100005858";"191 319";"B01";"1";"7";"0";"2";"4";"2";"1";""
"202100005858";"191 320";"A01";"1";"7";"0";"2";"1";"1";"1";""
"202100005859";"191 317";"A01";"2";"7";"0";"2";"1";"2";"1";""
"202100005859";"191 318";"B01";"2";"33";"0";"2";"4";"2";"1";""
"202100005860";"191 314";"B01";"2";"7";"0";"2";"3";"1";"1";""
"202100005860";"191 315";"A01";"1";"50";"12";"2";"3";"17";"3";""
"202100005861";"191 313";"A01";"3";"7";"0";"1";"3";"1";"1";""
"202100005862";"191 312";"A01";"1";"7";"0";"1";"1";"1";"1";""
"202100005863";"191 311";"A01";"2";"7";"2";"0";"2";"14";"1";""
"202100005864";"191 309";"A01";"1";"31";"0";"2";"1";"1";"1";""
"202100005864";"191 310";"B01";"3";"30";"0";"2";"8";"15";"1";""
"202100005865";"191 307";"B01";"2";"32";"0";"2";"7";"17";"1";""
"202100005865";"191 308";"A01";"2";"7";"0";"2";"1";"19";"1";""
"202100005866";"191 305";"B01";"1";"7";"0";"2";"1";"6";"1";""
"202100005866";"191 306";"A01";"1";"7";"0";"2";"2";"1";"1";""
"202100005867";"191 303";"A01";"2";"7";"0";"2";"6";"11";"1";""
"202100005867";"191 304";"B01";"1";"33";"0";"2";"1";"1";"1";""
"202100005868";"191 301";"A01";"1";"7";"0";"2";"3";"15";"1";""
"202100005868";"191 302";"B01";"1";"2";"0";"2";"1";"1";"1";""
"202100005869";"191 299";"B01";"2";"2";"0";"2";"1";"1";"1";""
"202100005869";"191 300";"A01";"2";"7";"0";"2";"7";"1";"1";""
"202100005870";"191 297";"Z01";"2";"2";"0";"2";"1";"17";"0";""
"202100005870";"191 298";"A01";"1";"7";"0";"2";"3";"15";"2";""
"202100005871";"191 295";"A01";"1";"7";"0";"2";"1";"15";"1";""
"202100005871";"191 296";"B01";"2";"7";"0";"2";"1";"1";"1";""
"202100005872";"191 294";"A01";" -1";"7";"3";"0";"7";"0";"1";""
"202100005873";"191 293";"A01";"2";"7";"0";"1";"3";"1";"1";""
"202100005874";"191 291";"B01";"1";"7";"0";"2";"3";"1";"1";""
"202100005874";"191 292";"A01";"1";"33";"7";"2";"4";"23";"1";""
"202100005875";"191 289";"B01";"2";"50";"0";"2";"8";"19";"3";""
"202100005875";"191 290";"A01";"2";"10";"0";"2";"2";"17";"1";""
"202100005876";"191 288";"A01";"2";"33";"3";"0";"3";"14";"1";""
"202100005877";"191 287";"A01";"2";"7";"8";"0";"1";"1";"1";""
"202100005878";"191 286";"A01";"3";"7";"2";"0";"1";"1";"1";""
"202100005879";"191 281";"A01";"1";"43";"0";"2";"1";"17";"1";""
"202100005879";"191 282";"B01";"2";"33";"0";"2";"1";"1";"1";""
"202100005879";"191 283";"C01";"2";"14";"0";"2";"8";"1";"1";""
"202100005879";"191 284";"D01";"2";"7";"0";"2";"3";"1";"1";""
"202100005879";"191 285";"E01";"1";"7";"0";"2";"8";"1";"1";""
"202100005880";"191 278";"C01";"2";"7";"0";"0";"4";"23";"2";""
"202100005880";"191 279";"B01";"2";"7";"0";"2";"4";"23";"1";""
"202100005880";"191 280";"A01";"2";"7";"0";"2";"1";"1";"1";""
"202100005881";"191 277";"A01";"1";"10";"0";"1";"1";"16";"1";""
"202100005882";"191 276";"A01";"2";"32";"0";"1";"2";"1";"1";""
"202100005883";"191 274";"A01";"2";"7";"0";"2";"2";"1";"1";""
"202100005883";"191 275";"B01";"2";"7";"0";"2";"4";"1";"1";""
"202100005884";"191 272";"A01";"2";"30";"0";"2";"2";"1";"1";""
"202100005884";"191 273";"B01";"2";"7";"0";"2";"6";"16";"1";""
"202100005885";"191 270";"B01";"0";"43";"0";"2";"1";"1";"1";""
"202100005885";"191 271";"A01";"0";"7";"0";"2";"0";"15";"1";""
"202100005886";"191 268";"A01";"2";"37";"0";"1";"7";"1";"1";"1"
"202100005886";"191 269";"B01";"2";"1";"0";"2";"1";"9";"0";""
"202100005887";"191 267";"A01";"0";"10";"0";"1";"1";"1";"1";""
"202100005888";"191 266";"A01";"2";"32";"0";"0";"7";"1";"1";""
"202100005889";"191 265";"A01";"1";"7";"0";"2";"1";"2";"1";""
"202100005890";"191 264";"A01";"2";"7";"1";"1";"1";"13";"1";""
"202100005891";"191 260";"A01";"2";"7";"0";"1";"1";"9";"1";""
"202100005892";"191 258";"B01";"3";"30";"0";"2";"1";"26";"1";""
"202100005892";"191 259";"A01";"3";"7";"0";"2";"8";"1";"1";""
"202100005893";"191 257";"A01";"1";"30";"0";"1";"1";"17";"1";""
"202100005894";"191 255";"B01";"2";"32";"0";"2";"1";"1";"1";""
"202100005894";"191 256";"A01";"1";"7";"0";"2";"3";"15";"1";""
"202100005895";"191 254";"A01";"3";"7";"0";"1";"1";"9";"1";""
"202100005896";"191 251";"A01";"2";"17";"0";"1";"7";"1";"1";""
"202100005897";"191 249";"B01";"0";"1";"0";"2";"1";"5";"0";""
"202100005897";"191 250";"A01";"0";"1";"0";"2";"1";"5";"0";""
"202100005898";"191 246";"A01";"2";"7";"0";"1";"1";"1";"1";""
"202100005899";"191 244";"A01";"3";"7";"0";"2";"1";"9";"1";""
"202100005899";"191 245";"B01";"3";"1";"0";"2";"5";"16";"5";""
"202100005900";"191 242";"B01";"3";"30";"0";"2";"1";"1";"1";""
"202100005900";"191 243";"A01";"3";"7";"0";"2";"8";"9";"1";""
"202100005901";"191 240";"A01";"1";"30";"0";"2";"1";"5";"1";""
"202100005901";"191 241";"B01";"2";"7";"0";"2";"3";"1";"1";""
"202100005902";"191 239";"A01";"3";"31";"0";"1";"7";"1";"1";""
"202100005903";"191 238";"A01";"2";"40";"0";"1";"0";"1";"0";""
"202100005904";"191 234";"A01";"2";"7";"0";"2";"1";"2";"1";""
"202100005904";"191 235";"B01";"2";"7";"0";"2";"4";"2";"1";""
"202100005905";"191 233";"A01";"3";"7";"0";"1";"1";"1";"1";""
"202100005906";"191 232";"A01";"3";"7";"0";"1";"2";"1";"1";""
"202100005907";"191 230";"A01";"3";"7";"0";"2";"1";"2";"1";""
"202100005907";"191 231";"B01";"0";"10";"0";"2";"4";"2";"1";""
"202100005908";"191 228";"B01";"0";"7";"0";"2";"1";"1";"1";""
"202100005908";"191 229";"A01";"0";"10";"0";"2";"8";"1";"1";""
"202100005909";"191 227";"A01";"2";"7";"0";"1";"1";"1";"1";""
"202100005910";"191 225";"A01";"1";"7";"0";"2";"2";"15";"2";""
"202100005910";"191 226";"B01";"1";"7";"0";"2";"1";"1";"1";""
"202100005911";"191 223";"A01";"3";"1";"0";"2";"7";"2";"5";""
"202100005911";"191 224";"Z01";"3";"7";"0";"2";"1";"9";"1";""
"202100005912";"191 222";"A01";"1";"7";"0";"1";"3";"15";"2";""
"202100005913";"191 220";"A01";"1";"30";"0";"2";"1";"2";"3";""
"202100005913";"191 221";"B01";"1";"7";"0";"2";"4";"1";"1";""
"202100005914";"191 218";"B01";"3";"1";"0";"2";"1";"1";"5";""
"202100005914";"191 219";"A01";"1";"7";"0";"2";"5";"1";"1";""
"202100005915";"191 217";"A01";"1";"7";"0";"1";"1";"1";"1";""
"202100005916";"191 215";"B01";"3";"7";"0";"9";"2";"15";"1";""
"202100005916";"191 216";"A01";"3";"1";"0";"2";"1";"1";"5";""
"202100005917";"191 213";"B01";"1";"7";"0";"2";"1";"1";"1";""
"202100005917";"191 214";"A01";"2";"50";"0";"2";"1";"5";"3";""
"202100005918";"191 211";"A01";"1";"30";"3";"2";"1";"18";"1";""
"202100005918";"191 212";"B01";"1";"7";"1";"0";"5";"2";"1";""
"202100005919";"191 210";"A01";"2";"7";"0";"1";"3";"9";"1";""
"202100005920";"191 208";"A01";"0";"7";"0";"2";"1";"1";"1";""
"202100005920";"191 209";"B01";"0";"7";"0";"0";"0";"0";"0";""
"202100005921";"191 207";"A01";"2";"7";"0";"1";"1";"1";"1";""
"202100005922";"191 205";"B01";"1";"33";"0";"2";"1";"1";"1";""
"202100005922";"191 206";"A01";"1";"7";"0";"2";"4";"20";"1";""
"202100005923";"191 204";"Z01";"0";"10";"0";"1";"0";"0";"0";""
"202100005924";"191 202";"B01";"1";"80";"0";"2";"3";"16";"3";""
"202100005924";"191 203";"A01";"1";"7";"0";"2";"8";"1";"1";""
"202100005925";"191 200";"A01";"2";"7";"0";"2";"8";"22";"1";""
"202100005925";"191 201";"B01";"2";"1";"1";"0";"1";"1";"5";""
"202100005926";"191 198";"A01";"1";"7";"0";"1";"7";"1";"1";""
"202100005926";"191 199";"B01";"3";"60";"0";"2";"0";"0";"5";""
"202100005927";"191 197";"A01";"1";"7";"0";"1";"1";"1";"1";""
"202100005928";"191 196";"A01";"3";"7";"0";"1";"1";"1";"1";""
"202100005929";"191 195";"A01";"1";"1";"14";"0";"1";"13";"5";""
"202100005930";"191 193";"B01";"1";"7";"0";"2";"4";"23";"1";""
"202100005930";"191 194";"A01";"1";"10";"0";"2";"1";"2";"1";""
"202100005931";"191 191";"B01";"1";"7";"0";"2";"1";"1";"1";""
"202100005931";"191 192";"A01";"1";"7";"0";"2";"2";"1";"1";""
"202100005932";"191 189";"B01";"1";"2";"0";"2";"8";"1";"1";""
"202100005932";"191 190";"A01";"1";"7";"0";"9";"2";"1";"1";""
"202100005933";"191 188";"A01";"1";"7";"0";"1";"3";"15";"1";""
"202100005934";"191 186";"B01";"1";"2";"0";"2";"1";"1";"1";""
"202100005934";"191 187";"A01";"1";"7";"0";"9";"8";"15";"1";""
"202100005935";"191 184";"A01";"1";"1";"0";"2";"1";"26";"5";""
"202100005935";"191 185";"B01";"1";"7";"0";"9";"7";"1";"1";""
"202100005936";"191 183";"A01";"2";"7";"6";"0";"2";"1";"1";""
"202100005937";"191 181";"A01";"3";"7";"0";"2";"1";"13";"1";""
"202100005937";"191 182";"B01";"3";"7";"0";"2";"1";"1";"1";""
"202100005938";"191 179";"B01";"1";"7";"0";"2";"3";"1";"1";""
"202100005938";"191 180";"A01";"1";"7";"0";"2";"2";"1";"1";""
"202100005939";"191 178";"A01";"1";"7";"0";"1";"1";"1";"1";""
"202100005940";"191 176";"B01";"0";"7";"0";"2";"6";"15";"1";""
"202100005940";"191 177";"A01";"0";"32";"0";"2";"1";"17";"1";""
"202100005941";"191 174";"B01";"1";"7";"0";"2";"4";"2";"1";""
"202100005941";"191 175";"A01";"1";"7";"0";"2";"1";"2";"1";""
"202100005942";"191 173";"A01";"3";"10";"0";"1";"6";"4";"1";""
"202100005943";"191 171";"A01";"2";"10";"0";"2";"1";"7";"1";""
"202100005943";"191 172";"B01";"1";"7";"0";"2";"7";"1";"1";""
"202100005944";"191 169";"A01";"2";"7";"0";"2";"2";"1";"1";""
"202100005944";"191 170";"B01";"1";"7";"0";"2";"2";"0";"1";""
"202100005945";"191 167";"B01";"1";"7";"0";"2";"1";"1";"1";""
"202100005945";"191 168";"A01";"1";"7";"0";"2";"1";"13";"1";""
"202100005946";"191 166";"A01";"1";"30";"0";"0";"7";"16";"3";""
"202100005947";"191 165";"A01";"2";"30";"0";"0";"7";"9";"1";""
"202100005948";"191 163";"A01";"0";"7";"0";"2";"4";"9";"1";""
"202100005948";"191 164";"B01";"3";"7";"0";"2";"9";"1";"1";""
"202100005949";"191 161";"B01";"3";"1";"0";"2";"1";"1";"5";""
"202100005949";"191 162";"A01";"2";"7";"0";"2";"7";"16";"2";""
"202100005950";"191 157";"A01";"1";"7";"0";"2";"1";"0";"1";""
"202100005950";"191 158";"B01";"1";"7";"0";"2";"4";"1";"1";""
"202100005950";"191 159";"C01";"1";"7";"0";"2";"7";"1";"1";""
"202100005950";"191 160";"D01";"1";"7";"0";"2";"4";"1";"1";""
"202100005951";"191 156";"A01";"1";"7";"0";"1";"1";"2";"1";""
"202100005952";"191 155";"A01";"3";"7";"0";"1";"1";"25";"1";""
"202100005953";"191 154";"A01";"1";"7";"0";"0";"9";"0";"1";""
"202100005954";"191 152";"B01";"3";"1";"0";"2";"0";"0";"5";""
"202100005954";"191 153";"Z01";"0";"7";"0";"2";"0";"0";"0";""
"202100005955";"191 151";"A01";"2";"7";"0";"1";"1";"1";"1";""
"202100005956";"191 149";"B01";"2";"7";"0";"2";"1";"1";"0";""
"202100005956";"191 150";"A01";"2";"50";"0";"2";"4";"1";"3";""
"202100005957";"191 147";"A01";"2";"7";"0";"2";"1";"9";"1";""
"202100005957";"191 148";"B01";"1";"7";"0";"2";"7";"1";"1";""
"202100005958";"191 145";"A01";"2";"7";"0";"2";"1";"15";"1";""
"202100005958";"191 146";"B01";"1";"32";"0";"2";"1";"1";"1";""
"202100005959";"191 141";"A01";"1";"7";"0";"2";"1";"1";"1";""
"202100005959";"191 142";"C01";"1";"7";"0";"2";"4";"1";"1";""
"202100005959";"191 143";"D01";"1";"7";"0";"2";"4";"1";"1";""
"202100005959";"191 144";"B01";"1";"7";"0";"2";"4";"1";"1";""
"202100005960";"191 140";"A01";"2";"7";"0";"1";"1";"1";"1";""
"202100005961";"191 138";"A01";"3";"7";"0";"9";"3";"15";"1";""
"202100005961";"191 139";"B01";"3";"1";"0";"2";"8";"1";"5";""
"202100005962";"191 136";"A01";"2";"7";"0";"2";"1";"1";"1";""
"202100005962";"191 137";"B01";"2";"7";"0";"0";"4";"23";"1";""
"202100005963";"191 135";"A01";"1";"7";"13";"0";"2";"1";"1";""
"202100005964";"191 134";"A01";"3";"7";"13";"0";"2";"14";"1";""
"202100005965";"191 133";"A01";"1";"10";"0";"0";"1";"16";"1";""
"202100005966";"191 132";"A01";"1";"7";"0";"5";"1";"21";"1";""
"202100005967";"191 130";"A01";"0";"0";"0";"2";"1";"1";"1";""
"202100005967";"191 131";"B01";"0";"1";"0";"2";"3";"1";"5";""
"202100005968";"191 128";"B01";"3";"33";"0";"2";"4";"1";"1";""
"202100005968";"191 129";"A01";"3";"7";"0";"2";"1";"1";"1";""
"202100005969";"191 126";"B01";"1";"7";"0";"2";"3";"13";"0";""
"202100005969";"191 127";"A01";"2";"30";"0";"2";"8";"26";"1";""
"202100005970";"191 124";"B01";"3";"1";"0";"2";"3";"9";"5";""
"202100005970";"191 125";"A01";"3";"1";"0";"2";"3";"9";"5";""
"202100005971";"191 122";"A01";"1";"13";"0";"2";"5";"23";"1";""
"202100005971";"191 123";"B01";"1";"2";"0";"2";"1";"26";"1";""
"202100005972";"191 121";"A01";" -1";"7";"0";"1";"2";"26";"1";""
"202100005973";"191 120";"A01";"3";"7";"0";"1";"1";"20";"1";""
"202100005974";"191 118";"A01";"1";"7";"0";"2";"1";"26";"2";""
"202100005974";"191 119";"B01";"3";"1";"0";"2";"7";"19";"5";""
"202100005975";"191 117";"Z01";"3";"7";"0";"1";"1";"0";"0";""
"202100005976";"191 116";"Z01";"1";"7";"0";"1";"1";"14";"1";""
"202100005977";"191 114";"A01";"0";"7";"0";"2";"2";"1";"1";""
"202100005977";"191 115";"B01";"0";"7";"0";"2";"6";"1";"1";""
"202100005978";"191 112";"B01";"1";"7";"0";"2";"0";"15";"1";""
"202100005978";"191 113";"A01";"1";"33";"0";"2";"0";"5";"1";""
"202100005979";"191 110";"A01";"2";"7";"0";"2";"2";"1";"1";""
"202100005979";"191 111";"B01";"2";"7";"0";"2";"6";"0";"1";""
"202100005980";"191 108";"A01";"0";"7";"0";"2";"1";"1";"1";""
"202100005980";"191 109";"B01";"0";"7";"0";"2";"4";"1";"1";""
"202100005981";"191 106";"B01";"2";"31";"0";"2";"1";"1";"1";""
"202100005981";"191 107";"A01";"2";"7";"0";"2";"3";"15";"2";""
"202100005982";"191 104";"Y01";"3";"7";"0";"2";"3";"15";"1";""
"202100005982";"191 105";"B01";"1";"7";"0";"2";"3";"1";"1";""
"202100005983";"191 101";"A01";"2";"7";"0";"2";"1";"1";"1";""
"202100005983";"191 102";"B01";"2";"7";"0";"2";"4";"1";"1";""
"202100005983";"191 103";"C01";"2";"7";"0";"2";"4";"1";"1";""
"202100005984";"191 100";"A01";"3";"10";"0";"1";"3";"15";"1";""
"202100005985";"191 098";"B01";"1";"7";"0";"2";"6";"15";"1";""
"202100005985";"191 099";"A01";"1";"2";"0";"2";"1";"17";"1";""
"202100005986";"191 096";"B01";"2";"7";"0";"2";"3";"1";"1";""
"202100005986";"191 097";"A01";"1";"2";"0";"2";"1";"5";"1";""
"202100005987";"191 095";"A01";"2";"7";"6";"0";"1";"15";"1";""
"202100005988";"191 094";"A01";"1";"7";"8";"0";"2";"16";"1";""
"202100005989";"191 092";"B01";"1";"32";"0";"2";"1";"1";"1";""
"202100005989";"191 093";"A01";"2";"7";"0";"2";"1";"15";"1";""
"202100005990";"191 090";"B01";"2";"7";"0";"2";"0";"15";"1";""
"202100005990";"191 091";"A01";"1";"32";"0";"2";"6";"17";"1";""
"202100005991";"191 088";"A01";"2";"10";"0";"2";"1";"1";"6";""
"202100005991";"191 089";"B01";"1";"2";"0";"2";"1";"1";"1";""
"202100005992";"191 087";"A01";"2";"50";"0";"1";"8";"25";"3";""
"202100005993";"191 085";"A01";"2";"1";"0";"2";"1";"2";"5";""
"202100005993";"191 086";"B01";"2";"7";"0";"2";"6";"23";"1";""
"202100005994";"191 083";"B01";"1";"2";"1";"2";"1";"18";"1";""
"202100005994";"191 084";"A01";"1";"10";"0";"2";"5";"22";"1";""
"202100005995";"191 082";"A01";"1";"31";"0";"0";"0";"1";"1";""
"202100005996";"191 080";"A01";"1";"1";"0";"2";"3";"1";"5";""
"202100005996";"191 081";"B01";"1";"7";"0";"2";"5";"22";"2";""
"202100005997";"191 078";"A01";"2";"1";"0";"2";"9";"18";"5";""
"202100005997";"191 079";"B01";"2";"38";"0";"2";"7";"16";"1";"1"
"202100005998";"191 076";"A01";"2";"7";"0";"2";"4";"2";"1";""
"202100005998";"191 077";"B01";"1";"2";"0";"2";"1";"2";"3";""
"202100005999";"191 075";"A01";"2";"7";"0";"1";"3";"1";"1";""
"202100006000";"191 073";"A01";"2";"50";"0";"2";"8";"1";"3";""
"202100006000";"191 074";"Z01";"0";"7";"0";"2";"2";"17";"0";""
"202100006001";"191 071";"B01";"2";"31";"0";"2";"7";"17";"1";""
"202100006001";"191 072";"A01";"2";"7";"8";"2";"3";"13";"2";""
"202100006002";"191 069";"A01";"3";"7";"0";"2";"1";"2";"1";""
"202100006002";"191 070";"B01";"3";"7";"0";"2";"4";"2";"1";""
"202100006003";"191 067";"A01";"2";"7";"0";"2";"1";"2";"1";""
"202100006003";"191 068";"B01";"2";"7";"0";"0";"4";"2";"1";""
"202100006004";"191 065";"B01";"1";"7";"0";"2";"4";"2";"1";""
"202100006004";"191 066";"A01";"1";"34";"0";"2";"1";"2";"1";""
"202100006005";"191 061";"A01";"3";"7";"1";"2";"5";"26";"1";""
"202100006005";"191 062";"B01";"3";"7";"1";"2";"1";"20";"1";""
"202100006005";"191 063";"C01";"3";"7";"1";"2";"1";"5";"1";""
"202100006005";"191 064";"D01";"3";"7";"0";"2";"3";"5";"1";""
"202100006006";"191 060";"A01";"2";"30";"1";"2";"0";"21";"1";""
"202100006007";"191 058";"A01";"1";"7";"0";"2";"2";"15";"1";""
"202100006007";"191 059";"B01";"2";"32";"0";"2";"1";"1";"1";""
"202100006008";"191 056";"B01";"1";"7";"0";"2";"6";"1";"1";""
"202100006008";"191 057";"A01";"2";"7";"14";"2";"1";"0";"1";""
"202100006009";"191 055";"A01";"3";"7";"0";"1";"1";"2";"1";""
"202100006010";"191 052";"A01";" -1";"7";"0";"9";"4";"23";"1";""
"202100006010";"191 053";"B01";" -1";"7";"0";"2";"4";"23";"1";""
"202100006010";"191 054";"C01";"3";"7";"0";"2";"1";"1";"1";""
"202100006011";"191 050";"A01";"2";"0";"8";"2";"3";"16";"0";""
"202100006011";"191 051";"B01";"2";"30";"12";"2";"1";"1";"0";""
"202100006012";"191 048";"A01";"3";"7";"0";"2";"1";"9";"1";""
"202100006012";"191 049";"B01";" -1";"30";"0";"2";"7";"0";"1";""
"202100006013";"191 046";"A01";"0";"30";"0";"2";"1";"26";"1";""
"202100006013";"191 047";"B01";"0";"7";"0";"2";"3";"0";"1";""
"202100006014";"191 044";"A01";"1";"7";"0";"2";"4";"26";"1";""
"202100006014";"191 045";"B01";"1";"7";"0";"2";"2";"9";"1";""
"202100006015";"191 042";"B01";"1";"7";"0";"2";"1";"16";"1";""
"202100006015";"191 043";"A01";"2";"50";"0";"2";"1";"5";"3";""
"202100006016";"191 040";"B01";"1";"31";"0";"2";"1";"17";"1";""
"202100006016";"191 041";"A01";"1";"7";"0";"2";"8";"15";"2";""
"202100006017";"191 039";"A01";"3";"10";"0";"1";"4";"20";"1";""
"202100006018";"191 037";"B01";"0";"7";"0";"2";"4";"26";"1";""
"202100006018";"191 038";"A01";"0";"7";"0";"2";"1";"26";"1";""
"202100006019";"191 035";"B01";"3";"10";"0";"9";"5";"23";"1";""
"202100006019";"191 036";"A01";"3";"60";"0";"2";"1";"0";"5";""
"202100006020";"191 034";"A01";"2";"7";"0";"1";"2";"15";"1";""
"202100006021";"191 032";"B01";"2";"33";"0";"2";"0";"1";"1";""
"202100006021";"191 033";"A01";"1";"7";"0";"2";"0";"1";"1";""
"202100006022";"191 031";"A01";"2";"7";"13";"0";"2";"26";"1";""
"202100006023";"191 030";"A01";"2";"7";"0";"1";"2";"1";"1";""
"202100006024";"191 025";"B01";"2";"15";"0";"0";"6";"1";"1";""
"202100006024";"191 026";"E01";"2";"7";"0";"9";"1";"21";"1";""
"202100006024";"191 027";"D01";"2";"7";"0";"9";"1";"2";"1";""
"202100006024";"191 028";"C01";"2";"7";"0";"2";"2";"1";"1";""
"202100006024";"191 029";"A01";"2";"7";"0";"2";"2";"14";"1";""
"202100006025";"191 021";"D01";"2";"10";"0";"2";"8";"1";"1";""
"202100006025";"191 022";"C01";"2";"7";"0";"2";"8";"1";"1";""
"202100006025";"191 023";"B01";"1";"7";"0";"2";"3";"1";"1";""
"202100006025";"191 024";"A01";"2";"33";"0";"2";"1";"17";"1";""
"202100006026";"191 020";"A01";"2";"7";"2";"0";"1";"1";"2";""
"202100006027";"191 019";"A01";"2";"7";"2";"0";"2";"1";"1";""
"202100006028";"191 017";"A01";"1";"7";"6";"0";"1";"1";"1";""
"202100006029";"191 016";"A01";"1";"7";"13";"0";"1";"1";"1";""
"202100006030";"191 015";"A01";"2";"7";"4";"0";"3";"13";"1";""
"202100006031";"191 013";"A01";"1";"1";"0";"2";"1";"1";"5";""
"202100006031";"191 014";"B01";"2";"7";"0";"2";"3";"9";"1";""
"202100006032";"191 012";"A01";"1";"7";"13";"0";"3";"1";"1";""
"202100006033";"191 011";"A01";"2";"7";"0";"1";"1";"15";"1";""
"202100006034";"191 009";"B01";"2";"7";"0";"2";"1";"1";"1";""
"202100006034";"191 010";"A01";"1";"7";"0";"2";"1";"1";"1";""
"202100006035";"191 008";"A01";"2";"2";"1";"0";"1";"14";"1";""
"202100006036";"191 007";"A01";"0";"7";"13";"0";"2";"0";"1";""
"202100006037";"191 005";"B01";"1";"7";"0";"2";"1";"1";"1";""
"202100006037";"191 006";"A01";"2";"7";"0";"2";"3";"13";"1";""
"202100006038";"191 002";"A01";"2";"7";"2";"0";"1";"1";"1";""
"202100006039";"190 999";"B01";"2";"7";"0";"2";"1";"0";"1";""
"202100006039";"191 000";"A01";"1";"7";"0";"2";"1";"0";"1";""
"202100006040";"190 997";"A01";"2";"7";"0";"2";"1";"13";"1";""
"202100006040";"190 998";"B01";"1";"15";"0";"2";"1";"1";"1";""
"202100006041";"190 996";"A01";"2";"33";"11";"0";"1";"0";"1";""
"202100006042";"190 994";"B01";"1";"7";"0";"2";"8";"1";"1";""