"Num_Acc";"id_vehicule";"num_veh";"senc";"catv";"obs";"obsm";"choc";"manv";"motor";"occutc"
"202100006042";"190 995";"A01";"0";"7";"0";"2";"1";"9";"1";""
"202100006043";"190 993";"A01";"1";"7";"0";"1";"2";"16";"1";""
"202100006044";"190 992";"A01";"1";"2";"13";"0";"0";"1";"1";""
"202100006045";"190 990";"B01";"2";"31";"0";"2";"1";"17";"1";""
"202100006045";"190 991";"A01";"2";"7";"0";"2";"6";"15";"1";""
"202100006046";"190 988";"B01";"1";"7";"0";"2";"6";"19";"1";""
"202100006046";"190 989";"A01";"1";"7";"0";"2";"1";"1";"1";""
"202100006047";"190 986";"A01";"3";"10";"0";"2";"8";"19";"1";""
"202100006047";"190 987";"B01";"3";"33";"0";"2";"8";"1";"1";""
"202100006048";"190 985";"A01";"3";"7";"4";"0";"0";"0";"1";""
"202100006049";"190 982";"B01";"1";"7";"0";"2";"2";"17";"1";""
"202100006049";"190 983";"A01";"1";"7";"3";"2";"1";"1";"1";""
"202100006049";"190 984";"C01";"1";"13";"0";"2";"4";"1";"1";""
"202100006050";"190 981";"A01";"3";"30";"2";"0";"3";"14";"1";""
"202100006051";"190 980";"A01";"1";"10";"16";"0";"9";"14";"1";""
"202100006052";"190 979";"A01";"2";"7";"0";"1";"2";"9";"1";""
"202100006053";"190 978";"A01";"1";"2";"12";"0";"7";"16";"1";""
"202100006054";"190 977";"A01";"2";"7";"0";"1";"3";"26";"1";""
"202100006055";"190 976";"A01";"2";"7";"2";"0";"2";"5";"1";""
"202100006056";"190 975";"A01";"3";"7";"0";"1";"0";"1";"1";""
"202100006057";"190 973";"B01";"1";"7";"0";"2";"1";"1";"1";""
"202100006057";"190 974";"A01";"2";"7";"0";"2";"1";"13";"1";""
"202100006058";"190 971";"B01";"0";"7";"0";"2";"3";"0";"1";""
"202100006058";"190 972";"A01";"0";"7";"0";"2";"3";"0";"1";""
"202100006059";"190 970";"A01";"2";"7";"2";"0";"1";"1";"1";""
"202100006060";"190 969";"A01";"1";"7";"2";"0";"3";"13";"1";""
"202100006061";"190 967";"A01";"1";"7";"2";"2";"1";"2";"1";""
"202100006061";"190 968";"B01";"1";"7";"3";"2";"4";"2";"1";""
"202100006062";"190 966";"A01";"2";"7";"2";"0";"1";"13";"1";""
"202100006063";"190 965";"A01";"3";"7";"0";"1";"4";"20";"1";""
"202100006064";"190 962";"C01";"1";"7";"0";"2";"1";"17";"1";""
"202100006064";"190 963";"B01";"2";"7";"0";"2";"1";"1";"1";""
"202100006064";"190 964";"A01";"1";"7";"0";"0";"1";"15";"1";""
"202100006065";"190 960";"A01";"3";"7";"0";"9";"2";"2";"1";""
"202100006065";"190 961";"B01";"3";"1";"0";"2";"6";"2";"5";""
"202100006066";"190 959";"A01";"3";"7";"0";"1";"1";"1";"1";""
"202100006067";"190 957";"B01";"0";"2";"0";"2";"1";"1";"1";""
"202100006067";"190 958";"A01";"0";"7";"0";"2";"1";"13";"1";""
"202100006068";"190 956";"A01";"2";"7";"13";"0";"1";"2";"1";""
"202100006069";"190 955";"A01";"2";"7";"8";"0";"1";"1";"1";""
"202100006070";"190 954";"A01";"1";"7";"4";"0";"3";"13";"1";""
"202100006071";"190 951";"A01";"2";"7";"0";"2";"1";"2";"3";""
"202100006071";"190 952";"C01";"2";"7";"0";"2";"4";"2";"1";""
"202100006071";"190 953";"B01";"2";"7";"0";"2";"4";"2";"1";""
"202100006072";"190 949";"A01";"2";"13";"0";"2";"8";"1";"1";""
"202100006072";"190 950";"B01";"2";"7";"0";"2";"1";"26";"1";""
"202100006073";"190 947";"B01";"1";"7";"0";"2";"4";"1";"1";""
"202100006073";"190 948";"A01";"1";"14";"0";"2";"1";"1";"1";""
"202100006074";"190 945";"B01";"1";"7";"0";"2";"4";"2";"2";""
"202100006074";"190 946";"A01";"1";"7";"0";"2";"1";"2";"1";""
"202100006075";"190 944";"A01";"2";"10";"4";"0";"9";"26";"1";""
"202100006076";"190 941";"C01";"1";"7";"0";"2";"4";"2";"1";""
"202100006076";"190 942";"A01";"1";"7";"0";"2";"1";"2";"1";""
"202100006076";"190 943";"B01";"1";"7";"0";"2";"4";"2";"1";""
"202100006077";"190 940";"A01";"2";"7";"4";"0";"1";"1";"1";""
"202100006078";"190 939";"A01";"2";"7";"4";"0";"1";"1";"2";""
"202100006079";"190 936";"C01";"2";"7";"0";"2";"1";"2";"1";""
"202100006079";"190 937";"B01";"1";"7";"0";"2";"0";"2";"1";""
"202100006079";"190 938";"A01";"1";"10";"0";"2";"4";"2";"1";""
"202100006080";"190 935";"A01";"2";"43";"0";"0";"7";"21";"1";""
"202100006081";"190 932";"A01";"2";"7";"0";"2";"0";"0";"1";""
"202100006081";"190 933";"B01";"2";"7";"0";"2";"1";"0";"1";""
"202100006081";"190 934";"C01";"2";"7";"0";"2";"1";"1";"1";""
"202100006082";"190 930";"A01";"1";"7";"0";"2";"1";"2";"1";""
"202100006082";"190 931";"B01";"1";"7";"0";"2";"5";"2";"1";""
"202100006083";"190 928";"B01";"1";"7";"0";"2";"4";"2";"1";""
"202100006083";"190 929";"A01";"1";"7";"0";"2";"1";"2";"1";""
"202100006084";"190 926";"A01";"1";"7";"0";"2";"1";"2";"1";""
"202100006084";"190 927";"B01";"1";"7";"0";"2";"4";"2";"1";""
"202100006085";"190 925";"A01";"2";"7";"0";"1";"0";"26";"1";""
"202100006086";"190 923";"B01";"1";"32";"0";"2";"1";"1";"1";""
"202100006086";"190 924";"A01";"1";"7";"0";"2";"2";"20";"1";""
"202100006087";"190 921";"B01";"1";"50";"0";"2";"7";"26";"3";""
"202100006087";"190 922";"A01";"1";"7";"0";"2";"3";"15";"1";""
"202100006088";"190 920";"A01";"1";"7";"0";"1";"6";"4";"1";""
"202100006089";"190 919";"A01";"1";"30";"0";"0";"0";"1";"1";""
"202100006090";"190 917";"A01";"2";"7";"0";"2";"3";"15";"1";""
"202100006090";"190 918";"B01";"1";"2";"0";"2";"1";"1";"1";""
"202100006091";"190 915";"B01";"1";"7";"4";"2";"8";"1";"1";""
"202100006091";"190 916";"A01";"1";"13";"0";"2";"1";"12";"0";""
"202100006092";"190 912";"A01";"2";"32";"0";"2";"7";"1";"1";""
"202100006092";"190 913";"B01";"2";"10";"0";"2";"8";"9";"1";""
"202100006093";"190 911";"A01";"2";"80";"0";"1";"1";"1";"3";""
"202100006094";"190 909";"B01";"3";"1";"0";"2";"8";"1";"5";""
"202100006094";"190 910";"A01";"3";"7";"0";"2";"2";"16";"1";""
"202100006095";"190 907";"B01";"2";"14";"0";"2";"3";"17";"1";""
"202100006095";"190 908";"A01";"2";"30";"0";"2";"2";"1";"3";""
"202100006096";"190 905";"B01";"1";"31";"1";"2";"2";"1";"1";""
"202100006096";"190 906";"A01";"1";"1";"0";"2";"6";"18";"5";""
"202100006097";"190 904";"Z01";"1";"50";"0";"1";"0";"1";"3";""
"202100006098";"190 903";"A01";"2";"2";"0";"1";"2";"1";"1";""
"202100006099";"190 902";"A01";"2";"1";"0";"0";"1";"1";"5";""
"202100006100";"190 901";"A01";"1";"30";"1";"1";"1";"17";"3";""
"202100006101";"190 900";"Z01";"2";"50";"0";"1";"1";"19";"3";""
"202100006102";"190 898";"A01";"3";"33";"0";"2";"3";"1";"1";""
"202100006102";"190 899";"B01";"3";"43";"0";"2";"8";"15";"1";""
"202100006103";"190 897";"A01";"3";"7";"0";"1";"3";"15";"1";""
"202100006104";"190 894";"B01";"2";"7";"0";"2";"9";"2";"1";""
"202100006104";"190 895";"C01";"2";"10";"0";"2";"4";"2";"0";""
"202100006104";"190 896";"A01";"2";"7";"0";"2";"1";"2";"1";""
"202100006105";"190 892";"A01";"3";"7";"0";"2";"1";"1";"1";""
"202100006105";"190 893";"B01";"3";"1";"0";"2";"8";"5";"5";""
"202100006106";"190 890";"A01";"1";"30";"0";"2";"7";"26";"1";""
"202100006106";"190 891";"B01";"2";"7";"0";"2";"3";"1";"1";""
"202100006107";"190 888";"B01";"1";"7";"0";"2";"1";"23";"1";""
"202100006107";"190 889";"A01";"2";"30";"0";"2";"1";"1";"1";""
"202100006108";"190 886";"B01";"1";"7";"0";"2";"7";"26";"1";""
"202100006108";"190 887";"A01";"1";"7";"0";"2";"1";"15";"0";""
"202100006109";"190 885";"A01";"2";"30";"0";"0";"0";"1";"1";""
"202100006110";"190 882";"A01";"2";"7";"0";"2";"1";"2";"1";""
"202100006110";"190 883";"B01";"2";"7";"0";"2";"4";"2";"1";""
"202100006110";"190 884";"C01";"2";"10";"0";"2";"4";"2";"1";""
"202100006111";"190 880";"A01";"1";"7";"0";"9";"1";"17";"1";""
"202100006111";"190 881";"B01";"3";"50";"0";"2";"0";"0";"3";""
"202100006112";"190 878";"B01";"1";"7";"0";"2";"8";"0";"1";""
"202100006112";"190 879";"A01";"1";"7";"0";"2";"7";"1";"1";""
"202100006113";"190 876";"A01";"1";"7";"0";"2";"3";"0";"1";""
"202100006113";"190 877";"B01";"1";"7";"4";"2";"0";"0";"1";""
"202100006114";"190 875";"A01";"3";"7";"0";"1";"1";"0";"1";""
"202100006115";"190 873";"B01";"2";"37";"0";"2";"2";"2";"1";"2"
"202100006115";"190 874";"A01";"2";"7";"0";"2";"1";"15";"1";""
"202100006116";"190 871";"A01";"3";"31";"0";"2";"7";"1";"1";""
"202100006116";"190 872";"B01";"3";"7";"0";"2";"1";"1";"1";""
"202100006117";"190 870";"A01";"2";"10";"0";"0";"9";"26";"1";""
"202100006118";"190 868";"B01";"1";"7";"0";"2";"3";"1";"1";""
"202100006118";"190 869";"A01";"1";"7";"0";"2";"1";"1";"1";""
"202100006119";"190 866";"A01";"2";"7";"0";"2";"3";"11";"1";""
"202100006119";"190 867";"B01";"3";"1";"0";"2";"7";"19";"5";""
"202100006120";"190 864";"A01";"1";"10";"12";"2";"1";"26";"1";""
"202100006120";"190 865";"B01";"1";"7";"12";"2";"4";"26";"1";""
"202100006121";"190 862";"B01";"1";"30";"0";"2";"3";"1";"1";""
"202100006121";"190 863";"A01";"1";"10";"0";"2";"7";"20";"1";""
"202100006122";"190 860";"B01";"3";"50";"0";"2";"1";"1";"3";""
"202100006122";"190 861";"A01";"3";"7";"0";"2";"7";"19";"1";""
"202100006123";"190 858";"B01";"2";"2";"0";"2";"1";"1";"6";""
"202100006123";"190 859";"A01";"1";"7";"0";"2";"3";"17";"6";""
"202100006124";"190 856";"B01";"3";"1";"0";"2";"7";"1";"6";""
"202100006124";"190 857";"A01";"0";"99";"0";"2";"7";"15";"1";""
"202100006125";"190 855";"A01";"2";"30";"0";"0";"0";"21";"1";""
"202100006126";"190 853";"B01";"1";"7";"0";"2";"1";"1";"1";""
"202100006126";"190 854";"A01";"1";"7";"0";"2";"8";"10";"1";""
"202100006127";"190 852";"A01";"2";"34";"0";"1";"2";"21";"1";""
"202100006128";"190 851";"A01";"1";"32";"0";"0";"0";"1";"1";""
"202100006129";"190 849";"B01";"1";"32";"0";"2";"8";"1";"1";""
"202100006129";"190 850";"A01";"2";"7";"0";"2";"2";"1";"1";""
"202100006130";"190 848";"A01";"1";"7";"0";"1";"1";"1";"1";""
"202100006131";"190 847";"A01";"1";"7";"0";"1";"1";"1";"1";""
"202100006132";"190 846";"A01";"3";"33";"0";"9";"1";"0";"1";""
"202100006133";"190 845";"A01";"0";"7";"0";"1";"3";"17";"1";""
"202100006134";"190 844";"A01";"2";"7";"0";"0";"0";"1";"1";""
"202100006135";"190 843";"A01";"2";"7";"0";"0";"0";"0";"1";""
"202100006136";"190 842";"A01";"2";"7";"13";"0";"1";"1";"1";""
"202100006137";"190 840";"B01";"2";"7";"0";"2";"3";"1";"1";""
"202100006137";"190 841";"A01";"1";"10";"0";"2";"1";"13";"1";""
"202100006138";"190 838";"B01";"1";"7";"0";"2";"1";"1";"1";""
"202100006138";"190 839";"A01";"1";"7";"0";"2";"3";"19";"1";""
"202100006139";"190 837";"A01";"3";"7";"2";"0";"3";"1";"1";""
"202100006140";"190 836";"A01";"2";"7";"2";"0";"2";"1";"1";""
"202100006141";"190 834";"B01";"2";"2";"0";"2";"1";"1";"1";""
"202100006141";"190 835";"A01";"3";"7";"0";"2";"3";"9";"1";""
"202100006142";"190 833";"A01";"1";"7";"2";"0";"1";"1";"1";""
"202100006143";"190 832";"A01";"2";"7";"0";"1";"1";"1";"1";""
"202100006144";"190 831";"A01";"3";"2";"14";"0";"1";"1";"1";""
"202100006145";"190 830";"A01";"2";"7";"2";"0";"8";"14";"1";""
"202100006146";"190 828";"B01";"2";"1";"0";"0";"6";"1";"5";""
"202100006146";"190 829";"A01";"3";"7";"0";"2";"3";"15";"1";""
"202100006147";"190 824";"A01";"1";"2";"0";"0";"8";"12";"1";""
"202100006148";"190 822";"B01";"1";"7";"0";"2";"1";"1";"1";""
"202100006148";"190 823";"A01";"2";"10";"0";"2";"1";"13";"1";""
"202100006149";"190 820";"A01";"1";"7";"2";"0";"0";"1";"1";""
"202100006149";"190 821";"B01";"1";"7";"2";"0";"0";"1";"1";""
"202100006150";"190 819";"A01";"2";"7";"2";"0";"1";"1";"1";""
"202100006151";"190 817";"A01";"2";"7";"0";"2";"5";"15";"1";""
"202100006151";"190 818";"B01";"1";"2";"0";"2";"1";"1";"1";""
"202100006152";"190 815";"A01";"2";"7";"0";"2";"8";"19";"1";""
"202100006152";"190 816";"B01";"1";"7";"0";"2";"1";"1";"1";""
"202100006153";"190 813";"A01";"2";"7";"0";"2";"1";"13";"1";""
"202100006153";"190 814";"B01";"1";"7";"0";"2";"1";"1";"1";""
"202100006154";"190 811";"B01";"3";"2";"0";"2";"7";"1";"1";""
"202100006154";"190 812";"A01";"3";"7";"0";"2";"3";"9";"1";""
"202100006155";"190 809";"A01";"1";"7";"0";"2";"6";"15";"1";""
"202100006155";"190 810";"B01";"1";"34";"0";"2";"2";"17";"1";""
"202100006156";"190 807";"B01";"3";"2";"0";"0";"0";"17";"0";""
"202100006156";"190 808";"A01";"0";"7";"0";"0";"3";"15";"0";""
"202100006157";"190 806";"A01";"1";"10";"0";"1";"2";"0";"1";""
"202100006158";"190 804";"A01";"1";"7";"3";"2";"6";"1";"1";""
"202100006158";"190 805";"B01";"1";"7";"0";"2";"2";"1";"1";""
"202100006159";"190 802";"B01";"2";"33";"0";"2";"1";"1";"1";""
"202100006159";"190 803";"A01";"1";"7";"0";"2";"3";"19";"1";""
"202100006160";"190 800";"B01";"1";"7";"0";"2";"1";"1";"1";""
"202100006160";"190 801";"A01";"2";"7";"0";"2";"1";"13";"1";""
"202100006161";"190 798";"B01";"2";"31";"0";"2";"4";"1";"1";""
"202100006161";"190 799";"A01";"2";"32";"0";"2";"1";"1";"1";""
"202100006162";"190 796";"A01";"3";"7";"0";"2";"3";"15";"1";""
"202100006162";"190 797";"B01";"0";"1";"0";"2";"1";"1";"5";""
"202100006163";"190 795";"A01";"3";"7";"0";"1";"0";"1";"1";""
"202100006164";"190 794";"A01";"2";"7";"9";"0";"1";"2";"1";""
"202100006165";"190 792";"C01";"1";"15";"1";"0";"1";"2";"1";""
"202100006165";"190 793";"B01";"1";"7";"1";"2";"4";"24";"2";""
"202100006166";"190 789";"D01";"1";"7";"4";"2";"5";"1";"1";""
"202100006166";"190 790";"A01";"1";"7";"0";"2";"1";"11";"1";""
"202100006166";"190 791";"B01";"1";"17";"0";"0";"5";"1";"1";""
"202100006167";"190 788";"A01";"1";"7";"2";"0";"9";"14";"1";""
"202100006168";"190 784";"D01";"2";"7";"0";"2";"1";"1";"1";""
"202100006168";"190 785";"C01";"2";"7";"13";"2";"8";"1";"1";""
"202100006168";"190 786";"B01";"2";"7";"0";"2";"8";"1";"1";""
"202100006168";"190 787";"A01";"2";"7";"0";"2";"3";"13";"1";""
"202100006169";"190 783";"A01";"1";"33";"0";"6";"1";"1";"1";""
"202100006170";"190 781";"A01";"1";"10";"0";"1";"3";"1";"1";""
"202100006171";"190 780";"A01";"2";"7";"0";"1";"2";"1";"1";""
"202100006172";"190 779";"A01";"1";"7";"0";"0";"0";"21";"1";""
"202100006173";"190 777";"A01";"2";"7";"0";"2";"2";"5";"1";""
"202100006173";"190 778";"B01";"1";"7";"0";"2";"2";"5";"1";""
"202100006174";"190 775";"B01";"1";"7";"0";"2";"4";"1";"1";""
"202100006174";"190 776";"A01";"1";"10";"0";"2";"1";"1";"1";""
"202100006175";"190 774";"A01";"1";"7";"0";"0";"1";"1";"1";""
"202100006176";"190 773";"A01";"1";"2";"0";"0";"0";"1";"1";""
"202100006177";"190 772";"A01";"2";"7";"13";"0";"1";"0";"1";""
"202100006178";"190 771";"A01";"3";"7";"0";"1";"2";"1";"1";""
"202100006179";"190 769";"B01";"1";"21";"0";"2";"3";"21";"1";""
"202100006179";"190 770";"A01";"2";"7";"0";"2";"3";"13";"1";""
"202100006180";"190 768";"A01";"1";"7";"0";"1";"7";"1";"1";""
"202100006181";"190 767";"A01";"3";"7";"13";"0";"1";"9";"1";""
"202100006182";"190 765";"A01";"2";"32";"0";"0";"4";"15";"1";""
"202100006182";"190 766";"B01";"2";"7";"0";"2";"3";"2";"1";""
"202100006183";"190 764";"A01";"1";"10";"8";"0";"2";"1";"1";""
"202100006184";"190 763";"A01";"2";"3";"0";"1";"4";"20";"1";""
"202100006185";"190 760";"C01";"0";"7";"1";"0";"4";"0";"1";""
"202100006185";"190 761";"B01";"2";"10";"0";"0";"1";"1";"1";""
"202100006185";"190 762";"A01";"1";"7";"1";"2";"1";"1";"1";""
"202100006186";"190 756";"D01";"1";"7";"0";"0";"4";"2";"1";""
"202100006186";"190 757";"C01";"1";"7";"0";"2";"4";"2";"1";""
"202100006186";"190 758";"B01";"1";"7";"0";"2";"4";"2";"1";""
"202100006186";"190 759";"A01";"1";"7";"0";"2";"1";"2";"1";""
"202100006187";"190 755";"A01";"1";"7";"0";"1";"2";"1";"1";""
"202100006188";"190 753";"A01";"1";"7";"0";"2";"4";"2";"1";""
"202100006188";"190 754";"B01";"1";"7";"0";"2";"1";"2";"1";""
"202100006189";"190 752";"A01";"1";"7";"4";"0";"1";"14";"1";""
"202100006190";"190 748";"D01";"2";"7";"0";"9";"1";"2";"1";""
"202100006190";"190 749";"C01";"2";"10";"0";"9";"1";"0";"1";""
"202100006190";"190 750";"B01";"2";"10";"0";"2";"1";"2";"1";""
"202100006190";"190 751";"A01";"2";"7";"10";"0";"2";"13";"1";""
"202100006191";"190 744";"A01";"1";"7";"0";"2";"1";"2";"1";""
"202100006191";"190 745";"D01";"1";"7";"0";"2";"1";"2";"1";""
"202100006191";"190 746";"C01";"1";"7";"0";"2";"4";"2";"1";""
"202100006191";"190 747";"B01";"1";"7";"0";"2";"4";"2";"2";""
"202100006192";"190 741";"C01";"1";"10";"0";"2";"4";"2";"1";""
"202100006192";"190 742";"B01";"1";"7";"0";"2";"4";"2";"1";""
"202100006192";"190 743";"A01";"1";"10";"0";"2";"1";"2";"1";""
"202100006193";"190 740";"A01";"1";"7";"0";"2";"1";"1";"1";""
"202100006194";"190 738";"A01";"2";"7";"0";"2";"3";"11";"1";""
"202100006194";"190 739";"B01";"2";"34";"0";"2";"2";"3";"1";""
"202100006195";"190 737";"A01";"1";"7";"4";"0";"8";"1";"1";""
"202100006196";"190 732";"E01";"1";"7";"0";"2";"0";"2";"1";""
"202100006196";"190 733";"D01";"1";"7";"0";"2";"0";"2";"1";""
"202100006196";"190 734";"C01";"1";"7";"0";"2";"0";"2";"1";""
"202100006196";"190 735";"B01";"1";"7";"0";"2";"0";"2";"1";""
"202100006196";"190 736";"A01";"1";"7";"0";"2";"1";"2";"1";""
"202100006197";"190 730";"A01";"1";"7";"4";"2";"3";"5";"1";""
"202100006197";"190 731";"B01";"2";"7";"0";"2";"3";"1";"1";""
"202100006198";"190 729";"A01";"1";"33";"0";"0";"0";"0";"1";""
"202100006199";"190 727";"A01";"2";"7";"0";"2";"7";"14";"1";""
"202100006199";"190 728";"B01";"2";"33";"0";"2";"1";"1";"1";""
"202100006200";"190 726";"A01";"2";"7";"4";"0";"3";"1";"1";""
"202100006201";"190 724";"A01";"1";"7";"0";"2";"1";"1";"1";""
"202100006201";"190 725";"B01";"1";"7";"0";"2";"4";"2";"1";""
"202100006202";"190 722";"B01";"3";"30";"0";"0";"1";"1";"1";""
"202100006202";"190 723";"A01";"3";"7";"1";"0";"3";"9";"1";""
"202100006203";"190 721";"A01";"1";"37";"0";"1";"7";"26";"1";"1"
"202100006204";"190 719";"B01";"2";"7";"0";"2";"7";"1";"1";""
"202100006204";"190 720";"A01";"2";"30";"0";"2";"7";"19";"1";""
"202100006205";"190 718";"A01";"3";"33";"4";"0";"2";"14";"1";""
"202100006206";"190 716";"A01";"3";"30";"0";"2";"3";"17";"1";""
"202100006206";"190 717";"B01";"3";"30";"0";"2";"7";"17";"1";""
"202100006207";"190 715";"A01";"1";"7";"6";"0";"1";"14";"1";""
"202100006208";"190 712";"A01";"3";"7";"0";"2";"1";"17";"1";""
"202100006208";"190 713";"B01";"3";"7";"0";"2";"1";"1";"1";""
"202100006208";"190 714";"C01";"3";"7";"0";"2";"1";"2";"1";""
"202100006209";"190 710";"A01";"1";"7";"9";"2";"1";"15";"1";""
"202100006209";"190 711";"B01";"2";"7";"0";"2";"3";"1";"1";""
"202100006210";"190 709";"A01";"1";"2";"3";"0";"1";"9";"1";""
"202100006211";"190 707";"A01";"1";"7";"0";"2";"4";"23";"1";""
"202100006211";"190 708";"B01";"1";"7";"14";"2";"1";"2";"1";""
"202100006212";"190 706";"A01";"1";"1";"0";"1";"1";"1";"5";""
"202100006213";"190 704";"B01";"3";"50";"0";"2";"1";"0";"3";""
"202100006213";"190 705";"A01";"3";"7";"0";"2";"1";"1";"1";""
"202100006214";"190 702";"A01";"1";"7";"0";"2";"1";"2";"1";""
"202100006214";"190 703";"B01";"1";"7";"0";"2";"3";"1";"1";""
"202100006215";"190 700";"A01";"1";"30";"0";"2";"1";"17";"1";""
"202100006215";"190 701";"B01";"3";"7";"0";"2";"3";"15";"1";""
"202100006216";"190 698";"A01";"1";"7";"0";"2";"2";"15";"1";""
"202100006216";"190 699";"B01";"2";"7";"0";"2";"1";"1";"1";""
"202100006217";"190 696";"B01";"1";"7";"0";"2";"1";"1";"1";""
"202100006217";"190 697";"A01";"1";"7";"0";"2";"2";"13";"1";""
"202100006218";"190 694";"A01";"1";"7";"0";"2";"5";"12";"1";""
"202100006218";"190 695";"B01";"1";"34";"0";"2";"3";"26";"1";""
"202100006219";"190 691";"C01";"2";"7";"0";"2";"4";"2";"1";""
"202100006219";"190 692";"B01";"2";"10";"0";"2";"4";"2";"1";""
"202100006219";"190 693";"A01";"2";"7";"0";"2";"1";"2";"1";""
"202100006220";"190 689";"B01";"1";"37";"0";"2";"2";"1";"1";"2"
"202100006220";"190 690";"A01";"1";"7";"0";"2";"8";"10";"1";""
"202100006221";"190 688";"A01";"2";"3";"11";"0";"9";"13";"1";""
"202100006222";"190 686";"A01";"2";"7";"0";"2";"3";"15";"1";""
"202100006222";"190 687";"B01";"1";"33";"0";"2";"1";"1";"1";""
"202100006223";"190 683";"A01";"1";"14";"0";"2";"1";"2";"1";""
"202100006223";"190 684";"B01";"1";"7";"0";"2";"4";"2";"1";""
"202100006223";"190 685";"C01";"2";"7";"0";"2";"1";"1";"1";""
"202100006224";"190 682";"A01";"1";"7";"0";"1";"1";"1";"1";""
"202100006225";"190 680";"B01";"1";"30";"0";"2";"6";"13";"1";""
"202100006225";"190 681";"A01";"1";"7";"0";"2";"2";"1";"1";""
"202100006226";"190 678";"B01";"3";"1";"0";"2";"8";"1";"5";""
"202100006226";"190 679";"A01";"3";"7";"0";"2";"1";"9";"2";""
"202100006227";"190 676";"A01";"0";"7";"0";"2";"1";"2";"1";""
"202100006227";"190 677";"B01";"1";"10";"0";"2";"4";"2";"1";""
"202100006228";"190 671";"B01";"3";"31";"0";"2";"1";"17";"1";""
"202100006228";"190 672";"A01";"3";"7";"0";"2";"3";"15";"1";""
"202100006229";"190 669";"A01";"1";"2";"0";"2";"1";"17";"1";""
"202100006229";"190 670";"B01";"1";"99";"0";"2";"3";"15";"1";""
"202100006230";"190 667";"A01";"1";"7";"0";"2";"1";"1";"1";""
"202100006230";"190 668";"B01";"2";"7";"0";"2";"3";"15";"1";""
"202100006231";"190 665";"B01";"1";"31";"0";"2";"0";"1";"1";""
"202100006231";"190 666";"A01";"1";"10";"0";"0";"0";"15";"1";""
"202100006232";"190 664";"A01";"1";"7";"0";"1";"1";"16";"1";""
"202100006233";"190 662";"A01";"2";"50";"12";"2";"1";"15";"3";""
"202100006233";"190 663";"B01";"2";"7";"0";"9";"7";"1";"1";""
"202100006234";"190 660";"B01";"2";"7";"0";"2";"8";"15";"1";""
"202100006234";"190 661";"A01";"2";"2";"0";"2";"7";"2";"1";""
"202100006235";"190 658";"B01";"3";"43";"0";"2";"1";"1";"1";""
"202100006235";"190 659";"A01";"3";"7";"0";"2";"2";"19";"1";""
"202100006236";"190 657";"A01";"3";"30";"0";"0";"0";"26";"1";""
"202100006237";"190 656";"A01";"1";"7";"0";"1";"1";"1";"3";""
"202100006238";"190 654";"A01";"1";"7";"0";"0";"6";"15";"1";""
"202100006238";"190 655";"B01";"1";"33";"0";"2";"1";"21";"1";""
"202100006239";"190 652";"B01";"3";"7";"0";"2";"3";"1";"1";""
"202100006239";"190 653";"A01";"3";"7";"0";"2";"1";"1";"1";""
"202100006240";"190 651";"A01";"1";"7";"0";"1";"2";"1";"1";""
"202100006241";"190 645";"B01";"0";"7";"0";"2";"4";"2";"1";""
"202100006241";"190 646";"A01";"2";"7";"0";"2";"1";"0";"1";""
"202100006242";"190 644";"A01";"0";"7";"0";"1";"3";"15";"1";""
"202100006243";"190 642";"B01";"1";"1";"0";"2";"1";"1";"5";""
"202100006243";"190 643";"A01";"1";"7";"0";"2";"0";"26";"1";""
"202100006244";"190 641";"A01";"1";"1";"0";"1";"1";"25";"5";""
"202100006245";"190 633";"A01";"2";"10";"3";"2";"2";"1";"1";""
"202100006245";"190 634";"B01";"2";"7";"0";"2";"1";"2";"1";""
"202100006245";"190 635";"C01";"2";"7";"0";"2";"4";"2";"1";""
"202100006245";"190 636";"D01";"2";"7";"0";"2";"1";"2";"1";""
"202100006245";"190 637";"E01";"2";"7";"0";"2";"0";"0";"1";""
"202100006245";"190 638";"F01";"2";"10";"0";"2";"6";"2";"1";""
"202100006245";"190 639";"G01";"2";"7";"0";"2";"1";"2";"1";""
"202100006245";"190 640";"H01";"2";"7";"0";"2";"6";"2";"1";""
"202100006246";"190 630";"C01";"0";"7";"0";"2";"3";"13";"0";""
"202100006246";"190 631";"A01";"0";"7";"0";"2";"3";"1";"1";""
"202100006246";"190 632";"B01";"0";"7";"0";"2";"3";"1";"1";""
"202100006247";"190 629";"A01";"2";"7";"8";"0";"2";"13";"1";""
"202100006248";"190 627";"A01";"1";"15";"0";"2";"1";"9";"1";""
"202100006248";"190 628";"B01";"1";"7";"0";"6";"4";"9";"1";""
"202100006249";"190 625";"B01";" -1";"7";"0";" -1";" -1";"1";" -1";""
"202100006249";"190 626";"A01";" -1";"30";"0";" -1";" -1";" -1";" -1";""
"202100006250";"190 623";"B01";"3";"33";"0";"2";"6";"1";"1";""
"202100006250";"190 624";"A01";"3";"10";"0";"2";"2";"15";"1";""
"202100006251";"190 622";"A01";"2";"7";"2";"0";"1";"14";"1";""
"202100006252";"190 621";"A01";"1";"7";"1";"0";"2";"14";"1";""
"202100006253";"190 619";"B01";"2";"37";"0";"2";"2";"1";"1";"3"
"202100006253";"190 620";"A01";"2";"7";"0";"2";"3";"10";"1";""
"202100006254";"190 618";"A01";"3";"7";"0";"1";"3";"1";"1";""
"202100006255";"190 616";"A01";"1";"7";"0";"2";"2";"20";"1";""