"Num_Acc";"id_vehicule";"num_veh";"senc";"catv";"obs";"obsm";"choc";"manv";"motor";"occutc"
"202100006255";"190 617";"B01";"1";"1";"0";"1";"3";"18";"5";""
"202100006256";"190 615";"A01";"3";"32";"14";"0";"1";"25";"1";""
"202100006257";"190 613";"A01";"3";"7";"0";"2";"2";"1";"1";""
"202100006257";"190 614";"B01";"3";"7";"0";"2";"8";"10";"1";""
"202100006258";"190 610";"A01";"1";"7";"0";"2";"1";"2";"1";""
"202100006258";"190 611";"B01";"1";"7";"0";"2";"4";"2";"1";""
"202100006258";"190 612";"C01";"1";"7";"0";"2";"4";"2";"1";""
"202100006259";"190 606";"A01";"1";"7";"1";"0";"1";"1";"1";""
"202100006259";"190 607";"B01";"1";"7";"1";"0";"1";"2";"1";""
"202100006259";"190 608";"C01";"1";"7";"0";"0";"4";"1";"1";""
"202100006259";"190 609";"D01";"1";"7";"0";"0";"4";"1";"2";""
"202100006260";"190 601";"A01";"0";"7";"0";"2";"1";"9";"1";""
"202100006260";"190 602";"B01";"0";"7";"0";"2";"7";"1";"1";""
"202100006261";"190 599";"A01";"3";"7";"0";"2";"1";"1";"1";""
"202100006261";"190 600";"B01";"3";"7";"0";"2";"1";"1";"1";""
"202100006262";"190 597";"B01";"1";"7";"0";"2";"1";"0";"3";""
"202100006262";"190 598";"A01";"1";"7";"0";"2";"1";"13";"1";""
"202100006263";"190 596";"A01";"1";"7";"0";"1";"2";"9";"1";""
"202100006264";"190 594";"B01";"3";"2";"0";"2";"1";"1";"1";""
"202100006264";"190 595";"A01";"3";"10";"0";"2";"7";"15";"1";""
"202100006265";"190 592";"B01";"2";"7";"0";"2";"8";"0";"1";""
"202100006265";"190 593";"A01";"1";"7";"0";"2";"1";"26";"1";""
"202100006266";"190 591";"A01";"1";"7";"0";"1";"1";"1";"1";""
"202100006267";"190 589";"A01";"3";"32";"0";"2";"0";"9";"1";""
"202100006267";"190 590";"B01";"3";"7";"0";"2";"6";"9";"1";""
"202100006268";"190 587";"A01";"3";"7";"0";"2";"1";"14";"0";""
"202100006268";"190 588";"B01";"2";"7";"0";"2";"4";"0";"0";""
"202100006269";"190 585";"A01";"3";"7";"0";"2";"5";"10";"1";""
"202100006269";"190 586";"B01";"3";"7";"0";"2";"1";"1";"1";""
"202100006270";"190 584";"A01";"2";"7";"0";"1";"2";"1";"1";""
"202100006271";"190 583";"A01";"3";"7";"9";"0";"3";"15";"3";""
"202100006272";"190 582";"A01";"3";"7";"0";"1";"1";"1";"1";""
"202100006273";"190 580";"A01";"2";"7";"0";"2";"1";"2";"1";""
"202100006273";"190 581";"B01";"2";"7";"0";"2";"4";"2";"1";""
"202100006274";"190 578";"B01";"1";"2";"0";"2";"1";"0";"1";""
"202100006274";"190 579";"A01";"1";"7";"0";"2";"5";"0";"1";""
"202100006275";"190 577";"A01";"2";"31";"15";"0";"2";"2";"1";""
"202100006276";"190 575";"A01";"1";"7";"0";"2";"1";"1";"1";""
"202100006276";"190 576";"B01";"2";"2";"0";"2";"1";"1";"1";""
"202100006277";"190 573";"B01";"3";"7";"0";"2";"8";"1";"1";""
"202100006277";"190 574";"A01";"3";"30";"0";"2";"3";"0";"1";""
"202100006278";"190 571";"B01";"1";"7";"0";"2";"1";"1";"1";""
"202100006278";"190 572";"A01";"1";"10";"0";"2";"8";"19";"1";""
"202100006279";"190 570";"A01";"2";"7";"3";"0";"1";"9";"1";""
"202100006280";"190 569";"A01";"2";"7";"7";"0";"9";"1";"1";""
"202100006281";"190 567";"B01";"3";"50";"0";"2";"1";"25";"3";""
"202100006281";"190 568";"A01";"3";"7";"0";"2";"3";"15";"1";""
"202100006282";"190 566";"A01";"2";"34";"0";"1";"8";"1";"1";""
"202100006283";"190 565";"A01";"1";"30";"0";"1";"1";"1";"1";""
"202100006284";"190 563";"B01";"1";"7";"0";"2";"8";"15";"1";""
"202100006284";"190 564";"A01";"2";"14";"0";"2";"5";"16";"1";""
"202100006285";"190 561";"A01";"1";"1";"0";"2";"4";"1";"5";""
"202100006285";"190 562";"Z01";"1";"7";"0";"2";"1";"1";"1";""
"202100006286";"190 559";"A01";"1";"7";"0";"2";"2";"1";"1";""
"202100006286";"190 560";"B01";"2";"2";"0";"2";"1";"1";"1";""
"202100006287";"190 556";"A01";"3";"33";"0";"2";"3";"1";"1";""
"202100006287";"190 557";"B01";"3";"7";"0";"2";"2";"15";"1";""
"202100006288";"190 554";"A01";"1";"7";"0";"2";"1";"15";"2";""
"202100006288";"190 555";"B01";"2";"33";"0";"2";"8";"1";"1";""
"202100006289";"190 552";"A01";"1";"7";"0";"2";"3";"1";"1";""
"202100006289";"190 553";"B01";"2";"33";"0";"2";"8";"1";"1";""
"202100006290";"190 550";"B01";"3";"7";"0";"2";"4";"1";"1";""
"202100006290";"190 551";"A01";"3";"7";"0";"2";"1";"1";"1";""
"202100006291";"190 548";"A01";"2";"1";"0";"2";"4";"7";"5";""
"202100006291";"190 549";"Z01";"2";"7";"0";"2";"0";"7";"1";""
"202100006292";"190 546";"B01";"2";"7";"0";"2";"1";"1";"1";""
"202100006292";"190 547";"A01";"2";"1";"0";"2";"1";"19";"5";""
"202100006293";"190 545";"A01";"1";"7";"0";"1";"2";"1";"1";""
"202100006294";"190 542";"A01";"1";"10";"0";"2";"3";"11";"3";""
"202100006294";"190 543";"C01";"2";"43";"0";"2";"0";"1";"1";""
"202100006294";"190 544";"B01";"1";"7";"0";"2";"5";"1";"1";""
"202100006295";"190 541";"A01";"1";"2";"0";"1";"1";"1";"3";""
"202100006296";"190 540";"A01";"2";"1";"0";"1";"1";"1";"5";""
"202100006297";"190 539";"A01";"2";"1";"0";"1";"1";"1";"5";""
"202100006298";"190 537";"Z01";"1";"7";"0";"2";"1";"16";"0";""
"202100006298";"190 538";"A01";"1";"1";"0";"2";"4";"7";"5";""
"202100006299";"190 535";"A01";"3";"7";"0";"2";"2";"1";"1";""
"202100006299";"190 536";"B01";"3";"7";"8";"2";"3";"1";"1";""
"202100006300";"190 534";"A01";"2";"7";"0";"1";"6";"15";"1";""
"202100006301";"190 532";"A01";"3";"7";"0";"2";"7";"1";"1";""
"202100006301";"190 533";"B01";"1";"1";"0";"2";"3";"1";"5";""
"202100006302";"190 529";"C01";"1";"7";"0";"2";"4";"2";"1";""
"202100006302";"190 530";"B01";"1";"7";"0";"2";"0";"2";"1";""
"202100006302";"190 531";"A01";"1";"37";"0";"2";"1";"2";"1";"1"
"202100006303";"190 527";"B01";"1";"1";"0";"2";"1";"1";"5";""
"202100006303";"190 528";"A01";"2";"7";"0";"2";"3";"16";"2";""
"202100006304";"190 523";"A01";"2";"7";"1";"1";"3";"1";"1";""
"202100006305";"190 522";"A01";"2";"33";"0";"0";"8";"1";"1";""
"202100006306";"190 520";"B01";"2";"7";"0";"2";"3";"0";"1";""
"202100006306";"190 521";"A01";"3";"32";"0";"2";"2";"9";"1";""
"202100006307";"190 518";"A01";" -1";"7";"0";"2";"5";"15";"1";""
"202100006307";"190 519";"B01";" -1";"7";"0";"2";"1";"1";"1";""
"202100006308";"190 515";"C01";"1";"7";"0";"1";"0";"23";"0";""
"202100006308";"190 516";"B01";"1";"7";"0";"2";"4";"23";"0";""
"202100006308";"190 517";"A01";"1";"30";"0";"1";"1";"13";"6";""
"202100006309";"190 514";"A01";"3";"7";"0";"1";"3";"16";"1";""
"202100006310";"190 505";"A01";"1";"7";"0";"2";"7";"17";"0";""
"202100006310";"190 506";"B01";"1";"31";"0";"2";"3";"0";"0";""
"202100006310";"190 507";"C01";"1";"7";"0";"2";"8";"0";"0";""
"202100006310";"190 508";"D01";"1";"7";"0";"2";"8";"0";"0";""
"202100006310";"190 509";"E01";"1";"2";"0";"2";"8";"0";"0";""
"202100006310";"190 510";"F01";"1";"7";"0";"2";"8";"0";"0";""
"202100006310";"190 511";"G01";"1";"7";"0";"2";"8";"0";"0";""
"202100006310";"190 512";"H01";"1";"7";"0";"2";"8";"0";"0";""
"202100006310";"190 513";"I01";"1";"7";"0";"2";"8";"0";"0";""
"202100006311";"190 503";"B01";" -1";"43";"0";"2";"1";"1";"1";""
"202100006311";"190 504";"A01";" -1";"7";"0";"2";"2";"15";"1";""
"202100006312";"190 501";"A01";"1";"7";"0";"0";"1";"19";"1";""
"202100006312";"190 502";"C01";"1";"1";"0";"2";"7";"19";"5";""
"202100006313";"190 500";"A01";"2";"7";"0";"1";"2";"1";"1";""
"202100006314";"190 498";"B01";"3";"1";"0";"2";"7";"19";"5";""
"202100006314";"190 499";"A01";"2";"7";"0";"2";"1";"1";"1";""
"202100006315";"190 496";"B01";"0";"43";"0";"2";"2";"0";"1";""
"202100006315";"190 497";"A01";"0";"7";"0";"2";"3";"9";"1";""
"202100006316";"190 495";"A01";"2";"43";"0";"1";"8";"1";"1";""
"202100006317";"190 493";"A01";"3";"10";"0";"2";"0";"15";"1";""
"202100006317";"190 494";"B01";"3";"32";"3";"2";"2";"1";"1";""
"202100006318";"190 492";"A01";"1";"7";"8";"2";"2";"14";"1";""
"202100006319";"190 490";"B01";"3";"7";"12";"2";"3";"0";"1";""
"202100006319";"190 491";"A01";"1";"7";"0";"2";"4";"1";"1";""
"202100006320";"190 489";"A01";"1";"10";"7";"0";"1";"0";"1";""
"202100006321";"190 487";"B01";"1";"15";"0";"2";"4";"2";"1";""
"202100006321";"190 488";"A01";"1";"7";"0";"2";"1";"2";"1";""
"202100006322";"190 486";"A01";"1";"7";"4";"0";"1";"1";"1";""
"202100006323";"190 485";"A01";"0";"2";"0";"0";"0";"0";"1";""
"202100006324";"190 483";"A01";"2";"7";"0";"2";"5";"15";"1";""
"202100006324";"190 484";"B01";"1";"33";"0";"2";"1";"1";"1";""
"202100006325";"190 482";"A01";"0";"7";"0";"1";"1";"14";"1";""
"202100006326";"190 479";"C01";"2";"10";"0";"0";"7";"1";"1";""
"202100006326";"190 480";"A01";"2";"33";"0";"2";"1";"1";"1";""
"202100006326";"190 481";"B01";"2";"7";"0";"2";"5";"21";"1";""
"202100006327";"190 478";"A01";"1";"7";"0";"0";"9";"1";"1";""
"202100006328";"190 476";"A01";"1";"10";"0";"2";"1";"15";"1";""
"202100006328";"190 477";"B01";"2";"7";"0";"2";"1";"1";"1";""
"202100006329";"190 475";"A01";"2";"7";"0";"1";"2";"1";"1";""
"202100006330";"190 474";"A01";"2";"7";"16";"0";"9";"14";"1";""
"202100006331";"190 473";"A01";"3";"21";"0";"0";"7";"15";"1";""
"202100006332";"190 472";"A01";"3";"7";"0";"1";"4";"20";"1";""
"202100006333";"190 471";"A01";"1";"10";"2";"0";"3";"9";"1";""
"202100006334";"190 470";"A01";"2";"7";"0";"1";"2";"1";"1";""
"202100006335";"190 468";"A01";"1";"30";"0";"2";"1";"1";"0";""
"202100006335";"190 469";"B01";"1";"7";"0";"0";"4";"1";"1";""
"202100006336";"190 467";"A01";"3";"10";"0";"1";"4";"20";"1";""
"202100006337";"190 465";"B01";"1";"7";"0";"2";"1";"1";"1";""
"202100006337";"190 466";"A01";"2";"7";"0";"2";"1";"13";"1";""
"202100006338";"190 463";"A01";"3";"7";"0";"2";"2";"15";"1";""
"202100006338";"190 464";"B01";"3";"34";"0";"2";"1";"1";"1";""
"202100006339";"190 460";"A01";"2";"7";"0";"1";"2";"1";"1";""
"202100006340";"190 458";"B01";"3";"7";"0";"2";"8";"16";"1";""
"202100006340";"190 459";"A01";"3";"31";"0";"2";"1";"1";"1";""
"202100006341";"190 457";"A01";"1";"2";"6";"0";"1";"21";"1";""
"202100006342";"190 456";"A01";"1";"80";"0";"0";"0";"2";"3";""
"202100006343";"190 454";"B01";"2";"2";"0";"0";"8";"21";"1";""
"202100006343";"190 455";"A01";"1";"7";"0";"2";"3";"15";"1";""
"202100006344";"190 453";"A01";"2";"7";"4";"0";"1";"1";"1";""
"202100006345";"190 452";"A01";"2";"32";"0";"1";"1";"1";"1";""
"202100006346";"190 450";"B01";"2";"7";"0";"2";"3";"1";"1";""
"202100006346";"190 451";"A01";"1";"32";"0";"2";"1";"13";"1";""
"202100006347";"190 449";"A01";"1";"7";"0";"1";"2";"0";"1";""
"202100006348";"190 448";"A01";"3";"3";"0";"1";"4";"4";"1";""
"202100006349";"190 447";"A01";"1";"7";"0";"1";"1";"19";"1";""
"202100006350";"190 446";"A01";"1";"33";"0";"0";"0";"1";"1";""
"202100006351";"190 445";"A01";"0";"7";"15";"0";"9";"1";"1";""
"202100006352";"190 443";"B01";"1";"17";"0";"0";"4";"1";"1";""
"202100006352";"190 444";"A01";"1";"7";"12";"2";"1";"6";"1";""
"202100006353";"190 441";"A01";"3";"33";"0";"0";"8";"1";"1";""
"202100006353";"190 442";"B01";"1";"7";"0";"0";"1";"16";"1";""
"202100006354";"190 440";"A01";"1";"7";"0";"0";"7";"13";"1";""
"202100006355";"190 438";"B01";"3";"15";"0";"2";"3";"1";"1";""
"202100006355";"190 439";"A01";"3";"7";"0";"2";"1";"1";"1";""
"202100006356";"190 436";"B01";"3";"7";"0";"2";"3";"15";"1";""
"202100006356";"190 437";"A01";"2";"2";"0";"0";"2";"1";"1";""
"202100006357";"190 435";"A01";"2";"10";"2";"0";"2";"1";"1";""
"202100006358";"190 433";"B01";"3";"10";"0";"2";"6";"23";"1";""
"202100006358";"190 434";"A01";"3";"10";"0";"2";"2";"1";"1";""
"202100006359";"190 431";"A01";"2";"31";"0";"0";"1";"0";"1";""
"202100006359";"190 432";"B01";"1";"7";"0";"0";"8";"0";"1";""
"202100006360";"190 429";"B01";"1";"33";"0";"2";"1";"1";"1";""
"202100006360";"190 430";"A01";"1";"7";"0";"2";"7";"15";"1";""
"202100006361";"190 427";"B01";"3";"1";"0";"2";"8";"1";"5";""
"202100006361";"190 428";"A01";"3";"7";"0";"2";"8";"15";"1";""
"202100006362";"190 425";"A01";"3";"10";"1";"2";"1";"1";"1";""
"202100006362";"190 426";"B01";"3";"7";"0";"2";"1";"1";"1";""
"202100006363";"190 422";"C01";"2";"10";"0";"2";"4";"2";"1";""
"202100006363";"190 423";"B01";"2";"7";"0";"2";"4";"2";"1";""
"202100006363";"190 424";"A01";"2";"7";"0";"2";"1";"0";"1";""
"202100006364";"190 421";"A01";"2";"10";"3";"0";"9";"0";"1";""
"202100006365";"190 420";"A01";" -1";"7";" -1";" -1";" -1";" -1";" -1";""
"202100006366";"190 418";"A01";"1";"7";"0";"2";"3";"9";"1";""
"202100006366";"190 419";"B01";"1";"15";"0";"2";"2";"1";"1";""
"202100006367";"190 416";"A01";"1";"7";"0";"2";"1";"2";"1";""
"202100006367";"190 417";"B01";"1";"7";"0";"2";"4";"2";"1";""
"202100006368";"190 413";"C01";"1";"7";"0";"2";"4";"2";"1";""
"202100006368";"190 414";"B01";"1";"7";"0";"2";"4";"2";"1";""
"202100006368";"190 415";"A01";"1";"7";"0";"2";"1";"2";"1";""
"202100006369";"190 411";"B01";"2";"7";"0";"2";"4";"2";"1";""
"202100006369";"190 412";"A01";"2";"33";"0";"2";"1";"2";"1";""
"202100006370";"190 410";"A01";"1";"7";"4";"0";"3";"1";"1";""
"202100006371";"190 408";"A01";"1";"7";"0";"2";"0";"0";"0";""
"202100006371";"190 409";"B01";"1";"7";"0";"2";"4";"1";"1";""
"202100006372";"190 406";"A01";"1";"0";"0";"2";"7";"12";"0";""
"202100006372";"190 407";"B01";"1";"32";"0";"2";"6";"1";"1";""
"202100006373";"190 403";"C01";"1";"10";"0";"2";"4";"2";"1";""
"202100006373";"190 404";"B01";"1";"10";"0";"2";"4";"2";"1";""
"202100006373";"190 405";"A01";"1";"7";"0";"2";"1";"1";"1";""
"202100006374";"190 401";"A01";"1";"15";"0";"2";"2";"12";"0";""
"202100006374";"190 402";"B01";"1";"7";"0";"2";"6";"2";"0";""
"202100006375";"190 399";"B01";"1";"33";"0";"2";"4";"2";"1";""
"202100006375";"190 400";"A01";"1";"7";"0";"2";"4";"1";"1";""
"202100006376";"190 397";"A01";"1";"15";"0";"2";"5";"14";"1";""
"202100006376";"190 398";"B01";"1";"7";"0";"2";"1";"1";"1";""
"202100006377";"190 394";"A01";"1";"7";"0";"2";"4";"2";"1";""
"202100006377";"190 395";"B01";"1";"7";"0";"2";"4";"2";"3";""
"202100006377";"190 396";"C01";"1";"7";"0";"2";"1";"2";"1";""
"202100006378";"190 393";"A01";"1";"7";"5";"0";"3";"1";"1";""
"202100006379";"190 392";"A01";"3";"7";"0";"1";"2";"20";"1";""
"202100006380";"190 390";"B01";"2";"7";"0";"2";"1";"1";"1";""
"202100006380";"190 391";"A01";"1";"7";"0";"2";"3";"13";"1";""
"202100006381";"190 389";"A01";"1";"30";"12";"0";"0";"13";"1";""
"202100006382";"190 385";"D01";"2";"7";"0";"2";"1";"1";"3";""
"202100006382";"190 386";"C01";"2";"7";"0";"2";"4";"2";"1";""
"202100006382";"190 387";"B01";"2";"7";"0";"2";"4";"2";"1";""
"202100006382";"190 388";"A01";"2";"7";"0";"2";"1";"2";"1";""
"202100006383";"190 384";"A01";"1";"7";"1";"0";"2";"14";"1";""
"202100006384";"190 382";"B01";"1";"7";"0";"2";"4";"26";"1";""
"202100006384";"190 383";"A01";"1";"31";"0";"2";"1";"26";"1";""
"202100006385";"190 381";"A01";"1";"7";"0";"1";"1";"26";"1";""
"202100006386";"190 379";"B01";"2";"33";"0";"2";"1";"1";"1";""
"202100006386";"190 380";"A01";"1";"7";"0";"2";"7";"16";"1";""
"202100006387";"190 378";"A01";"3";"7";"1";"0";"1";"20";"1";""
"202100006388";"190 377";"A01";"3";"7";"0";"1";"2";"1";"1";""
"202100006389";"190 375";"B01";"2";"7";"0";"2";"2";"19";"1";""
"202100006389";"190 376";"A01";"1";"32";"0";"2";"1";"1";"1";""
"202100006390";"190 373";"A01";"3";"7";"3";"0";"2";"13";"1";""
"202100006390";"190 374";"B01";"3";"7";"3";"0";"2";"1";"1";""
"202100006391";"190 371";"A01";"2";"7";"0";"2";"3";"15";"1";""
"202100006391";"190 372";"B01";"1";"33";"0";"2";"1";"17";"1";""
"202100006392";"190 369";"A01";"3";"10";"1";"0";"2";"1";"1";""
"202100006392";"190 370";"B01";"3";"7";"0";"2";"6";"23";"1";""
"202100006393";"190 368";"A01";"1";"7";"0";"1";"7";"1";"1";""
"202100006394";"190 366";"A01";"1";"7";"0";"2";"2";"15";"1";""
"202100006394";"190 367";"B01";"1";"30";"0";"2";"6";"17";"1";""
"202100006395";"190 365";"A01";"2";"7";"0";"1";"2";"17";"1";""
"202100006396";"190 363";"A01";"1";"7";"0";"2";"6";"15";"1";""
"202100006396";"190 364";"B01";"1";"33";"0";"2";"1";"17";"1";""
"202100006397";"190 361";"A01";"1";"7";"0";"2";"2";"17";"1";""
"202100006397";"190 362";"B01";"1";"1";"0";"2";"6";"1";"5";""
"202100006398";"190 360";"A01";"2";"1";"0";"0";"7";"1";"5";""
"202100006399";"190 358";"A01";"0";"7";"0";"1";"1";"16";"1";""
"202100006400";"190 356";"B01";"3";"7";"0";"2";"4";"1";"1";""
"202100006400";"190 357";"A01";"3";"7";"0";"2";"1";"1";"1";""
"202100006401";"190 355";"A01";"1";"7";"0";"1";"1";"16";"1";""
"202100006402";"190 353";"B01";"2";"2";"0";"2";"1";"17";"1";""
"202100006402";"190 354";"A01";"1";"10";"0";"2";"1";"15";"1";""
"202100006403";"190 352";"A01";"2";"10";"0";"1";"1";"15";"1";""
"202100006404";"190 351";"A01";"3";"7";"8";"0";"6";"4";"1";""
"202100006405";"190 350";"A01";"2";"30";"0";"1";"1";"1";"1";""
"202100006406";"190 349";"A01";"3";"7";"1";"0";"1";"14";"1";""
"202100006407";"190 348";"A01";"1";"7";"0";"1";"8";"9";"1";""
"202100006408";"190 347";"A01";"2";"7";"0";"1";"1";"1";"1";""
"202100006409";"190 345";"B01";"2";"15";"0";"2";"1";"1";"1";""
"202100006409";"190 346";"A01";"2";"15";"0";"2";"1";"5";"1";""
"202100006410";"190 343";"B01";"1";"30";"0";"2";"4";"1";"1";""
"202100006410";"190 344";"A01";"1";"7";"0";"2";"1";"1";"1";""
"202100006411";"190 342";"A01";"1";"7";"0";"1";"2";"15";"1";""
"202100006412";"190 339";"A01";"1";"7";"0";"2";"1";"1";"1";""
"202100006412";"190 340";"B01";"2";"10";"0";"2";"1";"1";"1";""
"202100006413";"190 330";"Z01";"1";"7";"0";"2";"1";"9";"0";""
"202100006413";"190 331";"B01";"1";"1";"0";"2";"2";"1";"5";""
"202100006414";"190 328";"B01";"1";"2";"0";"2";"8";"1";"1";""
"202100006414";"190 329";"A01";"3";"7";"0";"2";"1";"15";"1";""
"202100006415";"190 326";"A01";"3";"7";"0";"2";"3";"9";"1";""
"202100006415";"190 327";"B01";"3";"1";"0";"2";"1";"1";"5";""
"202100006416";"190 325";"A01";"2";"7";"0";"1";"1";"1";"1";""
"202100006417";"190 323";"A01";"2";"30";"0";"2";"1";"1";"1";""
"202100006417";"190 324";"B01";"1";"7";"0";"2";"3";"23";"1";""
"202100006418";"190 322";"A01";"1";"30";"0";"0";"1";"1";"1";""
"202100006419";"190 320";"A01";"3";"7";"0";"2";"8";"15";"1";""
"202100006419";"190 321";"B01";"1";"2";"0";"2";"2";"1";"1";""
"202100006420";"190 319";"A01";"3";"10";"0";"1";"4";"4";"0";""
"202100006421";"190 317";"A01";"1";"10";"0";"2";"8";"10";"1";""
"202100006421";"190 318";"B01";"1";"31";"0";"2";"1";"1";"1";""
"202100006422";"190 314";"A01";"1";"7";"0";"1";"2";"9";"1";""
"202100006423";"190 313";"A01";"0";"7";"0";"1";"0";"0";"0";""
"202100006424";"190 312";"A01";"1";"7";"8";"0";"1";"13";"1";""
"202100006425";"190 311";"A01";"1";"7";"0";"1";"2";"16";"1";""
"202100006426";"190 309";"B01";"3";"33";"0";"2";"0";"0";"0";""
"202100006426";"190 310";"A01";"0";"7";"0";"2";"6";"13";"0";""
"202100006427";"190 308";"A01";"2";"7";"0";"1";"2";"1";"1";""
"202100006428";"190 306";"A01";"1";"7";"0";"2";"2";"15";"1";""
"202100006428";"190 307";"B01";"2";"1";"0";"2";"1";"1";"5";""
"202100006429";"190 304";"A01";"2";"7";"0";"2";"3";"15";"1";""
"202100006429";"190 305";"B01";"1";"2";"0";"2";"8";"1";"1";""
"202100006430";"190 303";"A01";"3";"7";"0";"1";"1";"17";"1";""
"202100006431";"190 301";"A01";"3";"7";"0";"2";"1";"15";"1";""
"202100006431";"190 302";"B01";"3";"1";"0";"2";"8";"23";"5";""
"202100006432";"190 297";"A01";"1";"7";"0";"2";"3";"9";"1";""
"202100006432";"190 298";"B01";"1";"2";"0";"2";"7";"9";"1";""
"202100006433";"190 296";"A01";"1";"7";"0";"1";"1";"19";"1";""
"202100006434";"190 294";"A01";"3";"7";"0";"9";"3";"16";"1";""
"202100006434";"190 295";"B01";"3";"1";"0";"2";"2";"13";"5";""
"202100006435";"190 292";"B01";"1";"7";"0";"2";"5";"0";"1";""
"202100006435";"190 293";"A01";"1";"7";"14";"2";"1";"1";"3";""
"202100006436";"190 290";"B01";"3";"7";"0";"2";"3";"9";"1";""
"202100006436";"190 291";"A01";"3";"2";"0";"2";"1";"1";"1";""
"202100006437";"190 289";"A01";"2";"10";"0";"1";"1";"9";"1";""
"202100006438";"190 287";"B01";"1";"7";"0";"2";"3";"15";"1";""
"202100006438";"190 288";"A01";"2";"10";"0";"2";"1";"1";"1";""
"202100006439";"190 285";"B01";"1";"7";"0";"9";"2";"0";"3";""
"202100006439";"190 286";"A01";"1";"1";"0";"2";"2";"26";"5";""
"202100006440";"190 283";"Z01";"1";"7";"0";"2";"1";"1";"1";""
"202100006440";"190 284";"A01";"1";"7";"0";"2";"8";"1";"1";""
"202100006441";"190 282";"A01";"1";"34";"0";"1";"0";"0";"0";""
"202100006442";"190 281";"Z01";"1";"10";"0";"1";"0";"1";"0";""
"202100006443";"190 280";"A01";"3";"7";"0";"1";"1";"15";"1";""
"202100006444";"190 278";"A01";"3";"30";"0";"2";"7";"16";"1";""
"202100006444";"190 279";"B01";"3";"10";"0";"2";"3";"1";"1";""
"202100006445";"190 277";"A01";"2";"7";"0";"1";"2";"1";"1";""
"202100006446";"190 275";"B01";"3";"34";"0";"2";"8";"1";"1";""
"202100006446";"190 276";"A01";"3";"7";"0";"2";"1";"1";"1";""
"202100006447";"190 274";"A01";"1";"32";"0";"1";"1";"1";"1";""
"202100006448";"190 273";"A01";"1";"37";"0";"1";"2";"1";"1";"1"
"202100006449";"190 271";"A01";"1";"7";"0";"2";"1";"15";"1";""
"202100006449";"190 272";"B01";"1";"33";"0";"2";"1";"1";"1";""
"202100006450";"190 268";"A01";"3";"7";"0";"2";"7";"15";"1";""
"202100006450";"190 269";"B01";"2";"43";"0";"2";"1";"1";"1";""
"202100006450";"190 270";"C01";"1";"7";"0";"2";"1";"1";"1";""
"202100006451";"190 266";"A01";"0";"7";"0";"2";"1";"1";"1";""
"202100006451";"190 267";"B01";"1";"33";"0";"2";"8";"0";"1";""
"202100006452";"190 264";"A01";"1";"7";"0";"9";"4";"26";"1";""
"202100006452";"190 265";"B01";"1";"1";"0";"2";"4";"26";"5";""
"202100006453";"190 261";"B01";"1";"10";"0";"2";"4";"1";"1";""
"202100006453";"190 262";"C01";"1";"7";"0";"2";"4";"2";"1";""
"202100006453";"190 263";"A01";"1";"7";"0";"2";"1";"1";"1";""
"202100006454";"190 259";"A01";"1";"14";"0";"2";"2";"1";"1";""
"202100006454";"190 260";"B01";"1";"10";"0";"2";"8";"9";"1";""
"202100006455";"190 256";"A01";"1";"7";"0";"2";"3";"11";"2";""
"202100006455";"190 257";"B01";"1";"43";"0";"2";"2";"1";"1";""
"202100006455";"190 258";"C01";"1";"7";"0";"2";"2";"1";"1";""
"202100006456";"190 254";"B01";"2";"33";"0";"2";"7";"3";"1";""
"202100006456";"190 255";"A01";"2";"7";"0";"2";"8";"11";"1";""
"202100006457";"190 253";"A01";"2";"7";"6";"1";"1";"20";"1";""
"202100006458";"190 252";"A01";"2";"1";"12";"0";"3";"13";"5";""
"202100006459";"190 250";"B01";"1";"1";"0";"2";"4";"23";"5";""
"202100006459";"190 251";"A01";"1";"1";"0";"2";"1";"2";"5";""
"202100006460";"190 248";"B01";"3";"10";"0";"2";"4";"1";"1";""
"202100006460";"190 249";"A01";"3";"32";"0";"2";"1";"1";"1";""
"202100006461";"190 247";"A01";"2";"7";"0";"1";"6";"4";"1";""
"202100006462";"190 246";"A01";"2";"1";"0";"1";"7";"1";"5";""
"202100006463";"190 244";"A01";"1";"7";"0";"2";"5";"22";"1";""
"202100006463";"190 245";"B01";"1";"1";"0";"2";"5";"1";"5";""
"202100006464";"190 242";"A01";"2";"50";"0";"2";"3";"1";"3";""
"202100006464";"190 243";"Z01";"3";"10";"0";"2";"5";"16";"0";""
"202100006465";"190 240";"A01";"1";"10";"0";"2";"7";"1";"1";""
"202100006465";"190 241";"B01";"2";"7";"0";"2";"1";"1";"1";""
"202100006466";"190 239";"A01";"2";"7";"0";"1";"4";"4";"1";""
"202100006467";"190 238";"A01";"2";"30";"0";"1";"1";"17";"1";""
"202100006468";"190 236";"A01";"3";"32";"0";"2";"6";"18";"1";""
"202100006468";"190 237";"B01";"3";"7";"0";"2";"2";"1";"1";""
"202100006469";"190 234";"B01";"2";"50";"0";"2";"1";"1";"3";""
"202100006469";"190 235";"A01";"2";"7";"0";"2";"3";"22";"1";""
"202100006470";"190 233";"A01";"1";"33";"0";"0";"1";"1";"1";""
"202100006471";"190 231";"B01";"1";"1";"0";"2";"4";"1";"5";""
"202100006471";"190 232";"A01";"1";"14";"0";"2";"2";"16";"1";""
"202100006472";"190 229";"A01";"1";"7";"0";"2";"3";"11";"1";""
"202100006472";"190 230";"B01";"1";"33";"0";"2";"7";"1";"1";""