"Num_Acc";"id_vehicule";"num_veh";"senc";"catv";"obs";"obsm";"choc";"manv";"motor";"occutc"
"202100007098";"189 079";"A01";"1";"7";"2";"0";"8";"1";"1";""
"202100007099";"189 078";"A01";"2";"33";"0";"0";"0";"1";"1";""
"202100007100";"189 077";"A01";"2";"7";"2";"0";"1";"1";"1";""
"202100007101";"189 072";"D01";"3";"7";"0";"0";"4";"1";"1";""
"202100007101";"189 073";"C01";"3";"7";"2";"0";"4";"1";"1";""
"202100007101";"189 074";"B01";"3";"10";"0";"2";"5";"1";"1";""
"202100007101";"189 075";"A01";"3";"10";"0";"2";"1";"17";"1";""
"202100007102";"189 070";"B01";"3";"21";"0";"2";"1";"19";"1";""
"202100007102";"189 071";"A01";"0";"7";"0";"2";"1";"1";"1";""
"202100007103";"189 069";"A01";"1";"7";"2";"0";"8";"1";"1";""
"202100007104";"189 067";"A01";"1";"7";"13";"0";"0";"26";"1";""
"202100007105";"189 066";"A01";"1";"7";"4";"0";"3";"16";"1";""
"202100007106";"189 064";"A01";"2";"7";"0";"2";"5";"12";"1";""
"202100007106";"189 065";"B01";"2";"33";"0";"2";"3";"3";"1";""
"202100007107";"189 063";"A01";"2";"7";"4";"0";"7";"9";"1";""
"202100007108";"189 060";"C01";"2";"10";"0";"1";"1";"1";"1";""
"202100007108";"189 061";"B01";"2";"7";"0";"1";"1";"1";"1";""
"202100007108";"189 062";"A01";"2";"7";"0";"1";"6";"1";"3";""
"202100007109";"189 058";"A01";"2";"7";"3";"2";"7";"14";"1";""
"202100007109";"189 059";"B01";"2";"7";"0";"2";"8";"1";"1";""
"202100007110";"189 056";"A01";"2";"7";"0";"2";"1";"9";"1";""
"202100007110";"189 057";"B01";"2";"7";"4";"2";"5";"2";"1";""
"202100007111";"189 054";"B01";"2";"31";"0";"2";"3";"3";"1";""
"202100007111";"189 055";"Z01";"2";"7";"0";"2";"2";"12";"0";""
"202100007112";"189 053";"A01";"2";"7";"3";"0";"1";"1";"1";""
"202100007113";"189 051";"A01";"1";"7";"0";"2";"1";"1";"1";""
"202100007113";"189 052";"B01";"1";"7";"0";"2";"4";"1";"1";""
"202100007114";"189 049";"A01";"1";"7";"0";"2";"4";"1";"1";""
"202100007114";"189 050";"B01";"1";"7";"0";"2";"1";"2";"1";""
"202100007115";"189 048";"A01";"1";"7";"3";"0";"9";"1";"0";""
"202100007116";"189 046";"A01";"2";"10";"0";"2";"2";"21";"1";""
"202100007116";"189 047";"B01";"2";"7";"0";"2";"6";"6";"1";""
"202100007117";"189 045";"A01";"1";"7";"0";"1";"2";"1";"1";""
"202100007118";"189 044";"A01";"2";"30";"0";"1";"0";"0";"1";""
"202100007119";"189 042";"A01";"1";"10";"0";"1";"1";"1";"1";""
"202100007120";"189 041";"A01";"1";"7";"0";"1";"8";"1";"1";""
"202100007121";"189 040";"A01";"1";"7";"0";"1";"1";"9";"1";""
"202100007122";"189 039";"A01";"2";"7";"0";"1";"3";"1";"1";""
"202100007123";"189 037";"B01";"1";"7";"0";"2";"4";"23";"1";""
"202100007123";"189 038";"A01";"2";"7";"0";"2";"1";"23";"1";""
"202100007124";"189 036";"Z01";"0";"0";"0";"1";"2";"26";"0";""
"202100007125";"189 035";"A01";"2";"0";"0";"1";"7";"14";"0";""
"202100007126";"189 033";"Z01";"1";"7";"0";"2";"1";"0";"1";""
"202100007126";"189 034";"B01";"1";"1";"0";"2";"4";"0";"5";""
"202100007127";"189 029";"A01";"1";"7";"0";"1";"5";"16";"1";""
"202100007128";"189 027";"A01";"2";"7";"0";"2";"1";"9";"1";""
"202100007128";"189 028";"B01";"2";"7";"0";"2";"8";"1";"1";""
"202100007129";"189 025";"A01";"2";"3";"0";"2";"7";"16";"1";""
"202100007129";"189 026";"B01";"2";"80";"0";"2";"1";"2";"3";""
"202100007130";"189 024";"A01";"2";"7";"1";"0";"2";"14";"1";""
"202100007131";"189 022";"A01";"1";"33";"0";"2";"1";"21";"1";""
"202100007131";"189 023";"B01";"1";"7";"0";"2";"6";"2";"1";""
"202100007132";"189 021";"A01";"1";"7";"0";"0";"0";"1";"1";""
"202100007133";"189 019";"B01";"1";"7";"0";"2";"3";"1";"1";""
"202100007133";"189 020";"A01";"1";"7";"0";"2";"1";"1";"1";""
"202100007134";"189 018";"A01";"1";"7";"1";"0";"2";"1";"3";""
"202100007135";"189 016";"A01";"1";"7";"16";"2";"3";"13";"1";""
"202100007135";"189 017";"B01";"2";"7";"0";"2";"3";"1";"1";""
"202100007136";"189 014";"B01";"2";"1";"0";"2";"4";"0";"5";""
"202100007136";"189 015";"A01";"1";"7";"0";"2";"3";"15";"1";""
"202100007137";"189 012";"A01";"1";"7";"0";"2";"2";"15";"1";""
"202100007137";"189 013";"B01";"2";"2";"0";"2";"1";"1";"3";""
"202100007138";"189 010";"A01";"2";"7";"0";"2";"1";"15";"1";""
"202100007138";"189 011";"B01";"2";"30";"0";"2";"1";"11";"1";""
"202100007139";"189 009";"A01";"1";"2";"0";"1";"1";"17";"1";""
"202100007140";"189 007";"B01";"1";"7";"0";"0";"8";"15";"1";""
"202100007140";"189 008";"A01";"1";"33";"0";"0";"1";"2";"1";""
"202100007141";"189 005";"A01";"1";"7";"0";"2";"1";"15";"1";""
"202100007141";"189 006";"B01";"1";"2";"0";"2";"1";"1";"1";""
"202100007142";"189 003";"A01";"2";"7";"0";"2";"4";"2";"1";""
"202100007142";"189 004";"B01";"2";"7";"0";"2";"1";"2";"1";""
"202100007143";"189 001";"A01";"1";"7";"0";"2";"3";"9";"0";""
"202100007143";"189 002";"B01";"2";"30";"0";"2";"1";"26";"1";""
"202100007144";"188 999";"A01";"2";"7";"0";"2";"1";"2";"1";""
"202100007144";"189 000";"B01";"2";"1";"0";"2";"7";"2";"0";""
"202100007145";"188 997";"B01";"1";"3";"0";"2";"3";"15";"1";""
"202100007145";"188 998";"A01";"1";"33";"0";"2";"7";"15";"1";""
"202100007146";"188 995";"A01";"2";"7";"0";"2";"2";"16";"1";""
"202100007146";"188 996";"B01";"2";"7";"0";"2";"3";"2";"1";""
"202100007147";"188 993";"B01";"3";"10";"0";"0";"4";"2";"1";""
"202100007147";"188 994";"A01";"3";"7";"0";"2";"1";"2";"1";""
"202100007148";"188 992";"A01";"1";"30";"0";"1";"1";"19";"1";""
"202100007149";"188 990";"A01";"3";"7";"0";"2";"3";"1";"1";""
"202100007149";"188 991";"B01";"3";"1";"0";"2";"1";"9";"5";""
"202100007150";"188 988";"A01";"1";"30";"0";"2";"1";"2";"1";""
"202100007150";"188 989";"B01";"2";"34";"0";"2";"0";"0";"0";""
"202100007151";"188 986";"B01";"3";"7";"0";"2";"1";"1";"1";""
"202100007151";"188 987";"A01";"2";"7";"8";"2";"1";"1";"1";""
"202100007152";"188 984";"B01";"2";"7";"0";"2";"4";"2";"1";""
"202100007152";"188 985";"A01";"2";"7";"0";"2";"1";"2";"1";""
"202100007153";"188 982";"A01";"3";"7";"0";"2";"5";"9";"0";""
"202100007153";"188 983";"B01";"3";"7";"0";"2";"1";"15";"1";""
"202100007154";"188 980";"A01";"2";"7";"0";"2";"1";"1";"1";""
"202100007154";"188 981";"B01";"2";"7";"0";"2";"4";"1";"1";""
"202100007155";"188 979";"A01";"1";"7";"0";"1";"3";"1";"0";""
"202100007156";"188 978";"A01";"1";"33";"0";"1";"2";"19";"1";""
"202100007157";"188 976";"B01";"2";"7";"0";"2";"4";"2";"2";""
"202100007157";"188 977";"A01";"2";"7";"0";"2";"1";"2";"1";""
"202100007158";"188 974";"B01";"1";"7";"0";"2";"0";"9";"1";""
"202100007158";"188 975";"A01";"1";"2";"14";"2";"8";"21";"1";""
"202100007159";"188 972";"A01";"2";"7";"0";"2";"3";"10";"3";""
"202100007159";"188 973";"B01";"2";"33";"0";"2";"1";"17";"1";""
"202100007160";"188 970";"B01";"1";"33";"0";"2";"1";"1";"1";""
"202100007160";"188 971";"A01";"3";"7";"0";"2";"3";"15";"1";""
"202100007161";"188 966";"A01";"2";"7";"0";"2";"1";"16";"1";""
"202100007161";"188 967";"D01";"3";"7";"0";"2";"3";"23";"2";""
"202100007161";"188 968";"B01";"3";"7";"0";"2";"6";"23";"1";""
"202100007161";"188 969";"C01";"3";"7";"0";"2";"1";"23";"1";""
"202100007162";"188 964";"B01";"0";"7";"0";"2";"4";"0";"1";""
"202100007162";"188 965";"A01";"1";"7";"0";"2";"1";"2";"1";""
"202100007163";"188 962";"A01";"3";"7";"0";"2";"2";"15";"1";""
"202100007163";"188 963";"B01";"3";"7";"0";"2";"1";"1";"1";""
"202100007164";"188 959";"A01";"2";"33";"0";"2";"7";"12";"1";""
"202100007164";"188 960";"B01";"1";"7";"0";"2";"3";"1";"1";""
"202100007165";"188 957";"B01";"1";"33";"0";"2";"1";"1";"1";""
"202100007165";"188 958";"A01";"1";"7";"0";"2";"2";"9";"1";""
"202100007166";"188 948";"A01";"3";"7";"0";"1";"3";"9";"1";""
"202100007167";"188 947";"A01";"1";"7";"0";"1";"1";"1";"1";""
"202100007168";"188 946";"Z01";"3";"10";"0";"1";"2";"1";"1";""
"202100007169";"188 944";"A01";"1";"7";"0";"2";"2";"15";"1";""
"202100007169";"188 945";"B01";"2";"7";"0";"2";"2";"1";"1";""
"202100007170";"188 942";"A01";"1";"7";"0";"2";"1";"2";"1";""
"202100007170";"188 943";"B01";"1";"33";"0";"2";"4";"2";"1";""
"202100007171";"188 940";"A01";"1";"7";"0";"2";"5";"13";"1";""
"202100007171";"188 941";"B01";"1";"31";"0";"2";"1";"16";"1";""
"202100007172";"188 938";"B01";"0";"7";"0";"2";"4";"1";"1";""
"202100007172";"188 939";"A01";"0";"7";"0";"2";"1";"1";"1";""
"202100007173";"188 936";"B01";"0";"50";"0";"2";"1";"16";"3";""
"202100007173";"188 937";"A01";"0";"7";"0";"2";"1";"15";"1";""
"202100007174";"188 933";"C01";"2";"7";"0";"2";"3";"1";"1";""
"202100007174";"188 934";"B01";"2";"7";"0";"2";"0";"1";"1";""
"202100007174";"188 935";"A01";"2";"15";"0";"2";"1";"1";"1";""
"202100007175";"188 932";"A01";"3";"10";"0";"1";"4";"4";"1";""
"202100007176";"188 928";"A01";"3";"7";"0";"2";"2";"2";"1";""
"202100007176";"188 929";"C01";"3";"7";"14";"0";"0";"0";"1";""
"202100007177";"188 926";"A01";"2";"33";"3";"2";"1";"1";"1";""
"202100007177";"188 927";"B01";"2";"33";"3";"0";"4";"1";"1";""
"202100007178";"188 924";"B01";"3";"7";"0";"2";"1";"1";"1";""
"202100007178";"188 925";"A01";"3";"7";"0";"2";"1";"5";"1";""
"202100007179";"188 919";"B01";"3";"7";"0";"0";"4";"1";"1";""
"202100007179";"188 920";"A01";"3";"7";"0";"2";"1";"1";"1";""
"202100007180";"188 918";"A01";"3";"7";"6";"0";"1";"9";"1";""
"202100007181";"188 917";"A01";"1";"7";"0";"1";"1";"16";"1";""
"202100007182";"188 915";"B01";"1";"7";"0";"2";"2";"1";"2";""
"202100007182";"188 916";"A01";"1";"7";"0";"2";"1";"1";"1";""
"202100007183";"188 913";"B01";"1";"7";"4";"2";"4";"1";"1";""
"202100007183";"188 914";"A01";"1";"7";"4";"2";"9";"0";"1";""
"202100007184";"188 912";"A01";"3";"7";"0";"1";"1";"1";"1";""
"202100007185";"188 911";"A01";"0";"1";"0";"0";"0";"1";"5";""
"202100007186";"188 910";"A01";"1";"30";"11";"0";"0";"26";"1";""
"202100007187";"188 908";"B01";"3";"50";"0";"2";"7";"19";"3";""
"202100007187";"188 909";"A01";"3";"7";"0";"9";"1";"26";"1";""
"202100007188";"188 906";"B01";"3";"7";"0";"2";"4";"2";"1";""
"202100007188";"188 907";"A01";"3";"7";"0";"2";"1";"2";"1";""
"202100007189";"188 904";"B01";"3";"7";"0";"2";"1";"1";"1";""
"202100007189";"188 905";"A01";"3";"50";"0";"2";"1";"1";"3";""
"202100007190";"188 902";"A01";"3";"1";"0";"2";"1";"1";"5";""
"202100007190";"188 903";"B01";"3";"7";"0";"2";"7";"23";"1";""
"202100007191";"188 900";"B01";"3";"1";"0";"2";"1";"1";"5";""
"202100007191";"188 901";"A01";"3";"7";"0";"2";"3";"26";"1";""
"202100007192";"188 898";"A01";"3";"7";"0";"2";"5";"16";"1";""
"202100007192";"188 899";"B01";"3";"1";"0";"2";"0";"16";"5";""
"202100007193";"188 897";"A01";"1";"7";"9";"0";"3";"1";"1";""
"202100007194";"188 896";"A01";"1";"7";"12";"0";"1";"1";"1";""
"202100007195";"188 894";"B01";"0";"7";"1";"2";"6";"1";"1";""
"202100007195";"188 895";"A01";"2";"7";"0";"2";"1";"19";"1";""
"202100007196";"188 892";"B01";"1";"7";"0";"2";"2";"2";"6";""
"202100007196";"188 893";"A01";"1";"7";"0";"2";"3";"9";"6";""
"202100007197";"188 889";"C01";"2";"7";"0";"2";"1";"1";"1";""
"202100007197";"188 890";"B01";"2";"7";"0";"2";"1";"1";"1";""
"202100007197";"188 891";"A01";"2";"7";"0";"2";"4";"1";"1";""
"202100007198";"188 888";"A01";"1";"7";"6";"0";"1";"26";"1";""
"202100007199";"188 886";"A01";"2";"7";"0";"2";"3";"13";"1";""
"202100007199";"188 887";"B01";"1";"7";"0";"2";"3";"1";"1";""
"202100007200";"188 884";"A01";"2";"32";"0";"2";"2";"17";"1";""
"202100007200";"188 885";"B01";"2";"7";"0";"2";"3";"15";"1";""
"202100007201";"188 882";"A01";"2";"7";"0";"2";"3";"9";"1";""
"202100007201";"188 883";"B01";"0";"1";"0";"2";"1";"1";"5";""
"202100007202";"188 880";"B01";"1";"2";"0";"2";"1";"1";"1";""
"202100007202";"188 881";"A01";"2";"7";"0";"2";"2";"15";"1";""
"202100007203";"188 878";"B01";"2";"7";"0";"2";"2";"16";"1";""
"202100007203";"188 879";"A01";"2";"30";"0";"2";"1";"1";"1";""
"202100007204";"188 876";"B01";"1";"7";"0";"2";"1";"15";"1";""
"202100007204";"188 877";"A01";"1";"30";"0";"2";"2";"1";"1";""
"202100007205";"188 875";"A01";"3";"7";"0";"1";"4";"26";"2";""
"202100007206";"188 874";"A01";"2";"30";"11";"0";"3";"13";"1";""
"202100007207";"188 872";"A01";"2";"7";"0";"2";"1";"15";"1";""
"202100007207";"188 873";"B01";"1";"33";"0";"2";"1";"1";"1";""
"202100007208";"188 870";"B01";"3";"7";"0";"2";"4";"2";"2";""
"202100007208";"188 871";"A01";"3";"7";"0";"2";"1";"2";"1";""
"202100007209";"188 868";"B01";"2";"7";"0";"2";"8";"1";"1";""
"202100007209";"188 869";"A01";"1";"33";"0";"2";"1";"1";"1";""
"202100007210";"188 867";"A01";"3";"7";"0";"1";"1";"1";"1";""
"202100007211";"188 866";"A01";"3";"7";"0";"1";"1";"1";"1";""
"202100007212";"188 864";"B01";"1";"1";"0";"2";"1";"1";"5";""
"202100007212";"188 865";"A01";"1";"7";"0";"9";"8";"1";"1";""
"202100007213";"188 861";"B01";"3";"7";"0";"2";"9";"1";"1";""
"202100007213";"188 862";"C01";"3";"7";"0";"2";"4";"1";"1";""
"202100007213";"188 863";"A01";"3";"7";"0";"2";"1";"1";"1";""
"202100007214";"188 860";"A01";"3";"7";"0";"2";"1";"26";"0";""
"202100007215";"188 859";"B01";"1";"7";"0";"1";"7";"15";"1";""
"202100007216";"188 857";"B01";"1";"7";"0";"2";"0";"0";"1";""
"202100007216";"188 858";"A01";"1";"7";"0";"2";"0";"0";"1";""
"202100007217";"188 856";"A01";"3";"7";"0";"1";"4";"26";"1";""
"202100007218";"188 852";"Z01";"1";"7";"0";"2";"1";"1";"1";""
"202100007218";"188 853";"C01";"1";"7";"0";"2";"4";"23";"1";""
"202100007218";"188 854";"D01";"1";"7";"0";"2";"4";"23";"1";""
"202100007218";"188 855";"B01";"1";"7";"0";"2";"4";"23";"1";""
"202100007219";"188 849";"C01";"3";"10";"0";"2";"1";"3";"1";""
"202100007219";"188 850";"B01";"3";"7";"0";"2";"2";"1";"1";""
"202100007219";"188 851";"A01";"3";"10";"0";"2";"6";"1";"1";""
"202100007220";"188 847";"B01";"3";"60";"0";"0";"0";"0";"5";""
"202100007220";"188 848";"A01";"3";"80";"0";"9";"1";"7";"3";""
"202100007221";"188 846";"A01";"1";"7";"0";"1";"1";"14";"1";""
"202100007222";"188 845";"A01";"1";"7";"0";"1";"1";"1";"1";""
"202100007223";"188 844";"A01";"2";"7";"0";"1";"2";"1";"1";""
"202100007224";"188 842";"A01";"1";"1";"0";"2";"7";"5";"5";""
"202100007224";"188 843";"B01";"3";"7";"0";"2";"2";"15";"1";""
"202100007225";"188 840";"B01";"2";"7";"0";"2";"3";"16";"1";""
"202100007225";"188 841";"A01";"2";"7";"0";"2";"3";"15";"1";""
"202100007226";"188 838";"A01";"2";"7";"0";"2";"2";"9";"1";""
"202100007226";"188 839";"B01";"3";"7";"0";"2";"5";"1";"1";""
"202100007227";"188 837";"A01";"1";"30";"0";"0";"7";"15";"1";""
"202100007228";"188 835";"B01";"2";"10";"0";"2";"4";"1";"1";""
"202100007228";"188 836";"A01";"2";"30";"0";"2";"1";"2";"1";""
"202100007229";"188 833";"B01";"3";"30";"0";"2";"4";"23";"1";""
"202100007229";"188 834";"Z01";"3";"7";"0";"9";"2";"1";"1";""
"202100007230";"188 832";"A01";"3";"7";"0";"2";"1";"1";"1";""
"202100007231";"188 831";"A01";"1";"7";"0";"1";"1";"1";"1";""
"202100007232";"188 829";"B01";"1";"7";"0";"2";"1";"1";"2";""
"202100007232";"188 830";"A01";"1";"7";"0";"2";"1";"15";"1";""
"202100007233";"188 828";"Z01";"1";"7";"0";"1";"7";"1";"1";""
"202100007234";"188 824";"B01";"1";"33";"0";"2";"1";"2";"1";""
"202100007234";"188 825";"A01";"1";"7";"0";"2";"6";"17";"1";""
"202100007235";"188 821";"C01";"3";"10";"0";"2";"4";"2";"1";""
"202100007235";"188 822";"B01";"3";"10";"0";"2";"9";"2";"1";""
"202100007235";"188 823";"A01";"0";"7";"0";"2";"1";"2";"1";""
"202100007236";"188 819";"B01";"3";"30";"0";"2";"8";"1";"1";""
"202100007236";"188 820";"A01";"3";"7";"0";"2";"3";"9";"1";""
"202100007237";"188 818";"A01";"2";"7";"0";"1";"1";"15";"1";""
"202100007238";"188 817";"A01";"0";"7";"0";"1";"4";"4";"1";""
"202100007239";"188 815";"A01";"2";"7";"0";"2";"7";"9";"1";""
"202100007239";"188 816";"B01";"2";"2";"0";"2";"4";"1";"1";""
"202100007240";"188 814";"A01";"1";"7";"0";"0";"1";"26";"1";""
"202100007241";"188 812";"B01";"1";"2";"0";"2";"1";"1";"1";""
"202100007241";"188 813";"A01";"1";"7";"0";"2";"4";"1";"1";""
"202100007242";"188 810";"A01";"1";"7";"0";"2";"3";"26";"1";""
"202100007242";"188 811";"B01";"1";"1";"0";"2";"2";"26";"5";""
"202100007243";"188 808";"A01";"1";"1";"0";"2";"6";"26";"5";""
"202100007243";"188 809";"B01";"1";"31";"0";"2";"0";"26";"1";""
"202100007244";"188 806";"B01";"1";"50";"0";"2";"1";"26";"3";""
"202100007244";"188 807";"A01";"1";"7";"0";"2";"8";"26";"1";""
"202100007245";"188 804";"B01";"1";"7";"0";"2";"4";"1";"1";""
"202100007245";"188 805";"A01";"1";"38";"0";"2";"1";"1";"1";"1"
"202100007246";"188 802";"A01";"1";"7";"0";"2";"1";"26";"1";""
"202100007246";"188 803";"B01";"1";"1";"0";"2";"1";"26";"5";""
"202100007247";"188 801";"A01";"1";"50";"0";"0";"0";"26";"3";""
"202100007248";"188 799";"B01";"1";"7";"0";"2";"1";"1";"1";""
"202100007248";"188 800";"A01";"1";"7";"0";"2";"7";"1";"1";""
"202100007249";"188 797";"B01";"3";"7";"0";"2";"4";"2";"1";""
"202100007249";"188 798";"A01";"3";"10";"0";"2";"1";"2";"0";""
"202100007250";"188 795";"A01";"2";"7";"0";"2";"5";"1";"1";""
"202100007250";"188 796";"B01";"1";"33";"0";"2";"1";"1";"1";""
"202100007251";"188 793";"B01";"1";"80";"0";"2";"7";"19";"3";""
"202100007251";"188 794";"A01";"1";"7";"0";"2";"1";"1";"1";""
"202100007252";"188 792";"A01";"3";"30";"0";"0";"1";"1";"1";""
"202100007253";"188 791";"A01";"1";"7";"3";"0";"1";"1";"1";""
"202100007254";"188 790";"A01";"1";"7";"0";"1";"3";"1";"1";""
"202100007255";"188 788";"B01";"1";"33";"0";"2";"8";"1";"1";""
"202100007255";"188 789";"Z01";"1";"7";"0";"2";"7";"1";"1";""
"202100007256";"188 787";"A01";"3";"30";"0";"0";"7";"1";"1";""
"202100007257";"188 784";"A01";"2";"10";"0";"2";"8";"20";"1";""
"202100007257";"188 785";"B01";"2";"3";"0";"2";"2";"1";"1";""
"202100007257";"188 786";"C01";"1";"33";"0";"2";"1";"1";" -1";""
"202100007258";"188 783";"A01";"3";"7";"0";"1";"1";"1";"1";""
"202100007259";"188 781";"B01";"3";"7";"0";"2";"8";"1";"1";""
"202100007259";"188 782";"A01";"3";"7";"0";"2";"3";"13";"1";""
"202100007260";"188 779";"A01";"2";"7";"0";"2";"3";"15";"1";""
"202100007260";"188 780";"B01";"2";"32";"0";"2";"1";"1";"1";""
"202100007261";"188 777";"A01";"1";"2";"0";"2";"1";"1";"1";""
"202100007261";"188 778";"B01";"2";"7";"0";"2";"1";"19";"1";""
"202100007262";"188 775";"B01";"1";"7";"0";"2";"1";"1";"1";""
"202100007262";"188 776";"A01";"2";"30";"0";"2";"1";"1";"0";""
"202100007263";"188 773";"A01";"3";"7";"0";"2";"1";"15";"1";""
"202100007263";"188 774";"B01";"3";"7";"0";"2";"3";"1";"1";""
"202100007264";"188 771";"A01";"3";"7";"0";"2";"1";"1";"1";""
"202100007264";"188 772";"B01";"3";"7";"0";"2";"4";"2";"1";""
"202100007265";"188 770";"A01";"1";"7";"0";"1";"2";"2";"1";""
"202100007266";"188 768";"A01";"1";"7";"0";"2";"1";"2";"1";""
"202100007266";"188 769";"B01";"1";"7";"0";"2";"4";"2";"1";""
"202100007267";"188 766";"A01";"0";"7";"0";"2";"8";"22";"1";""
"202100007267";"188 767";"B01";"0";"80";"1";"0";"1";"1";"3";""
"202100007268";"188 764";"A01";"0";"7";"0";"2";"3";"9";"1";""
"202100007268";"188 765";"B01";"0";"1";"0";"2";"1";"1";"5";""
"202100007269";"188 762";"A01";"3";"7";"0";"2";"2";"19";"1";""
"202100007269";"188 763";"B01";"1";"7";"8";"2";"1";"1";"1";""
"202100007270";"188 759";"A01";"1";"33";"0";"2";"3";"17";"1";""
"202100007270";"188 760";"B01";"1";"7";"0";"2";"3";"15";"1";""
"202100007270";"188 761";"C01";"1";"7";"0";"2";"6";"1";"1";""
"202100007271";"188 757";"A01";"2";"7";"0";"2";"1";"2";"1";""
"202100007271";"188 758";"B01";"2";"7";"0";"2";"4";"23";"1";""
"202100007272";"188 755";"B01";"2";"10";"0";"2";"1";"19";"1";""
"202100007272";"188 756";"A01";"2";"32";"0";"2";"7";"1";"1";""
"202100007273";"188 753";"B01";"2";"7";"0";"2";"1";"1";"1";""
"202100007273";"188 754";"A01";"2";"30";"0";"2";"4";"1";"1";""
"202100007274";"188 751";"A01";"1";"20";"0";"2";"4";"1";"1";""
"202100007274";"188 752";"B01";"1";"7";"0";"2";"1";"1";"1";""
"202100007275";"188 748";"C01";"2";"7";"0";"2";"6";"1";"1";""
"202100007275";"188 749";"B01";"2";"7";"0";"2";"8";"1";"1";""
"202100007275";"188 750";"A01";"2";"7";"0";"2";"0";"0";"1";""
"202100007276";"188 744";"D01";"2";"7";"0";"2";"4";"23";"1";""
"202100007276";"188 745";"C01";"2";"7";"0";"2";"1";"23";"1";""
"202100007276";"188 746";"B01";"2";"7";"0";"2";"1";"23";"1";""
"202100007276";"188 747";"A01";"2";"7";"0";"2";"1";"9";"1";""
"202100007277";"188 742";"A01";"2";"7";"0";"2";"3";"15";"1";""
"202100007277";"188 743";"B01";"2";"33";"0";"2";"2";"15";"1";""
"202100007278";"188 740";"B01";"0";"7";"0";"2";"2";"15";"1";""
"202100007278";"188 741";"A01";"1";"32";"0";"2";"1";"17";"1";""
"202100007279";"188 739";"A01";"1";"7";"4";"0";"3";"26";"1";""
"202100007280";"188 738";"A01";"0";"10";"0";"1";"8";"15";"1";""
"202100007281";"188 736";"B01";"2";"7";"0";"2";"8";"0";"1";""
"202100007281";"188 737";"A01";"2";"7";"0";"2";"3";"17";"1";""
"202100007282";"188 734";"B01";"1";"1";"0";"2";"4";"1";"5";""
"202100007282";"188 735";"A01";"1";"7";"0";"2";"1";"9";"1";""
"202100007283";"188 732";"B01";"1";"40";"0";"2";"1";"1";"3";""
"202100007283";"188 733";"A01";"1";"1";"0";"4";"1";"19";"5";""
"202100007284";"188 729";"A01";"3";"10";"0";"1";"2";"17";"1";""
"202100007285";"188 726";"C01";"0";"7";"0";"2";"1";"0";"1";""
"202100007285";"188 727";"B01";"3";"7";"0";"2";"1";"1";"1";""
"202100007285";"188 728";"A01";"3";"7";"0";"2";"1";"2";"1";""
"202100007286";"188 724";"B01";"3";"7";"0";"2";"1";"1";"1";""
"202100007286";"188 725";"A01";"3";"15";"0";"2";"1";"1";"1";""
"202100007287";"188 720";"B01";"2";"7";"0";"2";"7";"1";"0";""
"202100007287";"188 721";"A01";"1";"14";"0";"2";"1";"1";"0";""
"202100007288";"188 718";"B01";"3";"33";"0";"2";"1";"1";"1";""
"202100007288";"188 719";"A01";"3";"7";"0";"2";"7";"15";"1";""
"202100007289";"188 716";"B01";"2";"1";"0";"2";"8";"2";"0";""
"202100007289";"188 717";"A01";"2";"7";"0";"2";"7";"16";"1";""
"202100007290";"188 715";"A01";"1";"7";"7";"0";"1";"1";"1";""
"202100007291";"188 714";"A01";"1";"7";"13";"0";"1";"1";"1";""
"202100007292";"188 712";"B01";"3";"31";"0";"2";"7";"1";"1";""
"202100007292";"188 713";"A01";"3";"7";"0";"2";"3";"9";"1";""
"202100007293";"188 711";"A01";"3";"7";"0";"1";"4";"4";"1";""
"202100007294";"188 709";"B01";"2";"7";"0";"2";"1";"1";"1";""
"202100007294";"188 710";"A01";"2";"7";"0";"2";"7";"15";"1";""
"202100007295";"188 705";"D01";"1";"13";"0";"2";"1";"0";"1";""
"202100007295";"188 706";"C01";"1";"7";"0";"2";"4";"0";"1";""
"202100007295";"188 707";"A01";"2";"7";"0";"2";"4";"2";"1";""
"202100007295";"188 708";"B01";"1";"7";"0";"2";"4";"1";"1";""
"202100007296";"188 704";"A01";"1";"7";"4";"0";"1";"2";"1";""
"202100007297";"188 702";"B01";"1";"33";"0";"2";"4";"23";"1";""
"202100007297";"188 703";"A01";"1";"33";"0";"2";"1";"1";"1";""
"202100007298";"188 701";"A01";"3";"7";"0";"1";"2";"1";"1";""
"202100007299";"188 699";"A01";"1";"34";"0";"2";"1";"2";"1";""
"202100007299";"188 700";"B01";"1";"7";"0";"2";"6";"1";"1";""
"202100007300";"188 698";"A01";"1";"7";"0";"1";"2";"1";"0";""
"202100007301";"188 697";"A01";"1";"33";"1";"0";"1";"13";"1";""
"202100007302";"188 695";"B01";"2";"32";"0";"2";"1";"1";"1";""
"202100007302";"188 696";"A01";"2";"10";"15";"0";"3";"10";"1";""
"202100007303";"188 693";"A01";"1";"7";"0";"2";"7";"15";"1";""
"202100007303";"188 694";"B01";"0";"34";"0";"2";"1";"1";"1";""
"202100007304";"188 692";"A01";"0";"7";"0";"1";"3";"1";"1";""
"202100007305";"188 690";"B01";"1";"7";"0";"2";"4";"2";"1";""
"202100007305";"188 691";"A01";"1";"37";"0";"2";"1";"2";"1";"1"
"202100007306";"188 689";"A01";"3";"7";"0";"1";"2";"1";"1";""
"202100007307";"188 687";"A01";"0";"2";"0";"2";"1";"0";"3";""