"Num_Acc";"id_vehicule";"num_veh";"senc";"catv";"obs";"obsm";"choc";"manv";"motor";"occutc"
"202100007731";"187 938";"B01";"2";"7";"3";"0";"4";"1";"1";""
"202100007731";"187 939";"A01";"2";"7";"0";"2";"2";"18";"1";""
"202100007732";"187 936";"A01";"2";"7";"0";"2";"3";"13";"1";""
"202100007732";"187 937";"B01";"1";"7";"0";"2";"3";"1";"1";""
"202100007733";"187 935";"A01";"0";"33";"0";"6";"2";"0";"1";""
"202100007734";"187 933";"A01";"1";"7";"15";"0";"5";"2";"1";""
"202100007735";"187 931";"B01";"0";"37";"0";"2";"3";"0";"1";"2"
"202100007735";"187 932";"A01";"2";"7";"0";"2";"4";"0";"1";""
"202100007736";"187 929";"A01";"1";"17";"0";"2";"2";"12";"1";""
"202100007736";"187 930";"B01";"1";"7";"4";"2";"6";"1";"1";""
"202100007737";"187 927";"A01";"1";"7";"0";"2";"1";"2";"1";""
"202100007737";"187 928";"B01";"1";"7";"0";"2";"4";"2";"1";""
"202100007738";"187 925";"A01";"1";"7";"0";"2";"6";"11";"1";""
"202100007738";"187 926";"B01";"2";"33";"0";"2";"2";"3";"1";""
"202100007739";"187 924";"A01";"1";"10";"4";"2";"1";"1";"1";""
"202100007740";"187 921";"C01";"2";"7";"0";"2";"1";"1";"1";""
"202100007740";"187 922";"A01";"2";"13";"0";"2";"2";"2";"1";""
"202100007740";"187 923";"B01";"2";"7";"0";"2";"6";"2";"1";""
"202100007741";"187 919";"B01";"1";"7";"0";"2";"8";"1";"1";""
"202100007741";"187 920";"A01";"1";"13";"0";"2";"2";"14";"1";""
"202100007742";"187 918";"A01";"3";"7";"14";"1";"2";"15";"0";""
"202100007743";"187 916";"A01";"1";"7";"0";"2";"1";"7";"1";""
"202100007743";"187 917";"B01";"2";"50";"0";"2";"4";"1";"3";""
"202100007744";"187 915";"A01";"1";"2";"0";"1";"2";"1";"1";""
"202100007745";"187 909";"A01";"2";"7";"9";"1";"1";"14";"1";""
"202100007746";"187 908";"A01";"3";"31";"0";"1";"1";"15";"1";""
"202100007747";"187 906";"B01";"1";"30";"0";"2";"1";"2";"1";""
"202100007747";"187 907";"A01";"1";"7";"0";"2";"4";"21";"1";""
"202100007748";"187 904";"B01";"2";"1";"0";"2";"6";"1";"5";""
"202100007748";"187 905";"A01";"1";"7";"0";"2";"1";"15";"1";""
"202100007749";"187 902";"A01";"3";"7";"0";"2";"2";"26";"1";""
"202100007749";"187 903";"B01";"3";"7";"0";"2";"6";"26";"1";""
"202100007750";"187 900";"B01";"2";"2";"0";"2";"1";"1";"1";""
"202100007750";"187 901";"A01";"1";"7";"0";"2";"8";"15";"1";""
"202100007751";"187 899";"A01";"1";"7";"0";"1";"0";"0";"0";""
"202100007752";"187 897";"B01";"1";"99";"0";"2";"7";"26";"3";""
"202100007752";"187 898";"A01";"2";"7";"0";"2";"7";"16";"1";""
"202100007753";"187 896";"A01";"3";"7";"0";"1";"0";"1";"1";""
"202100007754";"187 895";"A01";"2";"7";"0";"1";"1";"15";"3";""
"202100007755";"187 894";"A01";"1";"30";"0";"2";"0";"21";"0";""
"202100007756";"187 893";"A01";"1";"7";"0";"9";"1";"16";"1";""
"202100007757";"187 892";"A01";"2";"7";"1";"2";"3";"26";"1";""
"202100007758";"187 890";"A01";"2";"30";"1";"0";"1";"25";"1";""
"202100007758";"187 891";"B01";"2";"7";"0";"2";"3";"22";"1";""
"202100007759";"187 889";"A01";"2";"30";"0";"0";"0";"0";"1";""
"202100007760";"187 888";"A01";"1";"7";"2";"0";"1";"2";"1";""
"202100007761";"187 886";"A01";"1";"7";"0";"2";"2";"9";"1";""
"202100007761";"187 887";"B01";"2";"2";"0";"2";"7";"17";"1";""
"202100007762";"187 885";"A01";"1";"7";"0";"1";"1";"1";"1";""
"202100007763";"187 883";"B01";"3";"50";"0";"2";"0";"19";"3";""
"202100007763";"187 884";"A01";"3";"7";"0";"2";"0";"1";"1";""
"202100007764";"187 881";"A01";"1";"10";"0";"2";"1";"2";"1";""
"202100007764";"187 882";"B01";"1";"7";"0";"2";"4";"2";"1";""
"202100007765";"187 879";"A01";"2";"7";"0";"2";"2";"15";"1";""
"202100007765";"187 880";"B01";"1";"2";"0";"2";"1";"1";"1";""
"202100007766";"187 876";"A01";"1";"7";"0";"2";"1";"2";"1";""
"202100007766";"187 877";"B01";"1";"7";"0";"2";"4";"2";"1";""
"202100007766";"187 878";"C01";"1";"7";"0";"2";"4";"0";"1";""
"202100007767";"187 873";"A01";"1";"10";"0";"1";"1";"1";"1";""
"202100007768";"187 867";"A01";"1";"7";"0";"2";"3";"15";"1";""
"202100007768";"187 868";"B01";"2";"31";"0";"2";"1";"1";"1";""
"202100007769";"187 865";"A01";"2";"1";"0";"2";"2";"15";"5";""
"202100007769";"187 866";"B01";"2";"7";"0";"2";"3";"9";"1";""
"202100007770";"187 863";"B01";"1";"33";"0";"2";"2";"2";"1";""
"202100007770";"187 864";"A01";"1";"7";"0";"2";"1";"9";"1";""
"202100007771";"187 861";"B01";"2";"50";"0";"0";"5";"19";"3";""
"202100007771";"187 862";"A01";"2";"33";"0";"9";"1";"1";"1";""
"202100007772";"187 858";"B01";"0";"7";"0";"2";"4";"1";"1";""
"202100007772";"187 859";"A01";"0";"7";"0";"2";"1";"0";"1";""
"202100007772";"187 860";"C01";"0";"7";"0";"2";"4";"1";"1";""
"202100007773";"187 856";"A01";"0";"7";"0";"2";"3";"9";"1";""
"202100007773";"187 857";"B01";"0";"33";"0";"2";"7";"9";"1";""
"202100007774";"187 854";"A01";"2";"7";"0";"2";"3";"13";"1";""
"202100007774";"187 855";"B01";"1";"7";"0";"2";"3";"1";"1";""
"202100007775";"187 853";"A01";"1";"7";"0";"1";"3";"15";"1";""
"202100007776";"187 851";"B01";"1";"1";"0";"2";"0";"5";" -1";""
"202100007776";"187 852";"A01";"3";"7";"0";"2";"1";"9";"1";""
"202100007777";"187 850";"A01";"3";"7";"0";"1";"3";"0";"0";""
"202100007778";"187 848";"B01";"1";"7";"0";"2";"3";"0";"1";""
"202100007778";"187 849";"A01";"2";"2";"0";"2";"6";"15";"1";""
"202100007779";"187 845";"A01";"2";"1";"0";"2";"5";"15";"5";""
"202100007779";"187 846";"B01";"2";"7";"0";"2";"2";"1";"1";""
"202100007780";"187 843";"A01";"0";"7";"0";"2";"1";"1";"1";""
"202100007780";"187 844";"B01";"0";"7";"0";"2";"1";"1";"1";""
"202100007781";"187 842";"A01";"2";"7";"0";"1";"1";"15";"2";""
"202100007782";"187 840";"B01";"3";"7";"0";"2";"1";"1";"1";""
"202100007782";"187 841";"A01";"3";"7";"0";"2";"1";"2";"1";""
"202100007783";"187 838";"B01";"1";"7";"0";"0";"0";"0";"1";""
"202100007783";"187 839";"A01";"1";"33";"0";"0";"0";"12";"1";""
"202100007784";"187 836";"A01";"2";"7";"0";"9";"1";"26";"1";""
"202100007784";"187 837";"B01";"1";"50";"0";"2";"7";"26";"3";""
"202100007785";"187 833";"B01";"1";"7";"0";"2";"4";"2";"1";""
"202100007785";"187 834";"A01";"1";"7";"0";"2";"1";"2";"2";""
"202100007785";"187 835";"C01";"1";"7";"0";"2";"4";"2";"1";""
"202100007786";"187 831";"B01";"2";"7";"0";"2";"0";"0";"1";""
"202100007786";"187 832";"A01";"1";"30";"0";"2";"1";"1";"1";""
"202100007787";"187 830";"A01";"1";"7";"1";"0";"1";"14";"1";""
"202100007788";"187 829";"A01";"1";"2";"0";"1";"1";"25";"1";""
"202100007789";"187 827";"B01";"2";"7";"0";"2";"1";"1";"1";""
"202100007789";"187 828";"A01";"1";"50";"0";"2";"2";"19";"3";""
"202100007790";"187 826";"A01";"1";"7";"2";"0";"3";"1";"1";""
"202100007791";"187 824";"B01";"0";"7";"0";"2";"8";"0";"1";""
"202100007791";"187 825";"A01";"0";"30";"0";"2";"1";"17";"1";""
"202100007792";"187 822";"B01";"2";"7";"0";"2";"4";"1";"1";""
"202100007792";"187 823";"A01";"2";"30";"0";"2";"1";"1";"1";""
"202100007793";"187 820";"B01";"1";"80";"0";"2";"8";"6";"3";""
"202100007793";"187 821";"A01";"1";"7";"0";"9";"8";"12";"1";""
"202100007794";"187 819";"A01";"2";"50";"0";"1";"1";"1";"3";""
"202100007795";"187 818";"A01";"2";"7";"0";"1";"3";"1";"1";""
"202100007796";"187 817";"A01";"1";"7";"0";"1";"1";"15";"1";""
"202100007797";"187 813";"B01";"1";"7";"0";"1";"6";"1";"1";""
"202100007797";"187 814";"A01";"1";"7";"0";"2";"6";"2";"1";""
"202100007798";"187 808";"B01";"2";"7";"0";"2";"4";"1";"1";""
"202100007798";"187 809";"A01";"2";"7";"0";"2";"1";"2";"1";""
"202100007799";"187 806";"A01";"1";"7";"0";"2";"1";"9";"1";""
"202100007799";"187 807";"B01";"1";"1";"0";"2";"7";"1";"5";""
"202100007800";"187 804";"A01";"1";"7";"0";"2";"2";"1";"1";""
"202100007800";"187 805";"B01";"2";"50";"0";"2";"1";"5";"3";""
"202100007801";"187 803";"A01";"3";"1";"0";"0";"0";"0";"5";""
"202100007802";"187 801";"B01";"1";"7";"0";"2";"8";"1";"2";""
"202100007802";"187 802";"A01";"1";"7";"0";"2";"3";"1";"1";""
"202100007803";"187 799";"A01";"1";"7";"0";"9";"1";"1";"1";""
"202100007803";"187 800";"B01";"1";"50";"0";"2";"8";"1";"3";""
"202100007804";"187 797";"A01";"1";"7";"0";"2";"8";"1";"1";""
"202100007804";"187 798";"B01";"1";"7";"0";"2";"2";"1";"1";""
"202100007805";"187 795";"A01";"1";"10";"0";"2";"3";"15";"1";""
"202100007805";"187 796";"B01";"1";"7";"0";"2";"2";"1";"1";""
"202100007806";"187 793";"B01";"2";"7";"0";"2";"3";"1";"1";""
"202100007806";"187 794";"A01";"1";"7";"0";"2";"1";"1";"1";""
"202100007807";"187 792";"A01";"1";"7";"0";"1";"2";"1";"1";""
"202100007808";"187 790";"A01";"2";"7";"0";"2";"7";"14";"1";""
"202100007808";"187 791";"B01";"2";"33";"0";"2";"8";"1";"1";""
"202100007809";"187 788";"B01";"1";"2";"0";"2";"1";"1";"1";""
"202100007809";"187 789";"A01";"1";"7";"0";"2";"2";"10";"1";""
"202100007810";"187 786";"A01";"1";"7";"0";"2";"1";"1";"1";""
"202100007810";"187 787";"B01";"2";"7";"0";"2";"1";"1";"1";""
"202100007811";"187 785";"A01";"1";"7";"0";"1";"0";"26";"1";""
"202100007812";"187 782";"C01";"1";"7";"0";"2";"1";"1";"1";""
"202100007812";"187 783";"B01";"1";"7";"0";"2";"1";"11";"1";""
"202100007812";"187 784";"A01";"1";"7";"0";"2";"4";"13";"1";""
"202100007813";"187 781";"A01";"1";"7";"0";"1";"2";"1";"1";""
"202100007814";"187 779";"A01";"0";"7";"0";"9";"2";"22";"1";""
"202100007814";"187 780";"B01";"0";"1";"0";"9";"1";"0";"5";""
"202100007815";"187 777";"A01";"0";"7";"0";"2";"3";"15";"1";""
"202100007815";"187 778";"B01";"2";"1";"0";"2";"8";"1";"0";""
"202100007816";"187 774";"B01";"2";"7";"0";"2";"4";"1";"1";""
"202100007816";"187 775";"C01";"2";"7";"0";"2";"4";"1";"1";""
"202100007816";"187 776";"A01";"2";"7";"0";"2";"1";"1";"1";""
"202100007817";"187 773";"A01";"2";"7";"0";"1";"2";"19";"1";""
"202100007818";"187 771";"B01";"3";"7";"0";"2";"2";"16";"1";""
"202100007818";"187 772";"A01";"1";"1";"0";"2";"4";"1";"5";""
"202100007819";"187 769";"A01";"3";"7";"0";"2";"3";"20";"1";""
"202100007819";"187 770";"B01";"1";"7";"0";"2";"2";"1";"1";""
"202100007820";"187 767";"B01";"3";"7";"0";"2";"6";"9";"1";""
"202100007820";"187 768";"A01";"1";"7";"0";"2";"1";"1";"1";""
"202100007821";"187 766";"A01";"3";"7";"6";"0";"1";"16";"1";""
"202100007822";"187 764";"A01";"1";"10";"0";"2";"1";"1";"1";""
"202100007822";"187 765";"B01";"1";"7";"0";"2";"4";"1";"1";""
"202100007823";"187 762";"A01";"0";"7";"0";"0";"0";"0";"1";""
"202100007823";"187 763";"B01";"0";"2";"0";"0";"0";"0";"0";""
"202100007824";"187 760";"B01";"0";"7";"0";"2";"8";"1";"1";""
"202100007824";"187 761";"A01";"0";"7";"0";"2";"1";"9";"1";""
"202100007825";"187 758";"B01";"0";"7";"0";"2";"4";"1";"1";""
"202100007825";"187 759";"A01";"0";"7";"0";"2";"1";"1";"1";""
"202100007826";"187 754";"D01";"0";"7";"0";"2";"4";"1";"1";""
"202100007826";"187 755";"C01";"0";"7";"0";"2";"1";"1";"1";""
"202100007826";"187 756";"B01";"0";"10";"0";"2";"1";"1";"1";""
"202100007826";"187 757";"A01";"0";"7";"0";"2";"1";"1";"1";""
"202100007827";"187 750";"A01";"1";"7";"0";"2";"1";"2";"1";""
"202100007827";"187 751";"B01";"1";"7";"0";"2";"4";"2";"1";""
"202100007828";"187 746";"B01";"2";"7";"1";"2";"3";"1";"1";""
"202100007828";"187 747";"A01";"1";"7";"0";"2";"3";"13";"1";""
"202100007829";"187 744";"A01";"1";"7";"0";"2";"2";"1";"1";""
"202100007829";"187 745";"Z01";"2";"7";"0";"2";"0";"15";"1";""
"202100007830";"187 742";"B01";"2";"7";"0";"2";"8";"24";"1";""
"202100007830";"187 743";"A01";"2";"7";"1";"0";"7";"14";"2";""
"202100007831";"187 740";"A01";"1";"7";"0";"2";"3";"15";"1";""
"202100007831";"187 741";"B01";"2";"33";"0";"2";"1";"1";"1";""
"202100007832";"187 738";"B01";"3";"7";"12";"2";"2";"1";"1";""
"202100007832";"187 739";"A01";"3";"7";"0";"2";"3";"19";"1";""
"202100007833";"187 736";"A01";"2";"7";"0";"2";"7";"15";"1";""
"202100007833";"187 737";"B01";"1";"33";"0";"2";"1";"14";"1";""
"202100007834";"187 735";"A01";"1";"7";"0";"1";"1";"1";"1";""
"202100007835";"187 733";"A01";"1";"7";"6";"2";"3";"13";"1";""
"202100007835";"187 734";"B01";"2";"7";"0";"2";"8";"1";"1";""
"202100007836";"187 731";"A01";"1";"7";"6";"2";"2";"17";"1";""
"202100007836";"187 732";"B01";"1";"7";"0";"2";"6";"17";"1";""
"202100007837";"187 729";"B01";"2";"7";"0";"2";"1";"2";"1";""
"202100007837";"187 730";"A01";"2";"7";"0";"1";"4";"2";"1";""
"202100007838";"187 727";"B01";"1";"7";"0";"2";"4";"23";"1";""
"202100007838";"187 728";"A01";"1";"7";"0";"2";"1";"1";"1";""
"202100007839";"187 725";"B01";"1";"1";"0";"2";"0";"0";"0";""
"202100007839";"187 726";"A01";"1";"7";"0";"9";"0";"0";"1";""
"202100007840";"187 723";"A01";"1";"7";"0";"2";"3";"15";"1";""
"202100007840";"187 724";"B01";"1";"1";"0";"2";"1";"1";"0";""
"202100007841";"187 721";"A01";"2";"30";"0";"2";"2";"16";"1";""
"202100007841";"187 722";"B01";"2";"7";"0";"2";"8";"1";"1";""
"202100007842";"187 720";"A01";"3";"7";"2";"0";"1";"0";"1";""
"202100007843";"187 718";"A01";"2";"7";"0";"2";"8";"11";"1";""
"202100007843";"187 719";"B01";"2";"14";"0";"2";"2";"1";"1";""
"202100007844";"187 716";"B01";"1";"7";"0";"2";"4";"2";"2";""
"202100007844";"187 717";"A01";"1";"10";"0";"2";"1";"2";"1";""
"202100007845";"187 714";"A01";"2";"32";"0";"2";"2";"3";"1";""
"202100007845";"187 715";"B01";"2";"7";"0";"2";"8";"11";"1";""
"202100007846";"187 711";"C01";"1";"7";"0";"2";"0";"2";"1";""
"202100007846";"187 712";"B01";"1";"10";"0";"2";"0";"2";"1";""
"202100007846";"187 713";"A01";"1";"33";"0";"2";"8";"3";"1";""
"202100007847";"187 710";"Z01";"3";"10";"0";"1";"1";"16";"0";""
"202100007848";"187 708";"B01";"1";"7";"0";"2";"3";"15";"2";""
"202100007848";"187 709";"A01";"1";"50";"0";"2";"3";"1";"3";""
"202100007849";"187 706";"A01";"2";"43";"0";"2";"2";"17";"1";""
"202100007849";"187 707";"B01";"2";"7";"0";"2";"3";"15";"1";""
"202100007850";"187 704";"B01";"1";"30";"0";"2";"8";"1";"1";""
"202100007850";"187 705";"A01";"1";"50";"0";"2";"7";"12";"3";""
"202100007851";"187 702";"A01";"1";"7";"0";"2";"2";"16";"1";""
"202100007851";"187 703";"B01";"1";"60";"0";"2";"1";"19";"5";""
"202100007852";"187 700";"A01";"1";"7";"0";"2";"8";"1";"1";""
"202100007852";"187 701";"Z01";"1";"7";"0";"2";"7";"12";"1";""
"202100007853";"187 699";"A01";"2";"31";"0";"1";"1";"1";"1";""
"202100007854";"187 697";"A01";"1";"31";"0";"2";"2";"2";"1";""
"202100007854";"187 698";"Z01";"1";"7";"0";"2";"4";"23";"1";""
"202100007855";"187 696";"A01";"1";"30";"0";"1";"2";"1";"1";""
"202100007856";"187 694";"A01";"2";"32";"0";"2";"1";"2";"1";""
"202100007856";"187 695";"B01";"2";"32";"0";"2";"4";"2";"1";""
"202100007857";"187 692";"A01";"1";"7";"0";"2";"2";"15";"1";""
"202100007857";"187 693";"B01";"2";"33";"0";"2";"1";"1";"1";""
"202100007858";"187 691";"A01";"1";"7";"11";"0";"3";"13";"1";""
"202100007859";"187 690";"A01";"2";"7";"0";"1";"3";"1";"1";""
"202100007860";"187 688";"A01";"1";"30";"0";"2";"1";"2";"1";""
"202100007860";"187 689";"B01";"1";"7";"0";"2";"5";"2";"1";""
"202100007861";"187 686";"A01";"3";"7";"8";"2";"3";"1";"1";""
"202100007861";"187 687";"B01";"3";"7";"0";"2";"8";"24";"1";""
"202100007862";"187 685";"A01";"1";"10";"0";"1";"4";"20";"3";""
"202100007863";"187 683";"B01";"1";"7";"0";"2";"1";"2";"1";""
"202100007863";"187 684";"A01";"1";"7";"0";"2";"4";"1";"2";""
"202100007864";"187 682";"A01";"1";"7";"0";"1";"1";"15";"0";""
"202100007865";"187 680";"B01";"1";"7";"0";"2";"5";"0";"1";""
"202100007865";"187 681";"A01";"2";"31";"0";"2";"1";"18";"3";""
"202100007866";"187 679";"A01";"2";"2";"0";"1";"1";"26";"1";""
"202100007867";"187 678";"A01";" -1";"7";"9";"0";"1";"26";"1";""
"202100007868";"187 676";"A01";"2";"32";"0";"2";"1";"2";"1";""
"202100007868";"187 677";"B01";"2";"33";"0";"0";"4";"26";"1";""
"202100007869";"187 674";"A01";"2";"7";"0";"2";"0";"0";"0";""
"202100007869";"187 675";"B01";"1";"2";"0";"2";"0";"0";"0";""
"202100007870";"187 673";"A01";"0";"30";"0";"1";"0";"1";"1";""
"202100007871";"187 671";"A01";"1";"7";"0";"2";"3";"9";"1";""
"202100007871";"187 672";"B01";"2";"15";"0";"2";"2";"2";"1";""
"202100007872";"187 669";"A01";"1";"32";"0";"2";"1";"1";"1";""
"202100007872";"187 670";"B01";"2";"7";"0";"2";"1";"15";"1";""
"202100007873";"187 667";"A01";"1";"10";"0";"2";"3";"1";"1";""
"202100007873";"187 668";"B01";"0";"7";"0";"2";"1";"9";"1";""
"202100007874";"187 666";"A01";"3";"7";"0";"1";"3";"26";"1";""
"202100007875";"187 665";"A01";"1";"34";"2";"0";"0";"0";"1";""
"202100007876";"187 663";"A01";"2";"7";"0";"2";"2";"15";"1";""
"202100007876";"187 664";"B01";"1";"43";"0";"2";"1";"1";"1";""
"202100007877";"187 661";"A01";"1";"7";"0";"2";"4";"1";"1";""
"202100007877";"187 662";"B01";"1";"37";"0";"2";"4";"2";"2";"1"
"202100007878";"187 660";"A01";"2";"33";"12";"0";"1";"0";"1";""
"202100007879";"187 658";"B01";"2";"7";"0";"2";"8";"1";"1";""
"202100007879";"187 659";"A01";"1";"7";"0";"2";"1";"15";"1";""
"202100007880";"187 655";"C01";"2";"7";"0";"0";"8";"1";"1";""
"202100007880";"187 656";"B01";"2";"7";"0";"0";"1";"1";"1";""
"202100007880";"187 657";"A01";"1";"7";"0";"0";"1";"13";"1";""
"202100007881";"187 654";"A01";"2";"43";"8";"0";"1";"14";"1";""
"202100007882";"187 652";"B01";"2";"7";"0";"2";"5";"2";"1";""
"202100007882";"187 653";"A01";"2";"7";"0";"2";"6";"1";"1";""
"202100007883";"187 649";"C01";"2";"10";"0";"2";"1";"1";"1";""
"202100007883";"187 650";"A01";"1";"7";"8";"2";"2";"19";"1";""
"202100007883";"187 651";"B01";"2";"7";"0";"2";"3";"23";"1";""
"202100007884";"187 647";"B01";"2";"7";"0";"2";"1";"0";"1";""
"202100007884";"187 648";"A01";"1";"7";"0";"2";"2";"13";"1";""
"202100007885";"187 645";"B01";"2";"1";"0";"2";"7";"0";"5";""
"202100007885";"187 646";"A01";"1";"7";"0";"0";"2";"19";"1";""
"202100007886";"187 643";"B01";"3";"7";"0";"2";"1";"26";"1";""
"202100007886";"187 644";"A01";"3";"2";"0";"2";"3";"1";"1";""
"202100007887";"187 641";"B01";"1";"33";"0";"2";"0";"1";"1";""
"202100007887";"187 642";"A01";"0";"7";"0";"2";"6";"10";"1";""
"202100007888";"187 640";"A01";"1";"16";"13";"0";"1";"14";"1";""
"202100007889";"187 638";"A01";"1";"7";"0";"2";"1";"1";"1";""
"202100007889";"187 639";"B01";"2";"3";"0";"2";"1";"1";"1";""
"202100007890";"187 636";"A01";"2";"13";"0";"2";"2";"9";"1";""
"202100007890";"187 637";"B01";"2";"7";"0";"2";"5";"15";"1";""
"202100007891";"187 635";"A01";"1";"7";"2";"6";"9";"1";"1";""
"202100007892";"187 634";"A01";"1";"3";"2";"0";"1";"0";"0";""
"202100007893";"187 631";"B01";"1";"7";"0";"2";"0";"2";"0";""
"202100007893";"187 632";"A01";"1";"7";"2";"0";"3";"17";"1";""
"202100007894";"187 627";"B01";"1";"33";"0";"2";"1";"1";"1";""
"202100007894";"187 628";"A01";"2";"7";"0";"2";"2";"15";"1";""
"202100007895";"187 624";"C01";"1";"13";"0";"2";"6";"1";"1";""
"202100007895";"187 625";"B01";"2";"13";"0";"2";"1";"1";"1";""
"202100007895";"187 626";"A01";"1";"7";"0";"2";"1";"17";"1";""
"202100007896";"187 622";"A01";"2";"7";"0";"2";"1";"1";"1";""
"202100007896";"187 623";"B01";"3";"7";"13";"0";"8";"19";"1";""
"202100007897";"187 621";"A01";"1";"31";"1";"0";"1";"0";"1";""
"202100007898";"187 620";"A01";"2";"7";"13";"0";"1";"14";"1";""
"202100007899";"187 619";"A01";"1";"7";"0";"1";"2";"15";"1";""
"202100007900";"187 618";"A01";"3";"7";"8";"0";"8";"1";"1";""
"202100007901";"187 616";"A01";"1";"7";"0";"0";"3";"0";"1";""
"202100007901";"187 617";"B01";"2";"7";"0";"2";"3";"0";"1";""
"202100007902";"187 615";"A01";"3";"7";"0";"1";"2";"1";"1";""
"202100007903";"187 613";"B01";"2";"7";"0";"2";"1";"0";"1";""
"202100007903";"187 614";"A01";"1";"7";"0";"2";"1";"5";"1";""
"202100007904";"187 611";"A01";"2";"7";"0";"2";"5";"15";"1";""
"202100007904";"187 612";"B01";"1";"33";"0";"2";"1";"1";"1";""
"202100007905";"187 608";"A01";"1";"10";"0";"2";"3";"2";"1";""
"202100007905";"187 609";"B01";"1";"7";"0";"2";"4";"23";"1";""
"202100007905";"187 610";"C01";"2";"7";"0";"2";"8";"1";"1";""
"202100007906";"187 606";"B01";"1";"14";"0";"0";"4";"9";"6";""
"202100007906";"187 607";"A01";"1";"7";"0";"2";"1";"13";"1";""
"202100007907";"187 605";"A01";"1";"10";"8";"0";"1";"1";"1";""
"202100007908";"187 603";"B01";"3";"34";"0";"0";"1";"1";"1";""
"202100007908";"187 604";"A01";"3";"7";"0";"0";"3";"15";"1";""
"202100007909";"187 602";"A01";"2";"36";"15";"0";"3";"1";"1";""
"202100007910";"187 600";"B01";"1";"15";"0";"2";"1";"2";"1";""
"202100007910";"187 601";"A01";"1";"7";"0";"2";"4";"0";"1";""
"202100007911";"187 599";"A01";"2";"10";"0";"1";"8";"1";"1";""
"202100007912";"187 597";"A01";"1";"7";"0";"2";"3";"17";"1";""
"202100007912";"187 598";"B01";"2";"33";"0";"2";"1";"1";"1";""
"202100007913";"187 596";"A01";"1";"7";"0";"1";"2";"17";"1";""
"202100007914";"187 594";"B01";"2";"7";"0";"2";"3";"9";"1";""
"202100007914";"187 595";"A01";"1";"33";"0";"2";"1";"1";"1";""
"202100007915";"187 592";"A01";"1";"7";"0";"2";"1";"15";"1";""
"202100007915";"187 593";"B01";"2";"32";"0";"2";"8";"1";"1";""
"202100007916";"187 591";"A01";"2";"7";"2";"0";"2";"1";"1";""
"202100007917";"187 590";"A01";"3";"33";"9";"0";"0";"17";"1";""
"202100007918";"187 589";"A01";"2";"7";"16";"0";"0";"1";"1";""
"202100007919";"187 587";"A01";"1";"7";"0";"2";"6";"16";"1";""
"202100007919";"187 588";"B01";"1";"7";"0";"2";"2";"1";"1";""
"202100007920";"187 585";"A01";"2";"7";"0";"2";"8";"15";"1";""
"202100007920";"187 586";"B01";"2";"33";"0";"2";"1";"17";"1";""
"202100007921";"187 584";"A01";"1";"7";"0";"1";"1";"1";"1";""
"202100007922";"187 582";"A01";"2";"10";"0";"2";"2";"15";"1";""
"202100007922";"187 583";"B01";"1";"33";"0";"2";"7";"1";"1";""
"202100007923";"187 581";"A01";"0";"7";"0";"1";"2";"1";"1";""
"202100007924";"187 579";"B01";"2";"7";"0";"2";"1";"1";"1";""
"202100007924";"187 580";"A01";"1";"7";"0";"2";"1";"13";"1";""
"202100007925";"187 574";"B01";"2";"1";"0";"2";"1";"1";"5";""
"202100007925";"187 575";"E01";"2";"1";"0";"2";"1";"1";"5";""
"202100007925";"187 576";"D01";"2";"1";"0";"2";"1";"1";"5";""
"202100007925";"187 577";"C01";"2";"1";"0";"2";"1";"1";"5";""
"202100007925";"187 578";"A01";"1";"7";"0";"2";"2";"15";"1";""
"202100007926";"187 572";"A01";"3";"7";"0";"0";"2";"17";"2";""
"202100007926";"187 573";"B01";"3";"30";"0";"0";"8";"13";"1";""
"202100007927";"187 570";"B01";"3";"7";"0";"2";"6";"15";"1";""
"202100007927";"187 571";"A01";"3";"7";"0";"2";"3";"1";"1";""
"202100007928";"187 569";"A01";"3";"7";"0";"0";"1";"1";"1";""
"202100007929";"187 567";"A01";"1";"7";"0";"0";"0";"26";"1";""
"202100007929";"187 568";"B01";"2";"31";"0";"2";"1";"26";"1";""
"202100007930";"187 565";"B01";"2";"7";"0";"2";"1";"1";"1";""
"202100007930";"187 566";"A01";"2";"7";"6";"2";"4";"1";"1";""
"202100007931";"187 563";"B01";"1";"7";"0";"2";"1";"2";"1";""
"202100007931";"187 564";"A01";"1";"10";"0";"2";"4";"2";"1";""
"202100007932";"187 562";"A01";"1";"7";"4";"0";"1";"16";"1";""
"202100007933";"187 561";"A01";"1";"7";"4";"0";"9";"13";"1";""
"202100007934";"187 559";"B01";"1";"7";"0";"2";"4";"1";"1";""
"202100007934";"187 560";"A01";"1";"7";"0";"2";"1";"2";"1";""
"202100007935";"187 557";"B01";"1";"7";"0";"2";"4";"1";"1";""
"202100007935";"187 558";"Z01";"1";"7";"0";"2";"1";"2";"1";""
"202100007936";"187 555";"B01";"2";"10";"0";"2";"5";"2";"1";""
"202100007936";"187 556";"A01";"2";"7";"0";"2";"5";"2";"1";""
"202100007937";"187 553";"B01";"2";"33";"0";"2";"1";"2";"1";""
"202100007937";"187 554";"A01";"2";"10";"0";"2";"3";"2";"1";""
"202100007938";"187 551";"B01";"1";"7";"0";"2";"6";"1";"1";""
"202100007938";"187 552";"A01";"1";"14";"0";"2";"2";"12";"1";""
"202100007939";"187 550";"A01";"2";"10";"3";"0";"1";"2";"1";""
"202100007940";"187 548";"B01";"1";"7";"0";"2";"8";"1";"1";""