"Num_Acc";"id_vehicule";"num_veh";"senc";"catv";"obs";"obsm";"choc";"manv";"motor";"occutc"
"202100008143";"187 161";"Z01";"2";"7";"0";"2";"0";"15";"0";""
"202100008143";"187 162";"A01";"1";"30";"0";"2";"4";"1";"1";""
"202100008144";"187 159";"B01";"2";"7";"0";"2";"2";"1";"1";""
"202100008144";"187 160";"A01";"3";"7";"0";"2";"5";"4";"1";""
"202100008145";"187 157";"B01";"2";"1";"0";"2";"4";"1";"5";""
"202100008145";"187 158";"A01";"2";"7";"0";"2";"1";"1";"1";""
"202100008146";"187 155";"A01";"3";"7";"0";"2";"3";"9";"1";""
"202100008146";"187 156";"B01";"3";"7";"0";"2";"5";"1";"1";""
"202100008147";"187 154";"A01";"3";"30";"0";"1";"1";"1";"1";""
"202100008148";"187 153";"A01";"2";"50";"0";"0";"0";"1";"3";""
"202100008149";"187 152";"A01";"1";"80";"0";"1";"1";"1";"3";""
"202100008150";"187 150";"B01";"2";"7";"0";"2";"4";"23";"1";""
"202100008150";"187 151";"A01";"2";"30";"0";"2";"1";"1";"3";""
"202100008151";"187 148";"B01";"2";"2";"0";"2";"1";"1";"1";""
"202100008151";"187 149";"A01";"1";"7";"0";"2";"2";"1";"1";""
"202100008152";"187 147";"A01";"3";"7";"0";"1";"2";"16";"1";""
"202100008153";"187 146";"A01";"3";"40";"0";"1";"0";"0";"3";""
"202100008154";"187 144";"B01";"1";"7";"0";"2";"1";"1";"1";""
"202100008154";"187 145";"A01";"1";"7";"9";"2";"7";"15";"1";""
"202100008155";"187 142";"B01";" -1";"7";"0";"2";"4";"2";"1";""
"202100008155";"187 143";"A01";" -1";"7";"0";"2";"1";"2";"1";""
"202100008156";"187 140";"B01";"1";"2";"0";"2";"1";"1";"1";""
"202100008156";"187 141";"A01";" -1";"7";"0";"0";"8";"10";"1";""
"202100008157";"187 139";"A01";"2";"32";"0";"0";"0";"23";"1";""
"202100008158";"187 137";"A01";"1";"30";"0";"2";"7";"1";"3";""
"202100008158";"187 138";"B01";"1";"30";"0";"2";"8";"13";"0";""
"202100008159";"187 136";"A01";"1";"7";"0";"0";" -1";"1";"1";""
"202100008160";"187 135";"A01";"1";"2";"9";"0";"0";"1";"1";""
"202100008161";"187 133";"A01";"0";"7";"0";"0";"6";"9";"1";""
"202100008161";"187 134";"B01";"1";"7";"0";"2";"1";"1";"1";""
"202100008162";"187 131";"B01";"3";"2";"0";"2";"1";"1";"1";""
"202100008162";"187 132";"A01";"3";"7";"0";"2";"1";"26";"1";""
"202100008163";"187 128";"A01";"2";"7";"0";"2";"1";"0";"1";""
"202100008163";"187 129";"B01";"1";"7";"0";"2";"1";"1";"1";""
"202100008163";"187 130";"C01";"1";"7";"0";"2";"4";"1";"1";""
"202100008164";"187 127";"A01";"1";"80";"0";"0";"0";"0";"3";""
"202100008165";"187 125";"B01";"1";"7";"13";"2";"3";"11";"1";""
"202100008165";"187 126";"A01";"2";"7";"3";"2";"3";"1";"1";""
"202100008166";"187 124";"A01";"2";"7";"0";"1";"2";"1";"1";""
"202100008167";"187 122";"B01";"1";"10";"0";"2";"1";"1";"1";""
"202100008167";"187 123";"A01";"2";"7";"0";"2";"1";"13";"1";""
"202100008168";"187 120";"B01";"2";"7";"0";"2";"1";"1";"1";""
"202100008168";"187 121";"A01";"1";"7";"0";"2";"2";"1";"1";""
"202100008169";"187 118";"B01";"2";"7";"7";"2";"1";"1";"1";""
"202100008169";"187 119";"A01";"2";"7";"0";"0";"8";"1";"1";""
"202100008170";"187 117";"A01";"1";"2";"13";"0";"0";"0";"1";""
"202100008171";"187 115";"A01";"1";"7";"0";"2";"1";"11";"1";""
"202100008171";"187 116";"B01";"2";"10";"0";"2";"2";"1";"1";""
"202100008172";"187 113";"A01";"1";"7";"0";"2";"1";"13";"1";""
"202100008172";"187 114";"B01";"2";"7";"0";"2";"8";"1";"1";""
"202100008173";"187 111";"A01";"2";"7";"0";"2";"7";"1";"1";""
"202100008173";"187 112";"B01";"3";"1";"0";"2";"8";"15";"5";""
"202100008174";"187 110";"A01";"2";"7";"8";"0";"1";"1";"1";""
"202100008175";"187 108";"B01";"1";"7";"0";"2";"3";"1";"1";""
"202100008175";"187 109";"A01";"2";"7";"0";"2";"3";"13";"1";""
"202100008176";"187 107";"A01";"2";"7";"0";"1";"4";"4";"1";""
"202100008177";"187 106";"A01";"1";"7";"14";"0";"1";"1";"1";""
"202100008178";"187 105";"A01";"1";"7";"6";"0";"1";"15";"1";""
"202100008179";"187 104";"A01";"1";"2";"0";"0";"0";"1";"1";""
"202100008180";"187 103";"A01";"1";"7";"2";"0";"3";"1";"1";""
"202100008181";"187 102";"A01";"0";"7";"2";"0";"1";"1";"1";""
"202100008182";"187 100";"A01";"2";"7";"0";"2";"3";"1";"1";""
"202100008182";"187 101";"B01";"1";"7";"0";"2";"3";"13";"1";""
"202100008183";"187 098";"A01";"3";"15";"0";"2";"3";"1";"1";""
"202100008183";"187 099";"B01";"3";"7";"0";"2";"8";"1";"1";""
"202100008184";"187 097";"A01";"3";"36";"0";"0";"0";"1";"1";""
"202100008185";"187 096";"A01";"0";"7";"2";"0";"3";"1";"1";""
"202100008186";"187 094";"A01";"2";"7";"0";"2";"6";"1";"1";""
"202100008186";"187 095";"B01";"2";"7";"0";"0";"3";"1";"1";""
"202100008187";"187 091";"C01";"3";"7";"0";"2";"4";"2";"1";""
"202100008187";"187 092";"B01";"3";"7";"0";"2";"1";"2";"1";""
"202100008187";"187 093";"A01";"3";"7";"0";"2";"1";"1";"1";""
"202100008188";"187 088";"C01";"2";"7";"0";"2";"7";"26";"1";""
"202100008188";"187 089";"B01";"2";"7";"0";"2";"1";"1";"1";""
"202100008188";"187 090";"A01";"1";"10";"0";"2";"1";"13";"1";""
"202100008189";"187 084";"D01";"1";"7";"0";"2";"2";"13";"1";""
"202100008189";"187 085";"C01";"1";"7";"0";"2";"1";"2";"1";""
"202100008189";"187 086";"B01";"1";"7";"0";"2";"4";"15";"1";""
"202100008189";"187 087";"A01";"2";"7";"0";"2";"3";"1";"1";""
"202100008190";"187 082";"A01";"1";"7";"0";"2";"3";"15";"1";""
"202100008190";"187 083";"B01";"2";"7";"0";"2";"2";"1";"1";""
"202100008191";"187 079";"A01";"3";"7";"17";"0";"2";"1";"1";""
"202100008192";"187 077";"A01";"1";"7";"0";"2";"1";"15";"1";""
"202100008192";"187 078";"B01";"2";"7";"0";"2";"1";"1";"1";""
"202100008193";"187 076";"A01";"2";"7";"15";"0";"2";"1";"1";""
"202100008194";"187 075";"A01";"1";"7";"0";"0";"0";"0";"1";""
"202100008195";"187 073";"A01";"1";"7";"0";"0";"5";"15";"1";""
"202100008195";"187 074";"B01";"1";"33";"0";"2";"1";"1";"1";""
"202100008196";"187 071";"A01";"1";"2";"0";"2";"8";"1";"1";""
"202100008196";"187 072";"B01";"3";"7";"0";"2";"1";"19";"1";""
"202100008197";"187 069";"B01";"2";"7";"0";"2";"3";"13";"1";""
"202100008197";"187 070";"A01";"1";"7";"0";"2";"1";"1";"1";""
"202100008198";"187 067";"A01";"2";"7";"0";"2";"1";"13";"1";""
"202100008198";"187 068";"B01";"1";"7";"0";"2";"3";"1";"1";""
"202100008199";"187 065";"A01";"1";"7";"2";"2";"1";"1";"1";""
"202100008199";"187 066";"B01";"1";"7";"0";"2";"4";"15";"1";""
"202100008200";"187 063";"A01";"1";"7";"0";"2";"3";"9";"1";""
"202100008200";"187 064";"B01";"2";"34";"0";"2";"7";"1";"1";""
"202100008201";"187 061";"B01";"1";"7";"3";"0";"4";"2";"1";""
"202100008201";"187 062";"A01";"1";"10";"0";"2";"1";"2";"1";""
"202100008202";"187 059";"A01";"2";"38";"0";"2";"7";"15";"1";"1"
"202100008202";"187 060";"B01";"1";"2";"0";"2";"1";"1";"1";""
"202100008203";"187 056";"A01";"1";"7";"0";"2";"3";"13";"1";""
"202100008203";"187 057";"C01";"2";"17";"0";"2";"3";"1";"1";""
"202100008203";"187 058";"B01";"2";"7";"0";"2";"3";"1";"1";""
"202100008204";"187 055";"A01";"3";"7";"0";"1";"1";"0";"1";""
"202100008205";"187 054";"A01";"2";"7";"0";"1";"3";"1";"1";""
"202100008206";"187 052";"B01";"1";"7";"0";"2";"1";"1";"1";""
"202100008206";"187 053";"A01";"1";"7";"0";"0";"4";"2";"1";""
"202100008207";"187 049";"C01";"2";"33";"0";"2";"1";"21";"1";""
"202100008207";"187 050";"B01";"2";"33";"0";"2";"1";"21";"1";""
"202100008207";"187 051";"A01";"1";"7";"0";"2";"1";"13";"1";""
"202100008208";"187 047";"A01";"2";"33";"0";"2";"1";"2";"1";""
"202100008208";"187 048";"B01";"2";"7";"0";"0";"4";"2";"1";""
"202100008209";"187 046";"A01";"3";"7";"0";"1";"1";"1";"3";""
"202100008210";"187 045";"A01";"0";"37";"0";"1";"2";"1";"1";"1"
"202100008211";"187 043";"A01";"2";"7";"0";"2";"3";"13";"1";""
"202100008211";"187 044";"B01";"1";"7";"0";"2";"3";"1";"1";""
"202100008212";"187 041";"A01";"2";"33";"0";"2";"2";"17";"1";""
"202100008212";"187 042";"B01";"2";"7";"0";"2";"3";"15";"1";""
"202100008213";"187 039";"A01";"2";"7";"0";"2";"1";"1";"1";""
"202100008213";"187 040";"B01";"0";"7";"0";"2";"1";"0";"1";""
"202100008214";"187 033";"D01";"2";"7";"0";"2";"1";"1";"1";""
"202100008214";"187 034";"C01";"2";"7";"0";"2";"1";"1";"1";""
"202100008214";"187 035";"B01";"2";"7";"0";"2";"1";"1";"1";""
"202100008214";"187 036";"A01";"2";"7";"0";"2";"2";"1";"1";""
"202100008215";"187 031";"B01";"1";"10";"0";"2";"4";"1";"1";""
"202100008215";"187 032";"A01";"1";"7";"0";"2";"1";"21";"1";""
"202100008216";"187 028";"B01";"2";"7";"0";"2";"2";"0";"1";""
"202100008216";"187 029";"Z01";"2";"7";"0";"2";"1";"0";"1";""
"202100008216";"187 030";"C01";"2";"10";"0";"2";"4";"0";"1";""
"202100008217";"187 027";"A01";"2";"7";"4";"0";"1";"13";"1";""
"202100008218";"187 026";"A01";"1";"7";"0";"0";"2";"14";"1";""
"202100008219";"187 025";"A01";"1";"7";"4";"0";"8";"2";"1";""
"202100008220";"187 022";"B01";"2";"7";"0";"2";"4";"2";"1";""
"202100008220";"187 023";"C01";"2";"7";"0";"2";"6";"0";"1";""
"202100008220";"187 024";"A01";"2";"7";"0";"2";"1";"2";"1";""
"202100008221";"187 020";"A01";"1";"10";"0";"2";"1";"2";"1";""
"202100008221";"187 021";"B01";"1";"10";"0";"2";"4";"2";"1";""
"202100008222";"187 016";"A01";"1";"7";"0";"2";"3";"2";"2";""
"202100008222";"187 017";"B01";"1";"10";"0";"2";"5";"2";"1";""
"202100008222";"187 018";"C01";"1";"7";"0";"2";"8";"2";"1";""
"202100008222";"187 019";"D01";"1";"7";"0";"2";"4";"2";"1";""
"202100008223";"187 015";"A01";"1";"7";"3";"0";"4";"9";"1";""
"202100008224";"187 012";"A01";"1";"7";"0";"2";"1";"1";"2";""
"202100008224";"187 013";"B01";"1";"7";"0";"2";"4";"2";"1";""
"202100008224";"187 014";"C01";"1";"7";"0";"0";"4";"2";"2";""
"202100008225";"187 010";"A01";"1";"7";"0";"2";"1";"1";"1";""
"202100008225";"187 011";"B01";"1";"7";"0";"2";"4";"2";"1";""
"202100008226";"187 008";"B01";"1";"7";"0";"2";"3";"1";"0";""
"202100008226";"187 009";"A01";"1";"7";"0";"2";"2";"1";"1";""
"202100008227";"187 006";"B01";"2";"7";"0";"2";"4";"2";"1";""
"202100008227";"187 007";"A01";"2";"7";"0";"2";"1";"1";"1";""
"202100008228";"187 004";"B01";"1";"7";"0";"2";"3";"1";"1";""
"202100008228";"187 005";"A01";"1";"7";"0";"2";"2";"12";"1";""
"202100008229";"187 001";"C01";"3";"7";"0";"2";"1";"2";"1";""
"202100008229";"187 002";"B01";"2";"7";"0";"2";"4";"1";"1";""
"202100008229";"187 003";"A01";"2";"7";"0";"2";"1";"1";"1";""
"202100008230";"186 999";"A01";"1";"7";"0";"2";"6";"11";"1";""
"202100008230";"187 000";"B01";"1";"32";"0";"2";"2";"3";"1";""
"202100008231";"186 996";"A01";"2";"7";"0";"2";"1";"2";"1";""
"202100008231";"186 997";"B01";"2";"10";"0";"2";"1";"2";"1";""
"202100008231";"186 998";"C01";"2";"7";"0";"2";"4";"2";"1";""
"202100008232";"186 995";"Z01";"3";"7";"0";"1";"1";"26";"0";""
"202100008233";"186 993";"A01";"2";"7";"0";"2";"0";"17";"0";""
"202100008233";"186 994";"B01";"2";"7";"0";"2";"0";"15";"1";""
"202100008234";"186 991";"A01";"2";"10";"0";"2";"4";"23";"1";""
"202100008234";"186 992";"B01";"2";"32";"0";"2";"1";"1";"1";""
"202100008235";"186 990";"A01";"3";"10";"0";"1";"1";"2";"1";""
"202100008236";"186 989";"A01";"2";"33";"0";"1";"1";"1";"1";""
"202100008237";"186 988";"A01";"1";"33";"0";"0";"0";"16";" -1";""
"202100008238";"186 987";"A01";"2";"2";"0";"1";"1";"1";"1";""
"202100008239";"186 986";"A01";"0";"30";"14";"0";"1";"2";"1";""
"202100008240";"186 984";"A01";"3";"7";"0";"2";"1";"1";"1";""
"202100008240";"186 985";"B01";"3";"7";"0";"2";"4";"23";"1";""
"202100008241";"186 983";"A01";"1";"7";"1";"0";"1";"16";"1";""
"202100008242";"186 980";"A01";"2";"7";"0";"2";"4";"2";"1";""
"202100008242";"186 981";"B01";"2";"7";"0";"2";"1";"2";"1";""
"202100008242";"186 982";"C01";"2";"7";"0";"2";"1";"2";"1";""
"202100008243";"186 979";"A01";"2";"80";"0";"0";"0";"2";"3";""
"202100008244";"186 977";"B01";"3";"7";"0";"2";"3";"15";"1";""
"202100008244";"186 978";"A01";"3";"30";"0";"2";"2";"1";"1";""
"202100008245";"186 975";"B01";"2";"2";"0";"2";"1";"1";"1";""
"202100008245";"186 976";"A01";"1";"7";"0";"2";"2";"15";"1";""
"202100008246";"186 974";"A01";"3";"7";"2";"0";"1";"13";"1";""
"202100008247";"186 972";"A01";"1";"7";"0";"2";"3";"10";"1";""
"202100008247";"186 973";"B01";"1";"33";"0";"2";"1";"1";"1";""
"202100008248";"186 971";"A01";"2";"7";"1";"0";"2";"1";"1";""
"202100008249";"186 969";"A01";"1";"7";"0";"2";"2";"17";"1";""
"202100008249";"186 970";"B01";"1";"30";"0";"2";"6";"1";"1";""
"202100008250";"186 967";"B01";"0";"2";"0";"2";"8";"1";"3";""
"202100008250";"186 968";"A01";"0";"7";"0";"2";"1";"13";"1";""
"202100008251";"186 964";"A01";"2";"33";"0";"2";"1";"3";"1";""
"202100008251";"186 965";"B01";"2";"10";"0";"2";"6";"1";"1";""
"202100008251";"186 966";"C01";"2";"7";"0";"2";"7";"1";"1";""
"202100008252";"186 962";"A01";"1";"32";"0";"2";"1";"17";"1";""
"202100008252";"186 963";"B01";"1";"7";"0";"2";"3";"15";"1";""
"202100008253";"186 960";"B01";"2";"33";"0";"2";"7";"17";"1";""
"202100008253";"186 961";"A01";"1";"7";"0";"2";"3";"10";"1";""
"202100008254";"186 959";"A01";"1";"33";"6";"0";"1";"1";"1";""
"202100008255";"186 958";"Z01";"1";"7";"0";"1";"1";"1";"0";""
"202100008256";"186 957";"A01";"1";"80";"0";"1";"1";"17";"3";""
"202100008257";"186 954";"A01";"1";"30";"0";"2";"2";"1";"1";""
"202100008257";"186 955";"B01";"1";"7";"0";"2";"3";"7";"1";""
"202100008257";"186 956";"C01";"1";"7";"0";"2";"6";"1";"1";""
"202100008258";"186 951";"C01";"1";"7";"0";"2";"3";"15";"1";""
"202100008258";"186 952";"B01";"1";"7";"0";"2";"2";"16";"1";""
"202100008258";"186 953";"A01";"1";"31";"1";"2";"1";"18";"1";""
"202100008259";"186 949";"B01";"3";"30";"0";"2";"8";"1";"1";""
"202100008259";"186 950";"A01";"3";"7";"0";"2";"1";"15";"1";""
"202100008260";"186 947";"B01";"1";"30";"0";"2";"3";"1";"1";""
"202100008260";"186 948";"A01";"1";"7";"0";"2";"5";"13";"1";""
"202100008261";"186 945";"B01";"1";"7";"0";"2";"6";"2";"2";""
"202100008261";"186 946";"A01";"1";"10";"0";"2";"2";"2";"1";""
"202100008262";"186 944";"A01";"1";"33";"0";"1";"3";"1";"3";""
"202100008263";"186 943";"A01";"1";"33";"0";"1";"3";"1";"1";""
"202100008264";"186 941";"B01";"1";"7";"0";"2";"2";"1";"2";""
"202100008264";"186 942";"A01";"1";"30";"0";"2";"8";"18";"1";""
"202100008265";"186 938";"C01";"2";"7";"0";"2";"4";"2";"1";""
"202100008265";"186 939";"B01";"2";"7";"0";"2";"3";"2";"2";""
"202100008265";"186 940";"A01";"2";"33";"0";"2";"1";"3";"1";""
"202100008266";"186 937";"A01";"2";"10";"0";"1";"7";"16";"1";""
"202100008267";"186 935";"A01";"1";"7";"0";"2";"6";"1";"1";""
"202100008267";"186 936";"B01";"2";"7";"0";"2";"1";"2";"1";""
"202100008268";"186 934";"A01";"1";"32";"12";"0";"1";"17";"1";""
"202100008269";"186 933";"A01";"1";"7";"12";"0";"1";"14";"1";""
"202100008270";"186 931";"A01";"3";"7";"0";"2";"3";"15";"1";""
"202100008270";"186 932";"B01";" -1";"7";"0";"2";"3";"1";"1";""
"202100008271";"186 929";"B01";"0";"10";"0";"2";"7";"15";"1";""
"202100008271";"186 930";"A01";"0";"7";"0";"2";"1";"1";"1";""
"202100008272";"186 926";"A01";"2";"7";"0";"2";"2";"5";"1";""
"202100008272";"186 927";"B01";"1";"7";"0";"2";"2";"1";"1";""
"202100008272";"186 928";"C01";"1";"7";"0";"2";"6";"1";"1";""
"202100008273";"186 925";"A01";" -1";"10";"0";"0";"7";"14";"1";""
"202100008274";"186 923";"A01";" -1";"34";"0";"2";"1";"21";"1";""
"202100008274";"186 924";"B01";" -1";"7";"0";"2";"0";"0";"1";""
"202100008275";"186 921";"A01";"0";"7";"0";"2";"3";"15";"1";""
"202100008275";"186 922";"B01";"0";"2";"0";"2";"1";"1";"1";""
"202100008276";"186 919";"B01";"1";"7";"0";"2";"4";"12";"1";""
"202100008276";"186 920";"A01";"1";"7";"0";"2";"1";"12";"1";""
"202100008277";"186 917";"A01";"2";"99";"0";"2";"0";"16";"0";""
"202100008277";"186 918";"B01";"1";"31";"0";"2";"2";"2";"1";""
"202100008278";"186 916";"A01";"2";"7";"0";"1";"3";"1";"1";""
"202100008279";"186 915";"A01";"2";"7";"1";"0";"2";"14";"1";""
"202100008280";"186 914";"A01";"2";"7";"13";"0";"3";"1";"1";""
"202100008281";"186 913";"A01";"1";"10";"0";"1";"2";"1";"1";""
"202100008282";"186 912";"A01";"1";"33";"0";"6";"8";"1";"1";""
"202100008283";"186 910";"A01";"1";"7";"13";"0";"1";"5";"2";""
"202100008283";"186 911";"B01";"2";"7";"13";"2";"2";"1";"1";""
"202100008284";"186 908";"B01";"1";"30";"0";"2";"1";"1";"1";""
"202100008284";"186 909";"A01";"2";"7";"0";"2";"3";"26";"1";""
"202100008285";"186 907";"A01";"1";"33";"0";"0";"0";"1";"1";""
"202100008286";"186 906";"A01";"2";"7";"12";"0";"0";"1";"1";""
"202100008287";"186 904";"A01";"1";"7";"1";"0";"1";"1";"1";""
"202100008287";"186 905";"B01";"1";"10";"0";"2";"4";"23";"1";""
"202100008288";"186 903";"A01";"1";"7";"17";"0";"3";"13";"1";""
"202100008289";"186 901";"A01";"2";"10";"0";"2";"2";"2";"1";""
"202100008289";"186 902";"B01";"2";"21";"0";"0";"6";"2";"1";""
"202100008290";"186 900";"A01";"2";"7";"0";"1";"1";"2";"1";""
"202100008291";"186 899";"A01";"0";"2";"0";"1";"1";"1";"1";""
"202100008292";"186 897";"B01";"2";"7";"0";"2";"1";"1";"1";""
"202100008292";"186 898";"A01";"1";"7";"12";"2";"1";"13";"1";""
"202100008293";"186 895";"B01";"1";"7";"0";"2";"1";"1";"1";""
"202100008293";"186 896";"A01";"2";"7";"0";"2";"7";"17";"1";""
"202100008294";"186 894";"A01";"2";"7";"13";"0";"1";"1";"1";""
"202100008295";"186 893";"A01";"2";"7";"13";"0";"7";"1";"1";""
"202100008296";"186 892";"A01";"3";"7";"6";"0";"1";"1";"1";""
"202100008297";"186 891";"A01";"1";"7";"13";"0";"8";"1";"1";""
"202100008298";"186 888";"C01";"1";"7";"0";"2";"3";"1";"1";""
"202100008298";"186 889";"B01";"1";"7";"0";"2";"3";"1";"2";""
"202100008298";"186 890";"A01";"2";"7";"0";"2";"3";"13";"1";""
"202100008299";"186 887";"A01";"2";"7";"6";"0";"3";"1";"1";""
"202100008300";"186 885";"B01";"1";"33";"0";"2";"1";"26";"1";""
"202100008300";"186 886";"A01";"1";"7";"0";"0";"2";"9";"1";""
"202100008301";"186 883";"B01";"1";"7";"0";"2";"3";"1";"1";""
"202100008301";"186 884";"A01";"2";"7";"0";"2";"3";"1";"1";""
"202100008302";"186 882";"A01";"0";"33";"4";"0";"1";"0";"1";""
"202100008303";"186 881";"A01";"0";"7";"15";"0";"1";"0";"1";""
"202100008304";"186 880";"A01";"3";"7";"13";"0";"1";"21";"1";""
"202100008305";"186 879";"A01";"3";"7";"6";"0";"1";"0";"1";""
"202100008306";"186 876";"A01";"1";"7";"0";"2";"1";"5";"1";""
"202100008306";"186 877";"B01";"2";"7";"0";"2";"8";"1";"1";""
"202100008306";"186 878";"C01";"2";"7";"0";"2";"1";"1";"1";""
"202100008307";"186 875";"A01";"1";"7";"13";"0";"2";"17";"1";""
"202100008308";"186 872";"B01";"1";"7";"0";"2";"1";"0";"1";""
"202100008308";"186 873";"A01";"1";"7";"16";"2";"4";"0";"1";""
"202100008309";"186 871";"A01";"1";"7";"13";"0";"2";"14";"1";""
"202100008310";"186 870";"A01";"1";"33";"13";"0";"0";"1";"1";""
"202100008311";"186 869";"A01";"1";"7";"2";"0";"2";"2";"1";""
"202100008312";"186 868";"A01";"2";"7";"13";"0";"2";"0";"1";""
"202100008313";"186 866";"A01";"1";"10";"0";"2";"3";"2";"1";""
"202100008313";"186 867";"B01";"1";"7";"0";"2";"6";"2";"2";""
"202100008314";"186 865";"A01";"3";"2";"2";"0";"3";"1";"1";""
"202100008315";"186 864";"A01";"0";"0";"0";"0";"0";"1";"0";""
"202100008316";"186 863";"A01";"2";"7";"3";"0";"2";"0";"1";""
"202100008317";"186 860";"C01";"1";"7";"0";"0";"6";"1";"1";""
"202100008317";"186 861";"B01";"1";"7";"0";"0";"6";"1";"1";""
"202100008317";"186 862";"A01";"1";"7";"0";"2";"3";"1";"1";""
"202100008318";"186 858";"A01";"1";"7";"12";"0";"9";"13";"1";""
"202100008319";"186 856";"B01";"1";"7";"0";"2";"3";"1";"1";""
"202100008319";"186 857";"A01";"2";"7";"0";"2";"3";"13";"1";""
"202100008320";"186 855";"A01";"1";"7";"13";"0";"0";"14";"1";""
"202100008321";"186 853";"A01";"2";"7";"0";"2";"8";"15";"1";""
"202100008321";"186 854";"B01";"2";"33";"0";"2";"1";"17";"1";""
"202100008322";"186 850";"C01";"1";"7";"0";"2";"1";"0";"1";""
"202100008322";"186 851";"B01";"1";"7";"0";"2";"1";"2";"1";""
"202100008322";"186 852";"A01";"1";"7";"0";"0";"4";"15";"1";""
"202100008323";"186 848";"A01";"2";"2";"0";"2";"3";"1";"1";""
"202100008323";"186 849";"B01";"1";"7";"0";"2";"3";"15";"1";""
"202100008324";"186 846";"A01";"1";"7";"0";"2";"3";"17";"1";""
"202100008324";"186 847";"B01";"2";"7";"0";"0";"8";"16";"1";""
"202100008325";"186 845";"A01";"3";"7";"2";"0";"1";"1";"1";""
"202100008326";"186 844";"A01";"1";"3";"6";"0";"1";"14";"1";""
"202100008327";"186 842";"A01";"2";"30";"0";"2";"1";"1";"1";""
"202100008327";"186 843";"B01";"1";"7";"0";"2";"2";"9";"2";""
"202100008328";"186 840";"A01";"3";"33";"0";"0";"0";"17";"1";""
"202100008329";"186 839";"A01";"2";"7";"16";"0";"7";"1";"1";""
"202100008330";"186 837";"B01";"2";"33";"0";"2";"1";"1";"1";""
"202100008330";"186 838";"A01";"2";"7";"0";"0";"5";"15";"1";""
"202100008331";"186 836";"A01";"1";"7";"13";"0";"1";"21";"1";""
"202100008332";"186 834";"B01";"2";"7";"0";"2";"2";"15";"1";""
"202100008332";"186 835";"A01";"1";"2";"0";"2";"1";"1";"1";""
"202100008333";"186 832";"B01";"3";"7";"0";"2";"1";"1";"1";""
"202100008333";"186 833";"A01";"3";"7";"9";"2";"1";"13";"1";""
"202100008334";"186 831";"A01";"0";"7";"0";"1";"2";"4";"1";""
"202100008335";"186 828";"A01";"1";"10";"0";"2";"4";"2";"1";""
"202100008335";"186 829";"B01";"1";"7";"0";"2";"4";"2";"1";""
"202100008335";"186 830";"C01";"1";"7";"0";"2";"1";"2";"1";""
"202100008336";"186 826";"A01";"1";"7";"0";"2";"4";"2";"1";""
"202100008336";"186 827";"B01";"1";"7";"0";"2";"1";"2";"1";""
"202100008337";"186 824";"A01";"1";"7";"2";"2";"1";"2";"1";""
"202100008337";"186 825";"B01";"1";"15";"0";"2";"4";"2";"1";""
"202100008338";"186 823";"A01";"2";"14";"4";"0";"1";"0";"1";""
"202100008339";"186 819";"B01";"1";"7";"0";"2";"1";"0";"1";""
"202100008339";"186 820";"D01";"1";"7";"0";"2";"2";"0";"1";""
"202100008339";"186 821";"C01";"1";"7";"0";"2";"3";"2";"1";""
"202100008339";"186 822";"A01";"1";"17";"0";"2";"6";"13";"1";""
"202100008340";"186 817";"A01";"1";"7";"0";"2";"6";"9";"1";""
"202100008340";"186 818";"B01";"1";"7";"0";"2";"2";"0";"1";""
"202100008341";"186 815";"A01";"2";"7";"3";"2";"1";"2";"1";""
"202100008341";"186 816";"B01";"2";"7";"3";"2";"4";"2";"3";""
"202100008342";"186 813";"A01";"2";"7";"0";"2";"1";"1";"1";""
"202100008342";"186 814";"B01";"2";"7";"0";"2";"4";"2";"1";""
"202100008343";"186 812";"A01";"2";"7";"3";"0";"2";"14";"1";""
"202100008344";"186 809";"A01";"1";"33";"0";"2";"2";"17";"1";""
"202100008344";"186 810";"B01";"1";"7";"0";"2";"3";"11";"1";""
"202100008344";"186 811";"C01";"1";"7";"0";"2";"6";"1";"3";""
"202100008345";"186 807";"A01";"3";"2";"0";"2";"3";"19";"1";""
"202100008345";"186 808";"B01";"1";"2";"0";"2";"1";"1";"1";""
"202100008346";"186 806";"A01";"3";"7";"0";"1";"1";"15";"1";""
"202100008347";"186 805";"A01";"1";"7";"0";"0";"1";"0";"1";""
"202100008348";"186 804";"A01";"1";"7";"0";"1";"3";"15";"1";""
"202100008349";"186 802";"A01";"1";"7";"0";"9";"4";"1";"1";""
"202100008349";"186 803";"B01";"1";"80";"0";"2";"4";"1";"3";""
"202100008350";"186 801";"A01";"1";"7";"0";"1";"3";"1";"1";""
"202100008351";"186 799";"B01";"3";"2";"0";"2";"8";"16";"1";""
"202100008351";"186 800";"A01";"3";"7";"0";"2";"2";"16";"1";""
"202100008352";"186 798";"A01";"2";"7";"0";"1";"2";"1";"1";""
"202100008353";"186 796";"B01";"2";"2";"0";"2";"0";"21";"1";""
"202100008353";"186 797";"Z01";"2";"7";"0";"9";"0";"9";"1";""
"202100008354";"186 795";"A01";"1";"1";"0";"2";"0";"26";"0";""
"202100008355";"186 794";"A01";"1";"7";"11";"0";"2";"1";"1";""
"202100008356";"186 792";"A01";"1";"7";"0";"2";"2";"16";"0";""
"202100008356";"186 793";"B01";"1";"1";"0";"2";"3";"1";"0";""
"202100008357";"186 791";"A01";"1";"99";"0";"1";"2";"26";"0";""
"202100008358";"186 789";"B01";"2";"31";"0";"2";"3";"3";"1";""