"Num_Acc";"id_vehicule";"num_veh";"senc";"catv";"obs";"obsm";"choc";"manv";"motor";"occutc"
"202100008358";"186 790";"A01";"2";"7";"0";"2";"2";"12";"1";""
"202100008359";"186 788";"A01";"2";"33";"4";"0";"7";"21";"1";""
"202100008360";"186 787";"A01";"1";"10";"0";"1";"2";"1";"1";""
"202100008361";"186 785";"A01";"2";"7";"0";"2";"2";"16";"1";""
"202100008361";"186 786";"B01";"2";"1";"0";"2";"1";"1";"5";""
"202100008362";"186 783";"B01";"3";"7";"0";"2";"3";"15";"1";""
"202100008362";"186 784";"A01";"3";"33";"0";"2";"8";"1";"1";""
"202100008363";"186 782";"A01";"3";"1";"0";"1";"1";"1";"5";""
"202100008364";"186 781";"A01";"2";"7";"0";"1";"4";"4";"1";""
"202100008365";"186 779";"A01";"3";"7";"0";"2";"1";"15";"1";""
"202100008365";"186 780";"B01";"3";"7";"0";"2";"8";"1";"3";""
"202100008366";"186 778";"Z01";"2";"7";"0";"1";"1";"1";"1";""
"202100008367";"186 776";"A01";"2";"7";"0";"2";"3";"9";"2";""
"202100008367";"186 777";"B01";"2";"2";"0";"2";"7";"1";"1";""
"202100008368";"186 774";"B01";"1";"7";"0";"2";"3";"1";"1";""
"202100008368";"186 775";"A01";"2";"33";"0";"2";"8";"5";"1";""
"202100008369";"186 772";"Z01";"1";"30";"0";"2";"1";"17";"0";""
"202100008369";"186 773";"A01";"1";"1";"0";"2";"4";"13";"5";""
"202100008370";"186 770";"B01";"1";"2";"0";"2";"1";"18";"1";""
"202100008370";"186 771";"A01";"1";"7";"0";"2";"5";"22";"2";""
"202100008371";"186 768";"A01";"3";"7";"0";"2";"3";"9";"1";""
"202100008371";"186 769";"B01";"3";"32";"0";"2";"1";"1";"1";""
"202100008372";"186 766";"B01";"1";"2";"0";"2";"1";"1";"1";""
"202100008372";"186 767";"A01";"3";"7";"0";"2";"5";"15";"1";""
"202100008373";"186 765";"A01";"3";"7";"0";"1";"1";"9";"1";""
"202100008374";"186 763";"B01";"1";"1";"1";"0";"8";"2";"0";""
"202100008374";"186 764";"A01";"1";"7";"0";"9";"7";"24";"0";""
"202100008375";"186 761";"B01";"2";"2";"0";"2";"7";"18";"1";""
"202100008375";"186 762";"A01";"2";"10";"0";"2";"7";"16";"1";""
"202100008376";"186 759";"B01";"2";"50";"4";"2";"0";"5";"3";""
"202100008376";"186 760";"A01";"3";"7";"4";"9";"1";"1";"1";""
"202100008377";"186 757";"A01";"2";"7";"0";"2";"3";"0";"2";""
"202100008377";"186 758";"B01";"2";"7";"9";"2";"1";"0";"1";""
"202100008378";"186 755";"A01";"1";"7";"3";"0";"3";"11";"0";""
"202100008378";"186 756";"B01";"1";"32";"0";"2";"0";"0";"0";""
"202100008379";"186 753";"B01";"1";"7";"0";"2";"3";"1";"1";""
"202100008379";"186 754";"A01";"2";"1";"0";"2";"1";"1";"5";""
"202100008380";"186 751";"A01";"3";"7";"0";"2";"3";"1";"0";""
"202100008380";"186 752";"B01";"3";"7";"0";"2";"0";"0";"0";""
"202100008381";"186 749";"A01";"1";"7";"0";"2";"3";"1";"1";""
"202100008381";"186 750";"B01";"1";"2";"0";"2";"1";"1";"1";""
"202100008382";"186 748";"A01";"1";"1";"0";"0";"0";"1";"5";""
"202100008383";"186 747";"A01";"1";"1";"1";"0";"2";"14";"5";""
"202100008384";"186 745";"B01";"2";"7";"0";"0";"1";"1";"1";""
"202100008384";"186 746";"A01";"1";"7";"0";"2";"1";"1";"1";""
"202100008385";"186 743";"A01";"3";"7";"0";"2";"7";"15";"0";""
"202100008385";"186 744";"B01";"1";"7";"0";"2";"1";"1";"1";""
"202100008386";"186 741";"A01";"0";"10";"0";"9";"3";"11";"1";""
"202100008386";"186 742";"B01";"0";"1";"0";"2";"6";"1";"5";""
"202100008387";"186 740";"A01";"2";"7";"4";"0";"3";"11";"1";""
"202100008388";"186 736";"D01";"3";"7";"0";"9";"0";"1";"1";""
"202100008388";"186 737";"C01";"3";"7";"0";"2";"1";"1";"1";""
"202100008388";"186 738";"B01";"3";"7";"0";"2";"8";"1";"1";""
"202100008388";"186 739";"A01";"3";"7";"0";"2";"1";"17";"1";""
"202100008389";"186 735";"A01";"0";"2";"11";"0";"9";"0";"1";""
"202100008390";"186 734";"A01";"2";"7";"3";"0";"0";"1";"1";""
"202100008391";"186 733";"A01";"1";"7";"0";"0";"9";"1";"1";""
"202100008392";"186 731";"A01";"2";"7";"0";"2";"1";"2";"2";""
"202100008392";"186 732";"B01";"2";"2";"0";"2";"4";"1";"1";""
"202100008393";"186 730";"A01";"3";"7";"8";"0";"9";"1";"6";""
"202100008394";"186 729";"A01";"1";"1";"0";"0";"9";"1";"5";""
"202100008395";"186 728";"A01";"2";"7";"2";"0";"9";"13";"1";""
"202100008396";"186 722";"B01";"1";"7";"0";"2";"3";"15";"1";""
"202100008396";"186 723";"A01";"1";"2";"0";"2";"1";"2";"1";""
"202100008397";"186 721";"A01";"0";"7";"8";"0";"1";"1";"1";""
"202100008398";"186 719";"A01";"2";"7";"0";"2";"6";"1";"1";""
"202100008398";"186 720";"B01";"2";"2";"0";"2";"1";"1";"1";""
"202100008399";"186 718";"A01";"2";"7";"16";"0";"3";"1";"1";""
"202100008400";"186 717";"A01";"1";"7";"2";"0";"1";"13";"1";""
"202100008401";"186 715";"A01";"3";"7";"0";"2";"2";"1";"1";""
"202100008401";"186 716";"B01";"2";"7";"0";"2";"3";"1";"1";""
"202100008402";"186 714";"A01";"1";"7";"2";"0";"1";"0";"1";""
"202100008403";"186 713";"A01";"1";"33";"3";"0";"8";"12";"1";""
"202100008404";"186 711";"A01";"1";"7";"0";"2";"2";"2";"1";""
"202100008404";"186 712";"B01";"1";"30";"0";"0";"6";"1";"1";""
"202100008405";"186 709";"B01";"1";"17";"0";"2";"3";"1";"1";""
"202100008405";"186 710";"A01";"2";"7";"10";"2";"3";"13";"1";""
"202100008406";"186 707";"A01";"2";"7";"0";"0";"4";"2";"1";""
"202100008406";"186 708";"B01";"2";"7";"0";"2";"1";"2";"1";""
"202100008407";"186 705";"B01";"1";"33";"14";"2";"1";"1";"1";""
"202100008407";"186 706";"A01";"2";"7";"0";"2";"2";"15";"1";""
"202100008408";"186 704";"A01";"1";"7";"8";"0";"9";"13";"1";""
"202100008409";"186 702";"B01";"3";"7";"0";"0";"3";"1";"1";""
"202100008409";"186 703";"A01";"2";"7";"13";"0";"2";"1";"1";""
"202100008410";"186 701";"A01";"2";"7";"2";"0";"3";"1";"1";""
"202100008411";"186 700";"A01";"2";"7";"15";"0";"2";"1";"1";""
"202100008412";"186 698";"A01";"2";"33";"0";"2";"1";"1";"1";""
"202100008412";"186 699";"B01";"2";"10";"0";"2";"7";"15";"1";""
"202100008413";"186 697";"A01";"1";"7";"0";"1";"1";"1";"1";""
"202100008414";"186 696";"A01";"0";"7";"0";"1";"2";"20";"1";""
"202100008415";"186 694";"B01";"1";"17";"0";"0";"1";"21";"1";""
"202100008415";"186 695";"A01";"1";"7";"0";"0";"8";"0";"1";""
"202100008416";"186 693";"A01";"2";"7";"6";"0";"1";"14";"1";""
"202100008417";"186 691";"B01";"2";"7";"0";"2";"1";"1";"1";""
"202100008417";"186 692";"A01";"1";"7";"0";"2";"7";"15";"1";""
"202100008418";"186 690";"A01";"0";"7";"15";"1";"1";"0";"1";""
"202100008419";"186 689";"A01";"3";"10";"0";"1";"6";"4";"1";""
"202100008420";"186 688";"A01";"2";"7";"13";"0";"1";"1";"1";""
"202100008421";"186 687";"A01";"1";"7";"13";"0";"9";"1";"1";""
"202100008422";"186 685";"B01";"1";"7";"0";"2";"3";"16";"1";""
"202100008422";"186 686";"A01";"2";"7";"0";"2";"3";"16";"1";""
"202100008423";"186 684";"A01";"1";"2";"0";"0";"0";"2";"1";""
"202100008424";"186 683";"A01";"2";"7";"0";"1";"1";"11";"1";""
"202100008425";"186 682";"A01";"1";"7";"0";"0";"1";"1";"1";""
"202100008426";"186 681";"A01";"2";"10";"15";"0";"1";"1";"1";""
"202100008427";"186 679";"B01";"1";"1";"0";"2";"1";"1";"5";""
"202100008427";"186 680";"A01";"1";"7";"0";"2";"3";"1";"1";""
"202100008428";"186 677";"B01";"1";"7";"0";"2";"7";"14";"1";""
"202100008428";"186 678";"A01";"1";"7";"0";"2";"3";"1";"1";""
"202100008429";"186 675";"Z01";"1";"7";"0";"2";"7";"12";"1";""
"202100008429";"186 676";"A01";"1";"33";"0";"2";"8";"0";"1";""
"202100008430";"186 668";"G01";"2";"7";"0";"2";"4";"23";"1";""
"202100008430";"186 669";"F01";"2";"7";"0";"2";"4";"23";"1";""
"202100008430";"186 670";"A01";"2";"10";"0";"2";"1";"12";"1";""
"202100008430";"186 671";"B01";"2";"7";"0";"2";"4";"23";"1";""
"202100008430";"186 672";"C01";"2";"10";"0";"2";"4";"23";"1";""
"202100008430";"186 673";"D01";"2";"7";"0";"2";"4";"23";"1";""
"202100008430";"186 674";"E01";"2";"7";"0";"2";"4";"23";"2";""
"202100008431";"186 667";"A01";"2";"7";"2";"0";"1";"1";"2";""
"202100008432";"186 665";"A01";"2";"13";"0";"2";"2";"1";"1";""
"202100008432";"186 666";"B01";"2";"7";"0";"2";"8";"2";"1";""
"202100008433";"186 664";"A01";"1";"10";"0";"1";"1";"1";"1";""
"202100008434";"186 663";"A01";"1";"7";"0";"1";"2";"1";"1";""
"202100008435";"186 661";"B01";"1";"33";"0";"2";"7";"1";"1";""
"202100008435";"186 662";"A01";"1";"7";"0";"2";"8";"13";"1";""
"202100008436";"186 659";"A01";"2";"7";"0";"2";"1";"15";"1";""
"202100008436";"186 660";"B01";"1";"31";"0";"2";"7";"1";"1";""
"202100008437";"186 657";"B01";"1";"2";"0";"2";"4";"23";"6";""
"202100008437";"186 658";"A01";"1";"10";"0";"2";"2";"2";"0";""
"202100008438";"186 655";"B01";"1";"7";"0";"2";"3";"1";"1";""
"202100008438";"186 656";"A01";"1";"7";"0";"2";"2";"15";"0";""
"202100008439";"186 651";"A01";"1";"0";"5";"2";"0";"0";"0";""
"202100008439";"186 652";"B01";"1";"7";"0";"2";"2";"1";"1";""
"202100008439";"186 653";"C01";"1";"7";"0";"2";"9";"0";"1";""
"202100008439";"186 654";"D01";"1";"7";"0";"2";"4";"0";"1";""
"202100008440";"186 650";"A01";"2";"7";"0";"1";"2";"1";"1";""
"202100008441";"186 649";"A01";"3";"34";"0";"1";"8";"26";"1";""
"202100008442";"186 647";"A01";"1";"7";"0";"2";"1";"1";"1";""
"202100008442";"186 648";"B01";"1";"7";"0";"2";"4";"1";"1";""
"202100008443";"186 646";"A01";"2";"7";"4";"0";"2";"26";"1";""
"202100008444";"186 644";"A01";"1";"7";"0";"2";"7";"10";"1";""
"202100008444";"186 645";"B01";"2";"7";"0";"2";"1";"1";"1";""
"202100008445";"186 643";"A01";"1";"10";"0";"1";"4";"20";"1";""
"202100008446";"186 642";"A01";"1";"7";"0";"1";"1";"1";"1";""
"202100008447";"186 640";"A01";"2";"7";"1";"2";"1";"1";"1";""
"202100008447";"186 641";"B01";"2";"7";"0";"2";"8";"1";"1";""
"202100008448";"186 638";"A01";"0";"7";"0";"2";"1";"1";"2";""
"202100008448";"186 639";"B01";"0";"7";"0";"2";"6";"1";"1";""
"202100008449";"186 636";"A01";"3";"7";"0";"2";"3";"9";"1";""
"202100008449";"186 637";"B01";"3";"1";"0";"2";"7";"1";"0";""
"202100008450";"186 634";"A01";"2";"10";"0";"2";"1";"2";"1";""
"202100008450";"186 635";"B01";"2";"7";"0";"2";"4";"1";"1";""
"202100008451";"186 632";"A01";"2";"7";"0";"2";"1";"1";"0";""
"202100008451";"186 633";"B01";"2";"10";"0";"2";"4";"23";"0";""
"202100008452";"186 631";"A01";"1";"39";"0";"1";"1";"26";"3";""
"202100008453";"186 629";"A01";"3";"2";"15";"0";"1";"1";"1";""
"202100008454";"186 627";"A01";"1";"1";"0";"2";"4";"9";"6";""
"202100008454";"186 628";"B01";"1";"7";"0";"2";"1";"1";"1";""
"202100008455";"186 625";"A01";"3";"7";"0";"2";"3";"13";"1";""
"202100008455";"186 626";"B01";"3";"80";"0";"2";"1";"1";"3";""
"202100008456";"186 623";"Z01";"3";"7";"0";"2";"0";"0";"0";""
"202100008456";"186 624";"B01";"3";"1";"0";"2";"0";"26";"5";""
"202100008457";"186 621";"B01";"3";"50";"0";"2";"1";"19";"3";""
"202100008457";"186 622";"A01";"3";"7";"0";"2";"1";"5";"1";""
"202100008458";"186 620";"A01";"1";"2";"1";"0";"0";"14";"1";""
"202100008459";"186 618";"A01";"3";"7";"0";"2";"8";"8";"1";""
"202100008459";"186 619";"B01";"3";"37";"0";"2";"0";"1";"3";"2"
"202100008460";"186 616";"B01";"1";"7";"0";"2";"4";"20";"1";""
"202100008460";"186 617";"A01";"1";"7";"0";"2";"1";"1";"1";""
"202100008461";"186 614";"B01";"2";"1";"0";"2";"1";"2";"5";""
"202100008461";"186 615";"A01";"1";"7";"0";"2";"1";"15";"1";""
"202100008462";"186 613";"A01";"1";"7";"0";"2";"1";"13";"0";""
"202100008463";"186 611";"B01";"1";"2";"0";"2";"0";"0";"1";""
"202100008463";"186 612";"A01";"2";"7";"0";"2";"0";"0";"1";""
"202100008464";"186 609";"A01";"1";"7";"0";"9";"1";"1";"1";""
"202100008464";"186 610";"B01";"1";"1";"0";"2";"1";"1";"5";""
"202100008465";"186 607";"A01";"1";"7";"0";"2";"1";"2";"1";""
"202100008465";"186 608";"B01";"1";"7";"0";"2";"4";"2";"1";""
"202100008466";"186 605";"B01";"1";"1";"0";"2";"8";"1";"5";""
"202100008466";"186 606";"A01";"1";"7";"0";"9";"7";"17";"1";""
"202100008467";"186 603";"B01";"0";"2";"0";"2";"7";"1";"1";""
"202100008467";"186 604";"A01";"0";"7";"0";"2";"6";"10";"1";""
"202100008468";"186 601";"A01";"1";"30";"0";"2";"2";"17";"1";""
"202100008468";"186 602";"B01";"1";"7";"0";"2";"8";"1";"1";""
"202100008469";"186 599";"Z01";"0";"7";"0";"2";"7";"1";"0";""
"202100008469";"186 600";"B01";"1";"1";"0";"2";"8";"1";"5";""
"202100008470";"186 597";"A01";"1";"7";"0";"2";"3";"9";"1";""
"202100008470";"186 598";"B01";"1";"7";"0";"2";"2";"1";"1";""
"202100008471";"186 595";"B01";"1";"30";"0";"2";"1";"1";"1";""
"202100008471";"186 596";"A01";"1";"7";"0";"2";"2";"15";"1";""
"202100008472";"186 594";"A01";"3";"1";"12";"0";"0";"13";"5";""
"202100008473";"186 592";"B01";"2";"10";"11";"2";"1";"2";"1";""
"202100008473";"186 593";"A01";"2";"7";"11";"2";"3";"15";"1";""
"202100008474";"186 590";"A01";"2";"7";"0";"2";"1";"1";"1";""
"202100008474";"186 591";"B01";"2";"7";"0";"2";"4";"1";"1";""
"202100008475";"186 588";"B01";"1";"31";"0";"2";"0";"1";"1";""
"202100008475";"186 589";"A01";"0";"7";"0";"2";"0";"9";"1";""
"202100008476";"186 586";"B01";"3";"50";"0";"2";"1";"1";"3";""
"202100008476";"186 587";"A01";"1";"7";"1";"0";"1";"1";"1";""
"202100008477";"186 584";"B01";"2";"7";"0";"2";"1";"1";"1";""
"202100008477";"186 585";"A01";"3";"1";"0";"2";"8";"19";"5";""
"202100008478";"186 582";"A01";"2";"7";"0";"2";"4";"20";"1";""
"202100008478";"186 583";"B01";"2";"7";"1";"2";"1";"1";"1";""
"202100008479";"186 580";"Z01";"1";"7";"14";"2";"1";"1";"1";""
"202100008479";"186 581";"B01";"1";"1";"0";"2";"8";"19";"5";""
"202100008480";"186 578";"B01";"1";"7";"0";"2";"2";"20";"1";""
"202100008480";"186 579";"A01";"1";"30";"0";"2";"1";"18";"1";""
"202100008481";"186 576";"B01";"1";"99";"0";"2";"2";"0";"1";""
"202100008481";"186 577";"Z01";"1";"7";"0";"2";"3";"15";"1";""
"202100008482";"186 574";"A01";"2";"7";"0";"2";"3";"17";"1";""
"202100008482";"186 575";"B01";"1";"80";"0";"2";"1";"0";"3";""
"202100008483";"186 572";"A01";"3";"7";"0";"2";"1";"9";"1";""
"202100008483";"186 573";"B01";"3";"2";"0";"2";"1";"1";"1";""
"202100008484";"186 570";"B01";"3";"7";"0";"2";"3";"1";"1";""
"202100008484";"186 571";"A01";"1";"7";"0";"2";"3";"9";"1";""
"202100008485";"186 568";"B01";"1";"30";"0";"2";"4";"1";"1";""
"202100008485";"186 569";"A01";"1";"7";"0";"2";"2";"1";"1";""
"202100008486";"186 566";"A01";"1";"7";"0";"2";"1";"1";"1";""
"202100008486";"186 567";"B01";"1";"7";"0";"0";"4";"15";"1";""
"202100008487";"186 564";"B01";"2";"2";"0";"2";"1";"9";"1";""
"202100008487";"186 565";"A01";"2";"7";"0";"2";"4";"1";"1";""
"202100008488";"186 557";"A01";"2";"7";"0";"2";"9";"17";"1";""
"202100008488";"186 558";"B01";"2";"7";"0";"2";"8";"17";"1";""
"202100008489";"186 556";"Z01";"2";"7";"0";"1";"2";"1";"0";""
"202100008490";"186 554";"B01";"3";"1";"0";"2";"3";"1";"5";""
"202100008490";"186 555";"A01";"3";"7";"0";"2";"2";"15";"1";""
"202100008491";"186 553";"A01";"3";"7";"0";"1";"3";"1";"1";""
"202100008492";"186 551";"A01";"2";"7";"1";"0";"1";"2";"1";""
"202100008492";"186 552";"B01";"3";"7";"9";"2";"4";"24";"0";""
"202100008493";"186 550";"A01";"1";"10";"8";"0";"1";"1";"1";""
"202100008494";"186 548";"B01";"2";"10";"0";"2";"1";"1";"1";""
"202100008494";"186 549";"A01";"1";"7";"0";"2";"1";"1";"1";""
"202100008495";"186 547";"A01";"3";"7";"0";"1";"3";"1";"1";""
"202100008496";"186 545";"A01";"3";"7";"0";"2";"1";"1";"1";""
"202100008496";"186 546";"B01";"3";"30";"0";"2";"4";"23";"1";""
"202100008497";"186 544";"A01";"2";"34";"0";"1";"1";"2";"1";""
"202100008498";"186 543";"A01";"3";"7";"0";"1";"1";"9";"1";""
"202100008499";"186 541";"A01";"2";"7";"0";"1";"2";"5";"1";""
"202100008499";"186 542";"B01";"1";"7";"0";"2";"2";"1";"2";""
"202100008500";"186 540";"A01";"1";"7";"0";"1";"1";"16";"1";""
"202100008501";"186 539";"A01";"1";"1";"12";"0";"0";"14";"5";""
"202100008502";"186 537";"A01";"2";"7";"0";"2";"1";"1";"2";""
"202100008502";"186 538";"B01";"1";"1";"0";"2";"7";"1";"5";""
"202100008503";"186 535";"A01";"2";"50";"0";"2";"1";"1";"3";""
"202100008503";"186 536";"Z01";"1";"7";"0";"2";"2";"15";"0";""
"202100008504";"186 533";"A01";"1";"30";"0";"2";"1";"7";"1";""
"202100008504";"186 534";"B01";"1";"7";"0";"2";"5";"22";"1";""
"202100008505";"186 532";"A01";"2";"7";"1";"0";"2";"14";"3";""
"202100008506";"186 531";"A01";"2";"33";"11";"0";"3";"1";"1";""
"202100008507";"186 529";"B01";"1";"2";"0";"2";"2";"14";"1";""
"202100008507";"186 530";"A01";"1";"7";"0";"2";"3";"1";"1";""
"202100008508";"186 527";"B01";"2";"7";"0";"0";"4";"23";"1";""
"202100008508";"186 528";"A01";"2";"7";"0";"2";"1";"2";"1";""
"202100008509";"186 525";"A01";"3";"7";"0";"2";"1";"2";"1";""
"202100008509";"186 526";"B01";"3";"50";"0";"2";"4";"2";"3";""
"202100008510";"186 523";"A01";" -1";"7";"0";"2";"1";"2";"1";""
"202100008510";"186 524";"B01";" -1";"7";"0";"2";"4";"2";"1";""
"202100008511";"186 521";"A01";"3";"7";"0";"2";"3";"26";"1";""
"202100008511";"186 522";"B01";"1";"7";"1";"0";"0";"0";"1";""
"202100008512";"186 519";"B01";"1";"7";"0";"0";"4";"2";"2";""
"202100008512";"186 520";"A01";"1";"7";"1";"2";"1";"2";"1";""
"202100008513";"186 517";"A01";"1";"7";"0";"2";"2";"9";"1";""
"202100008513";"186 518";"B01";"2";"10";"0";"2";"7";"1";"1";""
"202100008514";"186 515";"B01";"1";"33";"0";"2";"4";"23";"1";""
"202100008514";"186 516";"A01";"1";"33";"0";"2";"1";"26";"1";""
"202100008515";"186 512";"C01";"0";"7";"0";"2";"2";"1";"1";""
"202100008515";"186 513";"B01";"0";"7";"0";"2";"1";"1";"2";""
"202100008515";"186 514";"A01";"0";"7";"0";"2";"5";"1";"1";""
"202100008516";"186 510";"A01";"1";"33";"0";"2";"1";"2";"1";""
"202100008516";"186 511";"B01";"1";"7";"0";"2";"4";"1";"3";""
"202100008517";"186 509";"A01";"3";"10";"0";"1";"3";"20";"0";""
"202100008518";"186 507";"A01";"2";"7";"0";"2";"8";"13";"1";""
"202100008518";"186 508";"B01";"1";"7";"0";"2";"8";"13";"1";""
"202100008519";"186 506";"A01";"0";"7";"0";"1";"1";"1";"1";""
"202100008520";"186 504";"A01";"2";"7";"0";"0";"4";"23";"1";""
"202100008520";"186 505";"B01";"2";"99";"0";"2";"1";"1";"6";""
"202100008521";"186 503";"A01";"3";"7";"6";"0";"2";"1";"1";""
"202100008522";"186 501";"A01";"2";"7";"0";"2";"2";"1";"1";""
"202100008522";"186 502";"B01";"1";"7";"0";"2";"1";"1";"1";""
"202100008523";"186 499";"B01";"2";"10";"0";"2";"2";"2";"1";""
"202100008523";"186 500";"A01";"2";"7";"0";"0";"4";"23";"1";""
"202100008524";"186 497";"A01";"1";"31";"0";"2";"1";"17";"1";""
"202100008524";"186 498";"B01";"2";"7";"0";"9";"3";"1";"1";""
"202100008525";"186 492";"A01";"2";"7";"0";"2";"1";"13";"1";""
"202100008525";"186 493";"B01";"1";"15";"0";"2";"3";"1";"1";""
"202100008526";"186 491";"A01";"2";"7";"2";"0";"2";"1";"1";""
"202100008527";"186 490";"A01";"1";"15";"0";"0";"0";"1";"1";""
"202100008528";"186 489";"A01";"1";"7";"2";"0";"1";"1";"1";""
"202100008529";"186 488";"A01";"3";"10";"7";"0";"0";"1";"1";""
"202100008530";"186 487";"A01";"1";"7";"0";"1";"1";"1";"1";""
"202100008531";"186 486";"A01";"2";"21";"0";"0";"9";"1";"1";""
"202100008532";"186 484";"B01";"2";"7";"0";"2";"1";"1";"1";""
"202100008532";"186 485";"A01";"1";"10";"0";"2";"2";"13";"1";""
"202100008533";"186 483";"A01";"0";"7";"2";"0";"2";"1";"1";""
"202100008534";"186 481";"B01";"1";"14";"0";"2";"1";"1";"1";""
"202100008534";"186 482";"A01";"2";"7";"0";"2";"8";"10";"1";""
"202100008535";"186 480";"A01";"1";"7";"10";"0";"3";"19";"1";""
"202100008536";"186 478";"B01";"2";"10";"0";"2";"1";"1";"0";""
"202100008536";"186 479";"A01";"1";"7";"0";"2";"7";"19";"0";""
"202100008537";"186 476";"A01";"2";"7";"0";"1";"0";"0";"1";""
"202100008537";"186 477";"B01";"2";"2";"0";"1";"1";"1";"1";""
"202100008538";"186 474";"A01";"1";"80";"0";"2";"5";"1";"3";""
"202100008538";"186 475";"B01";"1";"7";"0";"2";"3";"2";"1";""
"202100008539";"186 472";"B01";"1";"10";"0";"2";"1";"1";"1";""
"202100008539";"186 473";"A01";"2";"7";"0";"2";"5";"13";"1";""
"202100008540";"186 471";"A01";"1";"7";"6";"0";"1";"6";"1";""
"202100008541";"186 470";"A01";"2";"7";"1";"0";"2";"26";"1";""
"202100008542";"186 469";"A01";"1";"7";"0";"1";"0";"1";"1";""
"202100008543";"186 468";"A01";"2";"10";"0";"1";"2";"1";"1";""
"202100008544";"186 465";"C01";"1";"7";"0";"2";"3";"1";"1";""
"202100008544";"186 466";"B01";"2";"10";"0";"2";"1";"1";"1";""
"202100008544";"186 467";"A01";"2";"10";"0";"2";"3";"13";"1";""
"202100008545";"186 463";"A01";"1";"7";"0";"2";"2";"13";"1";""
"202100008545";"186 464";"B01";"2";"10";"0";"2";"1";"1";"1";""
"202100008546";"186 461";"B01";"1";"7";"0";"2";"2";"5";"1";""
"202100008546";"186 462";"A01";"2";"7";"0";"2";"7";"1";"1";""
"202100008547";"186 459";"B01";"1";"10";"0";"2";"3";"13";"1";""
"202100008547";"186 460";"A01";"2";"7";"6";"2";"3";"1";"1";""
"202100008548";"186 457";"A01";"1";"7";"1";"0";"2";"17";"1";""
"202100008548";"186 458";"B01";"1";"15";"0";"2";"6";"24";"1";""
"202100008549";"186 454";"A01";"1";"7";"0";"0";"4";"26";"1";""
"202100008549";"186 455";"B01";"1";"7";"0";"2";"1";"1";"1";""
"202100008549";"186 456";"C01";"1";"10";"1";"0";"2";"21";"1";""
"202100008550";"186 453";"A01";"3";"36";"8";"0";"1";"1";"1";""
"202100008551";"186 450";"A01";"0";"7";"0";"1";"5";"21";"1";""
"202100008552";"186 448";"B01";"1";"10";"0";"2";"1";"1";"1";""
"202100008552";"186 449";"A01";"2";"7";"0";"2";"1";"5";"1";""
"202100008553";"186 446";"B01";"2";"7";"0";"2";"1";"1";"1";""
"202100008553";"186 447";"A01";"1";"7";"0";"2";"1";"5";"1";""
"202100008554";"186 444";"A01";"2";"7";"13";"0";"4";"2";"1";""
"202100008554";"186 445";"B01";"2";"7";"0";"2";"1";"2";"1";""
"202100008555";"186 443";"A01";"2";"7";"2";"0";"1";"14";"1";""
"202100008556";"186 442";"A01";"2";"31";"0";"0";"7";"1";"1";""
"202100008557";"186 440";"B01";"1";"33";"0";"2";"1";"2";"1";""
"202100008557";"186 441";"A01";"2";"7";"0";"2";"1";"15";"1";""
"202100008558";"186 438";"A01";"1";"7";"0";"2";"6";"4";"1";""
"202100008558";"186 439";"B01";"1";"2";"0";"0";"1";"1";"1";""
"202100008559";"186 436";"A01";"2";"7";"0";"2";"3";"1";"1";""
"202100008559";"186 437";"B01";"1";"31";"0";"2";"1";"16";"1";""
"202100008560";"186 434";"A01";"1";"7";"0";"2";"2";"5";"1";""
"202100008560";"186 435";"C01";"2";"7";"15";"2";"1";"1";"1";""
"202100008561";"186 432";"B01";"1";"7";"3";"2";"1";"1";"1";""
"202100008561";"186 433";"A01";"2";"7";"0";"2";"1";"13";"1";""
"202100008562";"186 430";"A01";"2";"7";"0";"2";"8";"15";"1";""
"202100008562";"186 431";"B01";"1";"2";"3";"2";"8";"19";"1";""
"202100008563";"186 428";"B01";"0";"31";"0";"2";"1";"19";"1";""
"202100008563";"186 429";"A01";"0";"7";"0";"2";"7";"1";"1";""
"202100008564";"186 427";"A01";"1";"7";"2";"0";"0";"0";"1";""
"202100008565";"186 426";"A01";"2";"33";"3";"0";"1";"2";"1";""
"202100008566";"186 424";"A01";"1";"7";"1";"0";"1";"1";"1";""
"202100008566";"186 425";"B01";"2";"7";"0";"2";"2";"24";"1";""
"202100008567";"186 423";"A01";"0";"33";"2";"0";"1";"0";"1";""
"202100008568";"186 421";"B01";"1";"7";"0";"2";"1";"1";"0";""
"202100008568";"186 422";"A01";"2";"7";"0";"2";"2";"15";"1";""
"202100008569";"186 419";"B01";"2";"2";"0";"2";"1";"1";"1";""
"202100008569";"186 420";"A01";"1";"7";"0";"2";"3";"1";"1";""
"202100008570";"186 417";"B01";"1";"1";"0";"2";"4";"15";"5";""
"202100008570";"186 418";"A01";"1";"7";"0";"2";"1";"15";"1";""
"202100008571";"186 416";"A01";"1";"33";"15";"0";"0";"1";"1";""
"202100008572";"186 415";"A01";"1";"7";"0";"0";"9";"2";"1";""
"202100008573";"186 414";"A01";"0";"7";"12";"0";"1";"0";"1";""
"202100008574";"186 411";"A01";"2";"15";"0";"2";"2";"14";"1";""
"202100008574";"186 412";"B01";"2";"7";"0";"2";"6";"11";"1";""
"202100008575";"186 409";"A01";"1";"7";"0";"2";"6";"1";"1";""
"202100008575";"186 410";"B01";"1";"7";"0";"2";"1";"2";"1";""
"202100008576";"186 407";"A01";"1";"7";"0";"2";"2";"26";"1";""
"202100008576";"186 408";"B01";"1";"7";"0";"2";"6";"23";"1";""