"Num_Acc";"id_vehicule";"num_veh";"senc";"catv";"obs";"obsm";"choc";"manv";"motor";"occutc"
"202100008788";"186 036";"B01";"2";"2";"0";"2";"1";"1";"1";""
"202100008788";"186 037";"A01";"1";"7";"0";"2";"3";"5";"1";""
"202100008789";"186 035";"A01";"3";"33";"0";"1";"2";"1";"1";""
"202100008790";"186 034";"A01";"1";"7";"13";"0";"2";"1";"1";""
"202100008791";"186 033";"A01";"1";"7";"6";"2";"2";"1";"1";""
"202100008792";"186 031";"A01";"3";"21";"0";"2";"3";"13";"1";""
"202100008792";"186 032";"B01";"3";"7";"0";"2";"1";"1";"1";""
"202100008793";"186 030";"A01";"1";"7";"6";"0";"1";"1";"1";""
"202100008794";"186 029";"A01";"1";"7";"2";"0";"1";"1";"0";""
"202100008795";"186 027";"B01";"3";"3";"0";"2";"1";"1";"1";""
"202100008795";"186 028";"A01";"3";"7";"0";"2";"1";"13";"1";""
"202100008796";"186 026";"A01";"3";"2";"9";"0";"1";"1";"1";""
"202100008797";"186 024";"B01";"1";"7";"0";"0";"1";"1";"1";""
"202100008797";"186 025";"A01";"1";"14";"0";"0";"7";"16";"1";""
"202100008798";"186 023";"A01";"1";"2";"0";"1";"1";"1";"1";""
"202100008799";"186 020";"C01";"1";"7";"0";"2";"1";"1";"1";""
"202100008799";"186 021";"B01";"1";"15";"0";"2";"8";"1";"1";""
"202100008799";"186 022";"A01";"2";"33";"0";"2";"8";"13";"1";""
"202100008800";"186 017";"A01";"2";"7";"4";"0";"3";"0";"1";""
"202100008801";"186 013";"A01";"2";"7";"6";"0";"2";"1";"1";""
"202100008802";"186 010";"A01";"2";"7";"0";"0";"5";"15";"1";""
"202100008802";"186 011";"B01";"2";"32";"0";"2";"1";"17";"1";""
"202100008803";"186 009";"A01";"3";"7";"0";"1";"8";"1";"1";""
"202100008804";"186 008";"A01";"2";"7";"1";"0";"3";"13";"1";""
"202100008805";"186 006";"B01";"1";"7";"0";"2";"1";"15";"1";""
"202100008805";"186 007";"A01";"1";"33";"0";"2";"1";"2";"1";""
"202100008806";"186 004";"B01";"0";"7";"0";"2";"1";"1";"1";""
"202100008806";"186 005";"A01";"0";"7";"0";"2";"7";"19";"1";""
"202100008807";"186 003";"A01";"1";"10";"0";"1";"2";"1";"1";""
"202100008808";"186 001";"A01";"1";"7";"0";"2";"3";"13";"1";""
"202100008808";"186 002";"B01";"2";"7";"0";"2";"1";"1";"1";""
"202100008809";"186 000";"A01";"0";"2";"0";"0";"0";"0";"1";""
"202100008810";"185 998";"B01";"3";"7";"0";"2";"3";"9";"1";""
"202100008810";"185 999";"A01";"3";"50";"0";"2";"2";"1";"3";""
"202100008811";"185 997";"A01";"3";"7";"0";"1";"0";"1";"1";""
"202100008812";"185 996";"A01";"2";"7";"2";"0";"3";"5";"1";""
"202100008813";"185 994";"B01";"2";"7";"0";"2";"1";"1";"1";""
"202100008813";"185 995";"A01";"2";"7";"0";"2";"3";"9";"1";""
"202100008814";"185 992";"B01";"1";"10";"0";"2";"4";"24";"1";""
"202100008814";"185 993";"A01";"1";"7";"0";"2";"1";"1";"1";""
"202100008815";"185 990";"A01";"1";"7";"0";"2";"1";"13";"1";""
"202100008815";"185 991";"B01";"2";"7";"0";"2";"1";"1";"1";""
"202100008816";"185 988";"B01";"3";"33";"0";"2";"1";"1";"1";""
"202100008816";"185 989";"A01";"3";"10";"0";"0";"5";"15";"1";""
"202100008817";"185 987";"A01";"1";"7";"0";"1";"1";"1";"1";""
"202100008818";"185 985";"A01";"2";"7";"0";"2";"4";"1";"1";""
"202100008818";"185 986";"B01";"2";"7";"0";"2";"1";"1";"1";""
"202100008819";"185 982";"A01";"2";"10";"0";"2";"4";"2";"1";""
"202100008819";"185 983";"B01";"2";"7";"0";"2";"4";"2";"1";""
"202100008819";"185 984";"C01";"2";"7";"0";"2";"1";"0";"1";""
"202100008820";"185 980";"B01";"0";"7";"0";"2";"4";"1";"1";""
"202100008820";"185 981";"A01";"2";"7";"0";"2";"1";"1";"1";""
"202100008821";"185 978";"B01";"1";"7";"0";"2";"1";"1";"1";""
"202100008821";"185 979";"A01";"1";"7";"0";"2";"4";"1";"1";""
"202100008822";"185 975";"B01";"1";"7";"4";"2";"8";"1";"1";""
"202100008822";"185 976";"A01";"1";"17";"0";"2";"2";"12";"1";""
"202100008822";"185 977";"C01";"1";"10";"14";"0";"8";"1";"1";""
"202100008823";"185 970";"A01";"1";"10";"0";"2";"1";"2";"1";""
"202100008823";"185 971";"B01";"1";"7";"0";"2";"4";"1";"1";""
"202100008823";"185 972";"C01";"1";"15";"0";"2";"1";"1";"1";""
"202100008823";"185 973";"D01";"1";"7";"0";"2";"1";"2";"1";""
"202100008823";"185 974";"E01";"1";"7";"0";"2";"4";"1";"1";""
"202100008824";"185 968";"B01";"1";"33";"0";"2";"1";"3";"1";""
"202100008824";"185 969";"A01";"1";"7";"3";"2";"4";"23";"1";""
"202100008825";"185 966";"A01";"1";"33";"0";"0";"8";"1";"1";""
"202100008825";"185 967";"Z01";"1";"7";"0";"0";"0";"11";"1";""
"202100008826";"185 964";"B01";"2";"7";"0";"2";"4";"1";"1";""
"202100008826";"185 965";"A01";"2";"7";"0";"2";"1";"1";"1";""
"202100008827";"185 962";"A01";"2";"10";"0";"2";"0";"0";"1";""
"202100008827";"185 963";"B01";"2";"33";"0";"2";"0";"2";"1";""
"202100008828";"185 960";"B01";"2";"7";"0";"2";"4";"1";"1";""
"202100008828";"185 961";"A01";"2";"33";"0";"2";"1";"1";"1";""
"202100008829";"185 959";"A01";"2";"7";"6";"0";"0";"14";"1";""
"202100008830";"185 957";"B01";"1";"33";"0";"2";"8";"1";"1";""
"202100008830";"185 958";"A01";"1";"10";"0";"2";"2";"14";"1";""
"202100008831";"185 955";"B01";"2";"7";"0";"2";"5";"2";"1";""
"202100008831";"185 956";"A01";"2";"31";"0";"2";"1";"1";"1";""
"202100008832";"185 952";"C01";"1";"10";"0";"2";"4";"2";"1";""
"202100008832";"185 953";"B01";"1";"7";"0";"2";"4";"2";"1";""
"202100008832";"185 954";"A01";"1";"7";"3";"2";"1";"1";"1";""
"202100008833";"185 951";"A01";"2";"33";"0";"9";"1";"12";"1";""
"202100008834";"185 949";"B01";"2";"33";"4";"2";"1";"3";"1";""
"202100008834";"185 950";"A01";"2";"17";"3";"2";"2";"1";"1";""
"202100008835";"185 947";"B01";"1";"7";"0";"2";"4";"2";"1";""
"202100008835";"185 948";"A01";"1";"7";"0";"2";"1";"1";"1";""
"202100008836";"185 946";"A01";"2";"7";"0";"2";"1";"0";"1";""
"202100008837";"185 945";"A01";"3";"33";"0";"0";"8";"1";"1";""
"202100008838";"185 944";"A01";"1";"32";"3";"0";"1";"6";"1";""
"202100008839";"185 942";"B01";"1";"7";"0";"2";"7";"1";"1";""
"202100008839";"185 943";"A01";"1";"7";"0";"2";"1";"1";"1";""
"202100008840";"185 940";"Z01";"1";"30";"0";"2";"1";"18";"0";""
"202100008840";"185 941";"A01";"2";"30";"0";"2";"1";"15";"1";""
"202100008841";"185 938";"A01";"1";"7";"0";"2";"8";"16";"1";""
"202100008841";"185 939";"B01";"2";"80";"0";"2";"1";"1";"3";""
"202100008842";"185 935";"B01";"1";"7";"0";"2";"3";"1";"1";""
"202100008842";"185 936";"A01";"1";"30";"0";"2";"1";"15";"1";""
"202100008843";"185 933";"A01";"1";"1";"0";"2";"1";"2";"5";""
"202100008843";"185 934";"B01";"1";"7";"0";"2";"5";"23";"1";""
"202100008844";"185 931";"A01";"1";"7";"0";"2";"7";"15";"1";""
"202100008844";"185 932";"B01";"2";"43";"0";"2";"1";"1";"1";""
"202100008845";"185 929";"B01";"3";"7";"0";"2";"8";"1";"3";""
"202100008845";"185 930";"A01";"1";"1";"0";"2";"1";"1";"5";""
"202100008846";"185 927";"A01";"1";"32";"0";"2";"1";"17";"1";""
"202100008846";"185 928";"B01";"3";"80";"0";"2";"8";"19";"3";""
"202100008847";"185 926";"A01";"1";"10";"0";"1";"3";"1";"1";""
"202100008848";"185 925";"Z01";"2";"30";"0";"1";"1";"15";"0";""
"202100008849";"185 922";"Z01";"2";"37";"0";"0";"7";"16";"0";"1"
"202100008849";"185 923";"A01";"2";"7";"0";"2";"5";"23";"1";""
"202100008849";"185 924";"B01";"2";"1";"0";"2";"8";"23";"5";""
"202100008850";"185 920";"A01";"1";"7";"0";"2";"8";"22";"2";""
"202100008850";"185 921";"B01";"1";"1";"1";"0";"2";"1";"5";""
"202100008851";"185 918";"A01";"1";"7";"0";"2";"1";"1";"1";""
"202100008851";"185 919";"B01";"1";"7";"0";"2";"3";"9";"1";""
"202100008852";"185 916";"A01";"2";"60";"0";"2";"5";"2";"5";""
"202100008852";"185 917";"B01";"2";"7";"0";"2";"5";"2";"1";""
"202100008853";"185 914";"B01";"1";"7";"0";"2";"4";"23";"1";""
"202100008853";"185 915";"A01";"2";"7";"0";"2";"1";"1";"0";""
"202100008854";"185 912";"A01";"1";"7";"0";"2";"3";"13";"1";""
"202100008854";"185 913";"B01";"1";"10";"0";"2";"3";"1";"1";""
"202100008855";"185 910";"A01";" -1";"34";"0";"2";"1";"26";"1";""
"202100008855";"185 911";"B01";" -1";"7";"0";"2";"6";"26";"1";""
"202100008856";"185 909";"A01";"1";"10";"0";"1";"3";"26";"0";""
"202100008857";"185 907";"B01";"3";"33";"0";"2";"1";"1";"1";""
"202100008857";"185 908";"A01";"3";"7";"0";"2";"2";"10";"1";""
"202100008858";"185 906";"A01";"3";"33";"0";"1";"1";"1";"1";""
"202100008859";"185 905";"A01";"1";"7";"0";"1";"1";"1";"1";""
"202100008860";"185 904";"A01";"3";"1";"0";"1";"1";"26";"5";""
"202100008861";"185 901";"A01";"1";"7";"0";"2";"9";"1";"1";""
"202100008861";"185 902";"B01";"1";"7";"0";"2";"5";"15";"1";""
"202100008861";"185 903";"C01";"1";"7";"0";"2";"8";"1";"1";""
"202100008862";"185 899";"B01";"1";"30";"0";"2";"1";"0";"1";""
"202100008862";"185 900";"A01";"1";"30";"0";"2";"7";"15";"1";""
"202100008863";"185 898";"A01";"1";"50";"0";"1";"1";"1";"3";""
"202100008864";"185 896";"A01";"1";"30";"0";"2";"2";"9";"1";""
"202100008864";"185 897";"B01";"1";"50";"0";"2";"3";"0";"3";""
"202100008865";"185 894";"B01";"2";"10";"0";"2";"5";"23";"1";""
"202100008865";"185 895";"A01";"2";"33";"0";"2";"8";"9";"1";""
"202100008866";"185 892";"A01";"3";"10";"0";"2";"1";"19";"1";""
"202100008866";"185 893";"B01";"3";"2";"0";"2";"8";"1";"1";""
"202100008867";"185 891";"A01";"3";"7";"6";"0";"2";"1";"1";""
"202100008868";"185 889";"B01";"2";"15";"0";"0";"6";"2";"1";""
"202100008868";"185 890";"A01";"2";"10";"0";"2";"1";"2";"1";""
"202100008869";"185 887";"B01";"1";"7";"0";"2";"8";"2";"1";""
"202100008869";"185 888";"A01";"2";"7";"0";"2";"3";"1";"1";""
"202100008870";"185 883";"A01";"1";"15";"3";"0";"2";"1";"1";""
"202100008870";"185 884";"B01";"2";"7";"3";"0";"1";"1";"1";""
"202100008870";"185 885";"C01";"2";"7";"0";"2";"4";"1";"1";""
"202100008870";"185 886";"D01";"2";"7";"3";"2";"1";"1";"1";""
"202100008871";"185 882";"A01";"1";"7";"0";"1";"1";"17";"2";""
"202100008872";"185 881";"A01";"1";"17";"13";"0";"2";"1";"1";""
"202100008873";"185 879";"A01";"1";"10";"0";"2";"1";"2";"1";""
"202100008873";"185 880";"B01";"1";"7";"0";"2";"4";"2";"1";""
"202100008874";"185 878";"A01";"1";"7";"0";"1";"3";"1";"1";""
"202100008875";"185 876";"B01";"2";"2";"15";"2";"3";"1";"1";""
"202100008875";"185 877";"A01";"1";"7";"0";"2";"3";"15";"1";""
"202100008876";"185 875";"A01";"2";"7";"6";"0";"1";"2";"1";""
"202100008877";"185 874";"A01";"2";"7";"13";"0";"1";"13";"1";""
"202100008878";"185 872";"A01";"1";"80";"0";"0";"4";"2";"3";""
"202100008878";"185 873";"B01";"1";"7";"0";"2";"2";"2";"1";""
"202100008879";"185 870";"A01";"1";"10";"0";"2";"3";"19";"3";""
"202100008879";"185 871";"B01";"1";"7";"0";"2";"1";"1";"1";""
"202100008880";"185 866";"A01";"2";"7";"0";"2";"1";"17";"1";""
"202100008880";"185 867";"B01";"1";"7";"0";"2";"3";"2";"1";""
"202100008880";"185 868";"C01";"1";"7";"0";"2";"1";"2";"1";""
"202100008880";"185 869";"D01";"2";"7";"0";"9";"1";"2";"1";""
"202100008881";"185 865";"A01";"1";"7";"2";"0";"3";"1";"1";""
"202100008882";"185 864";"A01";"1";"7";"0";"1";"2";"16";"1";""
"202100008883";"185 862";"A01";"2";"1";"0";"2";"1";"2";"5";""
"202100008883";"185 863";"B01";"2";"7";"0";"0";"5";"2";"1";""
"202100008884";"185 861";"A01";"2";"7";"6";"0";"3";"1";"1";""
"202100008885";"185 857";"B01";"1";"1";"0";"2";"3";"2";"5";""
"202100008885";"185 858";"A01";"1";"7";"0";"9";"2";"2";"1";""
"202100008886";"185 856";"A01";"2";"7";"0";"1";"2";"21";"1";""
"202100008887";"185 854";"B01";"1";"7";"0";"2";"2";"15";"1";""
"202100008887";"185 855";"A01";"1";"2";"0";"0";"4";"1";"1";""
"202100008888";"185 852";"A01";"1";"7";"0";"2";"2";"15";"1";""
"202100008888";"185 853";"B01";"2";"30";"0";"2";"1";"1";"1";""
"202100008889";"185 850";"A01";"1";"7";"0";"2";"7";"15";"1";""
"202100008889";"185 851";"B01";"2";"33";"0";"2";"1";"1";"1";""
"202100008890";"185 847";"A01";"1";"7";"0";"2";"4";"1";"1";""
"202100008890";"185 848";"B01";"1";"7";"0";"2";"4";"1";"1";""
"202100008890";"185 849";"C01";"1";"10";"0";"2";"1";"1";"1";""
"202100008891";"185 846";"A01";"1";"10";"0";"1";"3";"1";"1";""
"202100008892";"185 845";"A01";"2";"7";"4";"0";"3";"0";"1";""
"202100008893";"185 843";"A01";"3";"7";"0";"2";"3";"13";"1";""
"202100008893";"185 844";"B01";"0";"37";"0";"2";"3";"1";"1";"2"
"202100008894";"185 842";"A01";"1";"7";"0";"0";"2";"1";"1";""
"202100008895";"185 839";"A01";"1";"7";"0";"2";"1";"13";"1";""
"202100008895";"185 840";"B01";"2";"10";"0";"0";"1";"1";"1";""
"202100008895";"185 841";"C01";"1";"7";"0";"0";"2";"2";"1";""
"202100008896";"185 837";"B01";"2";"7";"0";"0";"1";"1";"1";""
"202100008896";"185 838";"A01";"1";"7";"0";"2";"1";"17";"1";""
"202100008897";"185 836";"A01";"3";"36";"0";"0";"9";"1";"1";""
"202100008898";"185 835";"A01";"1";"10";"0";"2";"2";"2";"1";""
"202100008899";"185 832";"C01";"2";"7";"0";"2";"1";"1";"1";""
"202100008899";"185 833";"B01";"2";"7";"0";"2";"1";"1";"1";""
"202100008899";"185 834";"A01";"2";"7";"0";"0";"4";"1";"1";""
"202100008900";"185 830";"B01";"1";"7";"0";"2";"1";"1";"1";""
"202100008900";"185 831";"A01";"2";"7";"0";"2";"1";"13";"1";""
"202100008901";"185 829";"A01";"1";"33";"0";"0";"0";"0";"1";""
"202100008902";"185 827";"B01";"1";"7";"0";"2";"2";"1";"1";""
"202100008902";"185 828";"A01";"2";"7";"0";"2";"1";"16";"1";""
"202100008903";"185 825";"B01";"1";"33";"0";"2";"1";"1";"1";""
"202100008903";"185 826";"A01";"2";"7";"0";"0";"8";"9";"1";""
"202100008904";"185 824";"A01";"2";"7";"0";"0";"8";"1";"1";""
"202100008905";"185 822";"B01";"2";"20";"0";"2";"3";"1";"1";""
"202100008905";"185 823";"A01";"1";"7";"0";"2";"3";"1";"1";""
"202100008906";"185 819";"A01";"2";"7";"12";"0";"0";"0";"1";""
"202100008907";"185 817";"B01";"3";"21";"0";"2";"4";"1";"1";""
"202100008907";"185 818";"A01";"3";"7";"0";"2";"1";"1";"1";""
"202100008908";"185 813";"A01";"2";"10";"0";"2";"4";"2";"1";""
"202100008908";"185 814";"B01";"2";"7";"0";"2";"1";"2";"1";""
"202100008908";"185 815";"C01";"2";"7";"0";"2";"1";"2";"1";""
"202100008908";"185 816";"D01";"2";"7";"0";"2";"7";"1";"1";""
"202100008909";"185 810";"C01";"1";"15";"0";"2";"1";"2";"1";""
"202100008909";"185 811";"A01";"1";"7";"0";"2";"4";"2";"1";""
"202100008909";"185 812";"B01";"1";"7";"0";"2";"4";"2";"1";""
"202100008910";"185 806";"D01";"2";"33";"0";"2";"4";"1";"1";""
"202100008910";"185 807";"C01";"2";"7";"0";"2";"4";"1";"1";""
"202100008910";"185 808";"B01";"2";"7";"0";"2";"3";"1";"1";""
"202100008910";"185 809";"A01";"2";"7";"3";"2";"2";"17";"1";""
"202100008911";"185 804";"B01";"1";"33";"0";"2";"8";"1";"1";""
"202100008911";"185 805";"A01";"1";"10";"0";"2";"7";"12";"1";""
"202100008912";"185 802";"B01";"1";"7";"0";"2";"5";"23";"1";""
"202100008912";"185 803";"A01";"1";"7";"0";"2";"3";"2";"1";""
"202100008913";"185 797";"A01";"2";"33";"0";"2";"1";"3";"1";""
"202100008913";"185 798";"E01";"2";"10";"0";"2";"3";"2";"1";""
"202100008913";"185 799";"B01";"2";"7";"0";"2";"6";"2";"1";""
"202100008913";"185 800";"D01";"2";"7";"0";"2";"4";"2";"1";""
"202100008913";"185 801";"C01";"2";"7";"0";"2";"2";"2";"1";""
"202100008914";"185 786";"I01";"1";"10";"0";"2";"1";"1";"1";""
"202100008914";"185 787";"K01";"1";"7";"0";"2";"4";"1";"1";""
"202100008914";"185 788";"J01";"1";"7";"0";"2";"4";"1";"1";""
"202100008914";"185 789";"A01";"1";"7";"0";"2";"7";"12";"1";""
"202100008914";"185 790";"B01";"1";"33";"0";"2";"8";"1";"1";""
"202100008914";"185 791";"C01";"1";"15";"0";"2";"3";"1";"1";""
"202100008914";"185 792";"F01";"1";"7";"0";"2";"4";"2";"1";""
"202100008914";"185 793";"D01";"1";"10";"0";"2";"4";"1";"0";""
"202100008914";"185 794";"E01";"1";"7";"0";"2";"4";"1";"1";""
"202100008914";"185 795";"G01";"1";"7";"0";"2";"1";"1";"0";""
"202100008914";"185 796";"H01";"1";"10";"0";"2";"1";"2";"1";""
"202100008915";"185 784";"B01";"2";"17";"4";"2";"2";"12";"1";""
"202100008915";"185 785";"A01";"2";"7";"4";"2";"3";"18";"1";""
"202100008916";"185 782";"B01";"1";"7";"0";"2";"3";"2";"1";""
"202100008916";"185 783";"A01";"1";"30";"4";"2";"4";"2";"1";""
"202100008917";"185 781";"A01";"1";"33";"0";"9";"7";"1";"1";""
"202100008918";"185 779";"B01";"1";"1";"0";"2";"7";"2";"5";""
"202100008918";"185 780";"A01";"2";"7";"0";"2";"1";"1";"1";""
"202100008919";"185 777";"A01";"1";"7";"0";"2";"1";"10";"1";""
"202100008919";"185 778";"B01";"1";"33";"0";"2";"1";"1";"1";""
"202100008920";"185 775";"A01";"3";"7";"0";"2";"2";"15";"1";""
"202100008920";"185 776";"B01";"3";"7";"0";"2";"1";"1";"1";""
"202100008921";"185 774";"A01";"1";"7";"0";"1";"1";"20";"1";""
"202100008922";"185 772";"B01";"2";"7";"0";"2";"6";"15";"1";""
"202100008922";"185 773";"A01";"2";"7";"0";"2";"1";"13";"1";""
"202100008923";"185 768";"A01";"1";"7";"0";"2";"1";"13";"1";""
"202100008923";"185 769";"B01";"2";"7";"0";"2";"1";"26";"1";""
"202100008924";"185 766";"B01";"1";"7";"0";"2";"1";"26";"0";""
"202100008924";"185 767";"A01";"1";"99";"0";"2";"3";"26";"0";""
"202100008925";"185 764";"B01";"2";"7";"0";"2";"6";"1";"1";""
"202100008925";"185 765";"A01";"1";"7";"0";"2";"1";"13";"1";""
"202100008926";"185 763";"A01";"1";"32";"0";"1";"7";"1";"1";""
"202100008927";"185 761";"B01";"2";"7";"0";"2";"8";"19";"1";""
"202100008927";"185 762";"A01";"2";"50";"0";"2";"1";"19";"3";""
"202100008928";"185 758";"C01";"1";"7";"0";"2";"4";"2";"1";""
"202100008928";"185 759";"B01";"1";"7";"0";"2";"9";"2";"1";""
"202100008928";"185 760";"A01";"1";"7";"0";"2";"1";"2";"1";""
"202100008929";"185 756";"A01";"1";"32";"0";"2";"7";"1";"1";""
"202100008929";"185 757";"B01";"1";"7";"0";"2";"5";"1";"1";""
"202100008930";"185 754";"B01";"2";"10";"0";"2";"8";"9";"1";""
"202100008930";"185 755";"A01";"2";"7";"0";"2";"2";"1";"2";""
"202100008931";"185 753";"A01";"2";"33";"12";"0";"7";"2";"1";""
"202100008932";"185 751";"A01";"1";"30";"12";"0";"8";"26";"1";""
"202100008932";"185 752";"Z01";"2";"7";"1";"0";"3";"21";"1";""
"202100008933";"185 750";"A01";"1";"36";"12";"0";"1";"14";"1";""
"202100008934";"185 749";"A01";"1";"7";"2";"0";"1";"1";"1";""
"202100008935";"185 747";"A01";"2";"7";"0";"2";"1";"1";"1";""
"202100008935";"185 748";"B01";"2";"2";"0";"2";"8";"26";"1";""
"202100008936";"185 745";"B01";"1";"1";"0";"2";"0";"16";"5";""
"202100008936";"185 746";"A01";"1";"7";"0";"2";"0";"15";"1";""
"202100008937";"185 743";"B01";"0";"7";"0";"2";"8";"15";"1";""
"202100008937";"185 744";"A01";"0";"7";"0";"2";"1";"15";"1";""
"202100008938";"185 741";"A01";"1";"7";"9";"0";"3";"1";"1";""
"202100008938";"185 742";"B01";"1";"30";"0";"2";"4";"1";"1";""
"202100008939";"185 737";"B01";"1";"0";"0";"2";"0";"0";"0";""
"202100008939";"185 738";"A01";"1";"30";"12";"0";"0";"1";"1";""
"202100008940";"185 735";"A01";"1";"10";"0";"2";"3";"2";"1";""
"202100008940";"185 736";"B01";"1";"7";"0";"2";"4";"2";"1";""
"202100008941";"185 733";"A01";"2";"7";"0";"2";"3";"2";"1";""
"202100008941";"185 734";"B01";"2";"7";"0";"2";"5";"2";"1";""
"202100008942";"185 731";"A01";"1";"99";"0";"2";"1";"19";"3";""
"202100008942";"185 732";"B01";"1";"7";"0";"2";"3";"1";"1";""
"202100008943";"185 729";"B01";"3";"2";"0";"2";"1";"1";"1";""
"202100008943";"185 730";"A01";"3";"7";"0";"2";"3";"15";"1";""
"202100008944";"185 727";"B01";"1";"10";"0";"2";"2";"1";"1";""
"202100008944";"185 728";"A01";"2";"7";"0";"2";"0";"26";"1";""
"202100008945";"185 726";"A01";"0";"7";"14";"0";"1";"1";"1";""
"202100008946";"185 724";"Z01";"2";"7";"0";"2";"7";"17";"0";""
"202100008946";"185 725";"A01";"2";"50";"0";"2";"8";"26";"3";""
"202100008947";"185 723";"Z01";"1";"7";"0";"1";"2";"26";"1";""
"202100008948";"185 721";"Z01";"3";"7";"0";"1";"0";"1";"0";""
"202100008949";"185 720";"A01";"1";"7";"0";"1";"2";"21";"1";""
"202100008950";"185 718";"A01";"1";"7";"2";"2";"1";"1";"1";""
"202100008950";"185 719";"B01";"1";"7";"0";"2";"4";"23";"1";""
"202100008951";"185 716";"A01";"1";"30";"0";"2";"1";"9";"1";""
"202100008951";"185 717";"B01";"2";"7";"0";"2";"3";"9";"1";""
"202100008952";"185 713";"A01";"2";"7";"0";"2";"1";"1";"1";""
"202100008952";"185 714";"C01";"2";"7";"0";"2";"4";"1";"1";""
"202100008952";"185 715";"B01";"2";"7";"0";"2";"4";"1";"1";""
"202100008953";"185 711";"A01";"3";"7";"0";"2";"1";"19";"1";""
"202100008953";"185 712";"B01";"3";"32";"0";"2";"7";"15";"1";""
"202100008954";"185 709";"B01";"0";"7";"0";"2";"2";"11";"1";""
"202100008954";"185 710";"A01";"0";"7";"0";"2";"1";"8";"1";""
"202100008955";"185 708";"Z01";"2";"7";"1";"1";"1";"1";"1";""
"202100008956";"185 707";"A01";"2";"7";"0";"1";"1";"1";"1";""
"202100008957";"185 706";"A01";"3";"7";"0";"5";"1";"26";"1";""
"202100008958";"185 705";"A01";"3";"7";"13";"0";"9";"13";"1";""
"202100008959";"185 704";"A01";"3";"7";"0";"1";"4";"26";"1";""
"202100008960";"185 701";"B01";"2";"7";"0";"2";"1";"23";"1";""
"202100008960";"185 702";"A01";"1";"7";"0";"2";"1";"5";"1";""
"202100008960";"185 703";"C01";"2";"7";"0";"2";"1";"23";"1";""
"202100008961";"185 699";"B01";"2";"7";"0";"2";"1";"1";"1";""
"202100008961";"185 700";"A01";"1";"7";"0";"2";"7";"21";"1";""
"202100008962";"185 697";"B01";"1";"34";"0";"2";"8";"1";"1";""
"202100008962";"185 698";"A01";"1";"7";"0";"2";"3";"15";"1";""
"202100008963";"185 695";"A01";"1";"1";"0";"2";"4";"11";"5";""
"202100008963";"185 696";"B01";"1";"7";"0";"2";"2";"1";"1";""
"202100008964";"185 694";"A01";"1";"30";"0";"1";"1";"18";"1";""
"202100008965";"185 692";"A01";"1";"30";"0";"2";"0";"21";"1";""
"202100008965";"185 693";"B01";"2";"7";"0";"2";"0";"15";"3";""
"202100008966";"185 690";"Z01";"2";"7";"0";"2";"0";"10";"1";""
"202100008966";"185 691";"A01";"2";"1";"0";"2";"1";"1";"5";""
"202100008967";"185 688";"B01";"1";"80";"0";"2";"1";"1";"3";""
"202100008967";"185 689";"A01";"1";"7";"0";"2";"2";"15";"1";""
"202100008968";"185 686";"A01";"3";"1";"0";"2";"1";"17";"5";""
"202100008968";"185 687";"B01";"3";"50";"0";"2";"8";"10";"3";""
"202100008969";"185 684";"A01";"2";"1";"0";"2";"1";"19";"5";""
"202100008969";"185 685";"Z01";"1";"7";"0";"2";"4";"16";"0";""
"202100008970";"185 682";"A01";"1";"33";"0";"2";"2";"1";"1";""
"202100008970";"185 683";"Z01";"1";"10";"0";"2";"6";"15";"1";""
"202100008971";"185 680";"A01";"1";"30";"0";"2";"1";"15";"1";""
"202100008971";"185 681";"B01";"2";"1";"0";"2";"1";"16";"5";""
"202100008972";"185 678";"B01";"2";"7";"0";"2";"1";"2";"1";""
"202100008972";"185 679";"A01";"2";"7";"0";"2";"4";"23";"1";""
"202100008973";"185 676";"A01";"1";"1";"0";"2";"2";"19";"5";""
"202100008973";"185 677";"B01";"1";"7";"0";"9";"2";"1";"1";""
"202100008974";"185 674";"A01";"0";"7";"0";"2";"1";"13";"1";""
"202100008974";"185 675";"B01";"0";"10";"0";"2";"1";"2";"1";""
"202100008975";"185 671";"C01";"1";"7";"0";"0";"0";"0";"0";""
"202100008975";"185 672";"B01";"1";"7";"0";"2";"4";"0";"1";""
"202100008975";"185 673";"A01";"1";"7";"0";"2";"1";"0";"1";""
"202100008976";"185 669";"A01";"1";"34";"0";"2";"7";"9";"1";""
"202100008976";"185 670";"B01";"2";"7";"0";"0";"0";"26";"1";""
"202100008977";"185 667";"A01";"2";"50";"0";"2";"3";"16";"3";""
"202100008977";"185 668";"B01";"2";"7";"0";"2";"8";"1";"1";""
"202100008978";"185 666";"A01";"3";"7";"0";"2";"1";"1";"1";""
"202100008979";"185 665";"A01";"2";"33";"12";"0";"2";"14";"1";""
"202100008980";"185 664";"A01";"3";"7";"0";"1";"1";"19";"4";""
"202100008981";"185 663";"A01";"1";"36";"3";"0";"1";"26";"1";""
"202100008982";"185 662";"A01";"2";"7";"0";"1";"2";"1";"1";""
"202100008983";"185 661";"A01";"1";"7";"0";"1";"1";"1";"1";""
"202100008984";"185 659";"B01";"3";"10";"0";"2";"1";"15";"1";""
"202100008984";"185 660";"A01";"3";"10";"0";"2";"1";"1";"1";""
"202100008985";"185 657";"A01";"1";"7";"0";"2";"2";"14";"1";""
"202100008985";"185 658";"B01";"1";"7";"0";"2";"3";"1";"1";""
"202100008986";"185 655";"A01";"2";"7";"0";"2";"2";"2";"1";""