"Num_Acc";"id_vehicule";"num_veh";"senc";"catv";"obs";"obsm";"choc";"manv";"motor";"occutc"
"202100009198";"185 268";"A01";"1";"7";"0";"2";"1";"9";"1";""
"202100009199";"185 265";"B01";"1";"7";"0";"2";"1";"1";"1";""
"202100009199";"185 266";"A01";"1";"30";"0";"2";"5";"1";"1";""
"202100009200";"185 263";"A01";"0";"7";"0";"2";"0";"0";"0";""
"202100009200";"185 264";"B01";"0";"2";"0";"2";"1";"1";"1";""
"202100009201";"185 261";"A01";"3";"7";"0";"2";"2";"0";"1";""
"202100009201";"185 262";"B01";"1";"30";"0";"2";"8";"1";"1";""
"202100009202";"185 259";"A01";" -1";"32";"0";"2";"2";"15";"1";""
"202100009202";"185 260";"B01";" -1";"10";"0";"0";"0";"0";"0";""
"202100009203";"185 258";"A01";"1";"7";"0";"1";"3";"2";"1";""
"202100009204";"185 256";"B01";"1";"7";"0";"2";"8";"16";"1";""
"202100009204";"185 257";"A01";"2";"99";"0";"2";"1";"25";"3";""
"202100009205";"185 255";"A01";"3";"33";"0";"0";"8";"1";"1";""
"202100009206";"185 254";"A01";"1";"7";"0";"1";"3";"0";"1";""
"202100009207";"185 253";"A01";"3";"99";"0";"0";"0";"1";"5";""
"202100009208";"185 252";"A01";"2";"7";"0";"1";"3";"1";"2";""
"202100009209";"185 250";"A01";"3";"7";"0";"2";"2";"15";"1";""
"202100009209";"185 251";"B01";" -1";"33";"0";"2";"1";"1";"1";""
"202100009210";"185 248";"B01";"3";"1";"0";"2";"6";"1";"5";""
"202100009210";"185 249";"A01";"1";"7";"0";"2";"3";"15";"1";""
"202100009211";"185 247";"A01";"3";"7";"12";"0";"1";"26";"1";""
"202100009212";"185 245";"Z01";"1";"7";"0";"2";"0";"1";"0";""
"202100009212";"185 246";"B01";"1";"1";"0";"2";"0";"19";"5";""
"202100009213";"185 243";"A01";"3";"7";"0";"2";"3";"1";"1";""
"202100009213";"185 244";"B01";"3";"1";"0";"2";"1";"16";"5";""
"202100009214";"185 241";"B01";"2";"7";"0";"2";"6";"9";"1";""
"202100009214";"185 242";"A01";"2";"33";"0";"2";"1";"21";"1";""
"202100009215";"185 240";"A01";"2";"7";"0";"0";"2";"17";"2";""
"202100009216";"185 239";"A01";"2";"7";"1";"0";"2";"1";"2";""
"202100009217";"185 237";"B01";"3";"10";"0";"2";"6";"24";"1";""
"202100009217";"185 238";"A01";"3";"7";"1";"0";"3";"14";"1";""
"202100009218";"185 234";"C01";"1";"7";"0";"2";"2";"26";"3";""
"202100009218";"185 235";"A01";"1";"10";"0";"2";"3";"9";"1";""
"202100009218";"185 236";"B01";"1";"30";"0";"2";"5";"2";"1";""
"202100009219";"185 233";"A01";"1";"7";"0";"1";"1";"9";"1";""
"202100009220";"185 232";"A01";"2";"7";"0";"1";"1";"1";"1";""
"202100009221";"185 230";"A01";"2";"15";"0";"2";"3";"1";"1";""
"202100009221";"185 231";"B01";"1";"15";"0";"2";"1";"1";"1";""
"202100009222";"185 229";"A01";"2";"7";"0";"1";"2";"1";"1";""
"202100009223";"185 228";"A01";"1";"14";"0";"1";"3";"15";"1";""
"202100009224";"185 225";"C01";"1";"10";"0";"2";"4";"2";"1";""
"202100009224";"185 226";"B01";"1";"7";"0";"2";"4";"0";"1";""
"202100009224";"185 227";"A01";"1";"7";"0";"2";"1";"26";"1";""
"202100009225";"185 223";"A01";"3";"7";"0";"2";"3";"15";"1";""
"202100009225";"185 224";"B01";"3";"2";"0";"2";"8";"1";"1";""
"202100009226";"185 220";"C01";"1";"7";"0";"2";"4";"23";"1";""
"202100009226";"185 221";"B01";"1";"7";"0";"2";"4";"23";"1";""
"202100009226";"185 222";"A01";"1";"7";"0";"2";"1";"2";"1";""
"202100009227";"185 218";"A01";"1";"7";"0";"2";"6";"16";"1";""
"202100009227";"185 219";"B01";"1";"33";"0";"2";"1";"11";"1";""
"202100009228";"185 215";"C01";"2";"7";"1";"2";"6";"1";"1";""
"202100009228";"185 216";"B01";"2";"7";"0";"2";"3";"1";"1";""
"202100009228";"185 217";"A01";"2";"7";"0";"2";"2";"14";"1";""
"202100009229";"185 212";"B01";"1";"7";"0";"0";"4";"23";"1";""
"202100009229";"185 213";"A01";"1";"7";"0";"2";"1";"23";"1";""
"202100009229";"185 214";"C01";"1";"7";"0";"2";"1";"1";"0";""
"202100009230";"185 210";"B01";"2";"7";"0";"2";"1";"1";"1";""
"202100009230";"185 211";"A01";"1";"7";"0";"2";"2";"1";"1";""
"202100009231";"185 208";"B01";"2";"1";"0";"2";"2";"19";"5";""
"202100009231";"185 209";"A01";"1";"7";"0";"2";"2";"1";"1";""
"202100009232";"185 207";"A01";"0";"7";"0";"1";"2";"16";"1";""
"202100009233";"185 206";"A01";"1";"1";"0";"1";"0";"25";"5";""
"202100009234";"185 205";"A01";"2";"7";"0";"1";"1";"15";"1";""
"202100009235";"185 203";"B01";"2";"33";"0";"2";"7";"17";"1";""
"202100009235";"185 204";"A01";"3";"7";"0";"2";"0";"15";"0";""
"202100009236";"185 202";"A01";"2";"10";"0";"1";"3";"15";"1";""
"202100009237";"185 201";"A01";"1";"7";"1";"0";"1";"14";"1";""
"202100009238";"185 200";"A01";"1";"7";"0";"0";"1";"1";"1";""
"202100009239";"185 198";"A01";"3";"7";"0";"2";"1";"16";"1";""
"202100009239";"185 199";"B01";"3";"50";"1";"2";"1";"19";"3";""
"202100009240";"185 196";"A01";"3";"7";"0";"2";"2";"1";"1";""
"202100009240";"185 197";"B01";"3";"7";"0";"2";"1";"1";"1";""
"202100009241";"185 194";"A01";"1";"7";"0";"2";"7";"15";"1";""
"202100009241";"185 195";"B01";"1";"7";"0";"2";"1";"1";"1";""
"202100009242";"185 193";"A01";"1";"7";"0";"1";"4";"4";"1";""
"202100009243";"185 188";"A01";"1";"7";"0";"2";"3";"1";"1";""
"202100009243";"185 189";"B01";"1";"2";"0";"2";"2";"1";"1";""
"202100009244";"185 186";"B01";"2";"7";"0";"2";"1";"13";"1";""
"202100009244";"185 187";"A01";"1";"14";"0";"2";"1";"1";"1";""
"202100009245";"185 184";"A01";"0";"7";"0";"2";"4";"4";"1";""
"202100009245";"185 185";"B01";"0";"1";"0";"2";"4";"2";"5";""
"202100009246";"185 182";"A01";"0";"7";"0";"2";"6";"15";"1";""
"202100009246";"185 183";"B01";"0";"33";"0";"2";"1";"17";"1";""
"202100009247";"185 180";"A01";"2";"7";"0";"2";"1";"0";"1";""
"202100009247";"185 181";"B01";"1";"7";"0";"2";"3";"2";"1";""
"202100009248";"185 178";"B01";"1";"1";"0";"2";"8";"23";"5";""
"202100009248";"185 179";"A01";"2";"7";"0";"2";"3";"15";"1";""
"202100009249";"185 176";"A01";"2";"1";"9";"2";"7";"1";"5";""
"202100009249";"185 177";"B01";"1";"7";"9";"2";"7";"19";"6";""
"202100009250";"185 173";"A01";"3";"33";"0";"1";"1";"16";"1";""
"202100009251";"185 170";"C01";"1";"7";"0";"2";"4";"1";"1";""
"202100009251";"185 171";"B01";"1";"7";"0";"2";"4";"2";"1";""
"202100009251";"185 172";"A01";"1";"7";"0";"2";"1";"2";"3";""
"202100009252";"185 169";"A01";"2";"7";"15";"0";"3";"1";"1";""
"202100009253";"185 168";"A01";"1";"7";"3";"0";"1";"1";"1";""
"202100009254";"185 167";"A01";"0";"7";"0";"1";"1";"1";"1";""
"202100009255";"185 165";"A01";"2";"7";"0";"2";"2";"15";"1";""
"202100009255";"185 166";"B01";"1";"30";"0";"2";"1";"1";"1";""
"202100009256";"185 163";"A01";"1";"7";"0";"2";"3";"15";"1";""
"202100009256";"185 164";"B01";"1";"31";"0";"2";"1";"1";"1";""
"202100009257";"185 161";"A01";"3";"31";"0";"2";"1";"2";"1";""
"202100009257";"185 162";"B01";"3";"7";"0";"2";"4";"2";"1";""
"202100009258";"185 159";"A01";"1";"7";"0";"2";"3";"9";"1";""
"202100009258";"185 160";"B01";"1";"2";"0";"2";"7";"26";"1";""
"202100009259";"185 156";"B01";"1";"7";"0";"2";"1";"2";"1";""
"202100009259";"185 157";"C01";"1";"7";"0";"2";"1";"2";"1";""
"202100009259";"185 158";"A01";"1";"7";"0";"2";"4";"1";"1";""
"202100009260";"185 154";"B01";"1";"7";"0";"2";"1";"2";"1";""
"202100009260";"185 155";"A01";"1";"10";"0";"2";"4";"16";"1";""
"202100009261";"185 152";"B01";"1";"50";"0";"0";"0";"0";"3";""
"202100009261";"185 153";"A01";"1";"7";"0";"2";"3";"26";"1";""
"202100009262";"185 148";"B01";"3";"7";"0";"2";"3";"1";"1";""
"202100009262";"185 149";"A01";"3";"14";"0";"2";"2";"1";"1";""
"202100009263";"185 146";"A01";"0";"10";"0";"2";"3";"15";"1";""
"202100009263";"185 147";"B01";"0";"2";"0";"2";"1";"17";"1";""
"202100009264";"185 142";"B01";"1";"33";"0";"2";"4";"2";"1";""
"202100009264";"185 143";"A01";"1";"33";"0";"2";"1";"2";"1";""
"202100009265";"185 135";"D01";"1";"7";"0";"2";"4";"1";"3";""
"202100009265";"185 136";"G01";"1";"7";"0";"2";"4";"1";"1";""
"202100009265";"185 137";"F01";"1";"7";"0";"2";"4";"1";"1";""
"202100009265";"185 138";"C01";"1";"7";"0";"2";"4";"1";"0";""
"202100009265";"185 139";"E01";"1";"7";"0";"2";"4";"1";"0";""
"202100009265";"185 140";"B01";"1";"7";"0";"2";"4";"1";"1";""
"202100009265";"185 141";"A01";"1";"7";"0";"2";"1";"1";"0";""
"202100009266";"185 134";"Z01";"1";"7";"0";"1";"1";"1";"0";""
"202100009267";"185 132";"A01";"1";"33";"0";"2";"2";"17";"1";""
"202100009267";"185 133";"B01";"1";"7";"0";"2";"3";"15";"0";""
"202100009268";"185 130";"A01";"3";"7";"0";"2";"1";"0";"1";""
"202100009268";"185 131";"B01";"1";"7";"0";"2";"9";"2";"1";""
"202100009269";"185 128";"B01";"0";"7";"0";"2";"5";"1";"1";""
"202100009269";"185 129";"A01";"2";"37";"0";"2";"8";"13";"2";"3"
"202100009270";"185 127";"A01";"2";"7";"8";"0";"7";"13";"1";""
"202100009271";"185 126";"A01";"3";"7";"7";"0";"1";"1";"1";""
"202100009272";"185 125";"A01";"2";"7";"0";"0";"1";"1";"1";""
"202100009273";"185 123";"A01";"1";"1";"0";"2";"7";"1";"5";""
"202100009273";"185 124";"B01";"1";"7";"0";"2";"3";"15";"1";""
"202100009274";"185 121";"A01";"2";"7";"0";"2";"1";"0";"1";""
"202100009274";"185 122";"B01";"2";"7";"0";"2";"4";"0";"1";""
"202100009275";"185 119";"A01";"1";"32";"0";"2";"8";"13";"1";""
"202100009275";"185 120";"B01";"1";"7";"0";"2";"7";"1";"2";""
"202100009276";"185 117";"B01";"2";"7";"0";"2";"1";"1";"3";""
"202100009276";"185 118";"A01";"1";"7";"0";"2";"1";"13";"4";""
"202100009277";"185 116";"A01";"1";"7";"0";"1";"4";"20";"1";""
"202100009278";"185 115";"A01";"2";"31";"8";"0";"1";"1";"1";""
"202100009279";"185 113";"B01";"3";"7";"0";"2";"1";"19";"0";""
"202100009279";"185 114";"A01";"2";"7";"0";"2";"0";"1";"1";""
"202100009280";"185 111";"A01";"1";"2";"0";"2";"4";"1";"1";""
"202100009280";"185 112";"Z01";"1";"7";"0";"2";"1";"1";"1";""
"202100009281";"185 109";"B01";"1";"7";"0";"2";"5";"2";"1";""
"202100009281";"185 110";"A01";"1";"33";"0";"2";"1";"2";"1";""
"202100009282";"185 107";"A01";"1";"14";"0";"2";"2";"16";"1";""
"202100009282";"185 108";"B01";"1";"1";"0";"2";"4";"1";"5";""
"202100009283";"185 106";"A01";"1";"33";"1";"1";"1";"1";"1";""
"202100009284";"185 105";"A01";"1";"1";"0";"1";"2";"1";"5";""
"202100009285";"185 102";"A01";"1";"7";"0";"2";"0";"1";"0";""
"202100009285";"185 103";"C01";"1";"7";"0";"2";"4";"1";"1";""
"202100009285";"185 104";"B01";"1";"7";"0";"2";"4";"1";"1";""
"202100009286";"185 100";"A01";"1";"7";"0";"2";"1";"1";"1";""
"202100009286";"185 101";"B01";"1";"1";"0";"2";"4";"13";"5";""
"202100009287";"185 098";"B01";"3";"33";"0";"2";"1";"1";"1";""
"202100009287";"185 099";"A01";"1";"7";"0";"2";"2";"15";"1";""
"202100009288";"185 097";"A01";"2";"7";"0";"1";"1";"1";"1";""
"202100009289";"185 095";"A01";"2";"33";"0";"2";"4";"1";"1";""
"202100009289";"185 096";"B01";"2";"7";"0";"2";"4";"23";"1";""
"202100009290";"185 093";"A01";"1";"7";"0";"2";"1";"1";"1";""
"202100009290";"185 094";"B01";"2";"31";"0";"2";"4";"1";"1";""
"202100009291";"185 092";"A01";"2";"43";"0";"1";"1";"1";"1";""
"202100009292";"185 091";"A01";"1";"50";"0";"1";"1";"5";"3";""
"202100009293";"185 089";"A01";"1";"7";"0";"2";"2";"15";"1";""
"202100009293";"185 090";"B01";"2";"1";"0";"2";"1";"1";"5";""
"202100009294";"185 087";"A01";"2";"80";"12";"2";"1";"13";"3";""
"202100009294";"185 088";"B01";"1";"1";"0";"2";"1";"1";"5";""
"202100009295";"185 086";"Z01";"1";"1";"0";"1";"1";"1";"5";""
"202100009296";"185 084";"B01";"0";"33";"0";"2";"1";"1";"1";""
"202100009296";"185 085";"A01";"3";"7";"0";"2";"5";"9";"1";""
"202100009297";"185 082";"B01";"2";"2";"0";"2";"1";"2";"1";""
"202100009297";"185 083";"A01";"2";"7";"0";"2";"4";"2";"1";""
"202100009298";"185 080";"B01";"1";"7";"0";"2";"1";"0";"1";""
"202100009298";"185 081";"A01";"1";"31";"0";"2";"5";"0";"1";""
"202100009299";"185 079";"A01";"1";"7";"0";"1";"1";"15";"3";""
"202100009300";"185 077";"A01";"2";"2";"0";"2";"1";"1";"1";""
"202100009300";"185 078";"B01";"1";"7";"0";"2";"3";"15";"1";""
"202100009301";"185 075";"A01";"2";"10";"0";"2";"1";"9";"1";""
"202100009301";"185 076";"B01";"3";"33";"0";"2";"0";"0";"1";""
"202100009302";"185 073";"A01";"2";"32";"0";"2";"1";"1";"1";""
"202100009302";"185 074";"Z01";"3";"7";"0";"2";"4";"2";"1";""
"202100009303";"185 071";"B01";"1";"7";"0";"2";"1";"1";"1";""
"202100009303";"185 072";"A01";"1";"7";"0";"2";"1";"0";"1";""
"202100009304";"185 070";"A01";"2";"10";"0";"1";"1";"1";"1";""
"202100009305";"185 069";"A01";"1";"7";"0";"1";"2";"15";"1";""
"202100009306";"185 068";"A01";"1";"7";"0";"1";"1";"26";"1";""
"202100009307";"185 066";"A01";"3";"7";"0";"2";"1";"15";"1";""
"202100009307";"185 067";"B01";"3";"15";"0";"2";"1";"1";"1";""
"202100009308";"185 065";"A01";"1";"7";"0";"1";"1";"14";"1";""
"202100009309";"185 063";"B01";" -1";"31";"0";"2";"1";"2";"1";""
"202100009309";"185 064";"A01";" -1";"3";"0";"0";"4";"1";"1";""
"202100009310";"185 061";"A01";"1";"7";"0";"2";"6";"4";"1";""
"202100009310";"185 062";"B01";"1";"34";"6";"2";"2";"1";"1";""
"202100009311";"185 059";"B01";"2";"2";"0";"2";"2";"23";"1";""
"202100009311";"185 060";"A01";"1";"7";"0";"2";"3";"1";"1";""
"202100009312";"185 058";"A01";"1";"7";"0";"1";"2";"9";"0";""
"202100009313";"185 056";"B01";"1";"7";"0";"2";"6";"9";"1";""
"202100009313";"185 057";"A01";"2";"34";"0";"2";"1";"21";"1";""
"202100009314";"185 054";"B01";"3";"7";"0";"2";"3";"2";"0";""
"202100009314";"185 055";"A01";"3";"2";"0";"2";"1";"2";"0";""
"202100009315";"185 053";"A01";"1";"7";"0";"1";"2";"19";"1";""
"202100009316";"185 051";"B01";"1";"3";"0";"0";"5";"15";"1";""
"202100009316";"185 052";"A01";"0";"43";"0";"2";"1";"18";"1";""
"202100009317";"185 050";"A01";"0";"7";"0";"1";"8";"26";"1";""
"202100009318";"185 049";"A01";"3";"30";"0";"0";"0";"0";"6";""
"202100009319";"185 046";"A01";"1";"7";"0";"1";"3";"1";"1";""
"202100009320";"185 044";"A01";"1";"2";"0";"2";"1";"1";"1";""
"202100009320";"185 045";"B01";"1";"37";"0";"2";"8";"1";"1";"1"
"202100009321";"185 042";"B01";"3";"33";"0";"2";"1";"1";"1";""
"202100009321";"185 043";"A01";"3";"7";"0";"2";"6";"26";"1";""
"202100009322";"185 040";"B01";"1";"30";"0";"2";"8";"18";"1";""
"202100009322";"185 041";"A01";"1";"7";"0";"2";"2";"16";"1";""
"202100009323";"185 038";"A01";"2";"7";"0";"2";"3";"15";"1";""
"202100009323";"185 039";"B01";"2";"32";"0";"2";"7";"1";"1";""
"202100009324";"185 037";"A01";"0";"30";"0";"0";"0";"26";"0";""
"202100009325";"185 035";"A01";"1";"30";"0";"2";"2";"1";"1";""
"202100009325";"185 036";"B01";"3";"7";"0";"2";"3";"15";"1";""
"202100009326";"185 033";"A01";"3";"7";"0";"2";"4";"2";"1";""
"202100009326";"185 034";"B01";"3";"33";"0";"2";"1";"2";"1";""
"202100009327";"185 031";"B01";"1";"1";"0";"2";"3";"19";"5";""
"202100009327";"185 032";"A01";"2";"43";"0";"2";"3";"1";"1";""
"202100009328";"185 030";"A01";"0";"31";"12";"0";"8";"1";"1";""
"202100009329";"185 028";"A01";"1";"7";"0";"2";"1";"1";"1";""
"202100009329";"185 029";"B01";"2";"20";"0";"2";"3";"1";"1";""
"202100009330";"185 027";"A01";"2";"7";"13";"0";"2";"1";"1";""
"202100009331";"185 026";"A01";"1";"7";"13";"0";"9";"6";"1";""
"202100009332";"185 025";"A01";"2";"7";"0";"1";"2";"1";"1";""
"202100009333";"185 023";"A01";"1";"7";"2";"6";"2";"21";"1";""
"202100009334";"185 021";"B01";"2";"7";"0";"2";"1";"1";"1";""
"202100009334";"185 022";"A01";"1";"7";"0";"0";"7";"1";"1";""
"202100009335";"185 018";"A01";"1";"7";"6";"0";"1";"1";"1";""
"202100009336";"185 016";"B01";"1";"1";"0";"2";"5";"1";"5";""
"202100009336";"185 017";"A01";"1";"7";"0";"9";"2";"1";"1";""
"202100009337";"185 015";"A01";"3";"7";"2";"0";"1";"0";"1";""
"202100009338";"185 013";"B01";"1";"7";"0";"2";"3";"1";"1";""
"202100009338";"185 014";"A01";"2";"33";"8";"2";"1";"1";"1";""
"202100009339";"185 012";"A01";"1";"33";"5";"0";"7";"14";"1";""
"202100009340";"185 010";"B01";"1";"7";"0";"2";"3";"1";"1";""
"202100009340";"185 011";"A01";"2";"7";"0";"2";"3";"13";"1";""
"202100009341";"185 009";"A01";"3";"7";"0";"1";"1";"1";"0";""
"202100009342";"185 007";"B01";"1";"7";"0";"2";"3";"2";"1";""
"202100009342";"185 008";"A01";"1";"80";"0";"2";"1";"2";"3";""
"202100009343";"185 005";"B01";"1";"10";"0";"2";"1";"1";"1";""
"202100009343";"185 006";"A01";"1";"7";"8";"2";"4";"1";"1";""
"202100009344";"185 003";"B01";"1";"7";"0";"2";"8";"15";"1";""
"202100009344";"185 004";"A01";"1";"33";"0";"2";"1";"17";"1";""
"202100009345";"185 002";"A01";"1";"7";"15";"0";"1";"1";"1";""
"202100009346";"185 001";"A01";"1";"7";"13";"0";"2";"1";"1";""
"202100009347";"184 999";"B01";"2";"7";"0";"2";"9";"0";"1";""
"202100009347";"185 000";"A01";"1";"7";"0";"2";"1";"1";"1";""
"202100009348";"184 998";"A01";"1";"7";"0";"1";"2";"1";"1";""
"202100009349";"184 995";"B01";"1";"7";"0";"2";"4";"15";"1";""
"202100009349";"184 996";"A01";"1";"7";"0";"2";"3";"1";"1";""
"202100009349";"184 997";"C01";"2";"7";"0";"2";"1";"1";"1";""
"202100009350";"184 993";"B01";"1";"7";"0";"2";"3";"1";"1";""
"202100009350";"184 994";"A01";"2";"33";"0";"2";"1";"17";"1";""
"202100009351";"184 991";"B01";"1";"7";"0";"2";"6";"1";"1";""
"202100009351";"184 992";"A01";"1";"10";"0";"0";"1";"1";"1";""
"202100009352";"184 989";"A01";"3";"7";"0";"2";"3";"19";"1";""
"202100009352";"184 990";"B01";"3";"2";"0";"2";"1";"1";"1";""
"202100009353";"184 987";"B01";"1";"30";"0";"6";"1";"2";"1";""
"202100009353";"184 988";"A01";"1";"7";"0";"2";"1";"2";"1";""
"202100009354";"184 985";"B01";"1";"7";"0";"2";"8";"19";"1";""
"202100009354";"184 986";"A01";"2";"7";"0";"2";"1";"1";"1";""
"202100009355";"184 983";"B01";"2";"15";"0";"2";"3";"1";"1";""
"202100009355";"184 984";"A01";"1";"10";"0";"2";"8";"1";"1";""
"202100009356";"184 982";"A01";"2";"7";"2";"0";"1";"19";"1";""
"202100009357";"184 979";"A01";"1";"2";"0";"2";"1";"21";"1";""
"202100009357";"184 980";"B01";"1";"10";"0";"0";"2";"11";"0";""
"202100009357";"184 981";"C01";"1";"7";"0";"2";"1";"1";"1";""
"202100009358";"184 978";"A01";"0";"2";"14";"9";"0";"0";"0";""
"202100009359";"184 976";"B01";"1";"7";"0";"2";"4";"0";"1";""
"202100009359";"184 977";"A01";"1";"33";"0";"2";"1";"1";"1";""
"202100009360";"184 974";"A01";"2";"7";"0";"2";"1";"2";"1";""
"202100009360";"184 975";"B01";"2";"15";"0";"0";"4";"2";"1";""
"202100009361";"184 973";"A01";"2";"2";"0";"0";"0";"0";"1";""
"202100009362";"184 970";"C01";"1";"7";"0";"2";"3";"1";"1";""
"202100009362";"184 971";"A01";"2";"7";"1";"2";"3";"13";"1";""
"202100009362";"184 972";"B01";"2";"7";"0";"0";"6";"15";"1";""
"202100009363";"184 969";"A01";"2";"2";"15";"0";"2";"14";"1";""
"202100009364";"184 967";"A01";"1";"2";"0";"2";"1";"17";"1";""
"202100009364";"184 968";"B01";"1";"7";"0";"2";"6";"15";"1";""
"202100009365";"184 965";"B01";"2";"7";"0";"2";"1";"1";"1";""
"202100009365";"184 966";"A01";"1";"7";"0";"2";"1";"1";"1";""
"202100009366";"184 963";"A01";"1";"7";"0";"2";"8";"15";"1";""
"202100009366";"184 964";"B01";"1";"33";"0";"2";"1";"17";"1";""
"202100009367";"184 961";"B01";"3";"2";"0";"2";"1";"1";"1";""
"202100009367";"184 962";"A01";"3";"7";"0";"0";"2";"15";"1";""
"202100009368";"184 959";"A01";"2";"7";"0";"0";"3";"15";"1";""
"202100009368";"184 960";"B01";"1";"1";"0";"0";"7";"1";"5";""
"202100009369";"184 957";"A01";"3";"7";"0";"2";"8";"15";"1";""
"202100009369";"184 958";"B01";"2";"7";"0";"2";"3";"1";"1";""
"202100009370";"184 956";"A01";"3";"7";"0";"1";"4";"4";"1";""
"202100009371";"184 955";"A01";"1";"7";"6";"0";"1";"1";"1";""
"202100009372";"184 953";"B01";"3";"1";"0";"0";"8";"1";"5";""
"202100009372";"184 954";"A01";"3";"7";"0";"9";"3";"2";"1";""
"202100009373";"184 950";"A01";"2";"7";"0";"2";"1";"1";"1";""
"202100009373";"184 951";"B01";"2";"33";"0";"2";"4";"1";"1";""
"202100009373";"184 952";"C01";"2";"7";"0";"2";"4";"1";"1";""
"202100009374";"184 948";"B01";"1";"7";"0";"2";"1";"1";"1";""
"202100009374";"184 949";"A01";"0";"7";"0";"2";"3";"26";"1";""
"202100009375";"184 946";"A01";"1";"33";"0";"0";"4";"16";"1";""
"202100009375";"184 947";"B01";"1";"7";"0";"2";"1";"1";"1";""
"202100009376";"184 944";"B01";"1";"33";"0";"2";"8";"1";"1";""
"202100009376";"184 945";"A01";"1";"7";"0";"2";"7";"1";"1";""
"202100009377";"184 942";"A01";"1";"17";"0";"2";"2";"1";"1";""
"202100009377";"184 943";"B01";"1";"7";"0";"2";"9";"17";"1";""
"202100009378";"184 940";"A01";"2";"7";"0";"2";"1";"2";"1";""
"202100009378";"184 941";"B01";"2";"7";"0";"2";"4";"1";"1";""
"202100009379";"184 938";"A01";"1";"7";"0";"2";"2";"14";"1";""
"202100009379";"184 939";"B01";"1";"7";"4";"2";"3";"1";"1";""
"202100009380";"184 936";"B01";"2";"7";"0";"2";"4";"1";"1";""
"202100009380";"184 937";"A01";"2";"7";"0";"2";"2";"1";"1";""
"202100009381";"184 931";"A01";"2";"10";"0";"2";"1";"2";"1";""
"202100009381";"184 932";"B01";"2";"7";"0";"2";"4";"2";"1";""
"202100009381";"184 933";"C01";"2";"10";"0";"2";"4";"2";"1";""
"202100009381";"184 934";"E01";"2";"7";"0";"2";"4";"2";"1";""
"202100009381";"184 935";"D01";"2";"7";"0";"2";"4";"2";"1";""
"202100009382";"184 927";"C01";"2";"7";"1";"2";"1";"2";"1";""
"202100009382";"184 928";"D01";"2";"7";"1";"2";"4";"2";"1";""
"202100009382";"184 929";"B01";"2";"7";"1";"2";"5";"2";"2";""
"202100009382";"184 930";"A01";"2";"10";"1";"0";"1";"2";"1";""
"202100009383";"184 926";"A01";"2";"33";"3";"0";"7";"18";"1";""
"202100009384";"184 925";"A01";"1";"7";"2";"0";"1";"0";"1";""
"202100009385";"184 924";"A01";"2";"7";"4";"0";"3";"1";"1";""
"202100009386";"184 923";"A01";"2";"7";"5";"0";"1";"1";"1";""
"202100009387";"184 921";"B01";"2";"7";"0";"0";"5";"2";"1";""
"202100009387";"184 922";"A01";"2";"31";"0";"2";"3";"2";"1";""
"202100009388";"184 920";"A01";"2";"7";"4";"0";"1";"1";"1";""
"202100009389";"184 919";"A01";"1";"7";"4";"0";"1";"1";"1";""
"202100009390";"184 918";"A01";"1";"7";"4";"0";"1";"1";"1";""
"202100009391";"184 914";"D01";"1";"7";"0";"2";"4";"2";"1";""
"202100009391";"184 915";"C01";"1";"7";"0";"2";"4";"2";"1";""
"202100009391";"184 916";"B01";"1";"7";"0";"2";"4";"2";"3";""
"202100009391";"184 917";"A01";"1";"10";"0";"2";"1";"2";"1";""
"202100009392";"184 912";"B01";"1";"33";"0";"2";"2";"3";"1";""
"202100009392";"184 913";"A01";"1";"10";"0";"2";"6";"11";"1";""
"202100009393";"184 911";"A01";"2";"1";"0";"1";"1";"1";"5";""
"202100009394";"184 908";"C01";"1";"7";"0";"2";"7";"1";"1";""
"202100009394";"184 909";"A01";"1";"7";"0";"2";"2";"14";"1";""
"202100009394";"184 910";"B01";"1";"7";"0";"2";"3";"1";"1";""
"202100009395";"184 906";"A01";"1";"34";"0";"2";"1";"2";"1";""
"202100009395";"184 907";"B01";"1";"10";"0";"2";"4";"2";"1";""
"202100009396";"184 904";"B01";"1";"2";"0";"2";"3";"1";"1";""
"202100009396";"184 905";"A01";"3";"7";"0";"2";"1";"15";"1";""
"202100009397";"184 903";"A01";"3";"33";"6";"0";"0";"16";"1";""
"202100009398";"184 901";"A01";"1";"7";"0";"2";"1";"13";"1";""
"202100009398";"184 902";"B01";"2";"7";"0";"2";"8";"0";"1";""
"202100009399";"184 899";"B01";"3";"2";"0";"2";"1";"1";"1";""
"202100009399";"184 900";"A01";"1";"7";"0";"2";"2";"15";"1";""
"202100009400";"184 898";"A01";"1";"7";"0";"1";"7";"1";"1";""
"202100009401";"184 896";"A01";"2";"10";"0";"2";"1";"1";"1";""
"202100009401";"184 897";"B01";"2";"7";"0";"2";"4";"1";"1";""
"202100009402";"184 895";"C01";"0";"0";"0";"1";"0";"26";"0";""
"202100009403";"184 893";"A01";"1";"3";"0";"2";"2";"15";"6";""
"202100009403";"184 894";"B01";"2";"34";"0";"2";"8";"8";"1";""
"202100009404";"184 891";"A01";"2";"7";"0";"2";"3";"15";"0";""
"202100009404";"184 892";"B01";"3";"7";"0";"2";"0";"1";"0";""
"202100009405";"184 889";"B01";"1";"7";"16";"0";"0";"0";"1";""
"202100009405";"184 890";"A01";"1";"7";"0";"2";"1";"2";"2";""
"202100009406";"184 887";"B01";"3";"1";"0";"2";"1";"19";"5";""