"Num_Acc";"id_vehicule";"num_veh";"senc";"catv";"obs";"obsm";"choc";"manv";"motor";"occutc"
"202100010046";"183 737";"A01";"1";"7";"0";"2";"1";"1";"2";""
"202100010046";"183 738";"Z01";"1";"7";"0";"2";"6";"4";"1";""
"202100010047";"183 736";"A01";"1";"10";"0";"1";"7";"2";"1";""
"202100010048";"183 734";"A01";"1";"38";"0";"2";"6";"15";"1";"1"
"202100010048";"183 735";"B01";"2";"38";"0";"2";"6";"1";"1";"3"
"202100010049";"183 733";"A01";"3";"7";"2";"0";"7";"1";"1";""
"202100010050";"183 732";"A01";"3";"7";"9";"1";"1";"16";"1";""
"202100010051";"183 730";"A01";"1";"10";"0";"2";"2";"1";"1";""
"202100010051";"183 731";"B01";"2";"31";"0";"2";"3";"15";"1";""
"202100010052";"183 728";"B01";"1";"7";"1";"2";"1";"1";"1";""
"202100010052";"183 729";"A01";"1";"7";"0";"2";"1";"16";"1";""
"202100010053";"183 726";"Y01";" -1";"0";"0";"0";" -1";" -1";" -1";""
"202100010053";"183 727";"A01";"1";"7";"0";"1";"7";"21";"0";""
"202100010054";"183 724";"A01";"1";"7";"1";"0";"2";"1";"1";""
"202100010054";"183 725";"B01";"1";"7";"0";"2";"6";"24";"1";""
"202100010055";"183 722";"A01";"0";"7";"0";"2";"4";"1";"1";""
"202100010055";"183 723";"B01";"1";"7";"0";"2";"1";"1";"1";""
"202100010056";"183 720";"A01";"1";"7";"0";"2";"3";"15";"1";""
"202100010056";"183 721";"B01";"1";"33";"0";"2";"1";"1";"1";""
"202100010057";"183 718";"A01";"3";"7";"0";"2";"1";"21";"1";""
"202100010057";"183 719";"B01";"3";"7";"0";"2";"8";"15";"1";""
"202100010058";"183 717";"A01";"1";"32";"0";"0";"0";"0";"1";""
"202100010059";"183 715";"A01";"3";"7";"8";"0";"7";"19";"1";""
"202100010059";"183 716";"B01";"1";"7";"0";"2";"1";"1";"1";""
"202100010060";"183 714";"A01";"2";"7";"12";"0";"0";"1";"1";""
"202100010061";"183 710";"B01";"2";"7";"0";"2";"1";"1";"1";""
"202100010061";"183 711";"A01";"1";"7";"0";"2";"1";"13";"1";""
"202100010062";"183 707";"A01";"2";"7";"7";"0";"1";"1";"1";""
"202100010062";"183 708";"C01";"3";"7";"1";"0";"5";"24";"1";""
"202100010062";"183 709";"D01";"1";"10";"0";"2";"1";"20";"1";""
"202100010063";"183 706";"A01";"3";"7";"16";"0";"0";"1";"1";""
"202100010064";"183 705";"A01";"1";"33";"13";"0";"1";"1";"1";""
"202100010065";"183 703";"B01";"1";"7";"0";"2";"3";"9";"1";""
"202100010065";"183 704";"A01";"2";"7";"0";"2";"3";"26";"1";""
"202100010066";"183 701";"B01";"2";"7";"0";"2";"1";"1";"1";""
"202100010066";"183 702";"A01";"1";"7";"0";"2";"1";"1";"1";""
"202100010067";"183 699";"A01";"2";"7";"0";"2";"8";"1";"1";""
"202100010067";"183 700";"B01";"1";"7";"0";"2";"2";"1";"1";""
"202100010068";"183 698";"A01";"0";"7";"2";"0";"8";"1";"1";""
"202100010069";"183 696";"B01";"1";"7";"0";"0";"2";"1";"1";""
"202100010069";"183 697";"A01";"2";"7";"0";"2";"1";"9";"1";""
"202100010070";"183 695";"A01";"2";"7";"13";"0";"7";"1";"1";""
"202100010071";"183 694";"A01";"2";"7";"0";"5";"1";"1";"1";""
"202100010072";"183 693";"A01";"1";"7";"0";"0";"0";"1";"1";""
"202100010073";"183 691";"A01";"2";"7";"0";"2";"1";"1";"1";""
"202100010073";"183 692";"B01";"2";"7";"0";"0";"4";"15";"1";""
"202100010074";"183 690";"A01";"2";"1";"0";"0";"0";"26";"5";""
"202100010075";"183 689";"A01";"3";"7";"0";"1";"3";"20";"1";""
"202100010076";"183 687";"B01";"2";"7";"3";"2";"8";"1";"1";""
"202100010076";"183 688";"A01";"1";"7";"0";"2";"3";"1";"1";""
"202100010077";"183 685";"A01";"1";"10";"0";"2";"3";"13";"1";""
"202100010077";"183 686";"B01";"2";"7";"0";"2";"3";"1";"1";""
"202100010078";"183 684";"A01";"1";"2";"1";"0";"1";"1";"1";""
"202100010079";"183 682";"A01";"1";"2";"0";"2";"7";"1";"1";""
"202100010079";"183 683";"B01";"2";"7";"0";"2";"1";"1";"1";""
"202100010080";"183 681";"A01";"0";"7";"13";"0";"1";"1";"1";""
"202100010081";"183 679";"A01";"1";"2";"0";"2";"1";"1";"1";""
"202100010081";"183 680";"B01";"1";"7";"0";"2";"6";"1";"1";""
"202100010082";"183 678";"A01";"1";"30";"16";"0";"0";"1";"1";""
"202100010083";"183 677";"A01";"1";"7";"16";"0";"1";"0";"1";""
"202100010084";"183 676";"A01";"1";"7";"6";"0";"2";"2";"1";""
"202100010085";"183 674";"B01";"2";"10";"0";"2";"3";"0";"1";""
"202100010085";"183 675";"A01";"1";"7";"0";"2";"6";"13";"1";""
"202100010086";"183 672";"A01";"0";"7";"0";"0";"7";"13";"1";""
"202100010086";"183 673";"B01";"0";"7";"0";"2";"8";"10";"1";""
"202100010087";"183 671";"A01";"2";"10";"0";"0";"9";"1";"1";""
"202100010088";"183 670";"A01";"1";"7";"0";"1";"3";"1";"1";""
"202100010089";"183 669";"A01";"1";"7";"0";"1";"2";"2";"1";""
"202100010090";"183 668";"A01";"3";"33";"0";"0";"0";"0";"1";""
"202100010091";"183 667";"A01";"1";"33";"0";"6";"1";"1";"1";""
"202100010092";"183 666";"A01";"1";"7";"6";"0";"9";"1";"1";""
"202100010093";"183 665";"A01";"0";"33";"0";"0";"0";"1";"0";""
"202100010094";"183 662";"C01";"3";"7";"0";"2";"1";"1";"1";""
"202100010094";"183 663";"B01";"0";"7";"0";"2";"9";"1";"1";""
"202100010094";"183 664";"A01";"3";"7";"0";"2";"1";"5";"1";""
"202100010095";"183 659";"A01";"1";"1";"0";"2";"1";"13";"5";""
"202100010095";"183 660";"B01";"1";"1";"0";"2";"3";"13";"5";""
"202100010095";"183 661";"C01";"1";"7";"0";"2";"7";"1";"1";""
"202100010096";"183 657";"B01";"1";"7";"0";"2";"4";"2";"1";""
"202100010096";"183 658";"A01";"1";"7";"0";"2";"1";"21";"1";""
"202100010097";"183 655";"A01";"2";"7";"0";"2";"7";"1";"1";""
"202100010097";"183 656";"B01";"1";"7";"0";"2";"2";"1";"1";""
"202100010098";"183 654";"A01";"1";"7";"16";"0";"9";"1";"1";""
"202100010099";"183 652";"B01";"3";"7";"0";"2";"1";"1";"1";""
"202100010099";"183 653";"A01";"3";"33";"0";"2";"1";"1";"1";""
"202100010100";"183 650";"B01";"1";"21";"0";"0";"6";"2";"1";""
"202100010100";"183 651";"A01";"1";"7";"0";"2";"2";"17";"1";""
"202100010101";"183 647";"A01";"2";"31";"0";"2";"3";"2";"1";""
"202100010101";"183 648";"B01";"1";"33";"0";"2";"3";"2";"1";""
"202100010102";"183 646";"A01";"1";"33";"12";"0";"1";"1";"1";""
"202100010103";"183 645";"A01";"3";"2";"0";"0";"8";"1";"1";""
"202100010104";"183 643";"A01";"3";"7";"0";"2";"8";"0";"1";""
"202100010104";"183 644";"B01";"3";"7";"0";"2";"3";"5";"1";""
"202100010105";"183 642";"A01";"1";"7";"4";"0";"3";"1";"1";""
"202100010106";"183 641";"A01";"2";"10";"7";"0";"1";"6";"1";""
"202100010107";"183 640";"A01";"2";"7";"13";"0";"1";"0";"1";""
"202100010108";"183 639";"A01";"3";"7";"0";"0";"9";"1";"1";""
"202100010109";"183 636";"C01";"1";"7";"0";"2";"4";"2";"1";""
"202100010109";"183 637";"B01";"1";"7";"0";"2";"4";"2";"1";""
"202100010109";"183 638";"A01";"1";"7";"0";"2";"1";"2";"1";""
"202100010110";"183 635";"A01";"2";"7";"6";"0";"0";"1";"1";""
"202100010111";"183 632";"C01";"1";"7";"4";"2";"4";"2";"1";""
"202100010111";"183 633";"B01";"1";"7";"4";"2";"4";"2";"1";""
"202100010111";"183 634";"A01";"1";"7";"4";"2";"1";"2";"1";""
"202100010112";"183 631";"A01";"2";"7";"4";"0";"1";"1";"1";""
"202100010113";"183 629";"A01";"2";"7";"0";"2";"1";"2";"1";""
"202100010113";"183 630";"B01";"2";"7";"0";"2";"4";"2";"1";""
"202100010114";"183 627";"B01";"1";"7";"4";"2";"4";"2";"1";""
"202100010114";"183 628";"A01";"1";"7";"0";"2";"1";"1";"1";""
"202100010115";"183 625";"B01";"2";"7";"0";"2";"4";"2";"1";""
"202100010115";"183 626";"A01";"2";"7";"0";"2";"1";"1";"1";""
"202100010116";"183 624";"A01";"1";"7";"4";"0";"1";"13";"1";""
"202100010117";"183 622";"A01";"1";"7";"4";"2";"1";"1";"1";""
"202100010117";"183 623";"B01";"1";"7";"4";"2";"6";"2";"1";""
"202100010118";"183 620";"B01";"0";"15";"0";"2";"7";"9";"1";""
"202100010118";"183 621";"A01";"0";"7";"0";"2";"3";"1";"1";""
"202100010119";"183 617";"C01";"2";"7";"14";"0";"2";"2";"2";""
"202100010119";"183 618";"B01";"2";"7";"0";"2";"6";"23";"1";""
"202100010119";"183 619";"A01";"2";"7";"1";"0";"2";"26";"1";""
"202100010120";"183 616";"A01";"1";"7";"4";"0";"1";"1";"1";""
"202100010121";"183 615";"A01";"1";"7";"3";"0";"1";"2";"1";""
"202100010122";"183 611";"A01";"1";"7";"0";"2";"1";"1";"1";""
"202100010122";"183 612";"B01";"1";"7";"0";"2";"4";"2";"1";""
"202100010122";"183 613";"C01";"1";"7";"0";"2";"1";"2";"1";""
"202100010122";"183 614";"D01";"1";"7";"0";"2";"4";"2";"1";""
"202100010123";"183 609";"B01";"1";"7";"0";"2";"4";"24";"1";""
"202100010123";"183 610";"A01";"1";"7";"0";"2";"1";"1";"1";""
"202100010124";"183 607";"B01";"2";"33";"0";"2";"2";"3";"1";""
"202100010124";"183 608";"A01";"2";"7";"0";"2";"3";"11";"1";""
"202100010125";"183 604";"A01";"1";"7";"0";"2";"4";"1";"1";""
"202100010125";"183 605";"B01";"1";"7";"0";"2";"1";"26";"1";""
"202100010125";"183 606";"C01";"1";"7";"0";"2";"4";"1";"1";""
"202100010126";"183 602";"B01";"3";"7";"0";"2";"3";"10";"1";""
"202100010126";"183 603";"Y01";"3";"7";"0";"2";"2";"1";"1";""
"202100010127";"183 600";"B01";"3";"7";"0";"2";"4";"1";"1";""
"202100010127";"183 601";"A01";"3";"7";"0";"2";"1";"26";"1";""
"202100010128";"183 598";"A01";"1";"7";"0";"2";"1";"2";"1";""
"202100010128";"183 599";"B01";"1";"7";"0";"2";"5";"2";"1";""
"202100010129";"183 593";"B01";"3";"30";"0";"2";"3";"2";"1";""
"202100010129";"183 594";"A01";"3";"0";"0";"2";"2";"15";"0";""
"202100010130";"183 591";"A01";"1";"7";"0";"2";"3";"15";"1";""
"202100010130";"183 592";"B01";"1";"7";"0";"2";"2";"15";"1";""
"202100010131";"183 590";"A01";"1";"7";"0";"1";"1";"1";"1";""
"202100010132";"183 588";"A01";"2";"7";"0";"2";"3";"19";"1";""
"202100010132";"183 589";"B01";"1";"37";"0";"2";"3";"19";"3";"1"
"202100010133";"183 584";"D01";"2";"7";"0";"0";"6";"1";"1";""
"202100010133";"183 585";"C01";"2";"7";"0";"2";"1";"1";"1";""
"202100010133";"183 586";"B01";"2";"7";"0";"2";"5";"9";"1";""
"202100010133";"183 587";"A01";"2";"99";"0";"2";"3";"1";"1";""
"202100010134";"183 582";"A01";"2";"7";"0";"2";"7";"6";"1";""
"202100010134";"183 583";"B01";"1";"7";"0";"2";"1";"2";"1";""
"202100010135";"183 581";"A01";"2";"7";"8";"0";"3";"1";"1";""
"202100010136";"183 580";"A01";"1";"7";"0";"1";"1";"16";"1";""
"202100010137";"183 578";"A01";"1";"7";"0";"2";"1";"1";"1";""
"202100010137";"183 579";"B01";"2";"7";"0";"2";"4";"1";"1";""
"202100010138";"183 575";"A01";"3";"7";"0";"2";"3";"1";"1";""
"202100010138";"183 576";"B01";"3";"1";"0";"2";"1";"1";"5";""
"202100010139";"183 574";"A01";"2";"7";"0";"1";"2";"21";"1";""
"202100010140";"183 573";"A01";"1";"33";"6";"0";"1";"1";"1";""
"202100010141";"183 571";"B01";"3";"7";"0";"2";"3";"1";"1";""
"202100010141";"183 572";"A01";"3";"37";"0";"2";"5";"12";"1";"1"
"202100010142";"183 570";"A01";"1";"33";"0";"0";"3";"14";"1";""
"202100010143";"183 569";"B01";"1";"7";"0";"1";"8";"1";"1";""
"202100010144";"183 568";"A01";"3";"7";"0";"1";"1";"1";"1";""
"202100010145";"183 566";"B01";"1";"80";"0";"2";"8";"19";"3";""
"202100010145";"183 567";"A01";"1";"7";"0";"9";"1";"1";"1";""
"202100010146";"183 564";"A01";"1";"7";"1";"0";"1";"1";"1";""
"202100010147";"183 562";"B01";"1";"30";"0";"2";"1";"26";"1";""
"202100010147";"183 563";"A01";"1";"7";"0";"2";"1";"26";"1";""
"202100010148";"183 559";"B01";"1";"7";"0";"2";"1";"1";"1";""
"202100010148";"183 560";"A01";"1";"7";"0";"2";"3";"9";"1";""
"202100010148";"183 561";"C01";"1";"10";"0";"2";"1";"1";"1";""
"202100010149";"183 557";"A01";"0";"7";"0";"2";"1";"2";"1";""
"202100010149";"183 558";"B01";"0";"7";"0";"2";"4";"2";"1";""
"202100010150";"183 554";"A01";"3";"7";"0";"2";"1";"2";"1";""
"202100010150";"183 555";"B01";"3";"7";"0";"2";"4";"2";"1";""
"202100010150";"183 556";"C01";"3";"7";"0";"2";"4";"2";"1";""
"202100010151";"183 552";"B01";"1";"7";"0";"2";"4";"1";"1";""
"202100010151";"183 553";"A01";"1";"7";"0";"2";"1";"1";"1";""
"202100010152";"183 551";"A01";"1";"7";"0";"1";"7";"1";"1";""
"202100010153";"183 549";"A01";"2";"7";"0";"2";"8";"1";"1";""
"202100010153";"183 550";"B01";"2";"7";"0";"2";"1";"1";"1";""
"202100010154";"183 547";"A01";"1";"2";"0";"2";"1";"15";"1";""
"202100010154";"183 548";"B01";"2";"7";"0";"2";"8";"1";"1";""
"202100010155";"183 545";"B01";"1";"33";"0";"2";"8";"1";"1";""
"202100010155";"183 546";"A01";"2";"7";"0";"2";"2";"15";"1";""
"202100010156";"183 543";"B01";"1";"1";"0";"2";"1";"8";"0";""
"202100010156";"183 544";"A01";"2";"7";"0";"9";"2";"15";"2";""
"202100010157";"183 541";"B01";"1";"7";"0";"2";"4";"26";"1";""
"202100010157";"183 542";"A01";"1";"10";"0";"2";"2";"26";"1";""
"202100010158";"183 540";"A01";"3";"7";"1";"0";"1";"1";"1";""
"202100010159";"183 539";"A01";"1";"7";"0";"1";"0";"1";"6";""
"202100010160";"183 538";"A01";"3";"7";"4";"0";"3";"1";"1";""
"202100010161";"183 537";"A01";"1";"7";"0";"1";"1";"26";"1";""
"202100010162";"183 536";"A01";"1";"7";"0";"1";"1";"1";"1";""
"202100010163";"183 535";"A01";"1";"31";"0";"0";"1";"9";"1";""
"202100010164";"183 533";"A01";"2";"33";"0";"2";"1";"3";"1";""
"202100010164";"183 534";"B01";"2";"7";"0";"2";"5";"12";"1";""
"202100010165";"183 531";"A01";"1";"7";"0";"2";"2";"12";"1";""
"202100010165";"183 532";"B01";"1";"43";"0";"2";"3";"3";"1";""
"202100010166";"183 529";"B01";"2";"80";"0";"2";"1";"1";"3";""
"202100010166";"183 530";"A01";"1";"7";"0";"2";"3";"15";"1";""
"202100010167";"183 527";"Z01";"1";"30";"0";"2";"2";"16";"5";""
"202100010167";"183 528";"A01";"1";"1";"0";"2";"1";"17";"5";""
"202100010168";"183 525";"B01";"1";"50";"0";"2";"7";"17";"3";""
"202100010168";"183 526";"A01";"1";"7";"0";"0";"3";"13";"1";""
"202100010169";"183 523";"B01";"1";"7";"0";"2";"3";"15";"1";""
"202100010169";"183 524";"A01";"1";"32";"0";"2";"2";"1";"1";""
"202100010170";"183 521";"A01";"1";"7";"0";"2";"7";"4";"1";""
"202100010170";"183 522";"B01";"2";"32";"0";"2";"1";"1";"1";""
"202100010171";"183 520";"Z01";"1";"7";"0";"1";"8";"15";"0";""
"202100010172";"183 519";"A01";"2";"32";"4";"0";"8";"13";"1";""
"202100010173";"183 517";"A01";"2";"7";"0";"2";"1";"1";"1";""
"202100010173";"183 518";"B01";"2";"30";"0";"2";"3";"15";"1";""
"202100010174";"183 515";"B01";"3";"7";"0";"2";"4";"23";"1";""
"202100010174";"183 516";"A01";"3";"7";"0";"2";"1";"1";"1";""
"202100010175";"183 514";"A01";"1";"1";"0";"0";"8";"1";"5";""
"202100010176";"183 512";"B01";"1";"7";"0";"2";"7";"1";"1";""
"202100010176";"183 513";"A01";"1";"7";"0";"2";"1";"1";"1";""
"202100010177";"183 510";"B01";"3";"7";"0";"2";"1";"0";"1";""
"202100010177";"183 511";"A01";"3";"7";"0";"2";"1";"0";"1";""
"202100010178";"183 509";"A01";"1";"7";"0";"1";"1";"1";"0";""
"202100010179";"183 507";"A01";"1";"50";"0";"2";"1";"1";"3";""
"202100010179";"183 508";"B01";"1";"37";"0";"2";"5";"1";"2";"1"
"202100010180";"183 505";"A01";" -1";"7";"0";"2";"1";"21";"1";""
"202100010180";"183 506";"B01";"3";"7";"0";"2";"8";"1";"1";""
"202100010181";"183 504";"A01";"2";"7";"0";"1";"6";"20";"1";""
"202100010182";"183 502";"A01";"1";"7";"1";"2";"0";"1";"1";""
"202100010182";"183 503";"B01";"1";"10";"1";"2";"1";"1";"1";""
"202100010183";"183 501";"A01";"3";"7";"8";"0";"3";"0";"1";""
"202100010184";"183 499";"B01";"2";"7";"0";"2";"1";"2";"1";""
"202100010184";"183 500";"A01";"2";"7";"0";"2";"4";"23";"1";""
"202100010185";"183 497";"A01";"1";"2";"0";"2";"1";"15";"1";""
"202100010185";"183 498";"B01";"2";"7";"0";"2";"1";"1";"1";""
"202100010186";"183 495";"B01";"0";"7";"0";"2";"1";"26";"1";""
"202100010186";"183 496";"A01";"0";"7";"0";"2";"8";"19";"1";""
"202100010187";"183 493";"A01";"2";"31";"0";"2";"1";"2";"1";""
"202100010187";"183 494";"B01";"2";"10";"0";"2";"0";"2";"1";""
"202100010188";"183 491";"Z01";"1";"7";"0";"2";"1";"9";"0";""
"202100010188";"183 492";"B01";"0";"1";"0";"2";"4";"9";"0";""
"202100010189";"183 490";"A01";"1";"7";"1";"2";"3";"19";"1";""
"202100010190";"183 489";"A01";"1";"7";"12";"0";"2";"0";"1";""
"202100010191";"183 487";"B01";"0";"7";"0";"0";"3";"0";"1";""
"202100010191";"183 488";"A01";"1";"7";"0";"0";"0";"0";"1";""
"202100010192";"183 486";"A01";"1";"7";"2";"0";"1";"1";"1";""
"202100010193";"183 483";"B01";"2";"7";"0";"0";"2";"17";"1";""
"202100010193";"183 484";"A01";"2";"7";"0";"0";"8";"15";"1";""
"202100010194";"183 482";"A01";"3";"7";"6";"0";"1";"14";"1";""
"202100010195";"183 480";"A01";"1";"7";"0";"2";"1";"0";"1";""
"202100010195";"183 481";"B01";"1";"7";"0";"0";"4";"1";"1";""
"202100010196";"183 479";"A01";"2";"7";"17";"0";"2";"1";"1";""
"202100010197";"183 477";"B01";"2";"7";"0";"2";"1";"1";"1";""
"202100010197";"183 478";"A01";"2";"7";"0";"2";"2";"19";"1";""
"202100010198";"183 475";"A01";"2";"7";"3";"2";"1";"1";"1";""
"202100010198";"183 476";"B01";"2";"7";"0";"2";"1";"1";"1";""
"202100010199";"183 473";"A01";"3";"7";"0";"2";"1";"6";"1";""
"202100010199";"183 474";"B01";"0";"7";"0";"2";"1";"1";"1";""
"202100010200";"183 472";"A01";"1";"10";"0";"1";"1";"1";"1";""
"202100010201";"183 469";"A01";"1";"7";"0";"1";"1";"1";"1";""
"202100010202";"183 468";"A01";"1";"2";"0";"0";"0";"13";"1";""
"202100010203";"183 467";"A01";"1";"36";"6";"0";"1";"15";"1";""
"202100010204";"183 466";"A01";"2";"10";"10";"0";"5";"1";"1";""
"202100010205";"183 464";"A01";"3";"2";"0";"2";"1";"2";"1";""
"202100010205";"183 465";"B01";"3";"7";"0";"9";"7";"10";"1";""
"202100010206";"183 463";"A01";"1";"7";"0";"1";"2";"20";"1";""
"202100010207";"183 462";"A01";"1";"7";"8";"0";"0";"0";"1";""
"202100010208";"183 461";"B01";"3";"7";"0";"1";"4";"23";"0";""
"202100010209";"183 459";"A01";"0";"7";"0";"2";"2";"1";"1";""
"202100010209";"183 460";"B01";"0";"1";"0";"2";"7";"23";"5";""
"202100010210";"183 456";"A01";"2";"2";"0";"2";"1";"1";"1";""
"202100010210";"183 457";"B01";"1";"33";"0";"2";"1";"17";"1";""
"202100010210";"183 458";"C01";"1";"7";"0";"0";"8";"1";"1";""
"202100010211";"183 454";"A01";"2";"2";"0";"2";"1";"1";"1";""
"202100010211";"183 455";"B01";"2";"10";"0";"2";"6";"1";"1";""
"202100010212";"183 452";"B01";"2";"7";"0";"2";"3";"1";"1";""
"202100010212";"183 453";"A01";"2";"7";"0";"2";"8";"9";"1";""
"202100010213";"183 451";"A01";"2";"7";"13";"0";"2";"1";"1";""
"202100010214";"183 450";"A01";"0";"7";"2";"0";"1";"1";"1";""
"202100010215";"183 449";"A01";"3";"36";"0";"0";"0";"0";"1";""
"202100010216";"183 448";"A01";"1";"7";"3";"0";"3";"0";"1";""
"202100010217";"183 446";"B01";"2";"10";"0";"2";"2";"1";"1";""
"202100010217";"183 447";"A01";"1";"7";"0";"2";"2";"1";"1";""
"202100010218";"183 444";"B01";"2";"2";"0";"2";"1";"1";"1";""
"202100010218";"183 445";"A01";"1";"7";"0";"2";"1";"15";"1";""
"202100010219";"183 442";"B01";"2";"7";"0";"2";"3";"1";"1";""
"202100010219";"183 443";"A01";"1";"2";"0";"2";"7";"19";"1";""
"202100010220";"183 440";"A01";"1";"7";"0";"2";"3";"15";"1";""
"202100010220";"183 441";"B01";"2";"7";"0";"2";"1";"1";"1";""
"202100010221";"183 439";"A01";"2";"7";"6";"0";"1";"1";"1";""
"202100010222";"183 438";"A01";"0";"7";"2";"0";"1";"1";"1";""
"202100010223";"183 436";"A01";"2";"7";"0";"2";"1";"5";"1";""
"202100010223";"183 437";"B01";"1";"7";"0";"2";"2";"1";"1";""
"202100010224";"183 435";"A01";"1";"7";"4";"0";"3";"0";"1";""
"202100010225";"183 432";"B01";"3";"2";"0";"2";"4";"1";"1";""
"202100010225";"183 433";"A01";"3";"2";"0";"2";"1";"1";"1";""
"202100010226";"183 431";"A01";"0";"3";"2";"0";"1";"1";"3";""
"202100010227";"183 429";"B01";"2";"33";"0";"2";"1";"1";"1";""
"202100010227";"183 430";"A01";"1";"7";"0";"2";"3";"15";"1";""
"202100010228";"183 427";"B01";"1";"7";"0";"2";"1";"1";"1";""
"202100010228";"183 428";"A01";"1";"7";"0";"2";"1";"5";"1";""
"202100010229";"183 426";"A01";"0";"10";"0";"1";"4";"4";"1";""
"202100010230";"183 425";"A01";"2";"2";"0";"0";"8";"1";"1";""
"202100010231";"183 423";"A01";"1";"7";"0";"2";"1";"5";"1";""
"202100010231";"183 424";"B01";"2";"7";"0";"2";"1";"1";"1";""
"202100010232";"183 421";"B01";"0";"7";"1";"0";"2";"0";"1";""
"202100010232";"183 422";"A01";"0";"7";"0";"2";"3";"0";"1";""
"202100010233";"183 419";"B01";"0";"7";"0";"2";"1";"1";"1";""
"202100010233";"183 420";"A01";"0";"33";"0";"2";"1";"26";"1";""
"202100010234";"183 418";"A01";"2";"7";"8";"0";"9";"13";"1";""
"202100010235";"183 417";"A01";"0";"7";"0";"1";"4";"20";"1";""
"202100010236";"183 416";"A01";"2";"7";"8";"0";"0";"1";"1";""
"202100010237";"183 414";"A01";"2";"7";"8";"2";"3";"1";"1";""
"202100010237";"183 415";"B01";"1";"10";"8";"2";"1";"13";"1";""
"202100010238";"183 408";"B01";"2";"7";"0";"2";"4";"0";"2";""
"202100010238";"183 409";"A01";"2";"7";"0";"2";"4";"0";"1";""
"202100010238";"183 410";"C01";"2";"7";"0";"2";"4";"0";"1";""
"202100010238";"183 411";"D01";"2";"7";"0";"2";"4";"0";"1";""
"202100010238";"183 412";"E01";"2";"7";"0";"2";"4";"0";"1";""
"202100010238";"183 413";"F01";"2";"10";"0";"2";"1";"0";"2";""
"202100010239";"183 407";"A01";"1";"7";"4";"0";"8";"1";"1";""
"202100010240";"183 406";"A01";"1";"33";"4";"0";"9";"1";"1";""
"202100010241";"183 403";"C01";"2";"7";"0";"2";"1";"0";"1";""
"202100010241";"183 404";"B01";"2";"7";"0";"2";"1";"0";"1";""
"202100010241";"183 405";"A01";"2";"7";"0";"2";"1";"0";"1";""
"202100010242";"183 401";"B01";"2";"33";"0";"2";"9";"3";"1";""
"202100010242";"183 402";"A01";"2";"10";"0";"2";"3";"11";"1";""
"202100010243";"183 400";"A01";"2";"7";"3";"0";"2";"1";"1";""
"202100010244";"183 398";"A01";"1";"7";"15";"2";"9";"12";"1";""
"202100010244";"183 399";"B01";"1";"7";"15";"0";"9";"21";"1";""
"202100010245";"183 396";"A01";"2";"17";"0";"2";"2";"12";"1";""
"202100010245";"183 397";"B01";"2";"7";"0";"2";"6";"1";"1";""
"202100010246";"183 394";"B01";"1";"34";"0";"2";"1";"3";"1";""
"202100010246";"183 395";"A01";"1";"7";"0";"2";"5";"12";"1";""
"202100010247";"183 393";"A01";"1";"7";"3";"0";"1";"2";"1";""
"202100010248";"183 388";"E01";"1";"7";"0";"2";"4";"0";"1";""
"202100010248";"183 389";"D01";"1";"7";"0";"2";"4";"1";"1";""
"202100010248";"183 390";"C01";"1";"7";"0";"2";"4";"1";"1";""
"202100010248";"183 391";"B01";"1";"7";"0";"2";"4";"1";"1";""
"202100010248";"183 392";"A01";"1";"10";"0";"2";"1";"1";"1";""
"202100010249";"183 387";"A01";"2";"10";"0";"0";"8";"1";"1";""
"202100010250";"183 386";"A01";"2";"7";"4";"0";"1";"1";"1";""
"202100010251";"183 380";"A01";"1";"7";"0";"2";"1";"1";"1";""
"202100010251";"183 381";"B01";"1";"7";"0";"2";"4";"1";"1";""
"202100010251";"183 382";"C01";"1";"7";"0";"2";"5";"1";"1";""
"202100010251";"183 383";"D01";"1";"7";"0";"2";"1";"1";"1";""
"202100010251";"183 384";"E01";"1";"10";"0";"2";"1";"1";"1";""
"202100010251";"183 385";"F01";"1";"10";"0";"2";"1";"1";"1";""
"202100010252";"183 378";"A01";"2";"7";"0";"2";"0";"26";"1";""
"202100010252";"183 379";"B01";"2";"7";"0";"2";"0";"26";"1";""
"202100010253";"183 375";"A01";" -1";"7";"14";"2";"2";"6";"1";""
"202100010253";"183 376";"B01";" -1";"7";"0";"2";"3";"1";"1";""
"202100010253";"183 377";"C01";" -1";"7";"1";"2";"1";"1";"2";""
"202100010254";"183 373";"B01";"1";"7";"0";"2";"4";"1";"1";""
"202100010254";"183 374";"A01";"1";"13";"0";"2";"1";"1";"1";""
"202100010255";"183 372";"A01";"2";"7";"0";"0";"1";"1";"1";""
"202100010256";"183 371";"A01";"2";"10";"3";"0";"1";"21";"1";""
"202100010257";"183 370";"A01";"2";"7";"0";"0";"1";"15";"1";""
"202100010258";"183 369";"A01";"2";"7";"4";"2";"2";"1";"1";""
"202100010259";"183 368";"A01";"1";"7";"4";"0";"7";"17";"1";""
"202100010260";"183 364";"C01";"1";"7";"0";"2";"4";"2";"1";""
"202100010260";"183 365";"D01";"1";"7";"0";"2";"4";"2";"1";""
"202100010260";"183 366";"B01";"1";"7";"0";"2";"1";"2";"1";""
"202100010260";"183 367";"A01";"1";"7";"0";"2";"1";"1";"1";""
"202100010261";"183 363";"A01";"3";"37";"0";"1";"1";"16";"1";"1"
"202100010262";"183 362";"A01";"1";"7";"0";"1";"8";"1";"1";""
"202100010263";"183 360";"A01";"1";"32";"14";"0";"7";"21";"1";""
"202100010264";"183 358";"B01";"1";"2";"0";"2";"7";"17";"1";""