"Num_Acc";"id_vehicule";"num_veh";"senc";"catv";"obs";"obsm";"choc";"manv";"motor";"occutc"
"202100010485";"182 983";"B01";"2";"7";"0";"2";"3";"1";"1";""
"202100010486";"182 981";"A01";"3";"7";"2";"0";"1";"1";"1";""
"202100010487";"182 979";"B01";"0";"2";"0";"2";"1";"1";"1";""
"202100010487";"182 980";"A01";"0";"10";"0";"2";"2";"15";"1";""
"202100010488";"182 976";"A01";"1";"7";"0";"2";"1";"13";"1";""
"202100010488";"182 977";"B01";"2";"7";"0";"2";"8";"0";"1";""
"202100010489";"182 974";"B01";"0";"7";"0";"2";"2";"1";"0";""
"202100010489";"182 975";"A01";"0";"31";"0";"2";"1";"7";"1";""
"202100010490";"182 973";"A01";"0";"7";"0";"1";"1";"1";"1";""
"202100010491";"182 970";"B01";"1";"33";"0";"2";"1";"1";"1";""
"202100010491";"182 971";"A01";"2";"7";"0";"2";"2";"15";"1";""
"202100010492";"182 968";"A01";"2";"1";"0";"2";"1";"2";"5";""
"202100010492";"182 969";"B01";"2";"14";"0";"2";"4";"2";"1";""
"202100010493";"182 967";"A01";"1";"7";"0";"1";"1";"15";"1";""
"202100010494";"182 963";"A01";"2";"7";"0";"2";"3";"9";"1";""
"202100010494";"182 964";"B01";"2";"31";"0";"2";"2";"1";"1";""
"202100010495";"182 960";"A01";"3";"7";"0";"2";"4";"1";"1";""
"202100010495";"182 961";"B01";"3";"7";"0";"2";"3";"1";"1";""
"202100010495";"182 962";"Z01";"3";"7";"0";"2";"0";"0";"1";""
"202100010496";"182 959";"A01";"1";"33";"0";"0";"0";"0";"1";""
"202100010497";"182 957";"B01";"0";"7";"0";"2";"7";"16";"1";""
"202100010497";"182 958";"A01";"2";"10";"0";"2";"3";"9";"1";""
"202100010498";"182 956";"A01";"1";"33";"0";"2";"7";"14";"1";""
"202100010499";"182 954";"A01";"1";"7";"0";"2";"3";"15";"1";""
"202100010499";"182 955";"B01";"2";"7";"0";"2";"0";"0";"1";""
"202100010500";"182 953";"A01";"1";"30";"0";"0";"0";"26";"1";""
"202100010501";"182 952";"A01";"1";"7";"0";"1";"1";"26";"1";""
"202100010502";"182 950";"A01";"3";"7";"0";"2";"1";"13";"1";""
"202100010502";"182 951";"B01";"3";"7";"0";"2";"3";"1";"1";""
"202100010503";"182 949";"A01";"2";"7";"0";"1";"1";"15";"1";""
"202100010504";"182 948";"A01";"1";"7";"8";"0";"1";"1";"1";""
"202100010505";"182 947";"A01";"3";"7";"0";"1";"1";"16";"0";""
"202100010506";"182 944";"C01";"2";"7";"0";"2";"4";"23";"1";""
"202100010506";"182 945";"B01";"2";"7";"0";"2";"4";"2";"1";""
"202100010506";"182 946";"A01";"2";"7";"0";"2";"1";"2";"1";""
"202100010507";"182 942";"A01";"3";"80";"0";"2";"1";"26";"3";""
"202100010507";"182 943";"B01";"2";"7";"0";"9";"8";"9";"1";""
"202100010508";"182 940";"A01";"2";"30";"0";"2";"0";"15";"1";""
"202100010508";"182 941";"B01";"2";"7";"0";"2";"3";"15";"2";""
"202100010509";"182 938";"A01";"2";"7";"0";"2";"2";"15";"0";""
"202100010509";"182 939";"B01";"1";"1";"0";"2";"1";"1";" -1";""
"202100010510";"182 936";"A01";"1";"7";"0";"2";"3";"26";"0";""
"202100010510";"182 937";"B01";"2";"50";"0";"2";"0";"0";"3";""
"202100010511";"182 935";"A01";"1";"7";"0";"1";"1";"1";"1";""
"202100010512";"182 934";"A01";"1";"10";"0";"1";"2";"16";"1";""
"202100010513";"182 932";"B01";"1";"33";"0";"2";"7";"1";"1";""
"202100010513";"182 933";"A01";"2";"7";"0";"2";"1";"0";"1";""
"202100010514";"182 931";"A01";"2";"7";"0";"1";"1";"1";"1";""
"202100010515";"182 929";"A01";"3";"7";"0";"2";"1";"13";"1";""
"202100010515";"182 930";"B01";"1";"17";"0";"2";"1";"1";"1";""
"202100010516";"182 928";"A01";"3";"7";"15";"1";"1";"26";"1";""
"202100010517";"182 927";"A01";"3";"7";"0";"1";"1";"26";"1";""
"202100010518";"182 926";"A01";"2";"3";"0";"1";"2";"19";"1";""
"202100010519";"182 924";"A01";"2";"7";"0";"2";"1";"15";"2";""
"202100010519";"182 925";"B01";"2";"1";"0";"2";"7";"1";"5";""
"202100010520";"182 921";"C01";"2";"7";"0";"2";"3";"1";"1";""
"202100010520";"182 922";"B01";"1";"7";"0";"2";"7";"1";"1";""
"202100010520";"182 923";"A01";"1";"7";"0";"2";"1";"15";"1";""
"202100010521";"182 919";"B01";"1";"7";"0";"2";"8";"26";"1";""
"202100010521";"182 920";"A01";"1";"15";"0";"2";"2";"26";"1";""
"202100010522";"182 918";"A01";"1";"10";"0";"0";"3";"20";"1";""
"202100010523";"182 916";"A01";"1";"7";"0";"2";"3";"26";"1";""
"202100010523";"182 917";"B01";"1";"1";"0";"2";"2";"1";"5";""
"202100010524";"182 914";"A01";"1";"7";"0";"2";"2";"15";"1";""
"202100010524";"182 915";"B01";"1";"31";"0";"2";"1";"26";"1";""
"202100010525";"182 912";"B01";"1";"1";"0";"2";"2";"26";"5";""
"202100010525";"182 913";"A01";"1";"30";"0";"2";"0";"26";"1";""
"202100010526";"182 910";"A01";"3";"7";"0";"2";"8";"16";"1";""
"202100010526";"182 911";"B01";"3";"50";"0";"2";"1";"0";"3";""
"202100010527";"182 909";"A01";"3";"33";"0";"9";"1";"1";"1";""
"202100010528";"182 908";"A01";"1";"7";"6";"0";"1";"1";"1";""
"202100010529";"182 907";"A01";"1";"7";"0";"1";"1";"19";"1";""
"202100010530";"182 906";"A01";"0";"7";"1";"0";"1";"13";"1";""
"202100010531";"182 904";"A01";"2";"7";"0";"2";"2";"11";"1";""
"202100010531";"182 905";"B01";"2";"7";"0";"2";"2";"1";"1";""
"202100010532";"182 902";"B01";"2";"37";"8";"1";"2";"1";"1";"1"
"202100010532";"182 903";"A01";"3";"60";"9";"2";"8";"19";"5";""
"202100010533";"182 901";"A01";"2";"7";"0";"1";"1";"19";"1";""
"202100010534";"182 899";"A01";"1";"31";"0";"2";"1";"15";"1";""
"202100010534";"182 900";"B01";"1";"33";"0";"2";"1";"1";"1";""
"202100010535";"182 897";"B01";"3";"7";"0";"2";"4";"26";"1";""
"202100010535";"182 898";"A01";"3";"7";"0";"2";"1";"26";"1";""
"202100010536";"182 895";"B01";"2";"33";"0";"2";"8";"1";"1";""
"202100010536";"182 896";"A01";"3";"14";"0";"2";"2";"15";"1";""
"202100010537";"182 893";"B01";"3";"7";"0";"2";"2";"1";"1";""
"202100010537";"182 894";"A01";"3";"7";"0";"2";"3";"9";"1";""
"202100010538";"182 891";"A01";"2";"30";"0";"2";"2";"21";"1";""
"202100010538";"182 892";"B01";"0";"7";"0";"0";"5";"1";"3";""
"202100010539";"182 889";"A01";"0";"34";"0";"2";"1";"1";"1";""
"202100010539";"182 890";"B01";"0";"7";"0";"2";"3";"0";"1";""
"202100010540";"182 885";"B01";"2";"13";"0";"2";"2";"1";"1";""
"202100010540";"182 886";"A01";"1";"7";"0";"2";"3";"15";"1";""
"202100010541";"182 883";"B01";"2";"7";"0";"2";"6";"10";"1";""
"202100010541";"182 884";"A01";"2";"32";"0";"2";"1";"1";"1";""
"202100010542";"182 882";"Z01";"1";"30";"0";"1";"1";"26";"1";""
"202100010543";"182 881";"A01";"3";"7";"0";"0";"0";"0";"0";""
"202100010544";"182 879";"B01";"1";"7";"0";"2";"4";"1";"1";""
"202100010544";"182 880";"A01";"1";"7";"0";"2";"1";"1";"1";""
"202100010545";"182 877";"A01";"2";"7";"0";"9";"2";"1";"1";""
"202100010545";"182 878";"B01";"3";"50";"0";"2";"8";"19";"3";""
"202100010546";"182 875";"A01";"2";"14";"0";"2";"1";"1";"1";""
"202100010546";"182 876";"B01";"2";"17";"0";"2";"4";"1";"1";""
"202100010547";"182 873";"A01";"1";"33";"0";"2";"3";"9";"1";""
"202100010547";"182 874";"B01";"1";"7";"0";"2";"2";"1";"1";""
"202100010548";"182 872";"A01";"3";"80";"0";"1";"3";"1";"3";""
"202100010549";"182 871";"A01";"1";"33";"0";"0";"1";"1";"1";""
"202100010550";"182 869";"A01";"1";"7";"0";"2";"1";"10";"1";""
"202100010550";"182 870";"B01";"1";"33";"0";"2";"1";"17";"1";""
"202100010551";"182 868";"A01";"1";"7";"0";"1";"1";"1";"1";""
"202100010552";"182 867";"A01";"2";"7";"0";"1";"3";"1";"1";""
"202100010553";"182 866";"A01";"2";"7";"0";"1";"2";"1";"2";""
"202100010554";"182 865";"Z01";"2";"30";"0";"1";"7";"5";"1";""
"202100010555";"182 864";"A01";"1";"30";"0";"2";"3";"21";"1";""
"202100010556";"182 862";"B01";"1";"10";"0";"2";"4";"2";"1";""
"202100010556";"182 863";"A01";"1";"32";"0";"2";"1";"2";"1";""
"202100010557";"182 860";"A01";"1";"7";"0";"2";"3";"15";"1";""
"202100010557";"182 861";"B01";"2";"30";"0";"2";"1";"1";"1";""
"202100010558";"182 858";"B01";"2";"7";"0";"2";"3";"1";"1";""
"202100010558";"182 859";"A01";"2";"50";"0";"2";"1";"17";"3";""
"202100010559";"182 857";"A01";"2";"1";"0";"1";"1";"1";"5";""
"202100010560";"182 856";"A01";"1";"7";"0";"1";"1";"15";"1";""
"202100010561";"182 854";"A01";"2";"50";"0";"2";"4";"2";"3";""
"202100010561";"182 855";"Z01";"1";"7";"0";"2";"1";"2";"0";""
"202100010562";"182 853";"A01";"3";"7";"14";"0";"2";"13";"1";""
"202100010563";"182 851";"A01";"2";"1";"0";"2";"8";"1";"5";""
"202100010563";"182 852";"Z01";"2";"2";"0";"2";"2";"16";"0";""
"202100010564";"182 849";"A01";"1";"2";"0";"2";"2";"1";"3";""
"202100010564";"182 850";"Z01";"1";"1";"0";"2";"0";"15";"0";""
"202100010565";"182 846";"B01";"2";"7";"0";"2";"6";"13";"1";""
"202100010565";"182 847";"C01";"1";"7";"0";"2";"3";"1";"2";""
"202100010565";"182 848";"A01";"2";"33";"0";"2";"1";"17";"1";""
"202100010566";"182 844";"B01";"3";"7";"0";"2";"5";"1";"1";""
"202100010566";"182 845";"A01";"1";"7";"0";"2";"3";"7";"1";""
"202100010567";"182 842";"B01";"2";"30";"0";"2";"4";"2";"1";""
"202100010567";"182 843";"A01";"2";"10";"0";"2";"1";"2";"1";""
"202100010568";"182 840";"A01";"1";"7";"0";"2";"3";"9";"2";""
"202100010568";"182 841";"B01";"1";"30";"0";"2";"1";"1";"1";""
"202100010569";"182 837";"A01";"1";"10";"0";"2";"3";"15";"1";""
"202100010569";"182 838";"B01";"1";"7";"0";"2";"7";"24";"3";""
"202100010569";"182 839";"C01";"1";"32";"0";"2";"2";"1";"3";""
"202100010570";"182 835";"A01";"2";"1";"0";"2";"8";"1";"5";""
"202100010570";"182 836";"B01";"2";"1";"0";"2";"1";"1";"5";""
"202100010571";"182 833";"B01";"1";"33";"0";"2";"7";"1";"1";""
"202100010571";"182 834";"A01";"1";"7";"0";"2";"0";"14";"1";""
"202100010572";"182 832";"A01";"2";"33";"0";"1";"7";"1";"1";""
"202100010573";"182 831";"A01";"1";"30";"0";"1";"1";"1";"1";""
"202100010574";"182 829";"A01";"3";"7";"0";"2";"1";"1";"1";""
"202100010574";"182 830";"B01";"3";"10";"8";"2";"8";"1";"1";""
"202100010575";"182 827";"A01";"1";"7";"0";"2";"2";"15";"1";""
"202100010575";"182 828";"B01";"1";"33";"0";"2";"2";"1";"1";""
"202100010576";"182 825";"B01";"1";"10";"0";"2";"0";"0";"1";""
"202100010576";"182 826";"A01";"1";"2";"0";"2";"3";"17";"1";""
"202100010577";"182 823";"A01";"1";"30";"0";"2";"7";"1";"1";""
"202100010577";"182 824";"B01";"1";"7";"0";"2";"1";"15";"1";""
"202100010578";"182 819";"A01";"2";"33";"0";"2";"1";"1";"1";""
"202100010578";"182 820";"B01";"1";"7";"0";"2";"5";"15";"1";""
"202100010579";"182 817";"B01";"2";"7";"0";"1";"1";"1";"1";""
"202100010579";"182 818";"A01";"2";"7";"0";"2";"1";"1";"1";""
"202100010580";"182 815";"A01";"1";"7";"0";"2";"1";"15";"1";""
"202100010580";"182 816";"B01";"2";"7";"0";"2";"1";"1";"1";""
"202100010581";"182 813";"B01";"2";"7";"0";"2";"1";"1";"1";""
"202100010581";"182 814";"A01";"2";"31";"0";"2";"4";"26";"1";""
"202100010582";"182 812";"A01";"2";"7";"0";"1";"7";"1";"1";""
"202100010583";"182 810";"B01";" -1";"7";"0";"0";"3";"9";"1";""
"202100010583";"182 811";"A01";" -1";"30";"0";"2";"0";"0";"1";""
"202100010584";"182 808";"A01";"2";"7";"0";"2";"3";"19";"1";""
"202100010584";"182 809";"B01";"1";"31";"0";"2";"1";"3";"1";""
"202100010585";"182 806";"B01";"2";"32";"0";"2";"8";"1";"1";""
"202100010585";"182 807";"A01";"1";"7";"0";"2";"2";"1";"1";""
"202100010586";"182 805";"A01";"2";"7";"0";"1";"1";"2";"2";""
"202100010587";"182 803";"A01";"3";"7";"0";"2";"3";"9";"1";""
"202100010587";"182 804";"B01";"3";"33";"0";"2";"2";"0";"1";""
"202100010588";"182 802";"A01";"1";"33";"12";"0";"7";"1";"1";""
"202100010589";"182 800";"B01";" -1";"7";"0";"2";"4";"2";"1";""
"202100010589";"182 801";"A01";" -1";"7";"0";"2";"1";"2";"1";""
"202100010590";"182 798";"A01";"1";"3";"1";"0";"3";"24";"1";""
"202100010590";"182 799";"B01";"1";"1";"1";"0";"3";"0";"0";""
"202100010591";"182 797";"A01";"2";"30";"9";"0";"1";"13";"1";""
"202100010592";"182 796";"A01";"2";"13";"0";"1";"2";"16";"6";""
"202100010593";"182 794";"B01";"0";"33";"0";"2";"4";"0";"0";""
"202100010593";"182 795";"A01";"0";"43";"0";"2";"1";"26";"0";""
"202100010594";"182 793";"A01";"3";"33";"0";"0";"0";"26";"1";""
"202100010595";"182 791";"A01";"2";"10";"9";"2";"1";"5";"3";""
"202100010595";"182 792";"B01";"2";"7";"9";"2";"7";"1";"1";""
"202100010596";"182 789";"A01";"3";"7";"8";"2";"1";"9";"1";""
"202100010596";"182 790";"B01";"3";"7";"0";"2";"3";"1";"1";""
"202100010597";"182 787";"B01";"3";"1";"0";"2";"7";"19";"5";""
"202100010597";"182 788";"A01";"1";"7";"0";"2";"1";"1";"1";""
"202100010598";"182 785";"A01";"2";"31";"0";"2";"1";"1";"1";""
"202100010598";"182 786";"B01";"1";"7";"0";"2";"1";"15";"1";""
"202100010599";"182 783";"B01";"2";"7";"8";"2";"3";"1";"2";""
"202100010599";"182 784";"A01";"2";"7";"0";"2";"6";"1";"1";""
"202100010600";"182 781";"A01";"3";"7";"0";"2";"3";"1";"1";""
"202100010600";"182 782";"F01";"3";"32";"0";"2";"1";"17";"1";""
"202100010601";"182 779";"B01";"1";"1";"0";"0";"4";"1";"5";""
"202100010601";"182 780";"A01";"1";"7";"0";"2";"2";"1";"1";""
"202100010602";"182 777";"A01";"0";"7";"0";"9";"3";"1";"1";""
"202100010602";"182 778";"B01";"0";"1";"0";"2";"1";"19";"5";""
"202100010603";"182 775";"A01";"1";"7";"0";"2";"1";"13";"1";""
"202100010603";"182 776";"B01";"2";"17";"0";"2";"3";"1";"1";""
"202100010604";"182 774";"A01";"1";"33";"15";"0";"2";"1";"1";""
"202100010605";"182 773";"A01";"2";"33";"13";"0";"0";"13";"1";""
"202100010606";"182 772";"A01";"1";"7";"0";"0";"9";"0";"1";""
"202100010607";"182 770";"B01";"2";"7";"0";"2";"1";"1";"1";""
"202100010607";"182 771";"A01";"2";"10";"0";"0";"4";"11";"1";""
"202100010608";"182 769";"A01";"0";"7";"2";"0";"2";"11";"1";""
"202100010609";"182 768";"A01";"2";"7";"13";"0";"0";"1";"1";""
"202100010610";"182 767";"A01";"1";"7";"2";"0";"2";"14";"1";""
"202100010611";"182 766";"A01";"1";"7";"13";"0";"5";"1";"1";""
"202100010612";"182 764";"A01";"2";"33";"0";"2";"2";"1";"1";""
"202100010612";"182 765";"B01";"1";"7";"0";"2";"7";"5";"1";""
"202100010613";"182 762";"A01";"1";"7";"0";"2";"1";"13";"1";""
"202100010613";"182 763";"B01";"2";"7";"0";"2";"1";"21";"1";""
"202100010614";"182 761";"A01";"1";"7";"2";"0";"1";"1";"1";""
"202100010615";"182 760";"A01";"3";"33";"0";"0";"7";"1";"1";""
"202100010616";"182 758";"A01";"3";"7";"0";"0";"5";"12";"1";""
"202100010616";"182 759";"B01";"3";"1";"0";"0";"6";"1";"5";""
"202100010617";"182 757";"A01";"2";"33";"6";"0";"7";"2";"1";""
"202100010618";"182 755";"B01";"0";"2";"0";"2";"1";"1";"1";""
"202100010618";"182 756";"A01";"0";"7";"0";"2";"2";"15";"1";""
"202100010619";"182 752";"A01";"1";"7";"0";"1";"3";"1";"1";""
"202100010620";"182 750";"A01";"1";"7";"0";"0";"2";"5";"1";""
"202100010620";"182 751";"B01";"2";"33";"0";"0";"1";"3";"1";""
"202100010621";"182 749";"A01";"3";"2";"12";"0";"7";"1";"1";""
"202100010622";"182 747";"B01";"1";"39";"0";"4";"3";"1";"3";""
"202100010622";"182 748";"A01";"2";"7";"0";"4";"1";"0";"1";""
"202100010623";"182 745";"B01";"1";"1";"0";"2";"1";"1";"5";""
"202100010623";"182 746";"A01";"2";"7";"0";"2";"7";"15";"1";""
"202100010624";"182 744";"A01";"3";"7";"0";"0";"3";"0";"1";""
"202100010625";"182 742";"A01";"3";"7";"0";"2";"3";"19";"1";""
"202100010625";"182 743";"B01";"2";"7";"0";"2";"1";"1";"1";""
"202100010626";"182 740";"A01";"1";"2";"7";"2";"1";"1";"1";""
"202100010626";"182 741";"B01";"3";"21";"0";"2";"6";"1";"1";""
"202100010627";"182 739";"A01";"2";"7";"8";"1";"2";"1";"1";""
"202100010628";"182 737";"B01";"1";"7";"0";"2";"1";"1";"1";""
"202100010628";"182 738";"A01";"2";"7";"0";"2";"7";"1";"1";""
"202100010629";"182 736";"A01";"3";"7";"0";"0";"9";"0";"1";""
"202100010630";"182 735";"A01";"1";"7";"3";"0";"1";"1";"1";""
"202100010631";"182 734";"A01";"1";"1";"0";"0";"8";"1";"5";""
"202100010632";"182 732";"B01";"2";"7";"2";"2";"3";"1";"1";""
"202100010632";"182 733";"A01";"1";"17";"2";"2";"3";"13";"1";""
"202100010633";"182 731";"A01";"1";"13";"0";"0";"3";"1";"1";""
"202100010634";"182 729";"B01";"2";"15";"0";"2";"2";"15";"1";""
"202100010634";"182 730";"A01";"1";"7";"0";"2";"1";"1";"1";""
"202100010635";"182 727";"B01";"1";"2";"0";"0";"1";"1";"1";""
"202100010635";"182 728";"A01";"1";"10";"0";"0";"5";"1";"1";""
"202100010636";"182 726";"A01";"2";"7";"8";"0";"3";"0";"1";""
"202100010637";"182 724";"B01";"2";"7";"0";"2";"8";"19";"1";""
"202100010637";"182 725";"A01";"2";"43";"0";"2";"3";"17";"1";""
"202100010638";"182 723";"A01";"0";"7";"0";"0";"9";"1";"1";""
"202100010639";"182 721";"B01";"3";"7";"0";"2";"3";"1";"1";""
"202100010639";"182 722";"A01";"3";"7";"0";"2";"5";"10";"1";""
"202100010640";"182 719";"A01";"2";"7";"0";"2";"3";"13";"1";""
"202100010640";"182 720";"B01";"1";"7";"0";"2";"3";"1";"1";""
"202100010641";"182 717";"B01";"1";"1";"0";"2";"1";"1";"5";""
"202100010641";"182 718";"A01";"2";"7";"0";"2";"2";"15";"1";""
"202100010642";"182 715";"A01";"1";"2";"0";"0";"6";"15";"1";""
"202100010642";"182 716";"B01";"1";"0";"0";"2";"1";"17";"0";""
"202100010643";"182 713";"A01";"0";"7";"0";"2";"1";"15";"1";""
"202100010643";"182 714";"B01";"0";"7";"0";"2";"1";"1";"1";""
"202100010644";"182 712";"A01";"2";"7";"8";"0";"7";"1";"1";""
"202100010645";"182 709";"B01";"1";"7";"0";"0";"6";"1";"1";""
"202100010645";"182 710";"A01";"2";"7";"0";"0";"7";"15";"1";""
"202100010645";"182 711";"C01";"1";"33";"0";"2";"1";"1";"1";""
"202100010646";"182 707";"A01";"1";"2";"0";"2";"1";"9";"1";""
"202100010646";"182 708";"B01";"2";"37";"0";"2";"1";"1";"1";"1"
"202100010647";"182 705";"B01";"2";"7";"0";"2";"3";"2";"1";""
"202100010647";"182 706";"A01";"1";"7";"0";"2";"3";"2";"1";""
"202100010648";"182 704";"A01";"2";"32";"0";"0";"0";"0";"1";""
"202100010649";"182 702";"A01";"2";"7";"0";"2";"7";"15";"1";""
"202100010649";"182 703";"B01";"1";"7";"0";"2";"5";"1";"1";""
"202100010650";"182 699";"A01";"3";"7";"0";"2";"1";"19";"6";""
"202100010650";"182 700";"C01";"1";"7";"0";"2";"1";"1";"1";""
"202100010650";"182 701";"B01";"2";"7";"0";"2";"8";"1";"1";""
"202100010651";"182 698";"A01";"3";"7";"0";"1";"2";"2";"1";""
"202100010652";"182 695";"A01";"2";"7";"0";"2";"1";"17";"1";""
"202100010652";"182 696";"B01";"2";"7";"0";"2";"3";"1";"1";""
"202100010652";"182 697";"C01";"1";"7";"0";"2";"1";"1";"1";""
"202100010653";"182 693";"B01";"1";"33";"0";"2";"1";"1";"1";""
"202100010653";"182 694";"A01";"1";"7";"0";"2";"6";"9";"1";""
"202100010654";"182 692";"A01";"1";"7";"0";"0";"9";"1";"1";""
"202100010655";"182 690";"A01";"1";"2";"0";"2";"2";"17";"1";""
"202100010655";"182 691";"B01";"1";"10";"0";"0";"3";"15";"1";""
"202100010656";"182 688";"A01";"2";"10";"0";"2";"3";"2";"1";""
"202100010656";"182 689";"B01";"2";"1";"0";"2";"1";"2";"5";""
"202100010657";"182 686";"A01";"1";"7";"0";"2";"7";"12";"1";""
"202100010657";"182 687";"B01";"1";"33";"0";"0";"1";"3";"1";""
"202100010658";"182 682";"A01";"3";"7";"0";"2";"1";"2";"1";""
"202100010658";"182 683";"B01";"3";"7";"0";"2";"4";"23";"1";""
"202100010658";"182 684";"C01";"3";"7";"0";"2";"4";"23";"1";""
"202100010658";"182 685";"D01";"3";"7";"0";"2";"4";"23";"1";""
"202100010659";"182 679";"A01";"1";"7";"0";"2";"4";"1";"1";""
"202100010659";"182 680";"B01";"1";"7";"0";"2";"1";"2";"1";""
"202100010659";"182 681";"C01";"1";"7";"0";"2";"3";"0";"1";""
"202100010660";"182 678";"A01";"1";"7";"6";"0";"1";"1";"1";""
"202100010661";"182 676";"B01";"2";"33";"0";"2";"2";"1";"1";""
"202100010661";"182 677";"A01";"2";"7";"0";"2";"6";"11";"1";""
"202100010662";"182 673";"B01";"1";"33";"0";"2";"7";"3";"1";""
"202100010662";"182 674";"C01";"1";"7";"0";"2";"6";"1";"1";""
"202100010662";"182 675";"A01";"1";"7";"0";"2";"8";"11";"1";""
"202100010663";"182 670";"A01";"2";"17";"0";"2";"1";"2";"1";""
"202100010663";"182 671";"B01";"2";"7";"0";"2";"4";"2";"1";""
"202100010663";"182 672";"C01";"2";"10";"0";"2";"1";"2";"1";""
"202100010664";"182 665";"E01";"2";"7";"0";"2";"1";"2";"0";""
"202100010664";"182 666";"B01";"2";"7";"0";"2";"1";"2";"0";""
"202100010664";"182 667";"D01";"2";"7";"0";"2";"1";"2";"2";""
"202100010664";"182 668";"C01";"2";"7";"0";"2";"1";"2";"1";""
"202100010664";"182 669";"A01";"2";"7";"0";"2";"1";"2";"1";""
"202100010665";"182 663";"B01";"2";"7";"0";"2";"2";"12";"1";""
"202100010665";"182 664";"A01";"2";"31";"0";"2";"1";"3";"1";""
"202100010666";"182 658";"B01";"2";"7";"0";"2";"4";"1";"1";""
"202100010666";"182 659";"D01";"2";"7";"0";"2";"1";"1";"1";""
"202100010666";"182 660";"C01";"2";"7";"0";"2";"1";"1";"1";""
"202100010666";"182 661";"A01";"2";"17";"0";"2";"8";"11";"1";""
"202100010666";"182 662";"E01";"2";"10";"0";"2";"1";"2";"1";""
"202100010667";"182 656";"Z01";"2";"10";"0";"2";"0";"12";"0";""
"202100010667";"182 657";"A01";"2";"33";"0";"2";"7";"3";"1";""
"202100010668";"182 654";"A01";"2";"7";"0";"2";"1";"2";"1";""
"202100010668";"182 655";"B01";"2";"33";"0";"2";"4";"2";"1";""
"202100010669";"182 652";"B01";"1";"7";"0";"2";"1";"1";"3";""
"202100010669";"182 653";"A01";"1";"7";"0";"2";"1";"26";"1";""
"202100010670";"182 650";"B01";"1";"7";"0";"2";"4";"2";"1";""
"202100010670";"182 651";"A01";"1";"7";"0";"2";"1";"2";"1";""
"202100010671";"182 648";"B01";"1";"7";"0";"2";"4";"1";"1";""
"202100010671";"182 649";"A01";"1";"10";"0";"2";"1";"1";"1";""
"202100010672";"182 645";"C01";"1";"7";"0";"2";"4";"2";"0";""
"202100010672";"182 646";"B01";"2";"7";"0";"2";"7";"2";"0";""
"202100010672";"182 647";"A01";"2";"33";"0";"2";"1";"3";"0";""
"202100010673";"182 643";"B01";"2";"7";"0";"2";"1";"1";"1";""
"202100010673";"182 644";"A01";"2";"33";"0";"2";"3";"1";"1";""
"202100010674";"182 639";"C01";"1";"7";"0";"2";"4";"2";"1";""
"202100010674";"182 640";"B01";"1";"7";"0";"2";"6";"2";"1";""
"202100010674";"182 641";"A01";"1";"10";"0";"2";"1";"1";"1";""
"202100010674";"182 642";"D01";"1";"7";"0";"2";"4";"2";"1";""
"202100010675";"182 637";"A01";"1";"7";"0";"2";"1";"2";"1";""
"202100010675";"182 638";"B01";"1";"7";"0";"2";"0";"0";"0";""
"202100010676";"182 635";"B01";"1";"7";"0";"2";"4";"23";"1";""
"202100010676";"182 636";"A01";"1";"10";"1";"0";"1";"2";"1";""
"202100010677";"182 632";"B01";"2";"33";"0";"2";"1";"0";"1";""
"202100010677";"182 633";"C01";"2";"10";"0";"2";"8";"1";"1";""
"202100010677";"182 634";"A01";"2";"10";"0";"2";"5";"1";"1";""
"202100010678";"182 630";"A01";"1";"7";"0";"2";"4";"11";"1";""
"202100010678";"182 631";"B01";"1";"33";"0";"2";"1";"3";"1";""
"202100010679";"182 629";"A01";"1";"50";"0";"1";"1";"25";"3";""
"202100010680";"182 628";"A01";"3";"7";"0";"1";"1";"17";"1";""
"202100010681";"182 626";"B01";"1";"7";"0";"2";"8";"1";"1";""
"202100010681";"182 627";"A01";"1";"14";"0";"2";"7";"17";"1";""
"202100010682";"182 625";"A01";"1";"7";"0";"1";"1";"11";"1";""
"202100010683";"182 623";"B01";"2";"7";"0";"2";"2";"0";"2";""
"202100010683";"182 624";"A01";"3";"50";"0";"2";"1";"1";"3";""
"202100010684";"182 621";"B01";"2";"50";"0";"2";"1";"1";"3";""
"202100010684";"182 622";"A01";"1";"7";"0";"2";"3";"15";"1";""
"202100010685";"182 620";"A01";"1";"33";"0";"1";"0";"1";"1";""
"202100010686";"182 619";"A01";"3";"7";"4";"0";"2";"14";"1";""
"202100010687";"182 617";"A01";"1";"10";"0";"2";"1";"26";"1";""
"202100010687";"182 618";"B01";"1";"7";"0";"2";"4";"1";"1";""
"202100010688";"182 615";"B01";"1";"7";"0";"2";"1";"1";"1";""
"202100010688";"182 616";"A01";"2";"7";"0";"2";"2";"15";"1";""
"202100010689";"182 614";"A01";"2";"7";"0";"1";"1";"16";"1";""
"202100010690";"182 612";"B01";"2";"33";"0";"2";"1";"1";"1";""
"202100010690";"182 613";"A01";"1";"7";"0";"2";"3";"9";"1";""
"202100010691";"182 611";"A01";"2";"10";"0";"1";"2";"1";"1";""
"202100010692";"182 609";"B01";"1";"7";"0";"2";"1";"1";"1";""
"202100010692";"182 610";"A01";"2";"7";"0";"2";"1";"13";"1";""
"202100010693";"182 608";"A01";"0";"7";"0";"1";"1";"1";"3";""
"202100010694";"182 606";"A01";"3";"7";"0";"2";"1";"16";"1";""