"Num_Acc";"id_vehicule";"num_veh";"senc";"catv";"obs";"obsm";"choc";"manv";"motor";"occutc"
"202100010694";"182 607";"B01";"3";"1";"0";"2";"1";"19";"5";""
"202100010695";"182 605";"A01";"2";"10";"6";"0";"1";"14";"1";""
"202100010696";"182 604";"A01";"3";"7";"0";"0";"9";"17";"1";""
"202100010697";"182 602";"B01";"1";"50";"0";"2";"1";"19";"3";""
"202100010697";"182 603";"Z01";"2";"7";"0";"2";"2";"15";"1";""
"202100010698";"182 601";"A01";"1";"31";"0";"1";"1";"1";"1";""
"202100010699";"182 599";"A01";"1";"7";"0";"2";"1";"1";"1";""
"202100010699";"182 600";"B01";"1";"7";"0";"2";"4";"1";"1";""
"202100010700";"182 598";"A01";"1";"7";"0";"1";"2";"26";"1";""
"202100010701";"182 596";"A01";"3";"7";"0";"2";"1";"1";"1";""
"202100010701";"182 597";"B01";"3";"1";"0";"2";"4";"0";"5";""
"202100010702";"182 595";"A01";"2";"7";"0";"1";"2";"1";"1";""
"202100010703";"182 594";"A01";"1";"7";"0";"1";"1";"1";"1";""
"202100010704";"182 592";"A01";"3";"7";"0";"2";"1";"15";"1";""
"202100010704";"182 593";"B01";"3";"7";"0";"2";"3";"1";"1";""
"202100010705";"182 590";"A01";"1";"7";"0";"2";"3";"15";"1";""
"202100010705";"182 591";"B01";"2";"2";"0";"2";"8";"1";"1";""
"202100010706";"182 588";"B01";"1";"7";"0";"2";"3";"1";"1";""
"202100010706";"182 589";"A01";"2";"2";"0";"2";"3";"13";"1";""
"202100010707";"182 586";"B01";"2";"2";"0";"2";"1";"1";"1";""
"202100010707";"182 587";"A01";"1";"7";"0";"2";"3";"15";"1";""
"202100010708";"182 584";"A01";"1";"50";"0";"2";"3";"26";"3";""
"202100010708";"182 585";"B01";"1";"7";"0";"2";"0";"26";"1";""
"202100010709";"182 582";"A01";"1";"30";"0";"2";"3";"16";"1";""
"202100010709";"182 583";"B01";"1";"7";"0";"2";"7";"16";"1";""
"202100010710";"182 580";"B01";"2";"7";"0";"1";"4";"1";"1";""
"202100010710";"182 581";"A01";"2";"7";"0";"2";"1";"12";"1";""
"202100010711";"182 579";"A01";"3";"7";"2";"0";"1";"1";"1";""
"202100010712";"182 578";"A01";"1";"33";"11";"0";"1";"17";"1";""
"202100010713";"182 576";"B01";"3";"10";"0";"2";"4";"2";"0";""
"202100010713";"182 577";"A01";"3";"10";"0";"2";"1";"16";"1";""
"202100010714";"182 575";"A01";"1";"33";"8";"0";"0";"15";"1";""
"202100010715";"182 573";"A01";"1";"30";"0";"2";"1";"1";"1";""
"202100010715";"182 574";"B01";"1";"7";"0";"2";"4";"1";"1";""
"202100010716";"182 572";"A01";"2";"7";"0";"1";"1";"15";"1";""
"202100010717";"182 571";"A01";"2";"7";"0";"1";"4";"26";"1";""
"202100010718";"182 569";"B01";"1";"15";"0";"2";"2";"1";"1";""
"202100010718";"182 570";"A01";"1";"7";"0";"2";"3";"18";"1";""
"202100010719";"182 566";"C01";"1";"7";"0";"2";"1";"14";"1";""
"202100010719";"182 567";"B01";"2";"7";"0";"2";"7";"17";"1";""
"202100010719";"182 568";"A01";"2";"7";"0";"2";"8";"13";"1";""
"202100010720";"182 565";"A01";"2";"7";"2";"0";"1";"14";"1";""
"202100010721";"182 564";"A01";"1";"15";"0";"1";"1";"1";"1";""
"202100010722";"182 563";"A01";"1";"7";"0";"1";"2";"1";"1";""
"202100010723";"182 561";"A01";"1";"1";"14";"2";"9";"21";"5";""
"202100010723";"182 562";"B01";"1";"10";"14";"9";"3";"15";"1";""
"202100010724";"182 559";"A01";"2";"30";"0";"9";"2";"26";"1";""
"202100010724";"182 560";"B01";"2";"99";"0";"0";"0";"0";"3";""
"202100010725";"182 558";"A01";"3";"7";"9";"0";"2";"14";"1";""
"202100010726";"182 556";"B01";"1";"7";"0";"2";"4";"2";"1";""
"202100010726";"182 557";"A01";"1";"30";"0";"2";"1";"2";"1";""
"202100010727";"182 554";"A01";"2";"7";"0";"2";"3";"20";"1";""
"202100010727";"182 555";"B01";"2";"30";"0";"2";"1";"1";"1";""
"202100010728";"182 553";"Z01";"1";"99";"0";"1";"2";"17";"0";""
"202100010729";"182 552";"A01";"3";"7";"0";"1";"1";"16";"1";""
"202100010730";"182 551";"A01";"2";"30";"8";"1";"2";"1";"1";""
"202100010731";"182 547";"A01";"1";"7";"0";"2";"1";"2";"1";""
"202100010731";"182 548";"B01";"1";"7";"0";"2";"4";"2";"1";""
"202100010731";"182 549";"C01";"1";"7";"0";"2";"4";"2";"1";""
"202100010731";"182 550";"D01";"1";"7";"0";"2";"4";"2";"1";""
"202100010732";"182 545";"A01";"1";"33";"0";"2";"7";"3";"1";""
"202100010732";"182 546";"Z01";"1";"10";"0";"2";"3";"11";"1";""
"202100010733";"182 544";"A01";"1";"34";"0";"9";"1";"21";"1";""
"202100010734";"182 540";"Z01";"2";"7";"0";"2";"3";"11";"0";""
"202100010734";"182 541";"ZZ01";"2";"7";"0";"2";"6";"13";"0";""
"202100010734";"182 542";"B01";"2";"33";"0";"2";"2";"1";"1";""
"202100010734";"182 543";"A01";"2";"7";"4";"2";"7";"1";"1";""
"202100010735";"182 539";"A01";"2";"50";"0";"1";"2";"1";"3";""
"202100010736";"182 537";"Z01";"3";"7";"0";"2";"0";"1";"1";""
"202100010736";"182 538";"A01";"3";"33";"0";"2";"8";"9";"1";""
"202100010737";"182 535";"A01";"2";"30";"0";"2";"2";"1";"1";""
"202100010737";"182 536";"Z01";"2";"7";"0";"2";"0";"1";"1";""
"202100010738";"182 533";"B01";"1";"1";"0";"2";"4";"2";"5";""
"202100010738";"182 534";"A01";"1";"7";"0";"2";"1";"2";"1";""
"202100010739";"182 532";"A01";"1";"7";"0";"1";"2";"16";"1";""
"202100010740";"182 531";"A01";"1";"50";"0";"0";"0";"16";"3";""
"202100010741";"182 529";"A01";"2";"30";"0";"2";"1";"2";"1";""
"202100010741";"182 530";"B01";"2";"10";"0";"2";"4";"15";"1";""
"202100010742";"182 528";"A01";"2";"1";"0";"1";"1";"1";"5";""
"202100010743";"182 526";"A01";"1";"7";"0";"2";"8";"15";"2";""
"202100010743";"182 527";"B01";"1";"32";"0";"2";"2";"1";"1";""
"202100010744";"182 524";"A01";"2";"7";"14";"0";"3";"1";"1";""
"202100010744";"182 525";"B01";"2";"30";"0";"2";"5";"15";"1";""
"202100010745";"182 522";"A01";"3";"10";"0";"2";"6";"1";"0";""
"202100010745";"182 523";"B01";"3";"50";"0";"2";"1";"0";"3";""
"202100010746";"182 520";"B01";"1";"1";"0";"2";"0";"1";"5";""
"202100010746";"182 521";"A01";"2";"10";"0";"2";"3";"15";"1";""
"202100010747";"182 519";"A01";"0";"7";"0";"1";"1";"0";"1";""
"202100010748";"182 518";"A01";"1";"7";"0";"1";"1";"1";"1";""
"202100010749";"182 516";"B01";"1";"31";"0";"2";"5";"2";"0";""
"202100010749";"182 517";"A01";"1";"7";"0";"2";"3";"2";"1";""
"202100010750";"182 514";"A01";"1";"33";"0";"2";"1";"13";"3";""
"202100010750";"182 515";"B01";"1";"7";"0";"2";"3";"13";"1";""
"202100010751";"182 512";"B01";"0";"30";"0";"2";"1";"1";"1";""
"202100010751";"182 513";"A01";"0";"7";"0";"2";"2";"15";"1";""
"202100010752";"182 510";"A01";"2";"7";"0";"2";"1";"1";"1";""
"202100010752";"182 511";"B01";" -1";"50";"0";"2";"7";"19";"3";""
"202100010753";"182 509";"A01";"2";"7";"0";"1";"2";"1";"1";""
"202100010754";"182 507";"A01";"0";"31";"0";"2";"8";"15";"1";""
"202100010754";"182 508";"B01";"1";"7";"0";"2";"3";"1";"1";""
"202100010755";"182 506";"A01";"2";"32";"0";"1";"2";"1";"1";""
"202100010756";"182 504";"A01";"1";"37";"0";"2";"3";"24";"1";"2"
"202100010756";"182 505";"B01";"1";"10";"0";"2";"5";"17";"1";""
"202100010757";"182 502";"B01";"1";"7";"0";"2";"5";"24";"1";""
"202100010757";"182 503";"A01";"1";"80";"1";"0";"1";"1";"3";""
"202100010758";"182 501";"A01";"2";"30";"0";"1";"1";"25";"1";""
"202100010759";"182 500";"A01";"1";"31";"0";"0";"0";"1";"1";""
"202100010760";"182 498";"A01";"2";"7";"0";"2";"8";"13";"1";""
"202100010760";"182 499";"B01";"1";"7";"0";"2";"8";"26";"1";""
"202100010761";"182 496";"A01";"1";"7";"0";"9";"2";"2";"1";""
"202100010761";"182 497";"B01";"1";"1";"0";"2";"4";"2";"5";""
"202100010762";"182 495";"A01";"1";"7";"1";"0";"1";"13";"1";""
"202100010763";"182 493";"B01";"1";"7";"9";"0";"5";"24";"1";""
"202100010763";"182 494";"A01";"1";"7";"1";"0";"3";"1";"1";""
"202100010764";"182 492";"A01";"1";"7";"8";"0";"1";"1";"1";""
"202100010765";"182 490";"B01";"2";"7";"0";"0";"1";"1";"1";""
"202100010765";"182 491";"A01";"1";"7";"0";"2";"1";"1";"1";""
"202100010766";"182 489";"A01";"1";"7";"2";"0";"3";"2";"1";""
"202100010767";"182 488";"A01";"0";"2";"0";"0";"0";"1";"1";""
"202100010768";"182 487";"A01";"3";"7";"2";"0";"8";"0";"1";""
"202100010769";"182 485";"A01";"0";"7";"0";"2";"8";"9";"1";""
"202100010769";"182 486";"B01";"1";"7";"0";"2";"1";"1";"1";""
"202100010770";"182 483";"A01";"2";"33";"0";"9";"7";"21";"1";""
"202100010770";"182 484";"B01";"1";"21";"0";"2";"7";"19";"1";""
"202100010771";"182 481";"A01";"1";"15";"0";"2";"1";"1";"1";""
"202100010771";"182 482";"B01";"1";"7";"0";"0";"4";"2";"1";""
"202100010772";"182 480";"A01";"3";"7";"13";"0";"3";"1";"1";""
"202100010773";"182 478";"A01";"2";"14";"0";"0";"4";"1";"1";""
"202100010773";"182 479";"B01";"2";"10";"0";"2";"1";"0";"1";""
"202100010774";"182 477";"A01";"1";"7";"2";"0";"1";"14";"1";""
"202100010775";"182 475";"B01";"3";"33";"0";"2";"1";"1";"1";""
"202100010775";"182 476";"A01";"3";"33";"0";"2";"1";"5";"1";""
"202100010776";"182 474";"A01";"3";"2";"13";"1";"2";"1";"1";""
"202100010777";"182 473";"A01";"1";"7";"4";"0";"1";"26";"1";""
"202100010778";"182 472";"A01";"3";"2";"0";"0";"0";"0";"0";""
"202100010779";"182 471";"A01";"0";"7";"0";"1";"2";"16";"1";""
"202100010780";"182 469";"B01";"0";"7";"0";"2";"1";"1";"1";""
"202100010780";"182 470";"A01";"0";"7";"0";"2";"3";"19";"1";""
"202100010781";"182 467";"B01";"1";"14";"0";"2";"3";"1";"1";""
"202100010781";"182 468";"A01";"2";"10";"0";"2";"3";"13";"1";""
"202100010782";"182 465";"A01";"2";"7";"0";"2";"5";"13";"1";""
"202100010782";"182 466";"B01";"1";"7";"0";"2";"3";"1";"1";""
"202100010783";"182 463";"A01";"2";"7";"0";"2";"2";"15";"1";""
"202100010783";"182 464";"B01";"1";"32";"0";"2";"1";"1";"1";""
"202100010784";"182 462";"A01";"2";"7";"0";"1";"3";"1";"1";""
"202100010785";"182 460";"A01";"1";"10";"0";"0";"5";"19";"1";""
"202100010785";"182 461";"B01";"2";"33";"0";"2";"1";"1";"1";""
"202100010786";"182 459";"A01";"1";"7";"6";"0";"2";"14";"1";""
"202100010787";"182 457";"A01";"3";"7";"0";"2";"6";"1";"1";""
"202100010787";"182 458";"B01";"3";"7";"0";"2";"1";"1";"1";""
"202100010788";"182 455";"A01";"1";"7";"0";"0";"6";"1";"1";""
"202100010788";"182 456";"B01";"1";"33";"0";"2";"1";"2";"1";""
"202100010789";"182 451";"A01";"1";"7";"0";"2";"1";"17";"1";""
"202100010789";"182 452";"B01";"1";"21";"0";"2";"4";"15";"1";""
"202100010790";"182 449";"B01";"1";"1";"0";"2";"0";"1";"5";""
"202100010790";"182 450";"A01";"1";"7";"0";"9";"2";"1";"1";""
"202100010791";"182 448";"A01";"2";"7";"0";"1";"2";"1";"1";""
"202100010792";"182 446";"B01";"2";"7";"0";"2";"1";"1";"1";""
"202100010792";"182 447";"A01";"1";"7";"0";"2";"3";"13";"1";""
"202100010793";"182 445";"A01";"3";"7";"0";"1";"0";"0";"0";""
"202100010794";"182 444";"A01";"1";"7";"13";"0";"3";"1";"1";""
"202100010795";"182 442";"A01";"0";"2";"0";"2";"1";"1";"1";""
"202100010795";"182 443";"B01";"3";"7";"0";"2";"8";"15";"1";""
"202100010796";"182 440";"A01";"2";"7";"0";"2";"2";"15";"1";""
"202100010796";"182 441";"B01";"1";"7";"0";"0";"2";"1";"1";""
"202100010797";"182 436";"B01";"3";"7";"0";"0";"1";"19";"1";""
"202100010797";"182 437";"A01";"2";"33";"0";"0";"7";"1";"1";""
"202100010798";"182 427";"F01";"1";"7";"0";"2";"1";"2";"1";""
"202100010798";"182 428";"E01";"1";"7";"0";"2";"1";"2";"1";""
"202100010798";"182 429";"C01";"1";"7";"0";"2";"1";"2";"1";""
"202100010798";"182 430";"B01";"1";"7";"0";"0";"4";"1";"1";""
"202100010798";"182 431";"A01";"1";"7";"0";"2";"1";"2";"1";""
"202100010798";"182 432";"D01";"1";"7";"0";"2";"1";"2";"3";""
"202100010799";"182 426";"A01";"1";"7";"13";"0";"2";"12";"1";""
"202100010800";"182 425";"A01";"2";"7";"0";"0";"3";"1";"1";""
"202100010801";"182 423";"A01";"2";"7";"0";"0";"7";"15";"1";""
"202100010801";"182 424";"B01";"2";"13";"0";"2";"3";"1";"1";""
"202100010802";"182 422";"A01";"2";"33";"9";"0";"1";"1";"1";""
"202100010803";"182 421";"A01";"2";"33";"13";"0";"0";"1";"1";""
"202100010804";"182 419";"B01";"0";"7";"0";"2";"1";"1";"1";""
"202100010804";"182 420";"A01";"3";"7";"3";"2";"3";"9";"6";""
"202100010805";"182 418";"A01";"1";"7";"0";"1";"3";"1";"1";""
"202100010806";"182 416";"A01";"1";"43";"0";"2";"1";"1";"1";""
"202100010806";"182 417";"B01";"2";"7";"0";"2";"3";"11";"1";""
"202100010807";"182 414";"A01";"1";"7";"0";"2";"2";"1";"1";""
"202100010807";"182 415";"B01";"3";"1";"0";"2";"3";"19";"5";""
"202100010808";"182 412";"A01";"1";"7";"0";"2";"2";"1";"1";""
"202100010808";"182 413";"B01";"1";"21";"0";"2";"6";"1";"1";""
"202100010809";"182 410";"A01";"0";"7";"0";"0";"5";"1";"1";""
"202100010809";"182 411";"B01";"2";"31";"0";"2";"1";"1";"1";""
"202100010810";"182 407";"C01";"1";"1";"0";"2";"1";"1";"5";""
"202100010810";"182 408";"B01";"1";"1";"0";"2";"1";"1";"5";""
"202100010810";"182 409";"A01";"2";"7";"0";"9";"3";"15";"1";""
"202100010811";"182 404";"B01";"3";"33";"0";"2";"1";"1";"1";""
"202100010811";"182 405";"A01";"3";"7";"0";"2";"2";"15";"1";""
"202100010812";"182 402";"B01";"3";"31";"0";"2";"7";"19";"1";""
"202100010812";"182 403";"A01";"1";"7";"0";"2";"2";"1";"1";""
"202100010813";"182 401";"A01";"2";"7";"0";"1";"0";"16";"1";""
"202100010814";"182 400";"A01";"1";"7";"9";"1";"1";"13";"1";""
"202100010815";"182 398";"B01";"1";"10";"0";"2";"1";"1";"1";""
"202100010815";"182 399";"A01";"2";"10";"0";"2";"1";"13";"1";""
"202100010816";"182 396";"A01";"1";"7";"0";"2";"6";"15";"1";""
"202100010816";"182 397";"B01";"1";"33";"0";"2";"1";"17";"1";""
"202100010817";"182 394";"B01";"3";"1";"0";"2";"8";"12";"6";""
"202100010817";"182 395";"A01";"0";"7";"0";"9";"1";"11";"1";""
"202100010818";"182 393";"A01";"3";"7";"0";"1";"4";"4";"1";""
"202100010819";"182 391";"A01";"1";"10";"0";"2";"2";"2";"1";""
"202100010819";"182 392";"B01";"1";"7";"16";"0";"4";"15";"1";""
"202100010820";"182 390";"A01";"1";"7";"0";"0";"1";"1";"1";""
"202100010821";"182 389";"A01";"3";"7";"0";"1";"1";"15";"1";""
"202100010822";"182 387";"A01";"1";"7";"0";"2";"4";"1";"1";""
"202100010822";"182 388";"B01";"1";"7";"0";"2";"2";"2";"2";""
"202100010823";"182 384";"Z01";"1";"7";"0";"2";"1";"0";"0";""
"202100010823";"182 385";"B01";"1";"7";"0";"2";"4";"2";"1";""
"202100010823";"182 386";"A01";"1";"7";"0";"0";"4";"2";"1";""
"202100010824";"182 382";"A01";"1";"7";"0";"2";"2";"12";"1";""
"202100010824";"182 383";"B01";"1";"43";"0";"2";"3";"3";"1";""
"202100010825";"182 378";"D01";"2";"7";"0";"2";"4";"1";"1";""
"202100010825";"182 379";"B01";"2";"7";"0";"2";"4";"2";"1";""
"202100010825";"182 380";"C01";"2";"7";"0";"2";"4";"2";"1";""
"202100010825";"182 381";"A01";"2";"7";"0";"2";"1";"2";"1";""
"202100010826";"182 375";"A01";"1";"7";"0";"2";"1";"2";"1";""
"202100010826";"182 376";"B01";"1";"7";"0";"2";"4";"2";"1";""
"202100010826";"182 377";"C01";"1";"7";"0";"2";"4";"2";"1";""
"202100010827";"182 373";"B01";"2";"10";"0";"2";"4";"1";"1";""
"202100010827";"182 374";"A01";"2";"7";"0";"2";"1";"1";"1";""
"202100010828";"182 371";"A01";"1";"30";"0";"2";"1";"19";"0";""
"202100010828";"182 372";"B01";"1";"14";"0";"2";"5";"0";"0";""
"202100010829";"182 369";"B01";"2";"33";"0";"2";"8";"2";"1";""
"202100010829";"182 370";"A01";"2";"7";"0";"2";"7";"2";"1";""
"202100010830";"182 366";"C01";"2";"7";"0";"2";"5";"1";"1";""
"202100010830";"182 367";"B01";"2";"7";"0";"2";"3";"1";"1";""
"202100010830";"182 368";"A01";"2";"32";"0";"2";"7";"3";"1";""
"202100010831";"182 365";"A01";"2";"7";"0";"5";"1";"21";"1";""
"202100010832";"182 363";"B01";"2";"7";"0";"2";"4";"1";"1";""
"202100010832";"182 364";"A01";"2";"7";"0";"2";"1";"2";"1";""
"202100010833";"182 361";"B01";"2";"7";"0";"2";"6";"1";"1";""
"202100010833";"182 362";"A01";"2";"33";"0";"2";"1";"3";"1";""
"202100010834";"182 359";"B01";"2";"7";"0";"2";"2";"1";"1";""
"202100010834";"182 360";"A01";"2";"7";"0";"2";"8";"11";"1";""
"202100010835";"182 358";"A01";"2";"7";"0";"0";"1";"14";"1";""
"202100010836";"182 356";"B01";"2";"7";"0";"2";"1";"2";"1";""
"202100010836";"182 357";"A01";"2";"7";"0";"2";"6";"1";"1";""
"202100010837";"182 354";"A01";"1";"10";"0";"2";"4";"0";"1";""
"202100010837";"182 355";"B01";"1";"33";"0";"2";"1";"3";"1";""
"202100010838";"182 352";"B01";"2";"30";"0";"2";"1";"19";"3";""
"202100010838";"182 353";"A01";"1";"7";"0";"2";"2";"1";"1";""
"202100010839";"182 351";"A01";"2";"10";"0";"1";"2";"1";"1";""
"202100010840";"182 349";"A01";"1";"7";"0";"2";"1";"1";"1";""
"202100010840";"182 350";"B01";"1";"7";"0";"2";"4";"2";"1";""
"202100010841";"182 347";"A01";"3";"7";"1";"0";"1";"1";"1";""
"202100010841";"182 348";"B01";"3";"7";"16";"0";"6";"1";"1";""
"202100010842";"182 345";"B01";"1";"7";"0";"2";"3";"1";"1";""
"202100010842";"182 346";"A01";"2";"33";"0";"2";"1";"13";"1";""
"202100010843";"182 343";"A01";"1";"7";"0";"2";"1";"15";"1";""
"202100010843";"182 344";"B01";"2";"1";"0";"2";"8";"1";"5";""
"202100010844";"182 342";"A01";"3";"7";"0";"1";"1";"26";"1";""
"202100010845";"182 340";"B01";"1";"7";"0";"2";"4";"23";"1";""
"202100010845";"182 341";"A01";"1";"10";"0";"2";"1";"1";"1";""
"202100010846";"182 339";"B01";"1";"1";"1";"0";"1";"1";"0";""
"202100010847";"182 337";"A01";"1";"7";"0";"2";"3";"23";"1";""
"202100010847";"182 338";"B01";"2";"7";"0";"2";"8";"15";"1";""
"202100010848";"182 335";"B01";"1";"1";"0";"2";"8";"25";"5";""
"202100010848";"182 336";"A01";"2";"7";"0";"2";"2";"1";"1";""
"202100010849";"182 333";"B01";"1";"7";"0";"2";"2";"1";"1";""
"202100010849";"182 334";"A01";"1";"1";"0";"2";"8";"1";"5";""
"202100010850";"182 331";"A01";"1";"2";"0";"2";"1";"19";"1";""
"202100010850";"182 332";"B01";"1";"7";"0";"2";"8";"19";"1";""
"202100010851";"182 330";"A01";"2";"30";"0";"0";"3";"15";"1";""
"202100010852";"182 329";"A01";"1";"7";"0";"1";"8";"11";"0";""
"202100010853";"182 327";"Z01";"2";"7";"0";"2";"1";"1";"3";""
"202100010853";"182 328";"B01";"1";"7";"0";"2";"4";"1";"1";""
"202100010854";"182 326";"A01";"2";"7";"0";"1";"1";"16";"1";""
"202100010855";"182 324";"B01";"1";"7";"0";"2";"8";"1";"1";""
"202100010855";"182 325";"A01";"1";"7";"0";"2";"1";"1";"1";""
"202100010856";"182 323";"A01";"2";"2";"0";"0";"8";"16";"1";""
"202100010857";"182 321";"B01";"1";"7";"0";"2";"1";"1";"1";""
"202100010857";"182 322";"A01";"1";"7";"0";"2";"1";"15";"1";""
"202100010858";"182 319";"A01";"1";"7";"0";"2";"1";"9";"1";""
"202100010858";"182 320";"B01";"1";"7";"0";"2";"7";"1";"1";""
"202100010859";"182 317";"A01";"2";"7";"0";"2";"2";"15";"1";""
"202100010859";"182 318";"B01";"2";"32";"0";"2";"1";"1";"1";""
"202100010860";"182 316";"A01";"2";"7";"0";"1";"5";"26";"1";""
"202100010861";"182 314";"A01";"0";"14";"0";"2";"5";"1";"1";""
"202100010861";"182 315";"B01";"0";"7";"0";"2";"1";"15";"1";""
"202100010862";"182 310";"B01";"3";"7";"0";"2";"3";"1";"1";""
"202100010862";"182 311";"A01";"3";"7";"0";"2";"3";"13";"1";""
"202100010863";"182 309";"A01";"3";"7";"0";"1";"2";"1";"1";""
"202100010864";"182 307";"B01";"1";"2";"0";"2";"4";"1";"1";""
"202100010864";"182 308";"Z01";"1";"0";"0";"2";"0";"26";"0";""
"202100010865";"182 305";"A01";"3";"50";"0";"2";"1";"19";"3";""
"202100010865";"182 306";"B01";"3";"10";"0";"2";"6";"0";"1";""
"202100010866";"182 303";"A01";"3";"7";"0";"1";"3";"1";"1";""
"202100010866";"182 304";"B01";"3";"7";"0";"1";"3";"1";"1";""
"202100010867";"182 301";"B01";"2";"7";"0";"2";"4";"23";"1";""
"202100010867";"182 302";"A01";"2";"1";"0";"2";"1";"2";"5";""
"202100010868";"182 299";"A01";"2";"7";"0";"2";"1";"19";"1";""
"202100010868";"182 300";"B01";"1";"7";"0";"2";"2";"15";"1";""
"202100010869";"182 298";"A01";"1";"7";"13";"0";"2";"14";"1";""
"202100010870";"182 296";"A01";"1";"7";"0";"2";"4";"2";"1";""
"202100010870";"182 297";"B01";"1";"7";"0";"2";"1";"2";"1";""
"202100010871";"182 295";"A01";"1";"7";"0";"1";"1";"1";"1";""
"202100010872";"182 293";"A01";"1";"7";"0";"2";"3";"5";"1";""
"202100010872";"182 294";"B01";"2";"7";"0";"2";"8";"1";"1";""
"202100010873";"182 291";"B01";"1";"7";"0";"2";"8";"1";"1";""
"202100010873";"182 292";"A01";"1";"7";"0";"2";"3";"1";"1";""
"202100010874";"182 289";"B01";"2";"7";"0";"2";"3";"15";"1";""
"202100010874";"182 290";"A01";"2";"2";"0";"2";"1";"17";"1";""
"202100010875";"182 287";"A01";"2";"31";"0";"2";"1";"13";"1";""
"202100010875";"182 288";"B01";"2";"7";"0";"2";"6";"15";"1";""
"202100010876";"182 285";"A01";"3";"1";"0";"2";"1";"19";"5";""
"202100010876";"182 286";"B01";"3";"7";"0";"2";"5";"21";"1";""
"202100010877";"182 284";"A01";"1";"7";"0";"1";"2";"1";"1";""
"202100010878";"182 282";"A01";"1";"33";"0";"2";"1";"1";"1";""
"202100010878";"182 283";"B01";"1";"10";"0";"2";"5";"1";"1";""
"202100010879";"182 281";"A01";"1";"7";"1";"0";"1";"26";"1";""
"202100010880";"182 280";"A01";"1";"7";"0";"2";"1";"26";"1";""
"202100010881";"182 278";"A01";"2";"7";"0";"2";"1";"19";"1";""
"202100010881";"182 279";"B01";"2";"7";"0";"2";"1";"1";"1";""
"202100010882";"182 276";"A01";"1";"7";"0";"2";"1";"1";"1";""
"202100010882";"182 277";"B01";"1";"7";"0";"2";"1";"19";"1";""
"202100010883";"182 274";"A01";"3";"7";"0";"2";"1";"3";"1";""
"202100010883";"182 275";"B01";"3";"7";"0";"2";"2";"3";"1";""
"202100010884";"182 273";"A01";"1";"33";"0";"0";"0";"1";"1";""
"202100010885";"182 272";"A01";"3";"7";"0";"1";"1";"16";"1";""
"202100010886";"182 270";"A01";"2";"30";"0";"2";"1";"1";"1";""
"202100010886";"182 271";"B01";"2";"7";"0";"2";"6";"15";"1";""
"202100010887";"182 268";"B01";"3";"7";"0";"2";"3";"26";"2";""
"202100010887";"182 269";"A01";"2";"33";"0";"2";"1";"1";"1";""
"202100010888";"182 266";"A01";"0";"30";"0";"9";"0";"26";"1";""
"202100010888";"182 267";"Z01";"3";"7";"0";"0";"0";"0";"2";""
"202100010889";"182 265";"A01";"1";"7";"0";"1";"1";"1";"1";""
"202100010890";"182 263";"A01";"1";"30";"0";"2";"1";"1";"1";""
"202100010890";"182 264";"B01";"1";"10";"0";"2";"4";"1";"1";""
"202100010891";"182 261";"B01";"3";"33";"0";"2";"1";"1";"1";""
"202100010891";"182 262";"A01";"3";"38";"0";"2";"1";"15";"1";"1"
"202100010892";"182 258";"C01";"2";"7";"0";"2";"4";"1";"1";""
"202100010892";"182 259";"A01";"2";"7";"0";"2";"2";"2";"1";""
"202100010892";"182 260";"B01";"2";"7";"0";"2";"4";"1";"1";""
"202100010893";"182 256";"A01";"1";"50";"0";"9";"7";"14";"3";""
"202100010893";"182 257";"B01";"1";"50";"0";"9";"1";"1";"3";""
"202100010894";"182 254";"B01";"1";"33";"0";"2";"1";"1";"1";""
"202100010894";"182 255";"A01";"1";"7";"0";"9";"8";"26";"1";""
"202100010895";"182 252";"B01";"1";"7";"0";"2";"4";"2";"1";""
"202100010895";"182 253";"A01";"1";"7";"0";"2";"1";"2";"1";""
"202100010896";"182 250";"B01";"1";"15";"0";"2";"3";"1";"1";""
"202100010896";"182 251";"A01";"2";"10";"0";"2";"3";"13";"1";""
"202100010897";"182 248";"B01";"3";"7";"0";"2";"1";"1";"1";""
"202100010897";"182 249";"A01";"3";"7";"0";"2";"8";"19";"1";""
"202100010898";"182 247";"A01";"1";"7";"6";"0";"1";"5";"1";""
"202100010899";"182 245";"B01";"1";"1";"0";"2";"1";"1";"5";""
"202100010899";"182 246";"A01";"2";"7";"0";"2";"1";"16";"1";""
"202100010900";"182 244";"A01";"1";"7";"10";"0";"1";"13";"1";""
"202100010901";"182 243";"A01";"1";"30";"0";"0";"3";"26";"1";""
"202100010902";"182 241";"B01";"1";"1";"0";"2";"4";"1";"5";""
"202100010902";"182 242";"A01";"1";"7";"0";"2";"1";"9";"1";""
"202100010903";"182 239";"A01";"0";"7";"0";"1";"1";"1";"1";""
"202100010904";"182 237";"A01";"0";"7";"0";"2";"8";"1";"1";""
"202100010904";"182 238";"B01";"0";"7";"0";"2";"1";"1";"1";""
"202100010905";"182 236";"A01";"0";"7";"0";"1";"1";"1";"1";""
"202100010906";"182 235";"A01";"1";"7";"0";"1";"1";"1";"1";""
"202100010907";"182 233";"B01";"1";"7";"0";"2";"5";"23";"1";""
"202100010907";"182 234";"A01";"1";"1";"0";"2";"1";"1";"0";""
"202100010908";"182 232";"A01";"2";"7";"0";"1";"0";"1";"0";""
"202100010909";"182 230";"B01";"1";"7";"0";"2";"5";"2";"1";""
"202100010909";"182 231";"A01";"1";"33";"0";"2";"1";"2";"1";""