"Num_Acc";"id_vehicule";"num_veh";"senc";"catv";"obs";"obsm";"choc";"manv";"motor";"occutc"
"202100011333";"181 470";"B01";"1";"33";"0";"2";"3";"3";"1";""
"202100011333";"181 471";"C01";"1";"7";"0";"2";"5";"0";"1";""
"202100011334";"181 467";"A01";"1";"7";"0";"0";"4";"23";"1";""
"202100011334";"181 468";"B01";"1";"7";"0";"0";"0";"0";"1";""
"202100011335";"181 465";"A01";"2";"10";"0";"2";"6";"23";"1";""
"202100011335";"181 466";"B01";"2";"2";"0";"2";"1";"1";"1";""
"202100011336";"181 462";"C01";"1";"7";"14";"0";"1";"1";"1";""
"202100011336";"181 463";"A01";"1";"7";"0";"9";"7";"21";"1";""
"202100011336";"181 464";"B01";"1";"33";"0";"2";"1";"21";"1";""
"202100011337";"181 461";"A01";"1";"10";"0";"0";"0";"14";"1";""
"202100011338";"181 460";"A01";"3";"31";"0";"1";"1";"1";"1";""
"202100011339";"181 459";"A01";"3";"1";"0";"1";"4";"25";"6";""
"202100011340";"181 458";"A01";"0";"10";"0";"1";"4";"26";"1";""
"202100011341";"181 456";"B01";"3";"7";"0";"1";"4";"2";"1";""
"202100011341";"181 457";"A01";"3";"7";"0";"2";"1";"2";"1";""
"202100011342";"181 455";"A01";"3";"7";"0";"1";"1";"1";"1";""
"202100011343";"181 453";"B01";"2";"10";"0";"2";"1";"2";"1";""
"202100011343";"181 454";"A01";"1";"30";"0";"2";"4";"23";"1";""
"202100011344";"181 451";"A01";"2";"7";"0";"2";"8";"19";"1";""
"202100011344";"181 452";"B01";"2";"7";"0";"2";"1";"1";"1";""
"202100011345";"181 450";"A01";"1";"7";"0";"1";"1";"1";"1";""
"202100011346";"181 448";"B01";"1";"80";"0";"2";"0";"2";"3";""
"202100011346";"181 449";"A01";"0";"14";"0";"2";"0";"16";"1";""
"202100011347";"181 446";"A01";"1";"33";"0";"2";"1";"18";"0";""
"202100011347";"181 447";"B01";"1";"7";"0";"2";"4";"12";"0";""
"202100011348";"181 445";"A01";"2";"7";"0";"2";"7";"1";"1";""
"202100011349";"181 443";"A01";"1";"7";"0";"2";"6";"9";"1";""
"202100011349";"181 444";"B01";"1";"32";"0";"2";"3";"1";"1";""
"202100011350";"181 441";"B01";"1";"2";"0";"2";"8";"17";"1";""
"202100011350";"181 442";"A01";"1";"7";"0";"2";"7";"1";"1";""
"202100011351";"181 439";"A01";"1";"7";"0";"2";"3";"1";"1";""
"202100011351";"181 440";"B01";"1";"50";"0";"2";"8";"0";"3";""
"202100011352";"181 437";"B01";"2";"7";"0";"2";"3";"15";"1";""
"202100011352";"181 438";"A01";"2";"30";"9";"2";"2";"17";"1";""
"202100011353";"181 436";"A01";"1";"7";"4";"0";"1";"13";"1";""
"202100011354";"181 434";"B01";"2";"7";"0";"2";"5";"1";"1";""
"202100011354";"181 435";"A01";"1";"7";"0";"2";"2";"13";"1";""
"202100011355";"181 432";"B01";"2";"7";"0";"2";"3";"9";"1";""
"202100011355";"181 433";"A01";"2";"2";"0";"2";"7";"9";"1";""
"202100011356";"181 430";"B01";"1";"32";"0";"2";"1";"13";"1";""
"202100011356";"181 431";"A01";"2";"7";"0";"2";"3";"1";"1";""
"202100011357";"181 428";"A01";"2";"7";"0";"2";"1";"1";"1";""
"202100011357";"181 429";"B01";"2";"7";"8";"2";"4";"16";"1";""
"202100011358";"181 427";"A01";"1";"7";"14";"0";"2";"1";"1";""
"202100011359";"181 425";"B01";"1";"10";"0";"2";"2";"1";"1";""
"202100011359";"181 426";"A01";"1";"10";"0";"2";"1";"9";"1";""
"202100011360";"181 422";"A01";"1";"7";"0";"2";"9";"26";"1";""
"202100011360";"181 423";"B01";"2";"7";"0";"2";"2";"1";"1";""
"202100011360";"181 424";"C01";"2";"7";"0";"9";"1";"1";"1";""
"202100011361";"181 420";"B01";"2";"7";"0";"2";"4";"2";"1";""
"202100011361";"181 421";"A01";"2";"7";"0";"2";"1";"26";"1";""
"202100011362";"181 418";"B01";"1";"33";"0";"2";"1";"1";"1";""
"202100011362";"181 419";"A01";"1";"7";"0";"2";"8";"9";"1";""
"202100011363";"181 416";"B01";"1";"7";"0";"2";"1";"2";"1";""
"202100011363";"181 417";"A01";"2";"7";"0";"2";"2";"15";"1";""
"202100011364";"181 414";"A01";"2";"30";"0";"2";"1";"1";"1";""
"202100011364";"181 415";"B01";"3";"7";"0";"2";"6";"1";"1";""
"202100011365";"181 410";"B01";"2";"34";"0";"2";"1";"1";"1";""
"202100011365";"181 411";"A01";"1";"10";"0";"2";"6";"10";"1";""
"202100011366";"181 408";"A01";"1";"7";"0";"2";"1";"1";"1";""
"202100011366";"181 409";"B01";"1";"2";"0";"2";"5";"1";"1";""
"202100011367";"181 407";"A01";"1";"7";"11";"0";"9";"1";"1";""
"202100011368";"181 405";"B01";"1";"7";"0";"2";"6";"1";"1";""
"202100011368";"181 406";"A01";"1";"30";"0";"2";"1";"1";"1";""
"202100011369";"181 403";"B01";"2";"2";"0";"2";"1";"1";"1";""
"202100011369";"181 404";"A01";"3";"7";"0";"2";"8";"9";"1";""
"202100011370";"181 399";"A01";"2";"7";"0";"2";"2";"15";"1";""
"202100011370";"181 400";"B01";"1";"31";"0";"2";"1";"1";"1";""
"202100011371";"181 397";"A01";"2";"30";"0";"2";"1";"19";"1";""
"202100011371";"181 398";"B01";"2";"33";"0";"2";"1";"1";"1";""
"202100011372";"181 396";"A01";"3";"10";"0";"1";"3";"1";"1";""
"202100011373";"181 394";"B01";"1";"2";"0";"2";"8";"1";"1";""
"202100011373";"181 395";"A01";"2";"7";"0";"2";"3";"15";"1";""
"202100011374";"181 392";"A01";"3";"33";"14";"2";"3";"5";"1";""
"202100011374";"181 393";"B01";"3";"7";"0";"2";"8";"15";"1";""
"202100011375";"181 390";"A01";"2";"7";"0";"2";"2";"26";"0";""
"202100011375";"181 391";"B01";"1";"7";"0";"2";"1";"21";"1";""
"202100011376";"181 387";"A01";"2";"7";"0";"2";"1";"26";"1";""
"202100011376";"181 388";"B01";"2";"7";"0";"2";"4";"2";"1";""
"202100011376";"181 389";"C01";"2";"7";"0";"2";"4";"0";"1";""
"202100011377";"181 386";"A01";"1";"7";"8";"2";"1";"13";"1";""
"202100011378";"181 385";"A01";"1";"7";"0";"1";"1";"16";"1";""
"202100011379";"181 383";"B01";"1";"33";"0";"2";"1";"1";"1";""
"202100011379";"181 384";"A01";"1";"7";"0";"9";"2";"15";"1";""
"202100011380";"181 381";"B01";"3";"2";"0";"2";"1";"17";"1";""
"202100011380";"181 382";"A01";"3";"10";"0";"2";"3";"15";"1";""
"202100011381";"181 378";"A01";"1";"7";"0";"2";"4";"26";"1";""
"202100011381";"181 379";"B01";"1";"7";"0";"2";"1";"1";"1";""
"202100011381";"181 380";"C01";"1";"7";"0";"2";"9";"1";"1";""
"202100011382";"181 376";"A01";"1";"7";"0";"9";"2";"12";"1";""
"202100011382";"181 377";"B01";"1";"7";"0";"2";"3";"19";"1";""
"202100011383";"181 374";"B01";"2";"1";"0";"2";"1";"19";"5";""
"202100011383";"181 375";"A01";"2";"7";"0";"2";"1";"9";"1";""
"202100011384";"181 372";"A01";"0";"7";"0";"2";"4";"4";"1";""
"202100011384";"181 373";"B01";"3";"33";"0";"2";"7";"1";"1";""
"202100011385";"181 370";"A01";"2";"7";"0";"2";"2";"15";"1";""
"202100011385";"181 371";"B01";"1";"31";"0";"0";"0";"0";"1";""
"202100011386";"181 368";"A01";"2";"7";"0";"2";"1";"13";"1";""
"202100011386";"181 369";"B01";"1";"7";"0";"2";"1";"1";"1";""
"202100011387";"181 367";"A01";"1";"7";"2";"0";"9";"14";"1";""
"202100011388";"181 365";"A01";"0";"7";"0";"2";"3";"10";"1";""
"202100011388";"181 366";"B01";"2";"7";"0";"2";"1";"1";"1";""
"202100011389";"181 364";"A01";"1";"7";"1";"9";"1";"20";"1";""
"202100011390";"181 362";"B01";"2";"7";"0";"9";"1";"1";"1";""
"202100011390";"181 363";"A01";"1";"1";"0";"2";"7";"6";"5";""
"202100011391";"181 360";"B01";"3";"30";"0";"2";"7";"0";"1";""
"202100011391";"181 361";"A01";"3";"7";"0";"2";"1";"9";"1";""
"202100011392";"181 358";"B01";"2";"1";"0";"2";"1";"1";"5";""
"202100011392";"181 359";"A01";"1";"7";"0";"9";"3";"9";"1";""
"202100011393";"181 355";"A01";"1";"7";"2";"0";"3";"16";"2";""
"202100011394";"181 354";"Z01";"1";"99";"0";"1";"0";"26";"0";""
"202100011395";"181 351";"A01";"1";"7";"1";"0";"2";"14";"1";""
"202100011395";"181 352";"B01";"0";"7";"1";"2";"5";"24";"2";""
"202100011395";"181 353";"C01";"0";"7";"0";"2";"4";"24";"1";""
"202100011396";"181 349";"A01";"2";"7";"0";"2";"3";"13";"1";""
"202100011396";"181 350";"B01";"2";"7";"0";"2";"3";"23";"1";""
"202100011397";"181 348";"B01";"1";"30";"0";"1";"3";"1";"1";""
"202100011398";"181 346";"A01";"3";"7";"0";"2";"2";"26";"1";""
"202100011398";"181 347";"B01";"1";"34";"0";"2";"1";"1";"1";""
"202100011399";"181 344";"B01";"2";"7";"0";"2";"7";"1";"1";""
"202100011399";"181 345";"A01";"1";"7";"0";"2";"3";"1";"1";""
"202100011400";"181 343";"A01";"1";"7";"0";"0";"0";"0";"1";""
"202100011401";"181 342";"A01";"1";"7";"3";"0";"1";"1";"1";""
"202100011402";"181 340";"B01";"1";"7";"0";"9";"2";"26";"1";""
"202100011402";"181 341";"A01";"2";"10";"10";"0";"1";"1";"1";""
"202100011403";"181 338";"B01";"3";"7";"0";"2";"4";"1";"1";""
"202100011403";"181 339";"A01";"3";"7";"0";"2";"1";"1";"1";""
"202100011404";"181 336";"A01";"2";"7";"0";"2";"1";"15";"1";""
"202100011404";"181 337";"B01";"1";"2";"0";"2";"1";"1";"1";""
"202100011405";"181 335";"A01";"1";"7";"0";"1";"2";"1";"1";""
"202100011406";"181 333";"A01";"3";"31";"0";"2";"1";"1";"1";""
"202100011406";"181 334";"B01";"3";"7";"0";"2";"6";"15";"1";""
"202100011407";"181 331";"A01";"1";"7";"0";"2";"1";"26";"1";""
"202100011407";"181 332";"B01";"1";"7";"0";"0";"4";"23";"1";""
"202100011408";"181 329";"B01";"1";"7";"0";"2";"6";"1";"1";""
"202100011408";"181 330";"A01";"1";"33";"0";"2";"2";"12";"1";""
"202100011409";"181 326";"A01";"1";"32";"0";"2";"4";"1";"1";""
"202100011409";"181 327";"B01";"1";"7";"0";"2";"4";"1";"1";""
"202100011409";"181 328";"Z01";"1";"7";"0";"2";"1";"1";"0";""
"202100011410";"181 324";"A01";"2";"7";"0";"2";"1";"2";"1";""
"202100011410";"181 325";"B01";"2";"31";"0";"2";"4";"2";"1";""
"202100011411";"181 322";"A01";"1";"7";"0";"2";"1";"2";"1";""
"202100011411";"181 323";"B01";"1";"7";"0";"2";"4";"23";"1";""
"202100011412";"181 320";"A01";"2";"33";"0";"2";"8";"11";"1";""
"202100011412";"181 321";"B01";"2";"33";"0";"2";"7";"3";"1";""
"202100011413";"181 319";"A01";"3";"34";"12";"0";"8";"13";"1";""
"202100011414";"181 318";"A01";"1";"7";"0";"1";"1";"5";"1";""
"202100011415";"181 317";"A01";"2";"1";"0";"0";"0";"1";"5";""
"202100011416";"181 315";"B01";"1";"1";"0";"2";"8";"19";"5";""
"202100011416";"181 316";"A01";"2";"30";"0";"2";"0";"1";"1";""
"202100011417";"181 313";"A01";"1";"7";"0";"2";"3";"9";"1";""
"202100011417";"181 314";"B01";"1";"30";"0";"2";"7";"1";"1";""
"202100011418";"181 312";"A01";"1";"37";"0";"0";"0";"16";"1";"2"
"202100011419";"181 310";"B01";"3";"30";"0";"2";"7";"1";"3";""
"202100011419";"181 311";"A01";"3";"7";"0";"2";"1";"15";"1";""
"202100011420";"181 309";"A01";"2";"33";"1";"0";"1";"21";"1";""
"202100011421";"181 307";"B01";"2";"7";"0";"2";"3";"1";"1";""
"202100011421";"181 308";"A01";"2";"32";"0";"2";"2";"14";"1";""
"202100011422";"181 305";"B01";"2";"33";"0";"2";"7";"1";"1";""
"202100011422";"181 306";"A01";"1";"7";"0";"2";"1";"15";"1";""
"202100011423";"181 303";"B01";"1";"30";"0";"2";"1";"1";"1";""
"202100011423";"181 304";"A01";"3";"7";"0";"2";"1";"16";"2";""
"202100011424";"181 302";"A01";"2";"33";"0";"1";"1";"1";"1";""
"202100011425";"181 300";"B01";"2";"7";"0";"2";"3";"15";"2";""
"202100011425";"181 301";"A01";"2";"30";"0";"2";"3";"1";"1";""
"202100011426";"181 298";"B01";"3";"34";"0";"2";"7";"1";"1";""
"202100011426";"181 299";"A01";"3";"30";"0";"2";"7";"1";"1";""
"202100011427";"181 297";"A01";"1";"1";"0";"0";"1";"1";"5";""
"202100011428";"181 295";"B01";"2";"1";"0";"2";"7";"1";"5";""
"202100011428";"181 296";"A01";"1";"7";"0";"2";"1";"1";"1";""
"202100011429";"181 293";"A01";"2";"7";"0";"0";"6";"15";"1";""
"202100011429";"181 294";"B01";"2";"30";"0";"0";"1";"1";"1";""
"202100011430";"181 291";"A01";"1";"30";"0";"2";"1";"18";"1";""
"202100011430";"181 292";"B01";"1";"7";"0";"0";"0";"0";"1";""
"202100011431";"181 290";"A01";"2";"7";"8";"0";"1";"1";"1";""
"202100011432";"181 288";"A01";"2";"7";"0";"2";"4";"23";"1";""
"202100011432";"181 289";"B01";"2";"1";"0";"2";"1";"1";"5";""
"202100011433";"181 287";"A01";"2";"32";"0";"1";"1";"17";"1";""
"202100011434";"181 285";"B01";"1";"7";"0";"9";"1";"1";"1";""
"202100011434";"181 286";"A01";"1";"50";"0";"2";"4";"1";"3";""
"202100011435";"181 283";"A01";"1";"99";"1";"0";"3";"12";"1";""
"202100011435";"181 284";"B01";"1";"99";"0";"2";"5";"23";"1";""
"202100011436";"181 281";"A01";"1";"7";"7";"0";"4";"23";"1";""
"202100011436";"181 282";"B01";"1";"10";"0";"2";"1";"2";"1";""
"202100011437";"181 279";"A01";"2";"34";"12";"2";"2";"18";"1";""
"202100011437";"181 280";"B01";"2";"7";"0";"2";"7";"11";"1";""
"202100011438";"181 277";"A01";"3";"7";"0";"2";"3";"15";"1";""
"202100011438";"181 278";"B01";"3";"2";"14";"2";"2";"2";"1";""
"202100011439";"181 275";"B01";"1";"32";"0";"2";"2";"1";"1";""
"202100011439";"181 276";"A01";"2";"32";"0";"2";"3";"9";"1";""
"202100011440";"181 273";"A01";"0";"7";"0";"2";"3";"18";"1";""
"202100011440";"181 274";"B01";"0";"1";"0";"2";"0";"0";"5";""
"202100011441";"181 272";"A01";"2";"7";"8";"0";"1";"1";"1";""
"202100011442";"181 270";"B01";"1";"30";"0";"2";"2";"1";"1";""
"202100011442";"181 271";"A01";"3";"10";"0";"2";"1";"9";"3";""
"202100011443";"181 267";"A01";"1";"7";"2";"0";"2";"13";"1";""
"202100011444";"181 263";"B01";"1";"7";"0";"2";"3";"1";"1";""
"202100011444";"181 264";"D01";"2";"10";"0";"2";"8";"2";"1";""
"202100011444";"181 265";"A01";"2";"7";"0";"2";"2";"15";"1";""
"202100011444";"181 266";"C01";"3";"10";"0";"2";"3";"23";"1";""
"202100011445";"181 262";"A01";"3";"7";"15";"0";"1";"14";"1";""
"202100011446";"181 260";"B01";"2";"7";"0";"2";"3";"15";"1";""
"202100011446";"181 261";"A01";"1";"2";"0";"2";"1";"1";"1";""
"202100011447";"181 258";"A01";"1";"7";"0";"2";"7";"26";"1";""
"202100011447";"181 259";"B01";"1";"2";"0";"2";"0";"1";"1";""
"202100011448";"181 257";"A01";"1";"30";"12";"0";"0";"0";"1";""
"202100011449";"181 255";"A01";"0";"33";"0";"2";"1";"5";"1";""
"202100011449";"181 256";"B01";"3";"7";"0";"2";"3";"0";"1";""
"202100011450";"181 252";"A01";"2";"33";"0";"2";"1";"17";"1";""
"202100011450";"181 253";"B01";"1";"7";"0";"2";"1";"1";"1";""
"202100011450";"181 254";"C01";"2";"7";"0";"0";"6";"1";"1";""
"202100011451";"181 251";"A01";"1";"33";"2";"0";"1";"0";"1";""
"202100011452";"181 248";"A01";"1";"7";"0";"0";"1";"0";"1";""
"202100011453";"181 246";"A01";"0";"33";"0";"0";"0";"1";"1";""
"202100011453";"181 247";"B01";"3";"33";"0";"2";"0";"2";"1";""
"202100011454";"181 244";"B01";"2";"33";"0";"2";"8";"1";"1";""
"202100011454";"181 245";"A01";"1";"7";"0";"2";"2";"19";"1";""
"202100011455";"181 243";"A01";"1";"7";"15";"0";"3";"13";"1";""
"202100011456";"181 241";"A01";"1";"7";"0";"2";"2";"15";"1";""
"202100011456";"181 242";"B01";"2";"33";"0";"2";"2";"1";"1";""
"202100011457";"181 240";"A01";"1";"7";"13";"0";"1";"1";"1";""
"202100011458";"181 238";"A01";"2";"10";"0";"2";"1";"13";"1";""
"202100011458";"181 239";"B01";"1";"7";"0";"2";"1";"1";"1";""
"202100011459";"181 237";"A01";"2";"33";"13";"0";"1";"0";"1";""
"202100011460";"181 235";"B01";"2";"1";"0";"2";"4";"1";"5";""
"202100011460";"181 236";"A01";"2";"1";"0";"2";"1";"1";"5";""
"202100011461";"181 234";"A01";"2";"7";"17";"0";"2";"1";"1";""
"202100011462";"181 233";"A01";"3";"7";"2";"0";"3";"1";"1";""
"202100011463";"181 232";"A01";"1";"33";"0";"0";"0";"26";"1";""
"202100011464";"181 231";"A01";"1";"32";"16";"0";"7";"1";"1";""
"202100011465";"181 228";"A01";"1";"2";"0";"2";"1";"14";"1";""
"202100011465";"181 229";"B01";"1";"7";"0";"2";"5";"26";"1";""
"202100011466";"181 226";"A01";"3";"7";"0";"2";"6";"19";"1";""
"202100011466";"181 227";"B01";"2";"7";"7";"2";"1";"1";"1";""
"202100011467";"181 225";"A01";"1";"7";"0";"1";"3";"1";"1";""
"202100011468";"181 224";"A01";"1";"7";"13";"0";"1";"1";"1";""
"202100011469";"181 223";"A01";"3";"7";"0";"1";"1";"1";"1";""
"202100011470";"181 222";"A01";"2";"36";"6";"9";"2";"1";"1";""
"202100011471";"181 221";"A01";"2";"1";"0";"0";"0";"1";"5";""
"202100011472";"181 220";"A01";"0";"7";"13";"0";"1";"0";"1";""
"202100011473";"181 219";"A01";"1";"7";"5";"1";"1";"1";"1";""
"202100011474";"181 215";"B01";"1";"7";"0";"0";"1";"1";"1";""
"202100011474";"181 216";"A01";"2";"7";"0";"2";"7";"19";"1";""
"202100011475";"181 214";"A01";"2";"7";"0";"0";"2";"15";"1";""
"202100011476";"181 212";"A01";"1";"7";"0";"9";"7";"2";"1";""
"202100011476";"181 213";"B01";"1";"1";"0";"2";"8";"2";"5";""
"202100011477";"181 210";"A01";"1";"2";"0";"2";"8";"13";"1";""
"202100011477";"181 211";"B01";"1";"7";"0";"2";"2";"17";"1";""
"202100011478";"181 209";"A01";"2";"7";"2";"0";"1";"1";"1";""
"202100011479";"181 208";"A01";"0";"30";"15";"0";"0";"0";"1";""
"202100011480";"181 206";"A01";"0";"7";"0";"2";"2";"1";"0";""
"202100011480";"181 207";"B01";"1";"7";"0";"2";"1";"1";"1";""
"202100011481";"181 204";"B01";"2";"33";"0";"2";"2";"17";"1";""
"202100011481";"181 205";"A01";"2";"7";"0";"2";"3";"15";"1";""
"202100011482";"181 203";"A01";"1";"7";"0";"1";"2";"21";"1";""
"202100011483";"181 202";"A01";"1";"7";"15";"0";"3";"1";"1";""
"202100011484";"181 201";"A01";"1";"7";"0";"0";"1";"1";"1";""
"202100011485";"181 199";"B01";"2";"7";"0";"2";"1";"13";"1";""
"202100011485";"181 200";"A01";"1";"7";"0";"2";"3";"1";"2";""
"202100011486";"181 197";"A01";"1";"7";"0";"2";"7";"15";"1";""
"202100011486";"181 198";"B01";"2";"1";"0";"2";"1";"1";"5";""
"202100011487";"181 195";"B01";"1";"7";"0";"2";"1";"1";"1";""
"202100011487";"181 196";"A01";"3";"7";"0";"2";"8";"19";"1";""
"202100011488";"181 194";"A01";"1";"7";"6";"0";"2";"1";"1";""
"202100011489";"181 191";"A01";"2";"10";"0";"2";"1";"15";"1";""
"202100011489";"181 192";"B01";"1";"2";"0";"2";"2";"1";"1";""
"202100011490";"181 189";"A01";"3";"7";"0";"2";"5";"11";"1";""
"202100011490";"181 190";"B01";"3";"34";"0";"2";"1";"1";"1";""
"202100011491";"181 187";"A01";"3";"1";"0";"2";"7";"1";"5";""
"202100011491";"181 188";"B01";"3";"7";"0";"2";"1";"1";"2";""
"202100011492";"181 184";"C01";"2";"7";"0";"2";"1";"1";"1";""
"202100011492";"181 185";"A01";"2";"7";"0";"2";"3";"13";"1";""
"202100011492";"181 186";"B01";"1";"7";"0";"2";"3";"1";"1";""
"202100011493";"181 182";"B01";"1";"2";"0";"0";"1";"5";"1";""
"202100011493";"181 183";"A01";"2";"7";"0";"0";"3";"1";"1";""
"202100011494";"181 181";"A01";"2";"7";"8";"0";"0";"14";"1";""
"202100011495";"181 177";"D01";"2";"7";"0";"0";"8";"1";"0";""
"202100011495";"181 178";"C01";"2";"7";"0";"0";"6";"1";"2";""
"202100011495";"181 179";"B01";"1";"7";"0";"0";"8";"2";"1";""
"202100011495";"181 180";"A01";"1";"2";"0";"2";"0";"17";"1";""
"202100011496";"181 175";"B01";"2";"2";"0";"2";"7";"1";"1";""
"202100011496";"181 176";"A01";"1";"7";"0";"2";"1";"15";"1";""
"202100011497";"181 173";"B01";"1";"7";"0";"2";"3";"1";"1";""
"202100011497";"181 174";"A01";"2";"7";"6";"2";"1";"15";"1";""
"202100011498";"181 170";"B01";"2";"7";"0";"0";"4";"1";"1";""
"202100011498";"181 171";"A01";"2";"33";"0";"2";"1";"2";"1";""
"202100011499";"181 168";"B01";"2";"2";"0";"2";"2";"1";"1";""
"202100011499";"181 169";"A01";"1";"7";"0";"2";"3";"26";"1";""
"202100011500";"181 165";"C01";"2";"7";"0";"2";"3";"1";"1";""
"202100011500";"181 166";"B01";"2";"7";"0";"2";"8";"1";"1";""
"202100011500";"181 167";"A01";"1";"32";"0";"2";"8";"13";"1";""
"202100011501";"181 164";"A01";"1";"7";"0";"1";"1";"1";"1";""
"202100011502";"181 162";"A01";"2";"7";"0";"2";"3";"15";"1";""
"202100011502";"181 163";"B01";"1";"2";"0";"2";"1";"15";"1";""
"202100011503";"181 161";"A01";"1";"31";"7";"0";"3";"1";"1";""
"202100011504";"181 160";"A01";"2";"7";"0";"0";"9";"14";"1";""
"202100011505";"181 158";"A01";"1";"7";"0";"2";"8";"10";"1";""
"202100011505";"181 159";"B01";"1";"15";"0";"2";"2";"1";"1";""
"202100011506";"181 154";"D01";"1";"10";"0";"2";"4";"1";"1";""
"202100011506";"181 155";"C01";"1";"7";"0";"0";"0";"0";"1";""
"202100011506";"181 156";"B01";"1";"7";"0";"2";"4";"1";"1";""
"202100011506";"181 157";"A01";"1";"10";"0";"2";"1";"1";"1";""
"202100011507";"181 153";"A01";"3";"7";"4";"0";"8";"1";"1";""
"202100011508";"181 152";"A01";"2";"33";"14";"0";"1";"1";"1";""
"202100011509";"181 150";"A01";"1";"10";"1";"0";"1";"1";"1";""
"202100011509";"181 151";"B01";"1";"7";"0";"0";"4";"1";"1";""
"202100011510";"181 148";"A01";"1";"33";"0";"2";"1";"12";"0";""
"202100011510";"181 149";"B01";"0";"10";"0";"2";"5";"2";"1";""
"202100011511";"181 146";"B01";"1";"7";"0";"2";"8";"1";"1";""
"202100011511";"181 147";"A01";"2";"10";"0";"2";"3";"5";"1";""
"202100011512";"181 144";"B01";"2";"7";"0";"2";"1";"11";"0";""
"202100011512";"181 145";"A01";"2";"7";"0";"2";"4";"1";"0";""
"202100011513";"181 142";"A01";"2";"7";"0";"2";"0";"0";"1";""
"202100011513";"181 143";"B01";"2";"7";"0";"2";"4";"1";"1";""
"202100011514";"181 139";"C01";"2";"33";"4";"2";"9";"1";"0";""
"202100011514";"181 140";"A01";"2";"7";"0";"2";"1";"1";"1";""
"202100011514";"181 141";"B01";"2";"7";"4";"2";"9";"1";"1";""
"202100011515";"181 135";"C01";"1";"7";"0";"2";"5";"1";"1";""
"202100011515";"181 136";"B01";"1";"33";"0";"2";"7";"3";"1";""
"202100011515";"181 137";"A01";"1";"7";"0";"2";"6";"11";"1";""
"202100011515";"181 138";"D01";"1";"7";"0";"2";"8";"1";"1";""
"202100011516";"181 133";"A01";"1";"7";"0";"2";"8";"11";"1";""
"202100011516";"181 134";"B01";"1";"33";"0";"2";"7";"1";"1";""
"202100011517";"181 130";"B01";"1";"7";"0";"0";"4";"2";"1";""
"202100011517";"181 131";"A01";"1";"7";"0";"2";"1";"1";"1";""
"202100011517";"181 132";"C01";"1";"10";"0";"2";"1";"2";"1";""
"202100011518";"181 129";"A01";"2";"33";"0";"2";"0";"3";"0";""
"202100011519";"181 127";"A01";"1";"99";"0";"2";"8";"23";"1";""
"202100011519";"181 128";"Z01";"1";"7";"0";"2";"0";"0";"0";""
"202100011520";"181 125";"B01";"2";"7";"0";"2";"1";"2";"1";""
"202100011520";"181 126";"A01";"2";"2";"3";"2";"4";"14";"1";""
"202100011521";"181 123";"A01";"2";"7";"0";"2";"6";"1";"2";""
"202100011521";"181 124";"B01";"2";"33";"0";"2";"2";"3";"1";""
"202100011522";"181 122";"A01";"1";"7";"0";"0";"1";"1";"1";""
"202100011523";"181 120";"B01";"1";"7";"15";"2";"2";"1";"1";""
"202100011523";"181 121";"A01";"1";"7";"15";"1";"1";"1";"1";""
"202100011524";"181 118";"B01";"1";"7";"0";"2";"7";"9";"1";""
"202100011524";"181 119";"A01";"1";"2";"0";"2";"8";"17";"1";""
"202100011525";"181 116";"B01";"1";"2";"0";"0";"0";"0";"1";""
"202100011525";"181 117";"A01";"1";"7";"0";"2";"6";"15";"1";""
"202100011526";"181 114";"A01";"1";"7";"0";"2";"7";"12";"1";""
"202100011526";"181 115";"B01";"1";"33";"0";"2";"8";"7";"1";""
"202100011527";"181 112";"B01";"1";"33";"0";"2";"8";"2";"1";""
"202100011527";"181 113";"A01";"1";"30";"0";"2";"7";"17";"1";""
"202100011528";"181 110";"B01";"3";"33";"0";"2";"1";"1";"0";""
"202100011528";"181 111";"A01";"3";"7";"0";"2";"2";"15";"1";""
"202100011529";"181 108";"A01";"1";"7";"0";"2";"1";"9";"1";""
"202100011529";"181 109";"B01";"2";"33";"0";"2";"8";"1";"1";""
"202100011530";"181 107";"A01";"1";"7";"0";"1";"2";"1";"1";""
"202100011531";"181 106";"A01";"1";"30";"12";"0";"8";"1";"1";""
"202100011532";"181 104";"B01";"2";"31";"0";"2";"1";"1";"1";""
"202100011532";"181 105";"A01";"2";"7";"0";"2";"3";"15";"1";""
"202100011533";"181 102";"A01";"2";"80";"0";"2";"8";"1";"3";""
"202100011533";"181 103";"B01";"2";"7";"0";"9";"1";"1";"1";""
"202100011534";"181 101";"A01";"1";"7";"0";"2";"4";"25";"1";""
"202100011535";"181 099";"B01";"1";"7";"0";"2";"3";"15";"1";""
"202100011535";"181 100";"A01";"1";"2";"0";"2";"2";"17";"1";""
"202100011536";"181 097";"A01";" -1";"7";"0";"2";"1";"5";"0";""
"202100011536";"181 098";"B01";" -1";"7";"0";"2";"1";"1";"0";""
"202100011537";"181 095";"B01";"1";"34";"0";"2";"4";"1";"1";""
"202100011537";"181 096";"A01";"1";"7";"0";"2";"1";"1";"1";""
"202100011538";"181 093";"A01";"2";"99";"0";"2";"1";"1";"1";""
"202100011538";"181 094";"B01";"1";"7";"0";"9";"3";"19";"1";""
"202100011539";"181 091";"A01";"1";"33";"0";"2";"2";"21";"1";""
"202100011539";"181 092";"B01";"1";"10";"0";"2";"6";"2";"1";""