"Num_Acc";"id_vehicule";"num_veh";"senc";"catv";"obs";"obsm";"choc";"manv";"motor";"occutc"
"202100011540";"181 090";"A01";"1";"7";"15";"0";"1";"1";"1";""
"202100011541";"181 088";"A01";"1";"7";"0";"1";"1";"26";"0";""
"202100011541";"181 089";"B01";"1";"1";"0";"2";"4";"1";"5";""
"202100011542";"181 087";"A01";"1";"7";"0";"1";"3";"17";"1";""
"202100011543";"181 085";"A01";"2";"7";"8";"2";"7";"1";"1";""
"202100011543";"181 086";"B01";"2";"7";"0";"2";"1";"1";"1";""
"202100011544";"181 082";"B01";"1";"7";"0";"2";"4";"23";"1";""
"202100011544";"181 083";"A01";"1";"7";"0";"2";"1";"26";"2";""
"202100011544";"181 084";"C01";"3";"7";"0";"2";"4";"23";"1";""
"202100011545";"181 080";"A01";"2";"2";"0";"2";"1";"17";"1";""
"202100011545";"181 081";"B01";"2";"10";"0";"2";"3";"15";"1";""
"202100011546";"181 079";"A01";"2";"10";"0";"1";"3";"15";"0";""
"202100011547";"181 078";"A01";"1";"7";"0";"1";"1";"1";"1";""
"202100011548";"181 076";"B01";"1";"7";"0";"2";"8";"1";"1";""
"202100011548";"181 077";"A01";"1";"7";"0";"2";"1";"19";"3";""
"202100011549";"181 074";"A01";"2";"99";"0";"2";"1";"1";"5";""
"202100011549";"181 075";"B01";"1";"7";"0";"2";"3";"1";"1";""
"202100011550";"181 072";"B01";"2";"7";"0";"2";"0";"0";"2";""
"202100011550";"181 073";"A01";"1";"7";"0";"2";"1";"15";"1";""
"202100011551";"181 070";"A01";"1";"7";"0";"2";"1";"2";"1";""
"202100011551";"181 071";"B01";"1";"7";"0";"2";"4";"2";"1";""
"202100011552";"181 069";"A01";"3";"7";"0";"1";"3";"15";"1";""
"202100011553";"181 068";"A01";"0";"50";"0";"1";"1";"1";"3";""
"202100011554";"181 067";"A01";"3";"7";"0";"1";"2";"1";"1";""
"202100011555";"181 066";"A01";"2";"7";"0";"1";"1";"1";"1";""
"202100011556";"181 064";"B01";"1";"2";"0";"2";"1";"1";"1";""
"202100011556";"181 065";"A01";"2";"7";"0";"2";"2";"15";"1";""
"202100011557";"181 063";"A01";"2";"7";"0";"1";"1";"1";"1";""
"202100011558";"181 062";"A01";"1";"50";"8";"0";"1";"14";"3";""
"202100011559";"181 060";"A01";"1";"33";"0";"2";"1";"1";"1";""
"202100011559";"181 061";"B01";"1";"7";"0";"2";"4";"1";"1";""
"202100011560";"181 059";"A01";"1";"7";"0";"1";"1";"1";"1";""
"202100011561";"181 058";"A01";"0";"7";"0";"1";"8";"1";"1";""
"202100011562";"181 055";"A01";"1";"10";"0";"2";"1";"1";"1";""
"202100011562";"181 056";"C01";"1";"7";"0";"2";"4";"15";"1";""
"202100011562";"181 057";"B01";"1";"7";"0";"2";"4";"1";"1";""
"202100011563";"181 053";"A01";"1";"7";"0";"2";"1";"1";"1";""
"202100011563";"181 054";"B01";"1";"7";"0";"2";"4";"1";"1";""
"202100011564";"181 051";"B01";"1";"2";"0";"2";"1";"1";"1";""
"202100011564";"181 052";"A01";"2";"7";"0";"2";"7";"15";"1";""
"202100011565";"181 050";"A01";"2";"37";"0";"2";"0";"21";"2";"2"
"202100011566";"181 048";"B01";"1";"7";"0";"2";"5";"23";"1";""
"202100011566";"181 049";"A01";"1";"7";"0";"2";"3";"1";"0";""
"202100011567";"181 046";"A01";"3";"30";"0";"2";"1";"2";"1";""
"202100011567";"181 047";"B01";"3";"7";"0";"2";"4";"2";"2";""
"202100011568";"181 044";"A01";"3";"30";"1";"0";"1";"21";"1";""
"202100011568";"181 045";"B01";"3";"7";"0";"2";"8";"26";"1";""
"202100011569";"181 043";"A01";"2";"30";"0";"0";"8";"1";"1";""
"202100011570";"181 042";"A01";"2";"7";"0";"0";"9";"13";"1";""
"202100011571";"181 040";"B01";"2";"1";"0";"2";"1";"1";"5";""
"202100011571";"181 041";"A01";"1";"7";"0";"9";"1";"15";"1";""
"202100011572";"181 039";"Z01";"3";"7";"0";"1";"1";"1";"0";""
"202100011573";"181 037";"A01";"3";"30";"0";"2";"1";"17";"1";""
"202100011573";"181 038";"B01";"3";"50";"0";"2";"8";"19";"3";""
"202100011574";"181 035";"Z01";"2";"2";"0";"2";"0";"1";"0";""
"202100011574";"181 036";"A01";"1";"7";"0";"2";"3";"15";"1";""
"202100011575";"181 033";"A01";"1";"1";"0";"0";"0";"9";"5";""
"202100011575";"181 034";"Z01";"0";"7";"0";"2";"0";"0";"0";""
"202100011576";"181 031";"A01";"2";"30";"0";"2";"2";"15";"1";""
"202100011576";"181 032";"B01";"1";"7";"0";"2";"2";"1";"1";""
"202100011577";"181 030";"A01";"1";"7";"2";"0";"9";"1";"1";""
"202100011578";"181 029";"A01";"1";"7";"0";"1";"7";"1";"1";""
"202100011579";"181 027";"B01";"1";"7";"0";"2";"3";"1";"1";""
"202100011579";"181 028";"A01";"1";"7";"0";"2";"3";"13";"1";""
"202100011580";"181 026";"A01";"3";"60";"14";"0";"1";"1";"5";""
"202100011581";"181 024";"B01";"0";"1";"0";"2";"5";"3";"5";""
"202100011581";"181 025";"A01";"0";"7";"0";"2";"3";"15";"1";""
"202100011582";"181 021";"A01";"2";"7";"0";"2";"2";"1";"1";""
"202100011582";"181 022";"C01";"1";"7";"0";"2";"1";"1";"1";""
"202100011582";"181 023";"B01";"2";"7";"0";"2";"3";"16";"1";""
"202100011583";"181 020";"A01";"0";"7";"0";"1";"1";"15";"1";""
"202100011584";"181 019";"A01";"3";"7";"2";"0";"2";"13";"0";""
"202100011585";"181 018";"A01";"3";"7";"13";"0";"5";"1";"1";""
"202100011586";"181 016";"A01";"1";"7";"0";"2";"3";"26";"1";""
"202100011586";"181 017";"B01";"1";"80";"0";"2";"2";"26";"3";""
"202100011587";"181 014";"A01";"1";"1";"0";"2";"3";"26";"5";""
"202100011587";"181 015";"B01";"1";"7";"0";"2";"1";"26";"1";""
"202100011588";"181 012";"B01";"1";"2";"0";"2";"7";"17";"1";""
"202100011588";"181 013";"A01";"1";"7";"0";"2";"3";"26";"1";""
"202100011589";"181 010";"B01";"1";"7";"0";"2";"4";"2";"1";""
"202100011589";"181 011";"A01";"1";"30";"0";"2";"1";"2";"1";""
"202100011590";"181 009";"A01";"1";"1";"0";"0";"0";"26";"5";""
"202100011591";"181 007";"B01";"2";"7";"0";"2";"6";"2";"2";""
"202100011591";"181 008";"A01";"2";"32";"0";"2";"2";"2";"1";""
"202100011592";"181 006";"A01";"1";"30";"0";"0";"8";"1";"1";""
"202100011593";"181 004";"B01";"1";"50";"0";"2";"3";"1";"3";""
"202100011593";"181 005";"A01";"1";"10";"0";"2";"3";"16";"1";""
"202100011594";"181 002";"A01";"0";"7";"0";"2";"7";"15";"1";""
"202100011594";"181 003";"B01";"0";"2";"0";"2";"1";"1";"1";""
"202100011595";"181 001";"A01";"3";"7";"8";"0";"1";"13";"1";""
"202100011596";"181 000";"A01";"1";"7";"0";"1";"3";"1";"1";""
"202100011597";"180 998";"A01";"2";"7";"0";"2";"1";"1";"1";""
"202100011597";"180 999";"B01";"2";"7";"0";"2";"4";"1";"1";""
"202100011598";"180 996";"B01";"2";"2";"0";"2";"1";"1";"1";""
"202100011598";"180 997";"A01";"1";"7";"0";"2";"3";"15";"1";""
"202100011599";"180 994";"B01";"2";"31";"0";"2";"7";"2";"1";""
"202100011599";"180 995";"A01";"2";"7";"0";"2";"3";"15";"1";""
"202100011600";"180 992";"B01";"0";"33";"0";"2";"8";"1";"1";""
"202100011600";"180 993";"A01";"3";"7";"0";"2";"1";"15";"1";""
"202100011601";"180 990";"B01";"1";"2";"14";"2";"1";"1";"1";""
"202100011601";"180 991";"A01";"1";"7";"14";"2";"5";"15";"1";""
"202100011602";"180 988";"B01";"2";"50";"0";"2";"8";"1";"3";""
"202100011602";"180 989";"A01";"1";"7";"0";"9";"1";"15";"1";""
"202100011603";"180 986";"B01";"1";"7";"0";"2";"5";"2";"6";""
"202100011603";"180 987";"A01";"1";"33";"0";"2";"1";"26";"1";""
"202100011604";"180 984";"A01";"1";"30";"1";"0";"1";"26";"1";""
"202100011604";"180 985";"B01";"1";"7";"0";"2";"2";"24";"1";""
"202100011605";"180 982";"A01";"3";"33";"0";"2";"7";"1";"1";""
"202100011605";"180 983";"B01";"3";"7";"0";"2";"0";"0";"1";""
"202100011606";"180 980";"B01";"3";"7";"0";"2";"0";"1";"1";""
"202100011606";"180 981";"A01";"3";"7";"0";"2";"2";"15";"1";""
"202100011607";"180 978";"A01";"1";"10";"0";"2";"3";"15";"1";""
"202100011607";"180 979";"B01";"1";"33";"0";"2";"2";"1";"1";""
"202100011608";"180 976";"B01";"1";"32";"0";"2";"4";"23";"1";""
"202100011608";"180 977";"A01";"1";"7";"0";"2";"3";"1";"1";""
"202100011609";"180 974";"B01";"3";"7";"0";"2";"7";"1";"1";""
"202100011609";"180 975";"A01";"3";"7";"0";"2";"5";"20";"1";""
"202100011610";"180 972";"A01";"1";"7";"0";"0";"0";"0";"0";""
"202100011610";"180 973";"B01";"3";"7";"0";"0";"3";"0";"0";""
"202100011611";"180 970";"B01";"0";"7";"0";"2";"2";"15";"1";""
"202100011611";"180 971";"A01";"2";"32";"0";"2";"1";"7";"1";""
"202100011612";"180 968";"A01";"0";"7";"0";"2";"1";"9";"1";""
"202100011612";"180 969";"B01";"0";"7";"0";"2";"7";"1";"1";""
"202100011613";"180 964";"B01";"2";"17";"0";"2";"1";"21";"1";""
"202100011613";"180 965";"A01";"1";"7";"0";"2";"1";"13";"1";""
"202100011614";"180 963";"A01";"1";"7";"3";"0";"1";"14";"1";""
"202100011615";"180 962";"A01";"3";"1";"12";"0";"1";"0";"5";""
"202100011616";"180 960";"B01";"1";"7";"0";"2";"1";"1";"1";""
"202100011616";"180 961";"A01";"1";"7";"0";"2";"4";"1";"1";""
"202100011617";"180 959";"A01";"1";"7";"0";"0";"0";"1";"1";""
"202100011618";"180 957";"A01";"2";"7";"0";"2";"3";"15";"1";""
"202100011618";"180 958";"B01";"1";"30";"0";"2";"1";"1";"1";""
"202100011619";"180 955";"A01";"2";"7";"0";"2";"1";"1";"1";""
"202100011619";"180 956";"B01";"3";"7";"0";"2";"4";"16";"1";""
"202100011620";"180 954";"A01";"2";"7";"15";"0";"2";"2";"1";""
"202100011621";"180 952";"A01";"1";"34";"0";"2";"4";"1";"1";""
"202100011621";"180 953";"Z01";"1";"7";"0";"2";"1";"11";"1";""
"202100011622";"180 949";"A01";"1";"7";"0";"2";"1";"5";"1";""
"202100011622";"180 950";"B01";"1";"7";"0";"2";"1";"0";"1";""
"202100011622";"180 951";"C01";"1";"7";"0";"2";"1";"0";"1";""
"202100011623";"180 944";"A01";"3";"15";"0";"2";"1";"1";"1";""
"202100011623";"180 945";"B01";"3";"7";"0";"2";"4";"1";"1";""
"202100011624";"180 942";"B01";"3";"10";"0";"2";"0";"10";"1";""
"202100011624";"180 943";"A01";"1";"33";"0";"2";"0";"0";"1";""
"202100011625";"180 941";"A01";"1";"7";"0";"1";"0";"9";"1";""
"202100011626";"180 940";"A01";"1";"7";"0";"1";"1";"1";"1";""
"202100011627";"180 938";"B01";"1";"1";"0";"2";"0";"0";"0";""
"202100011627";"180 939";"A01";"1";"7";"0";"2";"3";"9";"1";""
"202100011628";"180 936";"B01";"2";"1";"0";"2";"8";"1";"0";""
"202100011628";"180 937";"A01";"1";"7";"0";"9";"3";"15";"2";""
"202100011629";"180 935";"A01";"1";"7";"0";"1";"2";"2";"1";""
"202100011630";"180 933";"B01";"1";"10";"0";"2";"5";"1";"1";""
"202100011630";"180 934";"A01";"1";"43";"0";"2";"3";"3";"1";""
"202100011631";"180 931";"B01";"2";"7";"0";"2";"4";"2";"1";""
"202100011631";"180 932";"A01";"2";"10";"0";"2";"1";"2";"1";""
"202100011632";"180 930";"A01";"2";"32";"0";"0";"8";"3";"1";""
"202100011633";"180 929";"A01";"3";"30";"0";"0";"3";"1";"3";""
"202100011634";"180 927";"B01";"2";"33";"0";"2";"3";"11";"1";""
"202100011634";"180 928";"A01";"1";"7";"0";"2";"2";"12";"1";""
"202100011635";"180 925";"B01";"1";"1";"0";"2";"1";"18";"5";""
"202100011635";"180 926";"A01";"1";"7";"0";"2";"7";"16";"1";""
"202100011636";"180 923";"A01";"3";"7";"0";"2";"3";"16";"0";""
"202100011636";"180 924";"B01";"1";"32";"0";"2";"4";"1";"1";""
"202100011637";"180 921";"B01";"3";"43";"0";"2";"1";"1";"1";""
"202100011637";"180 922";"A01";"3";"7";"0";"2";"5";"15";"1";""
"202100011638";"180 920";"A01";"3";"7";"2";"0";"2";"14";"1";""
"202100011639";"180 918";"B01";"2";"7";"0";"2";"2";"1";"1";""
"202100011639";"180 919";"A01";"2";"7";"0";"2";"2";"15";"1";""
"202100011640";"180 917";"A01";"1";"50";"0";"0";"0";"1";"3";""
"202100011641";"180 915";"B01";"2";"1";"8";"2";"6";"1";"5";""
"202100011641";"180 916";"A01";"2";"37";"0";"2";"7";"14";"2";"1"
"202100011642";"180 914";"A01";"1";"10";"0";"1";"3";"15";"1";""
"202100011643";"180 913";"A01";"2";"33";"0";"1";"7";"1";"1";""
"202100011644";"180 911";"B01";"3";"7";"0";"2";"8";"15";"1";""
"202100011644";"180 912";"A01";"3";"32";"0";"2";"3";"1";"1";""
"202100011645";"180 910";"A01";"1";"1";"12";"0";"7";"14";"5";""
"202100011646";"180 908";"B01";"1";"2";"0";"2";"4";"23";"3";""
"202100011646";"180 909";"A01";"1";"7";"0";"2";"1";"2";"1";""
"202100011647";"180 906";"B01";"1";"7";"0";"2";"3";"1";"1";""
"202100011647";"180 907";"A01";"1";"7";"0";"2";"0";"0";"1";""
"202100011648";"180 904";"A01";"3";"50";"0";"2";"1";"1";"3";""
"202100011648";"180 905";"B01";"3";"7";"0";"9";"3";"16";"1";""
"202100011649";"180 902";"A01";"2";"32";"1";"0";"3";"1";"1";""
"202100011649";"180 903";"B01";"2";"1";"1";"0";"3";"1";"5";""
"202100011650";"180 900";"B01";"2";"31";"0";"2";"2";"1";"1";""
"202100011650";"180 901";"A01";"2";"7";"0";"2";"3";"13";"1";""
"202100011651";"180 899";"A01";"1";"7";"0";"1";"1";"1";"1";""
"202100011652";"180 896";"A01";"2";"10";"0";"2";"1";"2";"0";""
"202100011652";"180 897";"B01";"2";"7";"0";"2";"4";"2";"1";""
"202100011652";"180 898";"C01";"2";"10";"0";"2";"0";"0";"1";""
"202100011653";"180 894";"A01";"2";"7";"0";"2";"0";"26";"1";""
"202100011653";"180 895";"B01";"2";"7";"0";"2";"0";"0";"1";""
"202100011654";"180 893";"A01";"1";"7";"0";"1";"2";"1";"1";""
"202100011655";"180 891";"A01";"2";"14";"0";"2";"4";"2";"1";""
"202100011655";"180 892";"B01";"2";"7";"0";"2";"4";"0";"2";""
"202100011656";"180 890";"A01";"3";"13";"0";"1";"3";"1";"0";""
"202100011657";"180 889";"A01";"0";"7";"0";"1";"2";"15";"1";""
"202100011658";"180 887";"B01";"1";"33";"0";"2";"7";"1";"1";""
"202100011658";"180 888";"A01";"1";"7";"0";"2";"1";"15";"1";""
"202100011659";"180 885";"B01";"1";"7";"0";"2";"4";"1";"1";""
"202100011659";"180 886";"A01";"1";"7";"0";"2";"4";"2";"1";""
"202100011660";"180 883";"A01";"2";"33";"0";"2";"1";"3";"1";""
"202100011660";"180 884";"B01";"2";"7";"0";"2";"3";"23";"1";""
"202100011661";"180 881";"A01";"2";"7";"0";"2";"6";"10";"1";""
"202100011661";"180 882";"B01";"2";"32";"0";"2";"1";"1";"1";""
"202100011662";"180 879";"A01";"2";"7";"0";"1";"1";"15";"1";""
"202100011662";"180 880";"B01";"1";"7";"0";"2";"1";"23";"1";""
"202100011663";"180 877";"B01";"1";"50";"0";"2";"0";"1";"3";""
"202100011663";"180 878";"A01";"1";"50";"0";"2";"0";"1";"3";""
"202100011664";"180 875";"B01";"3";"14";"0";"2";"1";"1";"0";""
"202100011664";"180 876";"A01";"3";"7";"0";"2";"1";"26";"1";""
"202100011665";"180 872";"A01";"1";"7";"0";"2";"1";"13";"1";""
"202100011665";"180 873";"B01";"2";"10";"0";"0";"3";"23";"1";""
"202100011665";"180 874";"C01";"2";"7";"0";"0";"1";"2";"1";""
"202100011666";"180 870";"B01";"1";"43";"0";"2";"1";"2";"1";""
"202100011666";"180 871";"A01";"1";"7";"0";"2";"3";"10";"1";""
"202100011667";"180 868";"A01";"1";"7";"0";"2";"2";"15";"1";""
"202100011667";"180 869";"B01";"2";"2";"0";"2";"7";"1";"1";""
"202100011668";"180 866";"B01";"1";"43";"0";"2";"1";"1";"1";""
"202100011668";"180 867";"A01";"2";"10";"0";"2";"7";"15";"1";""
"202100011669";"180 864";"A01";"0";"7";"0";"2";"3";"15";"1";""
"202100011669";"180 865";"B01";"0";"50";"0";"2";"1";"1";"3";""
"202100011670";"180 863";"A01";"2";"7";"0";"1";"2";"1";"1";""
"202100011671";"180 861";"B01";"2";"7";"0";"2";"4";"1";"1";""
"202100011671";"180 862";"A01";"2";"7";"0";"2";"1";"1";"1";""
"202100011672";"180 860";"A01";" -1";"7";"0";"1";"1";"19";"1";""
"202100011673";"180 858";"A01";"0";"7";"0";"2";"6";"20";"1";""
"202100011673";"180 859";"B01";"0";"2";"0";"2";"1";"1";"1";""
"202100011674";"180 857";"A01";"1";"7";"0";"1";"2";"26";"1";""
"202100011675";"180 855";"B01";"2";"2";"0";"2";"1";"1";"1";""
"202100011675";"180 856";"A01";"2";"7";"16";"2";"1";"15";"1";""
"202100011676";"180 854";"A01";"1";"43";"0";"0";"9";"17";"1";""
"202100011677";"180 853";"A01";"2";"13";"0";"1";"3";"1";"1";""
"202100011678";"180 851";"B01";"2";"7";"0";"2";"7";"25";"1";""
"202100011678";"180 852";"A01";"2";"50";"0";"2";"1";"25";"3";""
"202100011679";"180 850";"A01";"0";"33";"0";"0";"0";"1";"1";""
"202100011680";"180 848";"A01";"2";"7";"0";"1";"1";"2";"0";""
"202100011680";"180 849";"B01";"2";"7";"0";"2";"1";"2";"1";""
"202100011681";"180 847";"A01";"2";"50";"0";"1";"1";"1";"3";""
"202100011682";"180 846";"A01";"2";"2";"0";"1";"2";"21";"3";""
"202100011683";"180 844";"A01";"2";"33";"0";"2";"3";"1";"1";""
"202100011683";"180 845";"B01";"1";"7";"0";"2";"3";"15";"1";""
"202100011684";"180 842";"A01";"1";"7";"0";"2";"1";"1";"1";""
"202100011684";"180 843";"B01";"2";"10";"0";"2";"1";"1";"1";""
"202100011685";"180 839";"C01";"2";"7";"0";"2";"7";"1";"1";""
"202100011685";"180 840";"B01";"2";"7";"0";"2";"3";"21";"1";""
"202100011685";"180 841";"A01";"1";"7";"0";"2";"3";"5";"1";""
"202100011686";"180 838";"A01";"2";"7";"6";"0";"2";"14";"1";""
"202100011687";"180 837";"A01";"1";"17";"0";"1";"7";"14";"1";""
"202100011688";"180 835";"A01";"1";"34";"0";"2";"7";"1";"1";""
"202100011688";"180 836";"B01";"3";"7";"0";"2";"1";"19";"1";""
"202100011689";"180 834";"A01";"2";"7";"0";"1";"1";"16";"1";""
"202100011690";"180 832";"A01";"2";"7";"0";"2";"1";"1";"1";""
"202100011690";"180 833";"B01";"1";"7";"0";"2";"1";"13";"1";""
"202100011691";"180 831";"A01";"1";"33";"13";"0";"3";"17";"1";""
"202100011692";"180 830";"A01";"1";"7";"1";"9";"1";"1";"1";""
"202100011693";"180 829";"A01";"1";"31";"0";"0";"8";"1";"1";""
"202100011694";"180 827";"A01";"1";"33";"0";"2";"3";"17";"1";""
"202100011694";"180 828";"B01";"2";"7";"0";"2";"3";"1";"1";""
"202100011695";"180 826";"A01";"2";"7";"16";"0";"9";"1";"1";""
"202100011696";"180 825";"A01";"2";"7";"0";"0";"9";"1";"1";""
"202100011697";"180 823";"B01";"1";"7";"0";"2";"1";"13";"1";""
"202100011697";"180 824";"A01";"2";"15";"4";"2";"2";"1";"1";""
"202100011698";"180 822";"A01";"1";"7";"0";"1";"3";"1";"1";""
"202100011699";"180 821";"A01";"3";"2";"14";"0";"1";"1";"1";""
"202100011700";"180 819";"A01";"2";"33";"0";"2";"7";"17";"1";""
"202100011700";"180 820";"B01";"2";"7";"0";"2";"8";"17";"1";""
"202100011701";"180 818";"A01";"3";"7";"8";"0";"2";"1";"1";""
"202100011702";"180 816";"B01";"1";"7";"0";"2";"1";"13";"1";""
"202100011702";"180 817";"A01";"2";"7";"0";"2";"1";"1";"1";""
"202100011703";"180 815";"A01";"2";"7";"6";"0";"1";"1";"1";""
"202100011704";"180 813";"B01";"2";"7";"0";"2";"1";"1";"1";""
"202100011704";"180 814";"A01";"1";"2";"0";"2";"1";"5";"1";""
"202100011705";"180 811";"A01";"1";"10";"0";"2";"2";"10";"1";""
"202100011705";"180 812";"B01";"2";"1";"0";"2";"1";"1";"5";""
"202100011706";"180 809";"A01";"0";"7";"0";"2";"3";"15";"1";""
"202100011706";"180 810";"B01";"0";"33";"0";"2";"2";"17";"1";""
"202100011707";"180 807";"B01";"2";"2";"0";"2";"4";"15";"1";""
"202100011707";"180 808";"A01";"2";"7";"0";"2";"2";"17";"1";""
"202100011708";"180 805";"B01";"2";"7";"0";"2";"1";"1";"1";""
"202100011708";"180 806";"A01";"3";"10";"0";"2";"7";"19";"1";""
"202100011709";"180 800";"A01";"1";"33";"0";"2";"9";"13";"1";""
"202100011709";"180 801";"B01";"2";"33";"8";"2";"8";"1";"1";""
"202100011709";"180 802";"C01";"2";"33";"0";"2";"1";"1";"1";""
"202100011710";"180 799";"A01";"2";"33";"0";"0";"8";"1";"1";""
"202100011711";"180 796";"A01";"1";"7";"0";"2";"1";"15";"1";""
"202100011711";"180 797";"B01";"2";"7";"0";"2";"1";"1";"1";""
"202100011712";"180 794";"A01";"1";"7";"0";"2";"1";"15";"1";""
"202100011712";"180 795";"B01";"0";"33";"0";"2";"1";"1";"1";""
"202100011713";"180 793";"A01";"2";"33";"3";"0";"0";"1";"1";""
"202100011714";"180 792";"A01";"2";"7";"7";"0";"1";"16";"1";""
"202100011715";"180 788";"D01";"1";"7";"0";"2";"4";"13";"1";""
"202100011715";"180 789";"C01";"2";"7";"0";"2";"8";"1";"1";""
"202100011715";"180 790";"B01";"1";"7";"0";"2";"6";"23";"1";""
"202100011715";"180 791";"A01";"1";"7";"0";"2";"2";"1";"1";""
"202100011716";"180 787";"A01";"2";"1";"0";"0";"0";"1";"5";""
"202100011717";"180 785";"B01";"3";"7";"0";"2";"1";"1";"1";""
"202100011717";"180 786";"A01";"3";"7";"0";"2";"8";"16";"1";""
"202100011718";"180 782";"A01";"2";"2";"0";"2";"1";"1";"1";""
"202100011718";"180 783";"B01";"2";"7";"0";"0";"3";"23";"1";""
"202100011718";"180 784";"C01";"2";"10";"0";"0";"5";"15";"1";""
"202100011719";"180 780";"B01";"2";"7";"0";"2";"3";"1";"1";""
"202100011719";"180 781";"A01";"1";"7";"0";"2";"6";"5";"1";""
"202100011720";"180 778";"A01";"2";"7";"0";"0";"6";"15";"1";""
"202100011720";"180 779";"B01";"2";"10";"0";"2";"2";"17";"1";""
"202100011721";"180 776";"A01";"3";"7";"13";"2";"3";"13";"1";""
"202100011721";"180 777";"B01";"3";"20";"0";"2";"3";"1";"1";""
"202100011722";"180 775";"A01";"1";"7";"11";"0";"1";"1";"1";""
"202100011723";"180 774";"A01";"1";"7";"15";"0";"9";"13";"1";""
"202100011724";"180 773";"A01";"1";"10";"0";"1";"1";"16";"1";""
"202100011725";"180 771";"A01";"2";"33";"14";"0";"1";"1";"1";""
"202100011726";"180 769";"A01";"1";"10";"0";"2";"3";"15";"1";""
"202100011726";"180 770";"B01";"2";"2";"0";"2";"1";"1";"1";""
"202100011727";"180 767";"A01";"2";"7";"0";"9";"2";"1";"1";""
"202100011727";"180 768";"B01";"1";"1";"0";"0";"8";"1";"5";""
"202100011728";"180 766";"A01";"1";"7";"6";"0";"2";"1";"1";""
"202100011729";"180 765";"A01";"1";"3";"0";"1";"1";"11";"0";""
"202100011730";"180 763";"A01";"1";"7";"0";"2";"1";"5";"1";""
"202100011730";"180 764";"B01";"2";"7";"0";"2";"1";"1";"1";""
"202100011731";"180 761";"A01";"2";"2";"0";"2";"1";"1";"1";""
"202100011731";"180 762";"B01";"1";"7";"0";"2";"5";"15";"1";""
"202100011732";"180 760";"A01";"1";"7";"4";"0";"1";"0";"1";""
"202100011733";"180 758";"A01";"2";"7";"0";"2";"2";"12";"1";""
"202100011733";"180 759";"B01";"2";"7";"0";"2";"3";"1";"1";""
"202100011734";"180 755";"C01";"1";"7";"0";"2";"5";"1";"1";""
"202100011734";"180 756";"B01";"1";"33";"0";"2";"0";"0";"1";""
"202100011734";"180 757";"A01";"1";"7";"0";"2";"3";"11";"1";""
"202100011735";"180 752";"B01";"2";"7";"0";"2";"4";"0";"6";""
"202100011735";"180 753";"A01";"2";"7";"0";"2";"4";"2";"1";""
"202100011735";"180 754";"Z01";"2";"7";"0";"2";"1";"2";"0";""
"202100011736";"180 749";"A01";"1";"17";"0";"9";"0";"2";"1";""
"202100011736";"180 750";"B01";"1";"7";"14";"2";"1";"2";"1";""
"202100011736";"180 751";"C01";"1";"7";"0";"2";"1";"2";"1";""
"202100011737";"180 747";"B01";"1";"17";"0";"2";"4";"2";"1";""
"202100011737";"180 748";"A01";"1";"17";"3";"2";"1";"2";"1";""
"202100011738";"180 743";"D01";"2";"7";"0";"2";"4";"2";"1";""
"202100011738";"180 744";"C01";"2";"7";"0";"2";"4";"2";"1";""
"202100011738";"180 745";"B01";"2";"7";"0";"2";"4";"2";"1";""
"202100011738";"180 746";"A01";"2";"7";"0";"2";"1";"1";"1";""
"202100011739";"180 741";"A01";"2";"10";"0";"2";"5";"1";"1";""
"202100011739";"180 742";"B01";"2";"33";"0";"2";"1";"21";"1";""
"202100011740";"180 738";"A01";"2";"7";"0";"2";"1";"2";"1";""
"202100011740";"180 739";"B01";"2";"7";"0";"2";"4";"2";"1";""
"202100011740";"180 740";"C01";"2";"7";"0";"2";"4";"2";"1";""
"202100011741";"180 737";"A01";"1";"7";"4";"0";"3";"21";"1";""
"202100011742";"180 735";"A01";"1";"7";"0";"2";"1";"2";"1";""
"202100011742";"180 736";"B01";"1";"10";"0";"2";"4";"2";"1";""
"202100011743";"180 728";"E01";"2";"7";"0";"2";"4";"1";"1";""
"202100011743";"180 729";"F01";"2";"7";"0";"2";"4";"1";"1";""
"202100011743";"180 730";"G01";"2";"10";"0";"2";"4";"23";"1";""
"202100011743";"180 731";"A01";"2";"7";"0";"2";"1";"1";"1";""
"202100011743";"180 732";"B01";"2";"10";"0";"2";"1";"1";"1";""
"202100011743";"180 733";"D01";"2";"7";"0";"2";"4";"1";"0";""
"202100011743";"180 734";"C01";"2";"7";"0";"2";"4";"1";"1";""
"202100011744";"180 725";"C01";"1";"7";"0";"2";"4";"2";"1";""
"202100011744";"180 726";"B01";"1";"7";"0";"2";"4";"2";"1";""
"202100011744";"180 727";"A01";"1";"7";"0";"2";"1";"2";"1";""
"202100011745";"180 722";"C01";"2";"7";"0";"2";"4";"1";"1";""
"202100011745";"180 723";"B01";"2";"10";"0";"2";"4";"1";"0";""
"202100011745";"180 724";"A01";"2";"10";"0";"2";"1";"1";"1";""
"202100011746";"180 721";"A01";"2";"10";"0";"1";"1";"21";"1";""
"202100011747";"180 719";"B01";"2";"7";"4";"0";"0";"0";"1";""
"202100011747";"180 720";"A01";"2";"7";"4";"0";"0";"26";"1";""
"202100011748";"180 717";"B01";"2";"7";"0";"2";"4";"2";"1";""
"202100011748";"180 718";"A01";"2";"10";"0";"2";"1";"2";"1";""
"202100011749";"180 716";"A01";" -1";"32";"4";"0";"2";"1";"1";""