"Num_Acc";"id_vehicule";"num_veh";"senc";"catv";"obs";"obsm";"choc";"manv";"motor";"occutc"
"202100011750";"180 711";"Z01";"2";"7";"0";"2";"1";"1";"1";""
"202100011750";"180 712";"D01";"2";"13";"0";"2";"4";"1";"1";""
"202100011750";"180 713";"C01";"2";"7";"0";"2";"4";"1";"1";""
"202100011750";"180 714";"B01";"2";"7";"0";"2";"4";"1";"1";""
"202100011750";"180 715";"A01";"2";"7";"0";"2";"1";"1";"1";""
"202100011751";"180 709";"A01";"2";"7";"0";"2";"1";"1";"1";""
"202100011751";"180 710";"B01";"2";"7";"4";"2";"7";"13";"1";""
"202100011752";"180 708";"A01";"2";"80";"0";"1";"1";"0";"3";""
"202100011753";"180 707";"A01";"0";"7";"0";"1";"1";"1";"1";""
"202100011754";"180 706";"A01";"2";"7";"0";"1";"1";"0";"1";""
"202100011755";"180 705";"A01";"3";"7";"0";"1";"1";"16";"1";""
"202100011756";"180 701";"A01";"1";"7";"0";"2";"7";"19";"1";""
"202100011756";"180 702";"B01";"1";"7";"0";"2";"1";"1";"1";""
"202100011757";"180 699";"A01";"2";"30";"0";"2";"1";"1";"1";""
"202100011757";"180 700";"B01";"2";"30";"0";"2";"4";"23";"0";""
"202100011758";"180 696";"A01";"1";"10";"0";"1";"1";"26";"1";""
"202100011759";"180 694";"A01";"1";"7";"0";"2";"3";"1";"1";""
"202100011759";"180 695";"B01";"1";"31";"0";"2";"4";"15";"1";""
"202100011760";"180 691";"B01";"2";"7";"0";"0";"7";"2";"1";""
"202100011760";"180 692";"A01";"2";"7";"0";"2";"4";"23";"1";""
"202100011760";"180 693";"C01";"2";"33";"0";"2";"1";"2";"1";""
"202100011761";"180 690";"A01";"2";"10";"0";"9";"8";"1";"1";""
"202100011762";"180 688";"A01";"2";"33";"0";"2";"0";"0";"1";""
"202100011762";"180 689";"B01";"1";"32";"0";"2";"0";"0";"1";""
"202100011763";"180 686";"A01";"1";"7";"0";"2";"8";"13";"1";""
"202100011763";"180 687";"B01";"1";"33";"0";"2";"7";"1";"1";""
"202100011764";"180 685";"A01";"3";"33";"0";"1";"0";"26";"1";""
"202100011765";"180 682";"A01";"1";"7";"0";"2";"1";"26";"1";""
"202100011765";"180 683";"B01";"1";"7";"0";"2";"4";"26";"1";""
"202100011765";"180 684";"C01";"1";"7";"0";"2";"1";"26";"1";""
"202100011766";"180 681";"A01";"0";"50";"0";"0";"0";"25";"3";""
"202100011767";"180 679";"B01";"2";"7";"0";"2";"0";"0";"1";""
"202100011767";"180 680";"A01";"2";"7";"0";"2";"1";"1";"1";""
"202100011768";"180 675";"A01";"1";"7";"0";"2";"8";"11";"1";""
"202100011768";"180 676";"B01";"1";"7";"0";"2";"1";"1";"1";""
"202100011769";"180 674";"A01";"1";"7";"0";"1";"1";"1";"1";""
"202100011770";"180 672";"A01";"1";"7";"0";"2";"1";"1";"1";""
"202100011770";"180 673";"B01";"3";"7";"0";"2";"8";"1";"2";""
"202100011771";"180 669";"A01";"3";"1";"0";"2";"1";"21";"0";""
"202100011771";"180 670";"B01";"3";"7";"0";"2";"6";"1";"1";""
"202100011771";"180 671";"C01";"3";"7";"0";"2";"1";"1";"1";""
"202100011772";"180 667";"B01";"2";"1";"0";"2";"7";"25";"0";""
"202100011772";"180 668";"A01";"2";"7";"0";"2";"1";"1";"1";""
"202100011773";"180 666";"A01";"2";"10";"0";"1";"2";"1";"1";""
"202100011774";"180 665";"A01";"1";"7";"0";"1";"1";"1";"1";""
"202100011775";"180 663";"A01";"2";"31";"0";"2";"1";"13";"1";""
"202100011775";"180 664";"B01";"1";"7";"0";"2";"1";"1";"1";""
"202100011776";"180 661";"A01";"1";"10";"2";"2";"3";"9";"1";""
"202100011776";"180 662";"B01";"1";"31";"2";"2";"1";"1";"1";""
"202100011777";"180 659";"B01";"1";"7";"0";"2";"7";"15";"1";""
"202100011777";"180 660";"A01";"2";"32";"0";"2";"1";"8";"1";""
"202100011778";"180 658";"A01";"2";"7";"9";"0";"2";"14";"1";""
"202100011779";"180 657";"A01";"0";"30";"0";"1";"1";"13";"1";""
"202100011780";"180 654";"A01";"0";"7";"0";"2";"1";"1";"1";""
"202100011780";"180 655";"C01";"0";"7";"0";"2";"4";"1";"1";""
"202100011780";"180 656";"B01";"0";"7";"0";"2";"4";"1";"1";""
"202100011781";"180 653";"A01";"0";"2";"0";"1";"2";"1";"1";""
"202100011782";"180 651";"B01";"3";"7";"0";"2";"4";"2";"1";""
"202100011782";"180 652";"A01";"3";"43";"0";"2";"1";"2";"1";""
"202100011783";"180 650";"A01";"1";"7";"0";"0";"9";"26";"1";""
"202100011784";"180 648";"B01";"1";"7";"0";"2";"6";"2";"1";""
"202100011784";"180 649";"A01";"1";"10";"0";"2";"2";"2";"1";""
"202100011785";"180 647";"A01";"1";"7";"12";"0";"1";"1";"1";""
"202100011786";"180 645";"B01";"0";"7";"0";"2";"3";"15";"1";""
"202100011786";"180 646";"A01";"0";"50";"0";"2";"3";"5";"3";""
"202100011787";"180 643";"A01";"1";"7";"0";"2";"2";"15";"1";""
"202100011787";"180 644";"B01";"2";"7";"0";"2";"3";"1";"1";""
"202100011788";"180 642";"A01";"3";"1";"0";"1";"0";"25";"5";""
"202100011789";"180 641";"A01";"0";"7";"0";"1";"0";"0";"1";""
"202100011790";"180 639";"B01";"3";"7";"0";"2";"2";"0";"1";""
"202100011790";"180 640";"A01";"3";"7";"0";"2";"0";"0";"1";""
"202100011791";"180 638";"Z01";"2";"10";"0";"1";"1";"1";"1";""
"202100011792";"180 636";"B01";"2";"1";"0";"2";"2";"19";"5";""
"202100011792";"180 637";"A01";"1";"7";"0";"2";"3";"1";"1";""
"202100011793";"180 634";"A01";"2";"7";"0";"2";"1";"2";"1";""
"202100011793";"180 635";"B01";"2";"7";"0";"2";"4";"2";"1";""
"202100011794";"180 633";"A01";"1";"7";"0";"1";"1";"1";"1";""
"202100011795";"180 632";"A01";"1";"14";"0";"1";"0";"15";"1";""
"202100011796";"180 630";"B01";"1";"7";"0";"2";"1";"1";"0";""
"202100011796";"180 631";"A01";"2";"7";"0";"2";"1";"13";"0";""
"202100011797";"180 629";"A01";"1";"7";"0";"0";"9";"0";"1";""
"202100011798";"180 627";"A01";"1";"31";"0";"2";"3";"26";"1";""
"202100011798";"180 628";"B01";"1";"7";"0";"2";"0";"0";"1";""
"202100011799";"180 625";"B01";"1";"60";"0";"2";"1";"1";"5";""
"202100011799";"180 626";"A01";"2";"7";"0";"9";"2";"12";"1";""
"202100011800";"180 623";"B01";"2";"15";"0";"2";"3";"1";"1";""
"202100011800";"180 624";"A01";"1";"7";"0";"2";"1";"13";"1";""
"202100011801";"180 622";"A01";"0";"7";"0";"1";"2";"15";"1";""
"202100011802";"180 621";"A01";"2";"7";"0";"1";"1";"16";"1";""
"202100011803";"180 620";"Z01";"1";"7";"0";"1";"7";"1";"0";""
"202100011804";"180 618";"B01";"1";"60";"0";"2";"3";"26";"5";""
"202100011804";"180 619";"A01";"1";"7";"0";"2";"2";"1";"1";""
"202100011805";"180 616";"A01";"1";"7";"0";"2";"3";"2";"1";""
"202100011805";"180 617";"B01";"1";"1";"0";"2";"4";"2";"5";""
"202100011806";"180 615";"A01";"1";"30";"0";"0";"7";"26";"3";""
"202100011807";"180 614";"A01";"1";"1";"0";"0";"1";"26";"5";""
"202100011808";"180 612";"B01";"3";"40";"0";"2";"1";"1";"3";""
"202100011808";"180 613";"A01";"3";"1";"0";"4";"2";"14";"5";""
"202100011809";"180 610";"A01";"2";"7";"0";"2";"2";"15";"1";""
"202100011809";"180 611";"B01";"1";"33";"0";"2";"1";"0";"1";""
"202100011810";"180 609";"A01";"1";"7";"4";"0";"1";"9";"1";""
"202100011811";"180 608";"A01";"1";"10";"0";"1";"1";"9";"1";""
"202100011812";"180 607";"A01";"1";"33";"0";"1";"1";"1";"1";""
"202100011813";"180 605";"B01";"0";"1";"0";"2";"4";"19";"5";""
"202100011813";"180 606";"A01";"0";"30";"0";"2";"1";"19";"1";""
"202100011814";"180 603";"A01";"0";"7";"0";"2";"1";"1";"1";""
"202100011814";"180 604";"B01";"0";"31";"0";"2";"1";"1";"2";""
"202100011815";"180 601";"A01";"1";"7";"1";"2";"3";"21";"1";""
"202100011815";"180 602";"B01";"3";"1";"0";"2";"3";"19";"5";""
"202100011816";"180 600";"A01";"3";"7";"0";"1";"3";"26";"1";""
"202100011817";"180 598";"A01";"1";"7";"0";"2";"3";"11";"1";""
"202100011817";"180 599";"B01";"1";"30";"0";"2";"3";"0";"1";""
"202100011818";"180 597";"A01";"2";"1";"1";"0";"1";"1";"5";""
"202100011819";"180 596";"A01";"0";"10";"0";"1";"2";"1";"1";""
"202100011820";"180 594";"B01";"1";"7";"0";"0";"4";"2";"1";""
"202100011820";"180 595";"A01";"1";"7";"0";"2";"1";"12";"1";""
"202100011821";"180 592";"B01";"0";"1";"1";"0";"1";"1";"5";""
"202100011821";"180 593";"A01";"0";"7";"0";"9";"3";"9";"1";""
"202100011822";"180 591";"A01";"3";"7";"0";"1";"2";"15";"1";""
"202100011823";"180 589";"B01";"2";"7";"0";"2";"5";"23";"0";""
"202100011823";"180 590";"A01";"2";"7";"5";"2";"3";"26";"1";""
"202100011824";"180 587";"A01";"1";"7";"0";"2";"5";"15";"1";""
"202100011824";"180 588";"B01";"2";"2";"0";"2";"3";"2";"1";""
"202100011825";"180 584";"A01";"2";"30";"0";"0";"0";"9";"1";""
"202100011826";"180 583";"A01";"0";"7";"2";"0";"2";"15";"1";""
"202100011827";"180 581";"Z01";"0";"3";"0";"2";"0";"0";"0";""
"202100011827";"180 582";"A01";"1";"32";"0";"2";"8";"1";"1";""
"202100011828";"180 579";"B01";"1";"7";"0";"2";"7";"15";"1";""
"202100011828";"180 580";"A01";"1";"7";"0";"2";"3";"19";"1";""
"202100011829";"180 577";"A01";"0";"7";"0";"2";"3";"9";"1";""
"202100011829";"180 578";"B01";"0";"34";"0";"2";"1";"1";"1";""
"202100011830";"180 576";"A01";"3";"30";"0";"1";"1";"1";"1";""
"202100011831";"180 575";"A01";"2";"30";"1";"0";"7";"14";"1";""
"202100011832";"180 573";"A01";"3";"30";"0";"9";"1";"1";"1";""
"202100011832";"180 574";"B01";"3";"30";"0";"9";"4";"1";"1";""
"202100011833";"180 571";"B01";"1";"7";"0";"2";"4";"1";"1";""
"202100011833";"180 572";"A01";"1";"2";"0";"2";"1";"2";"1";""
"202100011834";"180 569";"B01";"2";"7";"0";"2";"1";"1";"1";""
"202100011834";"180 570";"A01";"1";"1";"0";"2";"1";"1";"5";""
"202100011835";"180 566";"C01";"1";"7";"0";"2";"4";"2";"1";""
"202100011835";"180 567";"A01";"1";"7";"1";"0";"0";"0";"1";""
"202100011835";"180 568";"B01";"1";"7";"1";"0";"0";"0";"1";""
"202100011836";"180 564";"B01";"3";"1";"0";"2";"1";"25";"0";""
"202100011836";"180 565";"A01";"3";"7";"0";"9";"2";"26";"1";""
"202100011837";"180 563";"A01";"2";"7";"9";"0";"1";"0";"1";""
"202100011838";"180 558";"D01";"2";"7";"0";"2";"1";"1";"1";""
"202100011838";"180 559";"E01";"2";"32";"0";"2";"1";"2";"1";""
"202100011838";"180 560";"C01";"2";"7";"0";"2";"4";"2";"1";""
"202100011838";"180 561";"B01";"2";"7";"0";"2";"6";"1";"1";""
"202100011838";"180 562";"A01";"2";"43";"0";"2";"2";"3";"1";""
"202100011839";"180 556";"A01";"1";"17";"0";"2";"1";"1";"1";""
"202100011839";"180 557";"B01";"1";"7";"0";"2";"4";"11";"2";""
"202100011840";"180 555";"A01";"1";"33";"0";"1";"3";"1";"1";""
"202100011841";"180 553";"A01";"1";"37";"0";"2";"1";"1";"2";"1"
"202100011841";"180 554";"B01";"2";"80";"0";"2";"1";"5";"3";""
"202100011842";"180 552";"A01";"2";"80";"0";"1";"1";"8";"3";""
"202100011843";"180 549";"A01";"1";"33";"0";"2";"8";"17";"1";""
"202100011843";"180 550";"B01";"1";"7";"0";"2";"8";"13";"1";""
"202100011843";"180 551";"C01";"1";"7";"0";"2";"3";"24";"1";""
"202100011844";"180 547";"B01";"2";"1";"0";"2";"1";"1";"5";""
"202100011844";"180 548";"A01";"1";"7";"0";"2";"2";"16";"1";""
"202100011845";"180 546";"A01";"1";"30";"0";"1";"1";"7";"1";""
"202100011846";"180 544";"B01";"2";"30";"0";"2";"3";"7";"3";""
"202100011846";"180 545";"A01";"2";"7";"0";"2";"5";"16";"1";""
"202100011847";"180 543";"A01";"1";"33";"0";"0";"7";"9";"1";""
"202100011848";"180 542";"A01";"2";"32";"14";"2";"3";"21";"1";""
"202100011849";"180 541";"A01";"1";"1";"0";"1";"1";"1";"5";""
"202100011850";"180 540";"A01";"3";"1";"0";"0";"0";"1";"5";""
"202100011851";"180 539";"A01";"2";"1";"0";"1";"1";"21";"5";""
"202100011852";"180 537";"B01";"2";"1";"0";"2";"8";"1";"5";""
"202100011852";"180 538";"A01";"1";"14";"0";"2";"2";"15";"1";""
"202100011853";"180 536";"A01";"1";"32";"0";"1";"1";"17";"1";""
"202100011854";"180 534";"A01";"2";"7";"0";"2";"1";"5";"1";""
"202100011854";"180 535";"B01";"1";"30";"0";"2";"1";"1";"1";""
"202100011855";"180 533";"A01";"1";"32";"0";"1";"0";"1";"1";""
"202100011856";"180 531";"B01";"2";"31";"0";"2";"4";"1";"1";""
"202100011856";"180 532";"A01";"2";"10";"0";"2";"3";"2";"1";""
"202100011857";"180 529";"B01";"1";"10";"0";"2";"1";"1";"1";""
"202100011857";"180 530";"A01";"1";"1";"0";"2";"7";"1";"5";""
"202100011858";"180 527";"B01";"1";"7";"0";"2";"1";"1";"1";""
"202100011858";"180 528";"Z01";"2";"7";"0";"2";"1";"10";"1";""
"202100011859";"180 525";"A01";"3";"7";"0";"2";"1";"1";"1";""
"202100011859";"180 526";"B01";"3";"2";"0";"2";"3";"16";"3";""
"202100011860";"180 522";"B01";"3";"2";"0";"2";"1";"0";"1";""
"202100011860";"180 523";"A01";"1";"10";"0";"2";"3";"15";"1";""
"202100011861";"180 521";"A01";"3";"7";"0";"1";"1";"15";"1";""
"202100011862";"180 519";"B01";"2";"13";"0";"2";"3";"16";"1";""
"202100011862";"180 520";"A01";"1";"7";"0";"2";"3";"13";"1";""
"202100011863";"180 516";"Z01";"1";"10";"0";"2";"0";"2";"1";""
"202100011863";"180 517";"C01";"1";"10";"0";"2";"4";"2";"1";""
"202100011863";"180 518";"B01";"1";"7";"0";"2";"4";"2";"1";""
"202100011864";"180 514";"B01";"2";"33";"0";"2";"1";"1";"1";""
"202100011864";"180 515";"A01";"1";"10";"0";"2";"7";"15";"1";""
"202100011865";"180 511";"B01";"1";"34";"0";"0";"0";"0";"0";""
"202100011865";"180 512";"A01";"1";"7";"0";"2";"3";"11";"0";""
"202100011866";"180 509";"A01";"1";"2";"0";"2";"1";"21";"0";""
"202100011866";"180 510";"B01";"1";"3";"0";"2";"3";"1";"0";""
"202100011867";"180 507";"B01";"1";"7";"0";"2";"4";"2";"0";""
"202100011867";"180 508";"A01";"1";"33";"0";"2";"1";"2";"0";""
"202100011868";"180 506";"A01";"1";"32";"0";"2";"7";"1";"1";""
"202100011869";"180 505";"A01";"2";"30";"12";"2";"8";"17";"1";""
"202100011870";"180 502";"C01";"1";"7";"0";"2";"3";"23";"1";""
"202100011870";"180 503";"B01";"1";"10";"0";"2";"8";"1";"1";""
"202100011870";"180 504";"A01";"2";"10";"0";"2";"1";"11";"1";""
"202100011871";"180 501";"A01";"3";"7";"9";"0";"1";"16";"1";""
"202100011872";"180 500";"A01";"0";"31";"0";"0";"2";"1";"1";""
"202100011873";"180 499";"A01";"1";"13";"0";"1";"3";"1";"1";""
"202100011874";"180 498";"A01";"1";"7";"0";"1";"6";"1";"1";""
"202100011875";"180 496";"B01";"1";"7";"0";"2";"1";"1";"1";""
"202100011875";"180 497";"A01";"2";"7";"0";"2";"2";"9";"1";""
"202100011876";"180 495";"A01";"3";"7";"0";"1";"4";"26";"0";""
"202100011877";"180 493";"A01";"1";"7";"0";"0";"3";"13";"1";""
"202100011877";"180 494";"B01";"1";"7";"0";"0";"8";"26";"1";""
"202100011878";"180 491";"B01";"0";"60";"0";"2";"3";"1";"5";""
"202100011878";"180 492";"A01";"0";"7";"0";"2";"1";"25";"1";""
"202100011879";"180 490";"A01";"3";"99";"13";"0";"8";"13";"1";""
"202100011880";"180 488";"A01";"2";"7";"0";"2";"3";"11";"1";""
"202100011880";"180 489";"B01";"2";"33";"0";"2";"7";"1";"1";""
"202100011881";"180 487";"A01";"2";"10";"0";"1";"2";"16";"1";""
"202100011882";"180 485";"A01";"3";"7";"0";"2";"3";"15";"1";""
"202100011882";"180 486";"B01";"3";"32";"0";"2";"2";"13";"1";""
"202100011883";"180 484";"A01";"2";"7";"0";"1";"2";"1";"1";""
"202100011884";"180 482";"B01";"1";"7";"0";"2";"1";"1";"1";""
"202100011884";"180 483";"A01";"2";"7";"0";"2";"1";"5";"1";""
"202100011885";"180 481";"A01";"2";"7";"0";"1";"1";"1";"1";""
"202100011886";"180 478";"C01";"2";"50";"0";"2";"8";"19";"3";""
"202100011886";"180 479";"B01";"1";"7";"0";"2";"1";"1";"1";""
"202100011886";"180 480";"A01";"2";"7";"0";"2";"3";"1";"1";""
"202100011887";"180 476";"A01";"1";"7";"0";"2";"1";"13";"1";""
"202100011887";"180 477";"B01";"2";"7";"0";"2";"1";"1";"1";""
"202100011888";"180 474";"A01";"1";"7";"0";"2";"1";"13";"1";""
"202100011888";"180 475";"B01";"2";"7";"0";"2";"1";"1";"1";""
"202100011889";"180 473";"A01";"1";"7";"6";"0";"8";"20";"1";""
"202100011890";"180 472";"A01";"0";"7";"0";"1";"6";"15";"1";""
"202100011891";"180 470";"B01";"3";"2";"0";"2";"1";"1";"1";""
"202100011891";"180 471";"A01";"3";"7";"0";"2";"3";"1";"1";""
"202100011892";"180 469";"A01";"1";"7";"3";"0";"3";"12";"1";""
"202100011893";"180 467";"A01";"0";"1";"0";"2";"8";"1";"5";""
"202100011893";"180 468";"B01";"0";"10";"0";"2";"0";"1";"0";""
"202100011894";"180 465";"A01";"2";"33";"0";"0";"1";"2";"1";""
"202100011894";"180 466";"B01";"2";"7";"0";"0";"4";"15";"1";""
"202100011895";"180 463";"A01";"1";"7";"0";"2";"2";"0";"1";""
"202100011895";"180 464";"B01";"2";"13";"0";"2";"2";"0";"1";""
"202100011896";"180 462";"A01";"2";"7";"0";"1";"2";"1";"1";""
"202100011897";"180 460";"B01";"1";"1";"0";"2";"1";"1";"5";""
"202100011897";"180 461";"A01";"2";"7";"0";"2";"1";"1";"1";""
"202100011898";"180 458";"C01";"3";"7";"0";"0";"8";"9";"1";""
"202100011898";"180 459";"B01";"1";"10";"0";"2";"1";"1";"1";""
"202100011899";"180 456";"A01";"1";"7";"0";"2";"3";"0";"1";""
"202100011899";"180 457";"B01";"2";"7";"0";"2";"3";"0";"1";""
"202100011900";"180 454";"B01";"2";"7";"0";"2";"3";"19";"1";""
"202100011900";"180 455";"A01";"2";"34";"0";"2";"1";"17";"1";""
"202100011901";"180 453";"A01";"1";"13";"10";"0";"4";"1";"1";""
"202100011902";"180 450";"B01";"2";"16";"0";"0";"0";"0";"1";""
"202100011902";"180 451";"D01";"2";"7";"1";"0";"1";"21";"1";""
"202100011902";"180 452";"A01";"2";"7";"0";"2";"2";"17";"1";""
"202100011903";"180 448";"A01";"0";"7";"0";"2";"2";"26";"1";""
"202100011903";"180 449";"B01";"0";"2";"0";"2";"1";"1";"1";""
"202100011904";"180 447";"A01";"2";"7";"2";"0";"1";"13";"1";""
"202100011905";"180 445";"A01";"2";"7";"0";"2";"3";"13";"3";""
"202100011905";"180 446";"B01";"1";"13";"0";"2";"1";"21";"1";""
"202100011906";"180 443";"A01";"1";"31";"0";"2";"1";"1";"1";""
"202100011906";"180 444";"B01";"1";"7";"0";"0";"4";"23";"1";""
"202100011907";"180 441";"A01";"1";"7";"0";"2";"1";"1";"1";""
"202100011907";"180 442";"B01";"2";"7";"0";"2";"2";"15";"1";""
"202100011908";"180 437";"A01";"0";"7";"0";"2";"1";"15";"1";""
"202100011908";"180 438";"B01";"0";"2";"0";"0";"2";"1";"1";""
"202100011909";"180 436";"A01";"2";"7";"2";"0";"7";"1";"0";""
"202100011910";"180 435";"A01";"3";"10";"0";"1";"3";"13";"1";""
"202100011911";"180 433";"B01";"1";"7";"8";"0";"3";"1";"1";""
"202100011911";"180 434";"A01";"2";"7";"8";"0";"2";"14";"1";""
"202100011912";"180 432";"A01";"3";"7";"2";"0";"1";"0";"1";""
"202100011913";"180 431";"A01";"1";"7";"13";"0";"2";"13";"1";""
"202100011914";"180 430";"A01";"2";"7";"2";"0";"9";"0";"1";""
"202100011915";"180 428";"B01";"1";"7";"0";"2";"6";"15";"0";""
"202100011915";"180 429";"A01";"1";"32";"0";"2";"7";"17";"1";""
"202100011916";"180 427";"A01";"2";"7";"0";"1";"1";"1";"1";""
"202100011917";"180 425";"B01";"1";"1";"0";"2";"1";"15";"5";""
"202100011917";"180 426";"A01";"2";"7";"0";"2";"1";"6";"1";""
"202100011918";"180 424";"A01";"1";"13";"2";"0";"3";"1";"1";""
"202100011919";"180 421";"A01";"1";"17";"0";"1";"2";"1";"1";""
"202100011920";"180 419";"A01";"1";"7";"0";"2";"1";"13";"1";""
"202100011920";"180 420";"B01";"2";"7";"0";"2";"1";"1";"1";""
"202100011921";"180 417";"A01";"0";"14";"0";"2";"6";"26";"1";""
"202100011921";"180 418";"B01";"2";"7";"0";"2";"2";"1";"1";""
"202100011922";"180 415";"A01";"1";"7";"0";"0";"4";"2";"1";""
"202100011922";"180 416";"B01";"1";"7";"0";"2";"1";"2";"1";""
"202100011923";"180 411";"B01";"2";"31";"0";"6";"1";"1";"1";""
"202100011923";"180 412";"A01";"2";"7";"0";"6";"3";"1";"1";""
"202100011924";"180 409";"B01";"1";"7";"0";"2";"3";"17";"1";""
"202100011924";"180 410";"A01";"2";"7";"0";"2";"8";"1";"1";""
"202100011925";"180 408";"A01";"2";"7";"0";"1";"1";"1";"1";""
"202100011926";"180 407";"A01";"1";"31";"0";"0";"0";"0";"1";""
"202100011927";"180 405";"A01";"2";"7";"7";"0";"4";"16";"1";""
"202100011927";"180 406";"B01";"2";"7";"0";"2";"1";"1";"1";""
"202100011928";"180 403";"B01";"2";"31";"0";"2";"1";"17";"1";""
"202100011928";"180 404";"A01";"2";"7";"0";"2";"3";"15";"1";""
"202100011929";"180 401";"A01";"2";"7";"0";"2";"1";"15";"1";""
"202100011929";"180 402";"B01";"1";"2";"0";"2";"8";"0";"1";""
"202100011930";"180 399";"B01";"1";"7";"13";"2";"4";"2";"1";""
"202100011930";"180 400";"A01";"1";"10";"0";"2";"1";"2";"1";""
"202100011931";"180 397";"A01";"2";"7";"0";"0";"5";"1";"1";""
"202100011931";"180 398";"B01";"3";"10";"0";"2";"1";"9";"1";""
"202100011932";"180 396";"A01";"0";"7";"9";"0";"9";"1";"1";""
"202100011933";"180 395";"A01";"0";"7";"0";"1";"1";"0";"1";""
"202100011934";"180 394";"A01";"1";"7";"0";"1";"2";"1";"1";""
"202100011935";"180 393";"A01";"1";"7";"0";"1";"2";"1";"1";""
"202100011936";"180 390";"C01";"1";"7";"0";"2";"8";"1";"1";""
"202100011936";"180 391";"B01";"2";"7";"0";"2";"3";"9";"3";""
"202100011936";"180 392";"A01";"1";"7";"0";"2";"3";"17";"1";""
"202100011937";"180 388";"A01";"1";"7";"0";"2";"1";"1";"1";""
"202100011937";"180 389";"B01";"2";"7";"0";"0";"3";"1";"1";""
"202100011938";"180 386";"B01";"1";"7";"0";"2";"1";"0";"1";""
"202100011938";"180 387";"A01";"1";"7";"0";"2";"4";"24";"1";""
"202100011939";"180 385";"A01";"2";"7";"4";"0";"3";"1";"1";""
"202100011940";"180 383";"A01";"1";"10";"0";"2";"4";"2";"1";""
"202100011940";"180 384";"B01";"1";"10";"0";"2";"1";"2";"1";""
"202100011941";"180 382";"A01";"1";"33";"14";"0";"2";"1";"1";""
"202100011942";"180 379";"C01";"2";"10";"0";"2";"8";"1";"1";""
"202100011942";"180 380";"B01";"2";"7";"0";"2";"7";"1";"1";""
"202100011942";"180 381";"A01";"2";"7";"0";"2";"8";"2";"1";""
"202100011943";"180 375";"D01";"1";"7";"0";"2";"4";"2";"3";""
"202100011943";"180 376";"C01";"1";"7";"0";"2";"4";"2";"1";""
"202100011943";"180 377";"B01";"1";"7";"0";"2";"4";"2";"1";""
"202100011943";"180 378";"A01";"1";"7";"0";"2";"1";"2";"1";""
"202100011944";"180 373";"A01";"1";"10";"0";"2";"5";"12";"1";""
"202100011944";"180 374";"B01";"1";"31";"0";"2";"1";"3";"1";""
"202100011945";"180 371";"B01";"1";"31";"0";"2";"1";"3";"1";""
"202100011945";"180 372";"A01";"1";"10";"0";"2";"7";"12";"1";""
"202100011946";"180 369";"A01";"1";"7";"4";"2";"7";"1";"1";""
"202100011946";"180 370";"B01";"1";"7";"0";"2";"8";"11";"1";""
"202100011947";"180 367";"B01";"1";"7";"0";"2";"4";"2";"1";""
"202100011947";"180 368";"A01";"1";"7";"0";"2";"1";"2";"1";""
"202100011948";"180 365";"A01";"2";"33";"0";"2";"8";"3";"1";""
"202100011948";"180 366";"Z01";"2";"10";"0";"2";"0";"0";"1";""
"202100011949";"180 364";"A01";"2";"33";"3";"0";"9";"1";"1";""
"202100011950";"180 363";"A01";"2";"7";"4";"0";"8";"1";"1";""
"202100011951";"180 361";"B01";"2";"7";"0";"2";"6";"0";"1";""
"202100011951";"180 362";"A01";"2";"7";"4";"2";"1";"2";"1";""
"202100011952";"180 359";"A01";"2";"7";"0";"2";"8";"11";"1";""
"202100011952";"180 360";"B01";"2";"32";"0";"2";"7";"3";"1";""
"202100011953";"180 357";"A01";"1";"7";"0";"2";"1";"1";"1";""
"202100011953";"180 358";"B01";"1";"10";"0";"2";"4";"1";"1";""
"202100011954";"180 354";"A01";"1";"7";"0";"2";"2";"12";"1";""
"202100011954";"180 355";"B01";"1";"10";"0";"2";"6";"1";"1";""
"202100011954";"180 356";"C01";"1";"15";"0";"2";"6";"1";"1";""
"202100011955";"180 352";"B01";"2";"33";"0";"2";"8";"3";"1";""
"202100011955";"180 353";"A01";"2";"7";"0";"2";"5";"12";"3";""
"202100011956";"180 351";"A01";"2";"7";"15";"0";"0";"1";"1";""
"202100011957";"180 349";"B01";"3";"60";"0";"2";"7";"1";"5";""
"202100011957";"180 350";"A01";"3";"7";"0";"9";"1";"9";"1";""
"202100011958";"180 348";"A01";"2";"7";"2";"0";"2";"1";"1";""
"202100011959";"180 346";"B01";"1";"1";"0";"2";"4";"1";"5";""
"202100011959";"180 347";"Z01";"3";"7";"0";"2";"1";"1";"1";""
"202100011960";"180 342";"B01";"1";"7";"0";"2";"4";"1";"1";""
"202100011960";"180 343";"A01";"1";"7";"0";"2";"1";"1";"1";""
"202100011961";"180 340";"A01";"3";"33";"0";"2";"1";"1";"1";""
"202100011961";"180 341";"B01";"3";"7";"0";"2";"2";"15";"2";""
"202100011962";"180 339";"A01";"3";"7";"13";"0";"0";"0";"1";""
"202100011963";"180 336";"A01";"2";"7";"0";"2";"3";"1";"1";""
"202100011963";"180 337";"C01";"2";"1";"0";"2";"1";"1";"5";""
"202100011963";"180 338";"B01";"1";"33";"0";"2";"1";"17";"1";""
"202100011964";"180 334";"B01";"1";"80";"0";"2";"1";"2";"3";""
"202100011964";"180 335";"A01";"1";"15";"0";"2";"4";"1";"1";""
"202100011965";"180 332";"Z01";"1";"7";"0";"2";"1";"2";"0";""
"202100011965";"180 333";"A01";"1";"2";"0";"2";"6";"2";"1";""