"Num_Acc";"id_vehicule";"num_veh";"senc";"catv";"obs";"obsm";"choc";"manv";"motor";"occutc"
"202100012176";"179 955";"B01";"1";"2";"0";"2";"1";"2";"1";""
"202100012176";"179 956";"A01";"1";"7";"0";"2";"4";"9";"1";""
"202100012177";"179 953";"A01";"3";"7";"0";"2";"3";"15";"1";""
"202100012177";"179 954";"B01";"3";"7";"0";"2";"8";"1";"1";""
"202100012178";"179 951";"A01";"3";"7";"0";"2";"2";"15";"1";""
"202100012178";"179 952";"B01";"1";"31";"0";"2";"1";"1";"1";""
"202100012179";"179 949";"B01";"0";"7";"0";"2";"1";"15";"1";""
"202100012179";"179 950";"A01";"0";"50";"0";"2";"1";"1";"3";""
"202100012180";"179 946";"C01";"3";"10";"14";"0";"1";"0";"0";""
"202100012180";"179 947";"B01";"3";"10";"14";"0";"4";"0";"0";""
"202100012180";"179 948";"A01";"3";"10";"14";"0";"4";"26";"0";""
"202100012181";"179 944";"B01";"3";"7";"0";"2";"2";"1";"1";""
"202100012181";"179 945";"A01";"3";"7";"0";"2";"6";"19";"1";""
"202100012182";"179 941";"B01";"1";"7";"0";"1";"3";"1";"1";""
"202100012183";"179 939";"B01";"1";"7";"0";"2";"3";"0";"1";""
"202100012183";"179 940";"A01";"2";"30";"0";"2";"1";"26";"1";""
"202100012184";"179 938";"A01";"0";"7";"16";"0";"1";"1";"1";""
"202100012185";"179 936";"B01";"1";"7";"0";"2";"3";"15";"1";""
"202100012185";"179 937";"A01";"1";"33";"0";"2";"2";"17";"1";""
"202100012186";"179 935";"A01";"1";"7";"0";"1";"2";"1";"1";""
"202100012187";"179 934";"A01";"3";"7";"0";"1";"2";"9";"1";""
"202100012188";"179 932";"A01";"3";"7";"0";"2";"1";"1";"1";""
"202100012188";"179 933";"B01";"3";"1";"0";"2";"7";"19";"5";""
"202100012189";"179 930";"A01";"1";"7";"1";"2";"5";"15";"1";""
"202100012189";"179 931";"B01";"2";"7";"0";"2";"2";"1";"3";""
"202100012190";"179 929";"A01";"3";"7";"0";"1";"1";"1";"1";""
"202100012191";"179 927";"A01";"1";"7";"0";"2";"3";"13";"1";""
"202100012191";"179 928";"B01";"2";"1";"0";"2";"1";"1";"5";""
"202100012192";"179 925";"B01";"3";"60";"0";"2";"7";"19";"5";""
"202100012192";"179 926";"A01";"3";"7";"0";"9";"1";"15";"1";""
"202100012193";"179 923";"B01";"1";"7";"8";"2";"1";"24";"1";""
"202100012193";"179 924";"A01";"1";"7";"1";"0";"1";"1";"1";""
"202100012194";"179 921";"B01";"2";"1";"0";"2";"4";"1";"0";""
"202100012194";"179 922";"A01";"2";"7";"0";"2";"1";"16";"1";""
"202100012195";"179 919";"A01";"2";"2";"0";"2";"3";"19";"1";""
"202100012195";"179 920";"B01";"1";"7";"0";"2";"2";"2";"1";""
"202100012196";"179 917";"A01";"1";"7";"14";"2";"8";"26";"1";""
"202100012196";"179 918";"B01";"1";"7";"0";"2";"7";"15";"1";""
"202100012197";"179 913";"A01";"1";"7";"0";"2";"1";"2";"1";""
"202100012197";"179 914";"B01";"1";"7";"0";"2";"4";"2";"1";""
"202100012197";"179 915";"C01";"1";"7";"0";"2";"4";"1";"1";""
"202100012197";"179 916";"D01";"1";"7";"0";"2";"4";"1";"1";""
"202100012198";"179 911";"A01";"1";"7";"0";"2";"1";"0";"6";""
"202100012198";"179 912";"B01";"1";"7";"0";"2";"8";"0";"6";""
"202100012199";"179 909";"B01";"1";"50";"0";"2";"1";"1";"3";""
"202100012199";"179 910";"A01";"1";"7";"0";"9";"3";"15";"1";""
"202100012200";"179 908";"A01";"3";"7";"0";"1";"3";"15";"1";""
"202100012201";"179 906";"Z01";"1";"7";"0";"2";"1";"2";"0";""
"202100012201";"179 907";"B01";"1";"7";"0";"2";"4";"1";"1";""
"202100012202";"179 904";"B01";"0";"1";"0";"0";"0";"15";"5";""
"202100012202";"179 905";"A01";"0";"3";"0";"2";"5";"17";"1";""
"202100012203";"179 903";"A01";"1";"80";"0";"0";"0";"15";"3";""
"202100012204";"179 902";"A01";"1";"7";"0";"1";"3";"1";"1";""
"202100012205";"179 900";"B01";"2";"1";"1";"2";"1";"1";"5";""
"202100012205";"179 901";"A01";"1";"7";"0";"2";"1";"22";"1";""
"202100012206";"179 897";"A01";"2";"33";"0";"2";"5";"3";"1";""
"202100012206";"179 898";"B01";"2";"7";"0";"0";"8";"23";"1";""
"202100012206";"179 899";"C01";"2";"7";"0";"0";"8";"23";"1";""
"202100012207";"179 895";"A01";"3";"7";"0";"2";"3";"9";"1";""
"202100012207";"179 896";"B01";" -1";"7";"0";"2";"2";"1";"1";""
"202100012208";"179 894";"A01";"1";"3";"0";"1";"2";"26";"1";""
"202100012209";"179 892";"B01";"2";"33";"0";"2";"5";"1";"1";""
"202100012209";"179 893";"A01";"2";"7";"0";"2";"2";"15";"1";""
"202100012210";"179 891";"A01";"3";"7";"0";"1";"1";"1";"1";""
"202100012211";"179 888";"C01";"0";"1";"0";"9";"1";"1";"5";""
"202100012211";"179 889";"B01";"0";"1";"0";"2";"1";"1";"5";""
"202100012211";"179 890";"A01";"0";"7";"0";"9";"3";"15";"1";""
"202100012212";"179 886";"A01";"3";"30";"0";"2";"2";"15";"1";""
"202100012212";"179 887";"B01";"3";"7";"0";"2";"3";"1";"1";""
"202100012213";"179 884";"B01";"1";"10";"0";"2";"6";"2";"1";""
"202100012213";"179 885";"A01";"1";"7";"0";"2";"2";"1";"1";""
"202100012214";"179 883";"D01";"1";"7";"0";"1";"1";"17";" -1";""
"202100012215";"179 882";"A01";"2";"30";"0";"0";"2";"2";"1";""
"202100012216";"179 881";"A01";"3";"7";"15";"0";"7";"1";"1";""
"202100012217";"179 880";"A01";"0";"7";"0";"1";"1";"9";"1";""
"202100012218";"179 879";"A01";"0";"1";"12";"0";"1";"1";"5";""
"202100012219";"179 877";"A01";"0";"7";"0";"2";"1";"13";"1";""
"202100012219";"179 878";"B01";"0";"1";"0";"2";"2";"1";"5";""
"202100012220";"179 876";"A01";"0";"1";"0";"0";"0";"1";"5";""
"202100012221";"179 874";"A01";"1";"7";"0";"2";"3";"15";"1";""
"202100012221";"179 875";"B01";"1";"2";"0";"2";"7";"1";"1";""
"202100012222";"179 873";"A01";"2";"7";"0";"1";"1";"1";"1";""
"202100012223";"179 871";"A01";"1";"7";"0";"2";"1";"13";"1";""
"202100012223";"179 872";"B01";"2";"1";"0";"2";"1";"1";"0";""
"202100012224";"179 869";"GB01";"3";"50";"0";"2";"1";"1";"3";""
"202100012224";"179 870";"A01";"3";"7";"0";"2";"2";"19";"1";""
"202100012225";"179 867";"A01";"3";"50";"0";"2";"7";"1";"3";""
"202100012225";"179 868";"B01";"2";"10";"0";"2";"1";"9";"1";""
"202100012226";"179 866";"A01";"1";"10";"0";"1";"1";"1";"1";""
"202100012227";"179 865";"A01";"0";"7";"1";"0";"1";"1";"1";""
"202100012228";"179 864";"Z01";"3";"7";"0";"1";"2";"1";"0";""
"202100012229";"179 862";"A01";"2";"1";"0";"2";"1";"8";"5";""
"202100012229";"179 863";"B01";"1";"3";"0";"2";"3";"15";"1";""
"202100012230";"179 861";"A01";"3";"7";"0";"1";"3";"1";"1";""
"202100012231";"179 859";"B01";"2";"33";"0";"2";"1";"7";"1";""
"202100012231";"179 860";"A01";"3";"7";"0";"2";"3";"15";"1";""
"202100012232";"179 858";"A01";"2";"7";"0";"1";"7";"1";"1";""
"202100012233";"179 856";"B01";"1";"7";"0";"2";"3";"1";"1";""
"202100012233";"179 857";"A01";"2";"7";"0";"2";"2";"15";"1";""
"202100012234";"179 854";"C01";"1";"7";"0";"2";"1";"1";"1";""
"202100012234";"179 855";"A01";"1";"7";"1";"2";"2";"1";"1";""
"202100012235";"179 852";"A01";"1";"7";"16";"0";"4";"23";"1";""
"202100012235";"179 853";"B01";"1";"7";"0";"2";"1";"24";"1";""
"202100012236";"179 849";"C01";"2";"7";"0";"2";"3";"1";"1";""
"202100012236";"179 850";"B01";"1";"10";"0";"2";"4";"15";"0";""
"202100012236";"179 851";"A01";"1";"10";"0";"2";"1";"1";"1";""
"202100012237";"179 847";"A01";"2";"50";"0";"2";"3";"1";"3";""
"202100012237";"179 848";"B01";"1";"7";"0";"2";"1";"9";"1";""
"202100012238";"179 846";"A01";"2";"7";"4";"0";"1";"21";"1";""
"202100012239";"179 844";"B01";"2";"10";"0";"2";"7";"1";"1";""
"202100012239";"179 845";"A01";"2";"14";"0";"2";"3";"11";"1";""
"202100012240";"179 842";"B01";"1";"10";"0";"2";"5";"2";"1";""
"202100012240";"179 843";"A01";"1";"32";"0";"2";"3";"2";"1";""
"202100012241";"179 840";"A01";"2";"31";"0";"2";"1";"21";"1";""
"202100012241";"179 841";"B01";"2";"7";"0";"2";"6";"1";"1";""
"202100012242";"179 839";"A01";"1";"1";"0";"1";"6";"1";"5";""
"202100012243";"179 838";"Z01";"1";"7";"0";"1";"1";"1";"1";""
"202100012244";"179 836";"A01";"2";"30";"0";"2";"1";"1";"1";""
"202100012244";"179 837";"Z01";"1";"34";"9";"2";"1";"13";"0";""
"202100012245";"179 834";"B01";"1";"32";"0";"2";"3";"1";"1";""
"202100012245";"179 835";"A01";"2";"7";"0";"2";"1";"15";"1";""
"202100012246";"179 832";"B01";"2";"32";"0";"2";"1";"1";"1";""
"202100012246";"179 833";"A01";"1";"30";"0";"2";"1";"9";"1";""
"202100012247";"179 830";"A01";"1";"33";"0";"2";"1";"7";"0";""
"202100012247";"179 831";"B01";"1";"1";"0";"2";"6";"11";"5";""
"202100012248";"179 829";"A01";"1";"1";"0";"1";"1";"1";"5";""
"202100012249";"179 828";"A01";"1";"7";"0";"1";"2";"1";"1";""
"202100012250";"179 827";"A01";"1";"7";"0";"1";"1";"1";"1";""
"202100012251";"179 825";"A01";"1";"1";"0";"2";"1";"1";"5";""
"202100012251";"179 826";"B01";"1";"7";"0";"2";"8";"1";"1";""
"202100012252";"179 823";"B01";"1";"37";"0";"2";"7";"15";"2";"1"
"202100012252";"179 824";"A01";"1";"1";"0";"2";"8";"13";"5";""
"202100012253";"179 822";"A01";"3";"60";"0";"0";"1";"25";"5";""
"202100012254";"179 820";"B01";"2";"33";"0";"2";"1";"1";"1";""
"202100012254";"179 821";"A01";"0";"7";"8";"2";"3";"9";"1";""
"202100012255";"179 819";"A01";"2";"7";"0";"1";"3";"26";"1";""
"202100012256";"179 818";"A01";"1";"7";"0";"1";"2";"12";"1";""
"202100012257";"179 816";"B01";"3";"33";"0";"2";"7";"1";"1";""
"202100012257";"179 817";"A01";"3";"7";"0";"2";"6";"11";"1";""
"202100012258";"179 814";"A01";"1";"7";"0";"2";"5";"1";"1";""
"202100012258";"179 815";"B01";"1";"2";"0";"2";"1";"1";"1";""
"202100012259";"179 812";"B01";"1";"50";"0";"2";"0";"0";"3";""
"202100012259";"179 813";"A01";"1";"7";"0";"2";"3";"1";"1";""
"202100012260";"179 810";"B01";"3";"7";"0";"0";"2";"2";"1";""
"202100012260";"179 811";"A01";"3";"7";"0";"0";"6";"24";"1";""
"202100012261";"179 807";"A01";"3";"7";"0";"2";"2";"15";"1";""
"202100012261";"179 808";"B01";"3";"7";"0";"2";"1";"1";"1";""
"202100012261";"179 809";"C01";"3";"7";"0";"2";"1";"1";"1";""
"202100012262";"179 805";"P01";"2";"0";"0";"2";"8";"19";"0";""
"202100012262";"179 806";"A01";"2";"7";"0";"1";"8";"1";"0";""
"202100012263";"179 804";"A01";"1";"7";"0";"1";"1";"15";"1";""
"202100012264";"179 803";"A01";"1";"7";"0";"1";"2";"1";"1";""
"202100012265";"179 801";"B01";"1";"32";"0";"2";"1";"1";"1";""
"202100012265";"179 802";"A01";"2";"7";"0";"2";"3";"9";"1";""
"202100012266";"179 799";"B01";"1";"7";"0";"2";"6";"1";"1";""
"202100012266";"179 800";"A01";"1";"30";"0";"2";"2";"21";"1";""
"202100012267";"179 797";"B01";"2";"33";"0";"2";"1";"3";"1";""
"202100012267";"179 798";"A01";"3";"7";"0";"2";"3";"15";"1";""
"202100012268";"179 795";"B01";"1";"2";"0";"2";"3";"1";"1";""
"202100012268";"179 796";"A01";"1";"13";"0";"2";"5";"12";"1";""
"202100012269";"179 793";"A01";" -1";"30";"1";"0";"0";"0";"1";""
"202100012269";"179 794";"B01";"1";"1";"0";"0";"0";"0";"5";""
"202100012270";"179 792";"A01";"0";"0";"0";"1";"1";"26";"0";""
"202100012271";"179 790";"B01";"1";"50";"0";"2";"1";"9";"3";""
"202100012271";"179 791";"A01";"1";"7";"0";"2";"1";"9";"1";""
"202100012272";"179 789";"A01";"3";"10";"1";"1";"1";"9";"1";""
"202100012273";"179 788";"A01";"3";"33";"12";"0";"0";"23";"1";""
"202100012274";"179 787";"A01";"1";"30";"0";"1";"1";"1";"1";""
"202100012275";"179 785";"A01";"1";"7";"0";"2";"2";"1";"1";""
"202100012275";"179 786";"B01";"2";"34";"0";"2";"1";"15";"1";""
"202100012276";"179 783";"B01";"0";"7";"0";"2";"6";"1";"1";""
"202100012276";"179 784";"A01";"0";"30";"0";"2";"0";"0";"1";""
"202100012277";"179 781";"B01";"3";"1";"0";"2";"3";"9";"5";""
"202100012277";"179 782";"A01";"3";"32";"0";"2";"2";"9";"1";""
"202100012278";"179 780";"A01";"2";"7";"1";"1";"6";"24";"1";""
"202100012279";"179 779";"A01";"1";"30";"0";"0";"0";"17";"1";""
"202100012280";"179 777";"A01";"2";"7";"0";"2";"3";"1";"1";""
"202100012280";"179 778";"B01";"1";"1";"0";"2";"1";"1";"0";""
"202100012281";"179 775";"B01";"2";"37";"0";"2";"4";"23";"6";"1"
"202100012281";"179 776";"A01";"2";"43";"0";"2";"2";"18";"1";""
"202100012282";"179 774";"A01";"3";"7";"6";"0";"1";"1";"0";""
"202100012283";"179 773";"A01";"1";"7";"13";"0";"1";"1";"1";""
"202100012284";"179 771";"A01";"1";"7";"0";"2";"3";"13";"1";""
"202100012284";"179 772";"B01";"2";"7";"0";"2";"3";"1";"1";""
"202100012285";"179 770";"A01";"2";"10";"8";"1";"1";"1";"1";""
"202100012286";"179 768";"A01";"1";"1";"0";"2";"3";"1";"5";""
"202100012286";"179 769";"B01";"2";"2";"0";"9";"2";"17";"1";""
"202100012287";"179 767";"A01";"3";"33";"8";"9";"6";"17";"1";""
"202100012288";"179 766";"A01";"1";"7";"6";"0";"1";"1";"1";""
"202100012289";"179 765";"A01";"2";"33";"13";"0";"1";"1";"1";""
"202100012290";"179 764";"A01";"1";"2";"7";"0";"1";"1";"0";""
"202100012291";"179 763";"A01";"1";"7";"0";"4";"1";"26";"3";""
"202100012292";"179 762";"A01";"2";"2";"0";"1";"1";"5";"1";""
"202100012293";"179 760";"B01";"2";"33";"0";"2";"8";"1";"1";""
"202100012293";"179 761";"A01";"2";"7";"0";"2";"2";"12";"1";""
"202100012294";"179 758";"B01";"1";"7";"0";"9";"3";"1";"1";""
"202100012294";"179 759";"A01";"2";"1";"0";"2";"1";"11";"0";""
"202100012295";"179 756";"B01";"1";"7";"0";"0";"5";"15";"1";""
"202100012295";"179 757";"A01";"1";"33";"0";"2";"1";"2";"1";""
"202100012296";"179 754";"B01";"2";"7";"6";"0";"6";"23";"1";""
"202100012296";"179 755";"A01";"2";"7";"0";"2";"2";"1";"1";""
"202100012297";"179 752";"B01";"2";"20";"0";"2";"5";"19";"1";""
"202100012297";"179 753";"A01";"2";"7";"0";"2";"2";"1";"1";""
"202100012298";"179 751";"A01";"3";"7";"0";"1";"3";"1";"1";""
"202100012299";"179 748";"B01";"2";"7";"0";"2";"1";"1";"1";""
"202100012299";"179 749";"A01";"1";"7";"0";"2";"1";"13";"0";""
"202100012299";"179 750";"C01";"1";"3";"0";"2";"8";"1";"0";""
"202100012300";"179 746";"A01";"3";"7";"0";"2";"3";"9";"1";""
"202100012300";"179 747";"B01";"3";"33";"0";"2";"1";"1";"1";""
"202100012301";"179 744";"A01";"2";"10";"0";"2";"1";"16";"1";""
"202100012301";"179 745";"B01";"2";"7";"7";"0";"7";"1";"1";""
"202100012302";"179 743";"A01";"3";"7";"8";"0";"3";"1";"1";""
"202100012303";"179 742";"A01";"1";"33";"12";"0";"1";"2";"1";""
"202100012304";"179 740";"A01";"2";"2";"0";"2";"2";"15";"1";""
"202100012304";"179 741";"B01";"1";"7";"0";"2";"3";"1";"1";""
"202100012305";"179 738";"A01";"1";"7";"0";"2";"2";"2";"1";""
"202100012305";"179 739";"B01";"1";"2";"0";"0";"4";"1";"1";""
"202100012306";"179 736";"B01";"2";"7";"0";"2";"1";"1";"1";""
"202100012306";"179 737";"A01";"1";"7";"0";"2";"1";"13";"1";""
"202100012307";"179 734";"A01";"1";"7";"0";"2";"3";"9";"2";""
"202100012307";"179 735";"B01";"2";"1";"0";"2";"4";"1";"5";""
"202100012308";"179 733";"A01";"2";"7";"2";"0";"3";"13";"1";""
"202100012309";"179 731";"B01";"2";"33";"0";"2";"1";"1";"1";""
"202100012309";"179 732";"A01";"1";"7";"0";"2";"2";"15";"1";""
"202100012310";"179 729";"B01";"2";"1";"0";"2";"1";"1";"5";""
"202100012310";"179 730";"A01";"1";"7";"0";"9";"2";"15";"1";""
"202100012311";"179 727";"A01";"2";"7";"0";"2";"7";"9";"1";""
"202100012311";"179 728";"B01";"1";"15";"0";"2";"1";"1";"1";""
"202100012312";"179 726";"A01";"1";"7";"1";"1";"2";"1";"1";""
"202100012313";"179 725";"A01";"2";"7";"3";"0";"3";"21";"1";""
"202100012314";"179 722";"A01";"2";"2";"0";"0";"0";"1";"1";""
"202100012315";"179 721";"A01";"2";"7";"13";"0";"2";"1";"1";""
"202100012316";"179 719";"B01";"3";"33";"0";"2";"7";"17";"1";""
"202100012316";"179 720";"A01";"3";"7";"0";"2";"3";"15";"1";""
"202100012317";"179 718";"A01";"2";"7";"8";"0";"1";"1";"1";""
"202100012318";"179 716";"A01";"1";"1";"0";"2";"2";"1";"5";""
"202100012318";"179 717";"B01";"1";"7";"0";"2";"3";"9";"1";""
"202100012319";"179 715";"A01";"1";"7";"0";"1";"3";"1";"1";""
"202100012320";"179 712";"B01";"1";"7";"0";"2";"4";"2";"1";""
"202100012320";"179 713";"A01";"1";"7";"0";"2";"1";"2";"1";""
"202100012320";"179 714";"C01";"1";"7";"0";"2";"5";"2";"1";""
"202100012321";"179 710";"A01";"1";"7";"0";"2";"2";"14";"1";""
"202100012321";"179 711";"B01";"1";"7";"4";"0";"9";"1";"1";""
"202100012322";"179 709";"A01";"3";"2";"4";"0";"1";"1";"1";""
"202100012323";"179 706";"C01";"2";"15";"0";"0";"4";"23";"1";""
"202100012323";"179 707";"B01";"2";"7";"0";"2";"4";"23";"1";""
"202100012323";"179 708";"A01";"2";"10";"0";"2";"1";"2";"1";""
"202100012324";"179 705";"A01";"3";"10";"0";"0";"0";"1";"1";""
"202100012325";"179 703";"A01";"1";"7";"0";"2";"1";"2";"1";""
"202100012325";"179 704";"B01";"1";"15";"0";"2";"4";"2";"1";""
"202100012326";"179 702";"A01";"1";"7";"10";"0";"1";"0";"1";""
"202100012327";"179 700";"B01";"0";"33";"0";"2";"1";"1";"1";""
"202100012327";"179 701";"A01";"0";"7";"0";"2";"8";"15";"1";""
"202100012328";"179 698";"B01";"3";"7";"12";"2";"1";"15";"1";""
"202100012328";"179 699";"A01";"3";"7";"0";"0";"6";"15";"2";""
"202100012329";"179 697";"A01";"2";"1";"0";"1";"1";"1";"5";""
"202100012330";"179 695";"A01";"1";"7";"0";"2";"3";"0";"1";""
"202100012330";"179 696";"B01";"3";"30";"0";"2";"1";"1";"1";""
"202100012331";"179 693";"B01";"2";"33";"0";"2";"1";"2";"1";""
"202100012331";"179 694";"A01";"2";"10";"0";"2";"2";"19";"1";""
"202100012332";"179 692";"A01";"1";"7";"2";"6";"3";"1";"1";""
"202100012333";"179 690";"B01";"1";"2";"0";"2";"1";"1";"1";""
"202100012333";"179 691";"A01";"2";"7";"0";"2";"3";"1";"1";""
"202100012334";"179 688";"A01";"2";"33";"0";"2";"2";"17";"1";""
"202100012334";"179 689";"B01";"2";"21";"0";"0";"8";"15";"1";""
"202100012335";"179 686";"A01";"2";"10";"0";"2";"2";"1";"1";""
"202100012335";"179 687";"B01";"2";"1";"0";"0";"4";"0";"5";""
"202100012336";"179 685";"A01";"0";"7";"0";"1";"1";"1";"1";""
"202100012337";"179 683";"B01";"0";"32";"0";"2";"3";"1";"1";""
"202100012337";"179 684";"A01";"0";"7";"0";"2";"1";"9";"1";""
"202100012338";"179 681";"A01";"1";"32";"0";"2";"7";"1";"1";""
"202100012338";"179 682";"B01";"0";"7";"0";"2";"1";"0";"1";""
"202100012339";"179 679";"B01";"1";"50";"0";"0";"8";"1";"3";""
"202100012339";"179 680";"A01";"1";"7";"0";"2";"7";"2";"1";""
"202100012340";"179 677";"A01";"3";"7";"0";"2";"1";"13";"1";""
"202100012340";"179 678";"B01";"3";"10";"0";"2";"1";"1";"1";""
"202100012341";"179 675";"A01";"0";"7";"0";"2";"3";"19";"1";""
"202100012341";"179 676";"B01";"0";"7";"0";"2";"1";"1";"1";""
"202100012342";"179 673";"B01";"2";"7";"0";"2";"1";"1";"1";""
"202100012342";"179 674";"A01";"2";"7";"6";"0";"8";"15";"1";""
"202100012343";"179 663";"A01";"1";"7";"4";"2";"5";"2";"1";""
"202100012343";"179 664";"B01";"1";"7";"4";"2";"1";"9";"1";""
"202100012343";"179 665";"C01";"1";"7";"4";"2";"4";"9";"1";""
"202100012344";"179 661";"A01";"2";"7";"3";"2";"4";"18";"1";""
"202100012344";"179 662";"B01";"2";"7";"3";"2";"1";"2";"1";""
"202100012345";"179 658";"B01";"1";"7";"0";"2";"4";"0";"1";""
"202100012345";"179 659";"C01";"1";"10";"0";"2";"1";"0";"1";""
"202100012345";"179 660";"A01";"1";"10";"0";"2";"4";"0";"1";""
"202100012346";"179 655";"A01";"2";"7";"4";"2";"4";"2";"1";""
"202100012346";"179 656";"B01";"2";"7";"4";"2";"4";"2";"1";""
"202100012346";"179 657";"C01";"2";"7";"4";"2";"1";"2";"1";""
"202100012347";"179 653";"B01";"2";"10";"0";"2";"8";"11";"1";""
"202100012347";"179 654";"A01";"2";"33";"0";"2";"7";"3";"1";""
"202100012348";"179 650";"C01";"2";"43";"0";"2";"4";"0";"1";""
"202100012348";"179 651";"B01";"2";"10";"0";"2";"1";"0";"1";""
"202100012348";"179 652";"A01";"2";"10";"0";"2";"7";"1";"1";""
"202100012349";"179 648";"A01";"1";"7";"0";"2";"1";"2";"1";""
"202100012349";"179 649";"B01";"1";"7";"0";"2";"4";"2";"1";""
"202100012350";"179 646";"A01";"2";"7";"14";"0";"1";"2";"1";""
"202100012350";"179 647";"B01";"2";"17";"0";"0";"0";"2";"1";""
"202100012351";"179 644";"A01";"2";"7";"0";"2";"1";"2";"1";""
"202100012351";"179 645";"B01";"2";"33";"0";"2";"4";"2";"1";""
"202100012352";"179 641";"C01";"2";"7";"0";"2";"4";"2";"1";""
"202100012352";"179 642";"B01";"2";"7";"0";"2";"4";"2";"1";""
"202100012352";"179 643";"A01";"2";"7";"0";"2";"1";"2";"1";""
"202100012353";"179 639";"A01";"2";"33";"0";"2";"2";"3";"1";""
"202100012353";"179 640";"B01";"2";"7";"0";"2";"8";"11";"1";""
"202100012354";"179 635";"D01";"2";"7";"0";"2";"4";"2";"1";""
"202100012354";"179 636";"C01";"2";"7";"0";"2";"1";"2";"1";""
"202100012354";"179 637";"B01";"2";"7";"0";"2";"4";"2";"1";""
"202100012354";"179 638";"A01";"2";"33";"0";"2";"1";"2";"1";""
"202100012355";"179 633";"Z01";"1";"7";"0";"2";"0";"12";"1";""
"202100012355";"179 634";"B01";"1";"33";"0";"2";"6";"3";"1";""
"202100012356";"179 631";"B01";"2";"10";"0";"2";"0";"0";"1";""
"202100012356";"179 632";"A01";"2";"33";"0";"2";"5";"1";"1";""
"202100012357";"179 630";"A01";"2";"33";"0";"0";"8";"1";"1";""
"202100012358";"179 626";"D01";"1";"7";"0";"2";"5";"1";"1";""
"202100012358";"179 627";"C01";"1";"7";"0";"2";"4";"1";"1";""
"202100012358";"179 628";"B01";"1";"7";"0";"2";"3";"1";"1";""
"202100012358";"179 629";"A01";"1";"7";"0";"2";"1";"1";"1";""
"202100012359";"179 624";"B01";"1";"7";"3";"0";"4";"11";"1";""
"202100012359";"179 625";"A01";"1";"7";"3";"2";"1";"23";"2";""
"202100012360";"179 622";"B01";"2";"7";"0";"2";"4";"2";"1";""
"202100012360";"179 623";"A01";"2";"10";"0";"2";"1";"2";"1";""
"202100012361";"179 620";"B01";"1";"7";"0";"2";"4";"2";"1";""
"202100012361";"179 621";"A01";"1";"7";"0";"2";"1";"1";"1";""
"202100012362";"179 619";"A01";"2";"7";"3";"0";"1";"1";"1";""
"202100012363";"179 617";"A01";"2";"33";"0";"2";"1";"2";"1";""
"202100012363";"179 618";"B01";"2";"7";"0";"2";"4";"2";"1";""
"202100012364";"179 616";"A01";"1";"33";"0";"2";"8";"11";"1";""
"202100012365";"179 613";"A01";"2";"10";"0";"2";"1";"1";"1";""
"202100012365";"179 614";"B01";"2";"10";"0";"2";"4";"2";"1";""
"202100012365";"179 615";"C01";"2";"10";"0";"2";"4";"2";"1";""
"202100012366";"179 612";"A01";"2";"7";"4";"0";"3";"18";"1";""
"202100012367";"179 611";"A01";"2";"7";"4";"0";"8";"21";"1";""
"202100012368";"179 609";"B01";"1";"34";"0";"2";"0";"17";"1";""
"202100012368";"179 610";"A01";"1";"10";"0";"2";"6";"23";"1";""
"202100012369";"179 607";"A01";"2";"10";"0";"2";"1";"1";"1";""
"202100012369";"179 608";"B01";"2";"32";"0";"2";"8";"11";"3";""
"202100012370";"179 604";"C01";"2";"7";"0";"2";"4";"2";"1";""
"202100012370";"179 605";"B01";"2";"7";"0";"2";"9";"2";"1";""
"202100012370";"179 606";"A01";"2";"7";"0";"2";"1";"11";"1";""
"202100012371";"179 602";"B01";"1";"10";"0";"2";"6";"12";"1";""
"202100012371";"179 603";"A01";"1";"33";"0";"2";"1";"3";"1";""
"202100012372";"179 600";"B01";"2";"7";"0";"0";"0";"0";"1";""
"202100012372";"179 601";"A01";"2";"15";"0";"0";"6";"1";"1";""
"202100012373";"179 597";"A01";"1";"7";"0";"2";"4";"1";"1";""
"202100012373";"179 598";"B01";"1";"10";"0";"2";"1";"12";"1";""
"202100012373";"179 599";"C01";"1";"15";"0";"2";"1";"1";"1";""
"202100012374";"179 594";"C01";"2";"7";"0";"2";"5";"1";"1";""
"202100012374";"179 595";"B01";"2";"10";"0";"2";"3";"11";"1";""
"202100012374";"179 596";"A01";"2";"31";"0";"2";"2";"3";"1";""
"202100012375";"179 592";"A01";"2";"33";"0";"2";"3";"3";"1";""
"202100012375";"179 593";"B01";"2";"7";"0";"2";"2";"1";"1";""
"202100012376";"179 591";"A01";"3";"99";"6";"0";"1";"14";"1";""
"202100012377";"179 589";"B01";"3";"7";"0";"2";"5";"15";"1";""
"202100012377";"179 590";"A01";"3";"33";"0";"2";"2";"3";"1";""
"202100012378";"179 587";"B01";"3";"32";"0";"2";"1";"17";"1";""
"202100012378";"179 588";"A01";"2";"7";"0";"2";"1";"15";"1";""
"202100012379";"179 584";"C01";"2";"10";"0";"2";"2";"1";"1";""
"202100012379";"179 585";"B01";"1";"2";"0";"2";"1";"17";"1";""
"202100012379";"179 586";"A01";"2";"7";"0";"2";"1";"15";"1";""
"202100012380";"179 582";"B01";"1";"7";"0";"2";"3";"15";"1";""
"202100012380";"179 583";"A01";"1";"7";"0";"2";"2";"1";"1";""
"202100012381";"179 581";"A01";"1";"7";"0";"0";"3";"1";"2";""
"202100012382";"179 579";"B01";"2";"1";"0";"2";"2";"0";"5";""