"Num_Acc";"id_vehicule";"num_veh";"senc";"catv";"obs";"obsm";"choc";"manv";"motor";"occutc"
"202100012382";"179 580";"A01";"1";"30";"0";"2";"2";"1";"0";""
"202100012383";"179 577";"B01";"1";"1";"0";"2";"1";"1";"0";""
"202100012383";"179 578";"A01";"1";"7";"0";"9";"3";"20";"1";""
"202100012384";"179 574";"A01";"1";"7";"0";"2";"1";"2";"1";""
"202100012384";"179 575";"B01";"1";"7";"0";"2";"4";"2";"1";""
"202100012384";"179 576";"C01";"1";"7";"0";"2";"4";"2";"6";""
"202100012385";"179 573";"A01";"2";"7";"0";"1";"1";"1";"1";""
"202100012386";"179 571";"A01";"1";"33";"0";"2";"9";"3";"0";""
"202100012386";"179 572";"B01";"2";"7";"0";"2";"1";"9";"1";""
"202100012387";"179 569";"B01";"1";"50";"0";"2";"4";"1";"3";""
"202100012387";"179 570";"Z01";"1";"7";"0";"2";"2";"1";"0";""
"202100012388";"179 567";"A01";" -1";"7";"0";"2";"2";"0";"1";""
"202100012388";"179 568";"B01";" -1";"1";"0";"2";"0";"0";"0";""
"202100012389";"179 565";"A01";"2";"7";"0";"2";"1";"2";"0";""
"202100012389";"179 566";"B01";"2";"7";"0";"2";"4";"0";"0";""
"202100012390";"179 563";"A01";"1";"7";"0";"2";"1";"13";"1";""
"202100012390";"179 564";"B01";"2";"7";"0";"2";"1";"1";"1";""
"202100012391";"179 560";"B01";"2";"7";"0";"2";"3";"2";"1";""
"202100012391";"179 561";"A01";"2";"7";"0";"2";"1";"2";"2";""
"202100012391";"179 562";"C01";"2";"7";"0";"2";"3";"1";"1";""
"202100012392";"179 559";"A01";"3";"30";"9";"0";"1";"25";"1";""
"202100012393";"179 557";"A01";"1";"10";"0";"9";"2";"14";"1";""
"202100012393";"179 558";"B01";"1";"1";"0";"2";"3";"1";"5";""
"202100012394";"179 554";"A01";"3";"30";"0";"2";"1";"1";"1";""
"202100012394";"179 555";"C01";"2";"7";"0";"2";"3";"15";"1";""
"202100012394";"179 556";"B01";"1";"33";"0";"2";"2";"2";"1";""
"202100012395";"179 551";"B01";"3";"7";"0";"2";"4";"2";"1";""
"202100012395";"179 552";"C01";"3";"7";"0";"2";"1";"1";"1";""
"202100012395";"179 553";"A01";"3";"33";"0";"2";"1";"2";"1";""
"202100012396";"179 549";"B01";"1";"14";"0";"2";"1";"0";"1";""
"202100012396";"179 550";"A01";"1";"7";"0";"2";"1";"13";"1";""
"202100012397";"179 546";"C01";"1";"7";"0";"2";"4";"2";"1";""
"202100012397";"179 547";"A01";"1";"7";"0";"2";"1";"2";"1";""
"202100012397";"179 548";"B01";"1";"7";"0";"2";"1";"2";"1";""
"202100012398";"179 545";"A01";"2";"7";"0";"1";"2";"1";"1";""
"202100012399";"179 543";"Z01";"1";"7";"0";"0";"0";"0";"0";""
"202100012399";"179 544";"A01";"2";"7";"8";"0";"1";"21";"1";""
"202100012400";"179 541";"B01";"2";"7";"0";"2";"4";"23";"1";""
"202100012400";"179 542";"A01";"2";"30";"0";"2";"1";"2";"1";""
"202100012401";"179 540";"A01";"1";"32";"3";"0";"1";"16";"3";""
"202100012402";"179 538";"B01";"0";"7";"0";"2";"5";"0";"1";""
"202100012402";"179 539";"A01";"0";"33";"0";"2";"1";"9";"1";""
"202100012403";"179 535";"B01";"0";"30";"0";"2";"8";"0";"1";""
"202100012403";"179 536";"A01";"0";"7";"0";"2";"1";"1";"1";""
"202100012403";"179 537";"C01";"0";"7";"0";"2";"1";"1";"1";""
"202100012404";"179 533";"A01";"0";"50";"0";"2";"1";"25";"3";""
"202100012404";"179 534";"B01";"0";"7";"0";"2";"2";"16";"1";""
"202100012405";"179 532";"A01";"0";"7";"0";"1";"1";"15";"1";""
"202100012406";"179 530";"A01";"0";"80";"0";"2";"2";"25";"3";""
"202100012406";"179 531";"B01";"0";"7";"0";"1";"1";"15";"1";""
"202100012407";"179 527";"A01";"0";"40";"0";"1";"1";"1";"3";""
"202100012408";"179 525";"B01";"2";"7";"0";"2";"8";"0";"1";""
"202100012408";"179 526";"A01";"1";"7";"0";"2";"1";"0";"1";""
"202100012409";"179 523";"A01";"1";"32";"0";"2";"1";"1";"1";""
"202100012409";"179 524";"B01";"1";"7";"0";"2";"8";"0";"0";""
"202100012410";"179 522";"A01";"0";"7";"15";"0";"3";"26";"1";""
"202100012411";"179 521";"A01";"1";"7";"0";"1";"1";"1";"1";""
"202100012412";"179 518";"A01";"2";"7";"0";"2";"2";"9";"1";""
"202100012412";"179 519";"B01";"1";"7";"0";"2";"1";"1";"1";""
"202100012412";"179 520";"C01";"3";"7";"0";"2";"3";"23";"1";""
"202100012413";"179 516";"A01";"2";"7";"0";"2";"1";"13";"1";""
"202100012413";"179 517";"B01";"1";"32";"0";"2";"1";"1";"1";""
"202100012414";"179 515";"A01";" -1";"7";"0";"5";"1";"1";"1";""
"202100012415";"179 514";"A01";"3";"7";"0";"1";"6";"20";"3";""
"202100012416";"179 512";"A01";"1";"7";"0";"2";"0";"1";"1";""
"202100012416";"179 513";"B01";"2";"7";"0";"2";"0";"1";"1";""
"202100012417";"179 511";"A01";"3";"7";"0";"1";"3";"1";"1";""
"202100012418";"179 510";"A01";"1";"40";"0";"1";"3";"1";"3";""
"202100012419";"179 508";"A01";"1";"7";"1";"2";"1";"17";"1";""
"202100012419";"179 509";"B01";"1";"7";"0";"2";"6";"1";"1";""
"202100012420";"179 506";"B01";"1";"10";"0";"2";"1";"17";"1";""
"202100012420";"179 507";"A01";"1";"7";"0";"2";"8";"15";"1";""
"202100012421";"179 505";"A01";"2";"7";"13";"0";"1";"9";"1";""
"202100012422";"179 503";"B01";"2";"31";"0";"2";"1";"1";"1";""
"202100012422";"179 504";"A01";"1";"7";"0";"2";"7";"15";"1";""
"202100012423";"179 501";"A01";"0";"50";"0";"2";"1";"9";"3";""
"202100012423";"179 502";"B01";"1";"7";"0";"2";"2";"1";"1";""
"202100012424";"179 499";"A01";"1";"7";"0";"2";"1";"2";"1";""
"202100012424";"179 500";"B01";"1";"7";"0";"2";"4";"14";"1";""
"202100012425";"179 498";"A01";"2";"7";"13";"0";"1";"14";"1";""
"202100012426";"179 496";"A01";"2";"7";"0";"2";"1";"1";"1";""
"202100012426";"179 497";"B01";"2";"7";"0";"2";"4";"23";"1";""
"202100012427";"179 494";"A01";"1";"7";"0";"2";"8";"13";"0";""
"202100012427";"179 495";"B01";"1";"80";"0";"2";"7";"17";"3";""
"202100012428";"179 492";"B01";"2";"80";"0";"2";"1";"19";"3";""
"202100012428";"179 493";"A01";"1";"38";"0";"2";"1";"26";"1";"1"
"202100012429";"179 490";"A01";"3";"1";"0";"2";"4";"5";"5";""
"202100012429";"179 491";"B01";"3";"7";"0";"2";"2";"1";"1";""
"202100012430";"179 488";"B01";"1";"7";"0";"2";"2";"1";"1";""
"202100012430";"179 489";"A01";"1";"7";"0";"2";"1";"9";"1";""
"202100012431";"179 486";"B01";"1";"7";"0";"2";"8";"1";"1";""
"202100012431";"179 487";"A01";"2";"7";"0";"2";"3";"13";"1";""
"202100012432";"179 485";"A01";"3";"2";"1";"0";"1";"13";"1";""
"202100012433";"179 483";"B01";"3";"7";"0";"2";"8";"1";"1";""
"202100012433";"179 484";"A01";"3";"7";"0";"2";"1";"15";"1";""
"202100012434";"179 482";"A01";"3";"7";"0";"1";"1";"1";"1";""
"202100012435";"179 481";"A01";"3";"7";"0";"1";"1";"1";"1";""
"202100012436";"179 480";"A01";"1";"7";"0";"1";"7";"2";"0";""
"202100012437";"179 479";"A01";"1";"7";"3";"0";"1";"13";"1";""
"202100012438";"179 477";"A01";"2";"30";"0";"0";"0";"1";"1";""
"202100012438";"179 478";"B01";"2";"60";"0";"0";"1";"26";"5";""
"202100012439";"179 476";"A01";"1";"7";"0";"1";"2";"1";"1";""
"202100012440";"179 474";"A01";"2";"7";"0";"2";"3";"15";"1";""
"202100012440";"179 475";"B01";"2";"7";"0";"2";"1";"1";"1";""
"202100012441";"179 473";"A01";"2";"7";"0";"1";"2";"2";"1";""
"202100012442";"179 469";"B01";"0";"7";"0";"2";"6";"2";"1";""
"202100012442";"179 470";"A01";"0";"32";"0";"2";"1";"9";"1";""
"202100012443";"179 467";"A01";"1";"7";"0";"2";"3";"9";"1";""
"202100012443";"179 468";"B01";"1";"80";"0";"2";"1";"1";"3";""
"202100012444";"179 465";"A01";"2";"7";"0";"2";"3";"9";"0";""
"202100012444";"179 466";"B01";"1";"30";"0";"2";"1";"1";"1";""
"202100012445";"179 463";"A01";"3";"7";"0";"2";"1";"1";"1";""
"202100012445";"179 464";"B01";"3";"7";"0";"2";"7";"1";"1";""
"202100012446";"179 462";"A01";"3";"10";"0";"1";"7";"1";"1";""
"202100012447";"179 461";"A01";"2";"7";"2";"0";"1";"1";"1";""
"202100012448";"179 460";"A01";"3";"14";"0";"1";"3";"15";"1";""
"202100012449";"179 459";"A01";"0";"7";"0";"1";"1";"1";"1";""
"202100012450";"179 457";"A01";"1";"7";"0";"2";"1";"1";"1";""
"202100012450";"179 458";"B01";"3";"60";"0";"2";"7";"19";"5";""
"202100012451";"179 455";"B01";"1";"1";"0";"2";"1";"1";"0";""
"202100012451";"179 456";"A01";"1";"7";"0";"9";"3";"22";"1";""
"202100012452";"179 453";"A01";"1";"1";"0";"2";"4";"1";"5";""
"202100012452";"179 454";"Z01";"1";"7";"0";"2";"2";"2";"0";""
"202100012453";"179 451";"A01";"1";"7";"3";"2";"7";"13";"1";""
"202100012453";"179 452";"B01";"1";"7";"0";"2";"1";"1";"1";""
"202100012454";"179 449";"A01";"1";"7";"0";"2";"2";"9";"1";""
"202100012454";"179 450";"B01";"1";"1";"0";"2";"7";"19";"5";""
"202100012455";"179 448";"A01";"1";"7";"0";"1";"1";"1";"1";""
"202100012456";"179 446";"B01";"1";"1";"0";"2";"0";"1";"5";""
"202100012456";"179 447";"A01";"1";"10";"0";"2";"8";"9";"1";""
"202100012457";"179 439";"A01";"3";"7";"0";"2";"1";"2";"1";""
"202100012457";"179 440";"B01";"3";"10";"0";"2";"4";"2";"1";""
"202100012458";"179 437";"A01";"1";"33";"8";"0";"9";"0";"1";""
"202100012459";"179 436";"A01";"3";"7";"0";"1";"6";"20";"1";""
"202100012460";"179 435";"A01";"1";"7";"0";"1";"1";"16";"1";""
"202100012461";"179 432";"A01";"1";"33";"0";"2";"0";"0";"1";""
"202100012461";"179 433";"B01";"1";"7";"0";"2";"4";"2";"1";""
"202100012461";"179 434";"C01";"1";"7";"0";"2";"6";"2";"1";""
"202100012462";"179 431";"A01";"3";"33";"0";"0";"8";"1";"1";""
"202100012463";"179 429";"B01";"2";"32";"0";"2";"8";"19";"1";""
"202100012463";"179 430";"A01";"3";"7";"0";"2";"1";"1";"1";""
"202100012464";"179 427";"B01";"1";"33";"0";"2";"3";"2";"1";""
"202100012464";"179 428";"A01";"2";"7";"0";"2";"3";"15";"1";""
"202100012465";"179 426";"A01";"1";"7";"0";"1";"2";"1";"1";""
"202100012466";"179 424";"A01";"1";"2";"0";"2";"1";"17";"1";""
"202100012466";"179 425";"B01";"1";"7";"0";"2";"8";"15";"1";""
"202100012467";"179 423";"A01";"3";"1";"0";"1";"0";"16";"0";""
"202100012468";"179 421";"A01";"2";"7";"0";"2";"1";"1";"1";""
"202100012468";"179 422";"B01";"0";"7";"0";"0";"8";"9";"1";""
"202100012469";"179 418";"B01";"1";"7";"1";"2";"2";"1";"1";""
"202100012469";"179 419";"A01";"1";"7";"1";"2";"3";"1";"1";""
"202100012469";"179 420";"C01";"1";"7";"0";"2";"4";"1";"1";""
"202100012470";"179 417";"A01";"1";"7";"0";"1";"1";"1";"1";""
"202100012471";"179 416";"A01";"1";"32";"0";"1";"1";"17";"1";""
"202100012472";"179 414";"A01";"1";"7";"0";"9";"1";"1";"1";""
"202100012472";"179 415";"B01";"1";"1";"0";"2";"7";"15";"5";""
"202100012473";"179 413";"A01";"3";"43";"2";"0";"0";"13";"1";""
"202100012474";"179 411";"A01";"1";"34";"6";"2";"2";"1";"1";""
"202100012474";"179 412";"B01";"1";"7";"0";"2";"0";"1";"1";""
"202100012475";"179 408";"B01";"1";"33";"0";"2";"1";"1";"1";""
"202100012475";"179 409";"C01";"1";"7";"0";"2";"1";"1";"1";""
"202100012475";"179 410";"A01";"2";"7";"0";"2";"1";"13";"1";""
"202100012476";"179 407";"A01";"2";"15";"0";"1";"2";"16";"6";""
"202100012477";"179 405";"A01";"2";"1";"0";"2";"8";"1";"5";""
"202100012477";"179 406";"B01";"2";"7";"0";"2";"2";"16";"1";""
"202100012478";"179 403";"B01";"2";"10";"0";"2";"1";"23";"1";""
"202100012478";"179 404";"A01";"2";"3";"0";"2";"1";"2";"3";""
"202100012479";"179 401";"A01";"1";"7";"0";"0";"4";"23";"1";""
"202100012479";"179 402";"B01";"1";"1";"0";"2";"1";"2";"5";""
"202100012480";"179 398";"B01";"1";"10";"0";"2";"7";"1";"1";""
"202100012480";"179 399";"C01";"1";"80";"0";"2";"8";"1";"3";""
"202100012480";"179 400";"A01";"1";"7";"0";"2";"0";"22";"1";""
"202100012481";"179 397";"A01";"1";"7";"0";"1";"2";"4";"1";""
"202100012482";"179 395";"A01";"2";"7";"0";"2";"6";"15";"1";""
"202100012482";"179 396";"B01";"1";"34";"0";"2";"2";"17";"1";""
"202100012483";"179 393";"Z01";"1";"7";"0";"2";"0";"10";"0";""
"202100012483";"179 394";"B01";"1";"2";"0";"2";"8";"1";"3";""
"202100012484";"179 391";"A01";"1";"7";"0";"2";"7";"22";"2";""
"202100012484";"179 392";"B01";"1";"30";"0";"2";"1";"18";"1";""
"202100012485";"179 389";"B01";"3";"7";"0";"2";"4";"23";"1";""
"202100012485";"179 390";"A01";"3";"7";"0";"2";"1";"1";"1";""
"202100012486";"179 387";"B01";"1";"80";"0";"2";"4";"1";"3";""
"202100012486";"179 388";"A01";"1";"14";"0";"2";"3";"16";"6";""
"202100012487";"179 386";"A01";"3";"10";"0";"1";"7";"1";"1";""
"202100012488";"179 384";"B01";"2";"32";"0";"2";"0";"1";"1";""
"202100012488";"179 385";"A01";"2";"10";"0";"2";"1";"1";"1";""
"202100012489";"179 382";"A01";"3";"30";"0";"2";"1";"2";"1";""
"202100012489";"179 383";"B01";"3";"7";"0";"2";"4";"23";"1";""
"202100012490";"179 380";"B01";"1";"43";"0";"2";"1";"1";"1";""
"202100012490";"179 381";"A01";"2";"7";"0";"2";"1";"15";"1";""
"202100012491";"179 379";"A01";"1";"37";"0";"1";"2";"2";"1";"1"
"202100012492";"179 377";"B01";"1";"30";"0";"2";"2";"1";"1";""
"202100012492";"179 378";"A01";"0";"7";"0";"0";"0";"0";"0";""
"202100012493";"179 376";"A01";"1";"30";"0";"2";"3";"18";"0";""
"202100012494";"179 374";"B01";"2";"7";"0";"2";"7";"0";"1";""
"202100012494";"179 375";"A01";"1";"7";"0";"2";"1";"0";"1";""
"202100012495";"179 372";"B01";"1";"7";"0";"2";"1";"1";"1";""
"202100012495";"179 373";"A01";"2";"7";"0";"2";"5";"15";"1";""
"202100012496";"179 370";"B01";"2";"7";"0";"2";"4";"23";"3";""
"202100012496";"179 371";"A01";"1";"30";"0";"2";"1";"2";"1";""
"202100012497";"179 368";"A01";"0";"30";"0";"2";"1";"26";"1";""
"202100012497";"179 369";"B01";"0";"10";"0";"2";"1";"26";"1";""
"202100012498";"179 367";"A01";"0";"7";"0";"1";"2";"2";"3";""
"202100012499";"179 366";"A01";" -1";"7";"4";"0";"1";"9";"1";""
"202100012500";"179 364";"B01";"2";"7";"0";"2";"0";"15";"1";""
"202100012500";"179 365";"A01";" -1";"32";"0";"2";"1";"1";"0";""
"202100012501";"179 362";"A01";" -1";"13";"0";"2";"1";"16";"0";""
"202100012501";"179 363";"B01";" -1";"33";"0";"2";"8";"0";"1";""
"202100012502";"179 361";"A01";"1";"7";"0";"1";"4";"20";"1";""
"202100012503";"179 359";"A01";"1";"7";"0";"2";"0";"11";"1";""
"202100012503";"179 360";"B01";"1";"10";"0";"2";"0";"1";"1";""
"202100012504";"179 357";"A01";"2";"7";"0";"2";"2";"2";"1";""
"202100012504";"179 358";"B01";"2";"34";"0";"2";"6";"2";"1";""
"202100012505";"179 356";"A01";"3";"34";"0";"1";"1";"1";"1";""
"202100012506";"179 355";"A01";"1";"34";"0";"1";"1";"1";"1";""
"202100012507";"179 353";"A01";"1";"7";"0";"2";"8";"1";"1";""
"202100012507";"179 354";"B01";"1";"33";"0";"2";"0";"1";"1";""
"202100012508";"179 351";"A01";"2";"32";"0";"2";"6";"1";"1";""
"202100012508";"179 352";"B01";"2";"14";"0";"2";"2";"2";"1";""
"202100012509";"179 349";"B01";"2";"7";"0";"2";"3";"13";"1";""
"202100012509";"179 350";"A01";"1";"21";"0";"2";"3";"1";"1";""
"202100012510";"179 347";"B01";"2";"1";"0";"2";"1";"1";"5";""
"202100012510";"179 348";"A01";"1";"1";"0";"0";"4";"1";"5";""
"202100012511";"179 346";"A01";"1";"7";"0";"1";"3";"1";"1";""
"202100012512";"179 345";"B01";"3";"80";"4";"0";"8";"1";"3";""
"202100012513";"179 343";"B01";"0";"2";"0";"2";"2";"1";"1";""
"202100012513";"179 344";"A01";"0";"7";"0";"2";"3";"9";"1";""
"202100012514";"179 342";"A01";"2";"7";"8";"0";"7";"13";"1";""
"202100012515";"179 340";"A01";"1";"7";"0";"2";"1";"2";"1";""
"202100012515";"179 341";"B01";"1";"7";"0";"2";"4";"2";"1";""
"202100012516";"179 338";"B01";"2";"7";"4";"0";"4";"2";"1";""
"202100012516";"179 339";"A01";"2";"7";"0";"0";"3";"2";"0";""
"202100012517";"179 337";"A01";"2";"7";"4";"0";"3";"13";"1";""
"202100012518";"179 336";"A01";"2";"7";"0";"0";"0";"1";"1";""
"202100012519";"179 334";"A01";"1";"7";"0";"2";"8";"1";"1";""
"202100012519";"179 335";"B01";"1";"7";"0";"2";"1";"19";"1";""
"202100012520";"179 333";"A01";"1";"34";"12";"0";"1";"1";"1";""
"202100012521";"179 332";"A01";"1";"7";"13";"0";"2";"2";"1";""
"202100012522";"179 331";"A01";"1";"7";"0";"1";"1";"15";"1";""
"202100012523";"179 327";"B01";"2";"7";"0";"2";"3";"0";"1";""
"202100012523";"179 328";"A01";"1";"7";"0";"2";"3";"0";"1";""
"202100012524";"179 325";"B01";"2";"21";"0";"2";"2";"1";"1";""
"202100012524";"179 326";"A01";"1";"10";"0";"2";"2";"13";"1";""
"202100012525";"179 323";"A01";"0";"7";"0";"2";"1";"1";"1";""
"202100012525";"179 324";"B01";"0";"15";"0";"2";"1";"1";"1";""
"202100012526";"179 322";"A01";"2";"7";"0";"0";"0";"1";"1";""
"202100012527";"179 320";"A01";"2";"7";"0";"2";"1";"13";"1";""
"202100012527";"179 321";"B01";"1";"7";"0";"2";"1";"1";"1";""
"202100012528";"179 318";"A01";"2";"33";"0";"2";"1";"17";"1";""
"202100012528";"179 319";"B01";"2";"10";"0";"2";"8";"15";"1";""
"202100012529";"179 317";"A01";"2";"7";"0";"1";"2";"16";"1";""
"202100012530";"179 315";"B01";"3";"7";"0";"2";"1";"1";"1";""
"202100012530";"179 316";"A01";"3";"36";"0";"2";"5";"15";"1";""
"202100012531";"179 313";"B01";"1";"7";"0";"2";"8";"1";"1";""
"202100012531";"179 314";"A01";"2";"7";"0";"2";"1";"1";"1";""
"202100012532";"179 311";"A01";"2";"31";"0";"2";"1";"2";"1";""
"202100012532";"179 312";"B01";"2";"10";"0";"2";"4";"2";"1";""
"202100012533";"179 309";"B01";"2";"14";"0";"2";"1";"1";"1";""
"202100012533";"179 310";"A01";"1";"7";"0";"2";"7";"19";"1";""
"202100012534";"179 308";"A01";"1";"7";"13";"0";"2";"14";"1";""
"202100012535";"179 307";"A01";"1";"7";"0";"1";"6";"1";"1";""
"202100012536";"179 305";"A01";"2";"7";"5";"0";"8";"1";"1";""
"202100012537";"179 303";"A01";"0";"7";"0";"0";"3";"24";"1";""
"202100012537";"179 304";"B01";"1";"33";"0";"2";"1";"1";"1";""
"202100012538";"179 301";"B01";"3";"7";"0";"2";"3";"0";"1";""
"202100012538";"179 302";"A01";"3";"7";"0";"2";"3";"1";"1";""
"202100012539";"179 299";"B01";"2";"1";"0";"2";"7";"1";"5";""
"202100012539";"179 300";"A01";"2";"7";"0";"9";"1";"1";"1";""
"202100012540";"179 298";"A01";"3";"33";"0";"6";"0";"1";"1";""
"202100012541";"179 297";"A01";"3";"7";"0";"1";"3";"20";"1";""
"202100012542";"179 295";"A01";"2";"33";"0";"2";"7";"17";"1";""
"202100012542";"179 296";"B01";"2";"21";"0";"2";"3";"15";"1";""
"202100012543";"179 294";"A01";"1";"7";"11";"0";"1";"16";"1";""
"202100012544";"179 292";"B01";"0";"33";"14";"9";"0";"1";"1";""
"202100012544";"179 293";"A01";"0";"7";"13";"0";"2";"1";"1";""
"202100012545";"179 290";"B01";"1";"10";"0";"0";"4";"15";"1";""
"202100012545";"179 291";"A01";"1";"7";"0";"2";"1";"2";"1";""
"202100012546";"179 288";"B01";"1";"34";"0";"2";"7";"21";"1";""
"202100012546";"179 289";"A01";"1";"7";"0";"2";"3";"9";"2";""
"202100012547";"179 287";"A01";"1";"7";"0";"1";"2";"2";"1";""
"202100012548";"179 285";"A01";"1";"7";"3";"2";"5";"1";"1";""
"202100012548";"179 286";"B01";"2";"14";"0";"2";"3";"1";"1";""
"202100012549";"179 284";"A01";"1";"15";"0";"0";"7";"26";"1";""
"202100012550";"179 282";"B01";"3";"33";"0";"2";"1";"13";"1";""
"202100012550";"179 283";"A01";"3";"7";"0";"2";"3";"1";"1";""
"202100012551";"179 280";"B01";"1";"33";"0";"2";"1";"1";"1";""
"202100012551";"179 281";"A01";"0";"7";"0";"2";"1";"9";"1";""
"202100012552";"179 279";"A01";"2";"33";"0";"6";"1";"1";"1";""
"202100012553";"179 278";"A01";"1";"2";"13";"0";"7";"1";"1";""
"202100012554";"179 277";"A01";"1";"7";"13";"0";"2";"1";"1";""
"202100012555";"179 275";"A01";"2";"33";"0";"2";"1";"17";"1";""
"202100012555";"179 276";"B01";"2";"14";"0";"0";"3";"15";"1";""
"202100012556";"179 274";"A01";"2";"7";"4";"0";"3";"2";"1";""
"202100012557";"179 271";"B01";"2";"10";"0";"9";"2";"17";"1";""
"202100012557";"179 272";"A01";"2";"15";"0";"2";"6";"1";"1";""
"202100012557";"179 273";"C01";"1";"7";"0";"9";"1";"17";"1";""
"202100012558";"179 269";"B01";"1";"7";"0";"2";"1";"0";"1";""
"202100012558";"179 270";"A01";"1";"15";"0";"2";"5";"0";"1";""
"202100012559";"179 268";"A01";"0";"7";"15";"0";"0";"1";"0";""
"202100012560";"179 267";"A01";"1";"7";"17";"0";"1";"0";"1";""
"202100012561";"179 265";"A01";"1";"7";"0";"2";"3";"13";"1";""
"202100012561";"179 266";"B01";"2";"7";"0";"2";"3";"1";"1";""
"202100012562";"179 261";"D01";"1";"10";"0";"2";"1";"2";"1";""
"202100012562";"179 262";"C01";"1";"7";"0";"2";"4";"2";"1";""
"202100012562";"179 263";"B01";"1";"10";"0";"2";"4";"2";"1";""
"202100012562";"179 264";"A01";"1";"7";"0";"2";"4";"2";"1";""
"202100012563";"179 258";"C01";"1";"7";"0";"0";"0";"14";"0";""
"202100012563";"179 259";"B01";"1";"7";"3";"2";"3";"14";"3";""
"202100012563";"179 260";"A01";"1";"7";"4";"2";"3";"14";"1";""
"202100012564";"179 256";"A01";"2";"2";"0";"2";"7";"1";"1";""
"202100012564";"179 257";"B01";"2";"7";"0";"2";"3";"0";"1";""
"202100012565";"179 254";"A01";"2";"7";"0";"2";"8";"15";"1";""
"202100012565";"179 255";"B01";"2";"33";"0";"2";"9";"1";"1";""
"202100012566";"179 252";"B01";"2";"7";"0";"2";"1";"12";"1";""
"202100012566";"179 253";"A01";"2";"7";"0";"2";"3";"1";"0";""
"202100012567";"179 250";"B01";"1";"7";"0";"2";"1";"1";"1";""
"202100012567";"179 251";"A01";"2";"7";"0";"2";"1";"13";"1";""
"202100012568";"179 248";"B01";"2";"31";"0";"2";"1";"17";"1";""
"202100012568";"179 249";"A01";"1";"7";"0";"2";"6";"15";"1";""
"202100012569";"179 245";"B01";"1";"7";"0";"0";"6";"15";"1";""
"202100012569";"179 246";"A01";"1";"33";"0";"2";"1";"2";"1";""
"202100012570";"179 244";"A01";"1";"30";"0";"0";"9";"9";"1";""
"202100012571";"179 243";"A01";"1";"2";"0";"0";"9";"1";"1";""
"202100012572";"179 242";"A01";"2";"7";"0";"1";"2";"1";"1";""
"202100012573";"179 241";"A01";"2";"7";"0";"0";"9";"1";"1";""
"202100012574";"179 240";"A01";"2";"33";"3";"0";"8";"1";"1";""
"202100012575";"179 238";"B01";"2";"1";"0";"2";"3";"1";"5";""
"202100012575";"179 239";"A01";"2";"7";"0";"2";"7";"1";"1";""
"202100012576";"179 236";"B01";"2";"7";"0";"2";"2";"15";"1";""
"202100012576";"179 237";"A01";"1";"7";"0";"2";"1";"1";"1";""
"202100012577";"179 234";"B01";"0";"30";"0";"0";"8";"23";"1";""
"202100012577";"179 235";"A01";"1";"33";"0";"2";"1";"1";"1";""
"202100012578";"179 233";"A01";"3";"31";"6";"0";"1";"19";"0";""
"202100012579";"179 232";"A01";"1";"7";"6";"0";"4";"17";"1";""
"202100012580";"179 230";"A01";"1";"7";"0";"2";"1";"2";"1";""
"202100012580";"179 231";"B01";"1";"7";"0";"0";"4";"15";"1";""
"202100012581";"179 228";"A01";"2";"7";"15";"2";"3";"1";"1";""
"202100012581";"179 229";"B01";"1";"7";"0";"2";"2";"19";"1";""
"202100012582";"179 227";"A01";"3";"1";"0";"0";"0";"0";"5";""
"202100012583";"179 226";"A01";"2";"7";"13";"0";"2";"1";"1";""
"202100012584";"179 224";"A01";"1";"2";"0";"2";"0";"21";"1";""
"202100012584";"179 225";"B01";"2";"7";"0";"2";"3";"23";"1";""
"202100012585";"179 223";"A01";"3";"3";"6";"0";"1";"1";"1";""
"202100012586";"179 221";"B01";"1";"7";"0";"2";"2";"1";"1";""
"202100012586";"179 222";"A01";"1";"10";"0";"2";"3";"19";"1";""
"202100012587";"179 219";"B01";"2";"7";"0";"0";"4";"2";"1";""
"202100012587";"179 220";"A01";"2";"7";"0";"2";"1";"2";"1";""
"202100012588";"179 217";"A01";"3";"7";"0";"9";"3";"15";"1";""
"202100012588";"179 218";"B01";"3";"1";"0";"2";"1";"19";"5";""
"202100012589";"179 215";"A01";"2";"7";"0";"2";"1";"1";"1";""
"202100012589";"179 216";"B01";"1";"7";"0";"2";"5";"11";"1";""
"202100012590";"179 213";"A01";"1";"7";"0";"2";"1";"12";"1";""
"202100012590";"179 214";"B01";"1";"15";"0";"0";"4";"1";"1";""
"202100012591";"179 211";"B01";"1";"37";"0";"2";"2";"1";"1";"1"
"202100012591";"179 212";"A01";"1";"7";"1";"0";"6";"26";"1";""
"202100012592";"179 209";"B01";"1";"10";"0";"2";"1";"1";"1";""
"202100012592";"179 210";"A01";"1";"10";"0";"2";"4";"1";"1";""
"202100012593";"179 207";"B01";"1";"10";"0";"2";"7";"12";"1";""
"202100012593";"179 208";"A01";"1";"33";"0";"2";"3";"3";"1";""
"202100012594";"179 205";"B01";"1";"7";"0";"0";"3";"1";"1";""
"202100012594";"179 206";"A01";"1";"7";"0";"2";"5";"23";"1";""
"202100012595";"179 202";"A01";"1";"7";"0";"2";"1";"14";"1";""
"202100012595";"179 203";"B01";"1";"7";"0";"2";"4";"2";"2";""
"202100012595";"179 204";"C01";"1";"7";"0";"2";"7";"1";"1";""
"202100012596";"179 200";"B01";"2";"33";"0";"2";"7";"3";"1";""
"202100012596";"179 201";"A01";"2";"7";"0";"2";"3";"11";"1";""