"Num_Acc";"id_vehicule";"num_veh";"senc";"catv";"obs";"obsm";"choc";"manv";"motor";"occutc"
"202100012597";"179 198";"B01";"2";"7";"0";"2";"6";"2";"1";""
"202100012597";"179 199";"A01";"2";"14";"0";"2";"2";"12";"1";""
"202100012598";"179 196";"B01";"2";"7";"4";"0";"9";"0";"1";""
"202100012598";"179 197";"A01";"2";"7";"0";"0";" -1";"18";"1";""
"202100012599";"179 193";"A01";"1";"33";"0";"2";"3";"3";"1";""
"202100012599";"179 194";"B01";"1";"7";"0";"2";"2";"2";"1";""
"202100012599";"179 195";"C01";"1";"10";"0";"2";"4";"2";"1";""
"202100012600";"179 192";"A01";"1";"33";"14";"0";"1";"1";"1";""
"202100012601";"179 191";"A01";"1";"7";"13";"0";"9";"21";"1";""
"202100012602";"179 188";"A01";"1";"7";"0";"2";"1";"2";"1";""
"202100012602";"179 189";"B01";"1";"7";"0";"2";"4";"2";"1";""
"202100012602";"179 190";"C01";"1";"7";"0";"2";"4";"2";"1";""
"202100012603";"179 187";"A01";"1";"7";"4";"0";"1";"2";"0";""
"202100012604";"179 184";"C01";"1";"7";"1";"2";"4";"0";"1";""
"202100012604";"179 185";"B01";"1";"7";"1";"0";"4";"23";"1";""
"202100012604";"179 186";"A01";"1";"7";"1";"0";"1";"2";"1";""
"202100012605";"179 181";"C01";"1";"7";"0";"2";"4";"2";"1";""
"202100012605";"179 182";"B01";"1";"33";"0";"2";"7";"3";"1";""
"202100012605";"179 183";"A01";"1";"7";"0";"2";"8";"11";"2";""
"202100012606";"179 179";"A01";"1";"7";"0";"2";"1";"2";"1";""
"202100012606";"179 180";"B01";"1";"7";"0";"2";"4";"2";"1";""
"202100012607";"179 177";"A01";"2";"33";"0";"2";"2";"1";"1";""
"202100012607";"179 178";"B01";"1";"7";"0";"2";"1";"1";"1";""
"202100012608";"179 175";"B01";"3";"1";"0";"2";"0";"1";"6";""
"202100012608";"179 176";"A01";"3";"7";"0";"9";"8";"15";"1";""
"202100012609";"179 173";"A01";"3";"7";"0";"2";"3";"1";"1";""
"202100012609";"179 174";"B01";"1";"7";"0";"2";"2";"0";"1";""
"202100012610";"179 171";"B01";"1";"33";"0";"2";"1";"1";"1";""
"202100012610";"179 172";"A01";"1";"7";"0";"2";"2";"1";"1";""
"202100012611";"179 170";"A01";"2";"33";"8";"0";"0";"17";"1";""
"202100012612";"179 167";"B01";"1";"7";"0";"2";"6";"1";"2";""
"202100012612";"179 168";"C01";"1";"7";"0";"2";"1";"1";"1";""
"202100012612";"179 169";"A01";"2";"7";"0";"2";"1";"17";"1";""
"202100012613";"179 166";"A01";"3";"33";"14";"0";"2";"1";"1";""
"202100012614";"179 164";"B01";"0";"1";"0";"2";"1";"1";"5";""
"202100012614";"179 165";"A01";"0";"7";"0";"2";"2";"13";"1";""
"202100012615";"179 163";"A01";"2";"2";"0";"2";"1";"2";"1";""
"202100012616";"179 162";"A01";"1";"2";"12";"0";"0";"26";"1";""
"202100012617";"179 160";"B01";"1";"1";"0";"2";"1";"2";"0";""
"202100012617";"179 161";"A01";"2";"7";"0";"2";"3";"1";"1";""
"202100012618";"179 158";"A01";"1";"30";"1";"0";"1";"1";"1";""
"202100012618";"179 159";"B01";"1";"7";"0";"2";"4";"23";"1";""
"202100012619";"179 155";"B01";"2";"7";"0";"2";"3";"1";"1";""
"202100012619";"179 156";"C01";"1";"7";"0";"2";"1";"1";"1";""
"202100012619";"179 157";"A01";"2";"7";"0";"2";"1";"15";"1";""
"202100012620";"179 153";"A01";"0";"7";"0";"2";"3";"15";"1";""
"202100012620";"179 154";"B01";"0";"32";"0";"2";"8";"5";"1";""
"202100012621";"179 151";"B01";"2";"34";"0";"2";"1";"2";"0";""
"202100012621";"179 152";"A01";"1";"34";"0";"2";"4";"2";"1";""
"202100012622";"179 149";"B01";"1";"50";"9";"2";"4";"1";"3";""
"202100012622";"179 150";"Z01";"1";"7";"9";"2";"1";"2";"0";""
"202100012623";"179 147";"A01";"1";"7";"0";"2";"2";"15";"1";""
"202100012623";"179 148";"B01";"2";"50";"0";"2";"1";"1";"3";""
"202100012624";"179 146";"A01";"1";"10";"0";"1";"3";"15";"1";""
"202100012625";"179 144";"B01";"1";"7";"0";"2";"3";"1";"1";""
"202100012625";"179 145";"A01";"1";"30";"0";"2";"1";"1";"1";""
"202100012626";"179 143";"A01";"2";"30";"0";"1";"1";"17";"0";""
"202100012627";"179 141";"B01";"2";"7";"0";"0";"3";"1";"1";""
"202100012627";"179 142";"A01";"1";"7";"0";"2";"3";"13";"1";""
"202100012628";"179 140";"A01";"3";"7";"0";"1";"2";"1";"1";""
"202100012629";"179 139";"A01";"2";"7";"0";"1";"2";"1";"1";""
"202100012630";"179 137";"B01";"1";"7";"0";"2";"1";"2";"1";""
"202100012630";"179 138";"A01";"1";"7";"0";"2";"4";"2";"1";""
"202100012631";"179 135";"A01";"3";"30";"0";"2";"1";"26";"1";""
"202100012631";"179 136";"B01";"3";"7";"0";"2";"2";"23";"1";""
"202100012632";"179 133";"B01";"1";"50";"0";"2";"1";"9";"3";""
"202100012632";"179 134";"A01";"1";"7";"0";"2";"8";"1";"1";""
"202100012633";"179 131";"B01";"1";"10";"0";"2";"3";"21";"1";""
"202100012633";"179 132";"A01";"1";"7";"0";"2";"3";"13";"1";""
"202100012634";"179 129";"B01";"3";"7";"0";"2";"4";"1";"1";""
"202100012634";"179 130";"A01";"1";"2";"1";"0";"1";"1";"0";""
"202100012635";"179 127";"B01";"1";"7";"0";"2";"1";"0";"1";""
"202100012635";"179 128";"A01";"1";"10";"0";"2";"4";"4";"1";""
"202100012636";"179 125";"B01";"1";"1";"0";"2";"6";"1";"5";""
"202100012636";"179 126";"A01";"1";"7";"0";"2";"2";"17";"1";""
"202100012637";"179 123";"B01";"1";"7";"0";"2";"0";"0";"0";""
"202100012637";"179 124";"A01";"2";"7";"0";"2";"0";"15";"0";""
"202100012638";"179 121";"B01";"1";"7";"0";"2";"4";"1";"1";""
"202100012638";"179 122";"A01";"1";"7";"0";"2";"1";"1";"1";""
"202100012639";"179 119";"B01";"0";"7";"0";"0";"0";"0";"0";""
"202100012639";"179 120";"A01";"3";"7";"0";"2";"1";"9";"1";""
"202100012640";"179 118";"A01";"2";"30";"0";"2";"8";"1";"1";""
"202100012641";"179 116";"A01";"1";"7";"0";"2";"2";"15";"1";""
"202100012641";"179 117";"B01";"2";"30";"0";"2";"2";"0";"1";""
"202100012642";"179 115";"A01";"1";"32";"0";"1";"1";"1";"1";""
"202100012643";"179 114";"A01";"3";"7";"1";"0";"3";"20";"2";""
"202100012644";"179 112";"A01";"3";"7";"0";"2";"3";"9";"1";""
"202100012644";"179 113";"B01";"3";"7";"0";"2";"5";"1";"1";""
"202100012645";"179 110";"B01";"1";"7";"0";"2";"8";"15";"0";""
"202100012645";"179 111";"A01";"1";"10";"0";"2";"7";"1";"1";""
"202100012646";"179 108";"A01";"1";"7";"16";"0";"3";"9";"1";""
"202100012646";"179 109";"B01";"1";"2";"0";"2";"0";"26";"1";""
"202100012647";"179 106";"B01";"1";"33";"0";"2";"1";"2";"1";""
"202100012647";"179 107";"A01";"1";"7";"0";"2";"3";"20";"1";""
"202100012648";"179 104";"A01";"1";"2";"0";"2";"3";"18";"3";""
"202100012648";"179 105";"B01";"1";"7";"0";"2";"2";"16";"1";""
"202100012649";"179 103";"A01";"2";"7";"0";"1";"1";"9";"0";""
"202100012650";"179 102";"A01";"1";"30";"1";"2";"1";"9";"1";""
"202100012651";"179 100";"B01";"1";"7";"0";"2";"1";"1";"0";""
"202100012651";"179 101";"A01";"1";"7";"0";"2";"1";"5";"1";""
"202100012652";"179 098";"A01";"1";"30";"0";"2";"7";"1";"1";""
"202100012652";"179 099";"B01";"1";"10";"0";"2";"8";"1";"1";""
"202100012653";"179 096";"A01";"1";"50";"0";"2";"1";"1";"3";""
"202100012653";"179 097";"B01";"1";"7";"0";"2";"2";"1";"1";""
"202100012654";"179 095";"A01";"0";"2";"11";"0";"1";"1";"1";""
"202100012655";"179 094";"A01";"2";"80";"0";"1";"1";"1";"3";""
"202100012656";"179 093";"A01";"1";"0";"0";"1";" -1";"1";" -1";""
"202100012657";"179 091";"A01";"1";"33";"0";"0";"0";"26";"1";""
"202100012657";"179 092";"B01";"1";"33";"0";"2";"7";"2";"1";""
"202100012658";"179 090";"A01";"3";"7";"0";"1";"1";"1";"1";""
"202100012659";"179 088";"A01";"0";"7";"0";"2";"1";"17";"1";""
"202100012659";"179 089";"B01";"0";"7";"0";"2";"1";"1";"1";""
"202100012660";"179 087";"A01";"2";"7";"4";"0";"8";"13";"1";""
"202100012661";"179 086";"A01";"1";"7";"0";"1";"1";"1";"1";""
"202100012662";"179 084";"A01";"2";"7";"1";"0";"1";"26";"1";""
"202100012662";"179 085";"B01";"0";"7";"0";"0";"6";"0";"1";""
"202100012663";"179 082";"A01";"0";"1";"0";"2";"8";"26";"0";""
"202100012663";"179 083";"B01";"0";"7";"0";"2";"1";"9";"1";""
"202100012664";"179 080";"B01";"2";"7";"0";"2";"1";"2";"1";""
"202100012664";"179 081";"A01";"2";"7";"0";"2";"7";"17";"1";""
"202100012665";"179 078";"B01";"3";"7";"0";"2";"8";"1";"1";""
"202100012665";"179 079";"A01";"3";"7";"0";"2";"7";"1";"1";""
"202100012666";"179 076";"A01";"1";"7";"0";"2";"3";"1";"1";""
"202100012666";"179 077";"B01";"3";"7";"0";"2";"1";"23";"1";""
"202100012667";"179 074";"A01";"2";"30";"0";"2";"4";"2";"1";""
"202100012667";"179 075";"B01";" -1";"0";" -1";" -1";" -1";" -1";" -1";""
"202100012668";"179 072";"A01";"2";"33";"0";"2";"3";"15";"1";""
"202100012668";"179 073";"B01";"2";"10";"0";"2";"2";"1";"1";""
"202100012669";"179 070";"B01";"1";"7";"0";"2";"3";"1";"1";""
"202100012669";"179 071";"A01";"1";"7";"0";"2";"2";"1";"1";""
"202100012670";"179 068";"B01";"2";"10";"0";"2";"2";"12";"1";""
"202100012670";"179 069";"A01";"2";"30";"0";"2";"3";"3";"1";""
"202100012671";"179 066";"A01";"2";"7";"0";"2";"5";"4";"1";""
"202100012671";"179 067";"B01";"2";"32";"0";"2";"1";"23";"1";""
"202100012672";"179 064";"B01";"1";"43";"0";"2";"1";"1";"1";""
"202100012672";"179 065";"A01";"2";"7";"0";"2";"1";"15";"1";""
"202100012673";"179 062";"A01";"1";"7";"0";"2";"2";"12";"1";""
"202100012673";"179 063";"B01";"1";"32";"0";"2";"8";"2";"1";""
"202100012674";"179 060";"A01";"3";"7";"0";"2";"2";"1";"1";""
"202100012674";"179 061";"B01";"3";"30";"0";"2";"1";"1";"1";""
"202100012675";"179 059";"A01";"1";"7";"1";"0";"7";"15";"1";""
"202100012676";"179 058";"A01";"2";"37";"0";"1";"3";"1";"2";"2"
"202100012677";"179 056";"A01";"1";"7";"0";"2";"6";"10";"2";""
"202100012677";"179 057";"B01";"1";"43";"0";"2";"1";"17";"1";""
"202100012678";"179 054";"A01";"1";"30";"0";"2";"1";"1";"1";""
"202100012678";"179 055";"B01";"2";"1";"0";"2";"2";"5";"5";""
"202100012679";"179 053";"A01";"2";"32";"0";"0";"0";"1";"1";""
"202100012680";"179 052";"A01";"2";"30";"0";"0";"7";"7";"1";""
"202100012681";"179 049";"C01";"1";"7";"0";"2";"6";"1";"1";""
"202100012681";"179 050";"A01";"1";"7";"0";"2";"3";"22";"1";""
"202100012681";"179 051";"B01";"1";"32";"0";"2";"9";"1";"1";""
"202100012682";"179 047";"B01";"3";"7";"0";"2";"2";"1";"2";""
"202100012682";"179 048";"A01";"3";"34";"0";"2";"4";"1";"1";""
"202100012683";"179 045";"A01";"2";"50";"0";"2";"1";"1";"3";""
"202100012683";"179 046";"B01";"1";"7";"0";"2";"3";"1";"1";""
"202100012684";"179 043";"B01";"2";"1";"0";"2";"1";"1";"5";""
"202100012684";"179 044";"A01";"1";"1";"0";"2";"1";"17";"5";""
"202100012685";"179 041";"B01";"2";"50";"0";"2";"1";"1";"3";""
"202100012685";"179 042";"A01";"2";"7";"0";"2";"4";"9";"1";""
"202100012686";"179 039";"B01";"1";"7";"0";"2";"4";"1";"1";""
"202100012686";"179 040";"A01";"1";"7";"0";"2";"3";"21";"1";""
"202100012687";"179 037";"Z01";"1";"7";"0";"0";"0";"0";"0";""
"202100012687";"179 038";"A01";"1";"30";"0";"2";"0";"26";"1";""
"202100012688";"179 035";"B01";" -1";"33";"0";"2";"4";"23";"1";""
"202100012688";"179 036";"A01";"2";"33";"0";"2";"1";"1";"1";""
"202100012689";"179 034";"A01";"1";"7";"2";"0";"1";"26";"1";""
"202100012690";"179 033";"A01";"1";"7";"0";"1";"3";"15";"2";""
"202100012691";"179 031";"B01";"2";"7";"0";"2";"7";"1";"1";""
"202100012691";"179 032";"A01";"2";"33";"0";"2";"8";"15";"1";""
"202100012692";"179 029";"B01";"2";"3";"0";"2";"4";"0";"0";""
"202100012692";"179 030";"A01";"2";"37";"0";"2";"1";"0";"0";"1"
"202100012693";"179 027";"B01";"1";"32";"0";"2";"1";"1";"1";""
"202100012693";"179 028";"A01";"2";"7";"0";"2";"3";"10";"1";""
"202100012694";"179 026";"A01";"2";"7";"8";"1";"4";"4";"1";""
"202100012695";"179 024";"C01";"0";"7";"0";"0";"3";"15";"1";""
"202100012695";"179 025";"B01";"2";"7";"0";"0";"2";"1";"1";""
"202100012696";"179 023";"A01";"3";"7";"0";"1";"2";"1";"1";""
"202100012697";"179 021";"A01";"2";"7";"0";"2";"3";"15";"1";""
"202100012697";"179 022";"B01";"1";"36";"0";"2";"3";"1";"1";""
"202100012698";"179 019";"B01";"2";"7";"4";"0";"0";"21";"1";""
"202100012698";"179 020";"A01";"2";"7";"0";"0";"0";"18";"1";""
"202100012699";"179 018";"A01";"1";"1";"6";"0";"7";"1";"5";""
"202100012700";"179 016";"B01";"3";"7";"0";"2";"3";"15";"1";""
"202100012700";"179 017";"A01";"3";"33";"0";"2";"7";"1";"1";""
"202100012701";"179 015";"A01";"2";"33";"0";"0";"8";"0";"1";""
"202100012702";"179 013";"A01";"1";"7";"0";"2";"7";"15";"1";""
"202100012702";"179 014";"B01";"2";"2";"0";"2";"2";"1";"1";""
"202100012703";"179 011";"A01";"2";"10";"3";"2";"1";"2";"1";""
"202100012703";"179 012";"B01";"2";"7";"3";"2";"4";"2";"1";""
"202100012704";"179 009";"A01";"3";"7";"0";"2";"2";"1";"1";""
"202100012704";"179 010";"B01";"3";"50";"0";"0";"4";"16";"3";""
"202100012705";"179 007";"B01";"1";"7";"0";"2";"1";"1";"1";""
"202100012705";"179 008";"A01";"0";"10";"0";"2";"2";"19";"1";""
"202100012706";"179 005";"B01";"2";"34";"0";"2";"1";"1";"1";""
"202100012706";"179 006";"A01";"1";"7";"0";"2";"3";"15";"1";""
"202100012707";"179 002";"A01";"1";"33";"0";"2";"1";"1";"1";""
"202100012707";"179 003";"B01";"2";"10";"0";"2";"5";"15";"1";""
"202100012707";"179 004";"C01";"2";"7";"0";"2";"6";"1";"1";""
"202100012708";"179 001";"A01";"1";"7";"8";"0";"2";"15";"1";""
"202100012709";"178 999";"B01";"2";"7";"0";"2";"1";"1";"1";""
"202100012709";"179 000";"A01";"3";"7";"0";"2";"8";"19";"1";""
"202100012710";"178 997";"A01";"1";"7";"0";"2";"2";"1";"1";""
"202100012710";"178 998";"B01";"3";"2";"0";"2";"1";"1";"1";""
"202100012711";"178 995";"B01";"1";"7";"0";"2";"3";"21";"1";""
"202100012711";"178 996";"A01";"2";"7";"0";"2";"3";"21";"1";""
"202100012712";"178 993";"B01";"2";"7";"0";"2";"5";"17";"0";""
"202100012712";"178 994";"A01";"2";"2";"0";"2";"3";"1";"1";""
"202100012713";"178 991";"B01";"1";"7";"0";"2";"3";"1";"1";""
"202100012713";"178 992";"A01";"2";"7";"0";"2";"3";"15";"1";""
"202100012714";"178 990";"A01";"2";"33";"13";"0";"3";"0";"1";""
"202100012715";"178 988";"A01";"1";"33";"13";"2";"3";"13";"1";""
"202100012715";"178 989";"B01";"2";"7";"0";"2";"8";"1";"1";""
"202100012716";"178 987";"A01";"3";"36";"13";"0";"2";"14";"1";""
"202100012717";"178 986";"A01";"2";"7";"0";"1";"2";"1";"1";""
"202100012718";"178 984";"A01";"3";"10";"0";"2";"2";"1";"1";""
"202100012718";"178 985";"B01";"0";"2";"0";"2";"1";"1";"1";""
"202100012719";"178 982";"B01";"1";"7";"0";"2";"1";"1";"1";""
"202100012719";"178 983";"A01";"0";"7";"0";"2";"1";"1";"1";""
"202100012720";"178 980";"A01";"0";"7";"0";"2";"3";"17";"1";""
"202100012720";"178 981";"B01";"1";"7";"0";"2";"3";"15";"1";""
"202100012721";"178 979";"A01";"2";"7";"13";"0";"1";"15";"1";""
"202100012722";"178 978";"A01";"3";"2";"0";"0";"0";"1";"1";""
"202100012723";"178 976";"A01";"3";"7";"0";"2";"7";"13";"1";""
"202100012723";"178 977";"B01";"3";"7";"0";"2";"1";"1";"1";""
"202100012724";"178 975";"A01";"3";"7";"2";"0";"1";"2";"1";""
"202100012725";"178 973";"A01";"2";"7";"0";"2";"1";"1";"1";""
"202100012725";"178 974";"B01";"1";"7";"0";"0";"3";"19";"1";""
"202100012726";"178 970";"A01";"1";"7";"0";"1";"2";"2";"1";""
"202100012727";"178 969";"A01";"1";"2";"13";"0";"1";"1";"1";""
"202100012728";"178 967";"B01";"2";"15";"0";"2";"6";"24";"1";""
"202100012728";"178 968";"A01";"2";"10";"1";"0";"1";"1";"1";""
"202100012729";"178 966";"A01";"1";"7";"2";"0";"1";"1";"1";""
"202100012730";"178 963";"A01";"2";"7";"0";"2";"3";"5";"1";""
"202100012730";"178 964";"B01";"1";"33";"0";"2";"1";"1";"1";""
"202100012731";"178 961";"B01";"1";"7";"0";"2";"1";"1";"1";""
"202100012731";"178 962";"A01";"1";"7";"0";"2";"4";"1";"2";""
"202100012732";"178 960";"A01";"3";"33";"2";"0";"1";"13";"1";""
"202100012733";"178 958";"B01";"2";"21";"0";"2";"3";"1";"1";""
"202100012733";"178 959";"A01";"1";"7";"0";"2";"3";"1";"1";""
"202100012734";"178 956";"B01";"2";"33";"0";"2";"1";"2";"1";""
"202100012734";"178 957";"A01";"2";"7";"0";"2";"8";"9";"1";""
"202100012735";"178 955";"A01";"2";"7";"13";"0";"9";"1";"1";""
"202100012736";"178 953";"B01";"3";"1";"0";"0";"0";"0";"5";""
"202100012736";"178 954";"A01";"0";"7";"0";"2";"0";"0";"0";""
"202100012737";"178 950";"C01";"3";"7";"0";"0";"0";"26";"1";""
"202100012737";"178 951";"B01";"3";"1";"0";"2";"1";"13";"5";""
"202100012737";"178 952";"A01";"3";"7";"0";"2";"1";"1";"1";""
"202100012738";"178 949";"A01";"3";"33";"0";"0";"0";"0";"1";""
"202100012739";"178 947";"B01";"1";"7";"0";"2";"3";"1";"1";""
"202100012739";"178 948";"A01";"1";"10";"0";"2";"1";"19";"1";""
"202100012740";"178 943";"B01";"2";"7";"0";"2";"8";"15";"1";""
"202100012740";"178 944";"A01";"2";"34";"0";"2";"1";"17";"1";""
"202100012741";"178 939";"B01";"1";"10";"3";"0";"1";"1";"1";""
"202100012741";"178 940";"A01";"1";"7";"3";"0";"4";"23";"1";""
"202100012741";"178 941";"D01";"1";"7";"0";"2";"1";"2";"1";""
"202100012741";"178 942";"C01";"1";"7";"1";"0";"4";"1";"1";""
"202100012742";"178 938";"A01";"2";"14";"0";"0";"9";"1";"1";""
"202100012743";"178 936";"B01";"2";"14";"0";"2";"3";"26";"1";""
"202100012743";"178 937";"A01";"1";"7";"0";"2";"3";"26";"0";""
"202100012744";"178 935";"A01";"1";"7";"0";"0";"4";"1";"1";""
"202100012745";"178 934";"A01";" -1";"14";"0";"1";"2";"16";"1";""
"202100012746";"178 933";"A01";"2";"7";"3";"0";"3";"21";"1";""
"202100012747";"178 932";"A01";"1";"7";"0";"1";"3";"1";"1";""
"202100012748";"178 930";"B01";"2";"7";"0";"2";"2";"1";"1";""
"202100012748";"178 931";"A01";"2";"7";"0";"2";"3";"1";"1";""
"202100012749";"178 929";"A01";"0";"2";"13";"0";"2";"0";"1";""
"202100012750";"178 928";"A01";"0";"7";"13";"0";"0";"14";"1";""
"202100012751";"178 927";"A01";"1";"10";"2";"0";"1";"13";"1";""
"202100012752";"178 926";"A01";"3";"7";"6";"0";"3";"6";"1";""
"202100012753";"178 924";"A01";"1";"7";"0";"0";"6";"1";"2";""
"202100012753";"178 925";"B01";"1";"33";"0";"2";"1";"1";"1";""
"202100012754";"178 922";"B01";"1";"2";"0";"2";"2";"13";"1";""
"202100012754";"178 923";"A01";"2";"7";"0";"2";"2";"9";"1";""
"202100012755";"178 920";"B01";"2";"7";"0";"2";"4";"2";"1";""
"202100012755";"178 921";"A01";"2";"33";"0";"2";"1";"2";"1";""
"202100012756";"178 918";"B01";"0";"7";"0";"0";"5";"2";"1";""
"202100012756";"178 919";"A01";"0";"10";"0";"2";"3";"2";"1";""
"202100012757";"178 916";"B01";"1";"7";"0";"0";"4";"2";"1";""
"202100012757";"178 917";"A01";"1";"31";"0";"2";"4";"3";"1";""
"202100012758";"178 913";"C01";"2";"7";"0";"2";"1";"1";"1";""
"202100012758";"178 914";"B01";"2";"7";"0";"2";"3";"1";"1";""
"202100012758";"178 915";"A01";"1";"7";"0";"2";"1";"5";"1";""
"202100012759";"178 911";"B01";"1";"7";"0";"2";"1";"2";"1";""
"202100012759";"178 912";"A01";"1";"7";"0";"2";"4";"2";"1";""
"202100012760";"178 910";"A01";"2";"7";"0";"0";"1";"14";"1";""
"202100012761";"178 909";"A01";"2";"7";"17";"0";"1";"0";"1";""
"202100012762";"178 908";"A01";"1";"33";"0";"0";"8";"15";"1";""
"202100012763";"178 907";"A01";"1";"7";"0";"1";"1";"1";"1";""
"202100012764";"178 905";"A01";"2";"34";"0";"2";"2";"17";"1";""
"202100012764";"178 906";"B01";"2";"7";"0";"2";"3";"15";"1";""
"202100012765";"178 903";"A01";"3";"1";"0";"2";"8";"9";"5";""
"202100012765";"178 904";"B01";"2";"7";"0";"2";"2";"1";"1";""
"202100012766";"178 902";"A01";"3";"7";"17";"0";"3";"0";"1";""
"202100012767";"178 900";"B01";"2";"7";"0";"2";"3";"1";"1";""
"202100012767";"178 901";"A01";"1";"7";"0";"2";"3";"1";"1";""
"202100012768";"178 899";"A01";"0";"7";"0";"0";"2";"1";"1";""
"202100012769";"178 897";"B01";"3";"1";"0";"2";"3";"3";"5";""
"202100012769";"178 898";"A01";"3";"7";"0";"2";"3";"1";"2";""
"202100012770";"178 895";"B01";" -1";"7";"0";"2";"1";"1";"1";""
"202100012770";"178 896";"A01";" -1";"7";"0";"2";"8";"9";"1";""
"202100012771";"178 893";"B01";"0";"33";"0";"2";"0";"1";"1";""
"202100012771";"178 894";"A01";"3";"7";"0";"2";"3";"0";"1";""
"202100012772";"178 891";"A01";"2";"7";"0";"0";"3";"10";"1";""
"202100012772";"178 892";"B01";"2";"33";"0";"0";"1";"1";"1";""
"202100012773";"178 889";"B01";"3";"1";"0";"2";"1";"0";"5";""
"202100012773";"178 890";"A01";"3";"7";"0";"0";"2";"19";"1";""
"202100012774";"178 888";"A01";"2";"7";"3";"0";"8";"13";"1";""
"202100012775";"178 887";"A01";"2";"7";"0";"1";"1";"1";"1";""
"202100012776";"178 885";"B01";"3";"7";"0";"2";"2";"1";"1";""
"202100012776";"178 886";"A01";"3";"7";"0";"2";"8";"1";"1";""
"202100012777";"178 883";"A01";"3";"33";"6";"0";"6";"11";"1";""
"202100012777";"178 884";"B01";"3";"33";"0";"0";"2";"2";"1";""
"202100012778";"178 881";"A01";"1";"2";"0";"2";"1";"0";"1";""
"202100012778";"178 882";"B01";"2";"7";"0";"2";"1";"1";"1";""
"202100012779";"178 879";"A01";"2";"7";"0";"2";"2";"13";"1";""
"202100012779";"178 880";"B01";"2";"33";"0";"2";"4";"15";"1";""
"202100012780";"178 878";"A01";"3";"32";"0";"6";"6";"1";"1";""
"202100012781";"178 876";"A01";"1";"7";"0";"2";"3";"1";"1";""
"202100012781";"178 877";"B01";"2";"7";"0";"0";"3";"13";"1";""
"202100012782";"178 874";"Z01";"1";"38";"0";"2";"1";"2";"0";"1"
"202100012782";"178 875";"A01";"1";"7";"0";"2";"4";"2";"1";""
"202100012783";"178 872";"A01";"1";"7";"0";"2";"4";"1";"1";""
"202100012783";"178 873";"B01";"0";"7";"0";"2";"2";"14";"0";""
"202100012784";"178 870";"A01";"2";"33";"0";"2";"7";"1";"1";""
"202100012784";"178 871";"B01";"2";"7";"0";"2";"7";"26";"1";""
"202100012785";"178 868";"A01";"1";"7";"0";"2";"4";"1";"1";""
"202100012785";"178 869";"B01";"1";"7";"0";"2";"1";"1";"1";""
"202100012786";"178 867";"A01";"2";"7";"3";"0";"1";"2";"1";""
"202100012787";"178 865";"B01";"2";"7";"0";"2";"4";"1";"1";""
"202100012787";"178 866";"A01";"2";"33";"0";"2";"1";"3";"1";""
"202100012788";"178 862";"C01";"1";"7";"0";"2";"4";"2";"1";""
"202100012788";"178 863";"B01";"1";"7";"0";"2";"4";"2";"1";""
"202100012788";"178 864";"A01";"1";"7";"0";"2";"1";"2";"1";""
"202100012789";"178 860";"B01";"1";"7";"0";"2";"2";"1";"1";""
"202100012789";"178 861";"A01";"1";"7";"3";"2";"3";"9";"1";""
"202100012790";"178 859";"A01";"2";"7";"4";"0";"3";"1";"1";""
"202100012791";"178 858";"A01";"1";"7";"0";"0";"9";"26";"1";""
"202100012792";"178 855";"C01";"1";"7";"0";"2";"8";"1";"1";""
"202100012792";"178 856";"B01";"1";"7";"0";"2";"8";"1";"1";""
"202100012792";"178 857";"A01";"1";"7";"0";"2";"2";"1";"1";""
"202100012793";"178 852";"A01";"1";"7";"0";"2";"1";"2";"1";""
"202100012793";"178 853";"B01";"1";"7";"0";"2";"4";"2";"1";""
"202100012793";"178 854";"C01";"1";"7";"0";"2";"4";"2";"1";""
"202100012794";"178 850";"Z01";"1";"10";"3";"0";"4";"0";"1";""
"202100012794";"178 851";"B01";"1";"7";"3";"2";"1";"1";"1";""
"202100012795";"178 846";"D01";"1";"7";"1";"0";"1";"1";"1";""
"202100012795";"178 847";"A01";"1";"7";"0";"2";"6";"0";"1";""
"202100012795";"178 848";"B01";"1";"7";"1";"2";"2";"21";"1";""
"202100012795";"178 849";"C01";"1";"7";"1";"2";"1";"1";"1";""
"202100012796";"178 844";"B01";"2";"7";"0";"2";"4";"23";"1";""
"202100012796";"178 845";"A01";"2";"7";"0";"2";"1";"2";"1";""
"202100012797";"178 842";"B01";"1";"7";"0";"2";"4";"2";"1";""
"202100012797";"178 843";"A01";"1";"7";"0";"2";"1";"2";"1";""
"202100012798";"178 841";"A01";"1";"33";"0";"0";"7";"1";"1";""
"202100012799";"178 839";"B01";"2";"7";"0";"2";"6";"1";"1";""
"202100012799";"178 840";"A01";"2";"7";"0";"2";"2";"12";"1";""
"202100012800";"178 838";"A01";"2";"7";"5";"0";"1";"1";"1";""
"202100012801";"178 837";"A01";"1";"33";"0";"2";"4";"1";"1";""
"202100012802";"178 835";"A01";"2";"7";"0";"2";"5";"1";"1";""
"202100012802";"178 836";"B01";"2";"7";"0";"2";"6";"1";"1";""
"202100012803";"178 833";"A01";"3";"7";"0";"2";"3";"9";"1";""
"202100012803";"178 834";"B01";"3";"37";"0";"2";"2";"9";"2";"1"
"202100012804";"178 831";"B01";"3";"1";"0";"0";"0";"0";"0";""
"202100012804";"178 832";"A01";"3";"30";"0";"9";"8";"5";"1";""
"202100012805";"178 830";"SA01";"2";"2";"0";"2";"0";"0";"0";""
"202100012806";"178 829";"A01";"2";"50";"0";"0";"1";"15";"3";""