"Num_Acc";"id_vehicule";"num_veh";"senc";"catv";"obs";"obsm";"choc";"manv";"motor";"occutc"
"202100012807";"178 828";"A01";"1";"7";"0";"1";"3";"1";"1";""
"202100012808";"178 826";"B01";"1";"2";"1";"0";"2";"1";"1";""
"202100012808";"178 827";"A01";"1";"7";"0";"2";"3";"22";"1";""
"202100012809";"178 824";"A01";"2";"2";"0";"2";"1";"2";"1";""
"202100012809";"178 825";"B01";"2";"7";"0";"2";"4";"2";"1";""
"202100012810";"178 822";"B01";"1";"1";"0";"2";"1";"9";"5";""
"202100012810";"178 823";"A01";"2";"1";"0";"2";"1";"1";"5";""
"202100012811";"178 820";"A01";"1";"7";"0";"2";"3";"15";"1";""
"202100012811";"178 821";"B01";"1";"33";"0";"2";"7";"17";"1";""
"202100012812";"178 819";"A01";"3";"7";"3";"0";"1";"5";"1";""
"202100012813";"178 817";"B01";"3";"33";"0";"0";"0";"0";"1";""
"202100012813";"178 818";"A01";"3";"7";"0";"2";"4";"1";"1";""
"202100012814";"178 816";"A01";"1";"7";"2";"0";"1";"14";"1";""
"202100012815";"178 814";"A01";"3";"7";"0";"2";"8";"1";"1";""
"202100012815";"178 815";"B01";"3";"31";"0";"2";"1";"17";"1";""
"202100012816";"178 813";"A01";"1";"33";"0";"1";"0";"17";"1";""
"202100012817";"178 811";"B01";"3";"7";"0";"2";"1";"15";"1";""
"202100012817";"178 812";"A01";"1";"33";"0";"2";"7";"26";"1";""
"202100012818";"178 809";"A01";"2";"33";"0";"2";"1";"2";"1";""
"202100012818";"178 810";"B01";"2";"7";"0";"2";"4";"2";"1";""
"202100012819";"178 807";"A01";"3";"7";"0";"1";"1";"16";"1";""
"202100012820";"178 805";"A01";"3";"33";"0";"2";"1";"1";"1";""
"202100012820";"178 806";"B01";"3";"7";"0";"2";"4";"0";"1";""
"202100012821";"178 804";"A01";"3";"7";"0";"1";"1";"1";"1";""
"202100012822";"178 802";"A01";"1";"7";"0";"2";"1";"15";"1";""
"202100012822";"178 803";"B01";"2";"7";"0";"2";"0";"0";"1";""
"202100012823";"178 800";"B01";"1";"7";"0";"0";"4";"23";"1";""
"202100012823";"178 801";"A01";"1";"7";"1";"0";"1";"2";"1";""
"202100012824";"178 796";"A01";"3";"7";"8";"2";"3";"9";"1";""
"202100012824";"178 797";"B01";"3";"7";"0";"2";"2";"1";"1";""
"202100012825";"178 795";"A01";"3";"7";"0";"1";"0";"9";"0";""
"202100012826";"178 794";"A01";"1";"7";"1";"0";"3";"14";"1";""
"202100012827";"178 792";"A01";"1";"14";"0";"2";"7";"26";"1";""
"202100012827";"178 793";"B01";"2";"60";"0";"2";"7";"25";"5";""
"202100012828";"178 791";"A01";"1";"30";"12";"0";"7";"14";"1";""
"202100012829";"178 790";"A01";"1";"10";"0";"1";"4";"23";"0";""
"202100012830";"178 789";"A01";"1";"7";"0";"1";"3";"2";"1";""
"202100012831";"178 788";"A01";"1";"7";"0";"1";"1";"1";"1";""
"202100012832";"178 786";"A01";"1";"7";"0";"9";"1";"1";"1";""
"202100012832";"178 787";"B01";"1";"1";"0";"2";"4";"1";"5";""
"202100012833";"178 784";"B01";"0";"33";"0";"2";"1";"0";"0";""
"202100012833";"178 785";"A01";"0";"33";"0";"2";"1";"0";"1";""
"202100012834";"178 782";"B01";"2";"1";"0";"2";"1";"9";"0";""
"202100012834";"178 783";"A01";"1";"7";"0";"2";"2";"9";"1";""
"202100012835";"178 780";"A01";"1";"7";"0";"2";"8";"1";"1";""
"202100012835";"178 781";"B01";"2";"32";"0";"2";"1";"1";"1";""
"202100012836";"178 778";"B01";"2";"7";"0";"2";"3";"15";"1";""
"202100012836";"178 779";"A01";"2";"30";"0";"2";"7";"17";"3";""
"202100012837";"178 777";"A01";"1";"1";"1";"0";"1";"1";"5";""
"202100012838";"178 775";"B01";"1";"7";"0";"2";"2";"15";"1";""
"202100012838";"178 776";"A01";"1";"7";"0";"2";"5";"19";"1";""
"202100012839";"178 774";"A01";"1";"40";"0";"1";"2";"1";"3";""
"202100012840";"178 772";"A01";"3";"80";"0";"2";"1";"1";"3";""
"202100012840";"178 773";"B01";"3";"7";"0";"2";"1";"15";"1";""
"202100012841";"178 771";"A01";"1";"7";"0";"1";"2";"15";"1";""
"202100012842";"178 769";"B01";"1";"33";"0";"2";"8";"1";"1";""
"202100012842";"178 770";"A01";"1";"10";"3";"2";"2";"1";"1";""
"202100012843";"178 767";"Z01";"1";"7";"0";"2";"4";"2";"1";""
"202100012843";"178 768";"A01";"1";"7";"0";"2";"1";"1";"1";""
"202100012844";"178 765";"B01";"1";"34";"0";"2";"1";"5";"1";""
"202100012844";"178 766";"A01";"2";"7";"0";"2";"5";"15";"1";""
"202100012845";"178 763";"B01";"1";"80";"0";"2";"1";"11";"3";""
"202100012845";"178 764";"A01";"1";"37";"0";"9";"8";"15";"6";"1"
"202100012846";"178 761";"B01";"1";"7";"0";"0";"4";"23";"1";""
"202100012846";"178 762";"A01";"1";"33";"0";"2";"1";"2";"1";""
"202100012847";"178 759";"A01";"1";"7";"0";"2";"1";"1";"1";""
"202100012847";"178 760";"B01";"1";"33";"0";"2";"4";"23";"1";""
"202100012848";"178 758";"A01";"2";"7";"0";"1";"5";"4";"1";""
"202100012849";"178 756";"A01";"1";"7";"0";"2";"1";"13";"1";""
"202100012849";"178 757";"B01";"2";"7";"0";"2";"1";"1";"1";""
"202100012850";"178 755";"A01";"3";"7";"0";"1";"1";"0";"1";""
"202100012851";"178 754";"A01";"2";"7";"15";"0";"1";"14";"1";""
"202100012852";"178 752";"A01";"1";"7";"0";"2";"4";"2";"1";""
"202100012852";"178 753";"B01";"1";"2";"0";"2";"1";"2";"1";""
"202100012853";"178 751";"A01";"1";"7";"0";"1";"0";"26";"1";""
"202100012854";"178 749";"A01";"2";"7";"0";"2";"3";"2";"2";""
"202100012854";"178 750";"B01";"2";"1";"0";"2";"4";"15";"5";""
"202100012855";"178 747";"B01";"1";"80";"0";"2";"1";"22";"3";""
"202100012855";"178 748";"A01";"3";"7";"0";"9";"8";"0";"1";""
"202100012856";"178 746";"A01";"1";"7";"0";"1";"3";"15";"1";""
"202100012857";"178 744";"B01";"0";"7";"0";"0";"8";"1";"1";""
"202100012857";"178 745";"A01";"0";"7";"0";"2";"1";"1";"1";""
"202100012858";"178 743";"Z01";"3";"7";"0";"1";"1";"26";"1";""
"202100012859";"178 741";"A01";"2";"7";"0";"2";"3";"0";"1";""
"202100012859";"178 742";"B01";"1";"7";"0";"2";"3";"1";"1";""
"202100012860";"178 739";"B01";"1";"1";"0";"0";"0";"0";"0";""
"202100012860";"178 740";"A01";"1";"7";"0";"2";"2";"19";"1";""
"202100012861";"178 737";"A01";"1";"32";"0";"2";"3";"21";"1";""
"202100012861";"178 738";"B01";"1";"7";"0";"2";"5";"2";"1";""
"202100012862";"178 735";"A01";"1";"7";"0";"2";"7";"12";"1";""
"202100012862";"178 736";"B01";"1";"31";"0";"2";"8";"3";"1";""
"202100012863";"178 733";"A01";"1";"31";"0";"2";"1";"3";"1";""
"202100012863";"178 734";"B01";"1";"10";"0";"2";"6";"11";"1";""
"202100012864";"178 731";"B01";"1";"7";"0";"2";"4";"23";"1";""
"202100012864";"178 732";"A01";"1";"7";"0";"2";"1";"1";"1";""
"202100012865";"178 730";"A01";"1";"7";"0";"1";"5";"1";"1";""
"202100012866";"178 728";"A01";"1";"1";"0";"2";"7";"15";"5";""
"202100012866";"178 729";"Z01";"2";"30";"0";"2";"0";"1";"0";""
"202100012867";"178 726";"A01";"1";"50";"0";"2";"1";"1";"3";""
"202100012867";"178 727";"B01";"1";"7";"0";"2";"2";"1";"1";""
"202100012868";"178 724";"B01";"2";"33";"0";"2";"1";"1";"1";""
"202100012868";"178 725";"A01";"2";"7";"0";"2";"3";"10";"1";""
"202100012869";"178 722";"A01";"2";"7";"0";"2";"1";"1";"2";""
"202100012869";"178 723";"B01";"2";"7";"0";"2";"4";"23";"1";""
"202100012870";"178 721";"A01";"1";"7";"4";"0";"1";"15";"2";""
"202100012871";"178 719";"A01";"1";"10";"0";"2";"2";"1";"1";""
"202100012871";"178 720";"B01";"1";"32";"0";"2";"3";"1";"1";""
"202100012872";"178 717";"B01";"1";"80";"0";"2";"1";"1";"3";""
"202100012872";"178 718";"A01";"1";"7";"0";"2";"8";"22";"1";""
"202100012873";"178 716";"Z01";"1";"33";"0";"1";"2";"1";"0";""
"202100012874";"178 714";"A01";"2";"30";"0";"2";"3";"1";"1";""
"202100012874";"178 715";"B01";"1";"7";"0";"2";"2";"15";"1";""
"202100012875";"178 712";"B01";"3";"1";"0";"2";"1";"1";"5";""
"202100012875";"178 713";"A01";"3";"7";"0";"2";"2";"16";"1";""
"202100012876";"178 710";"A01";"1";"43";"0";"2";"2";"3";"1";""
"202100012876";"178 711";"B01";"1";"7";"0";"2";"8";"15";"1";""
"202100012877";"178 709";"A01";"1";"43";"0";"1";"3";"1";"1";""
"202100012878";"178 707";"B01";"1";"7";"0";"2";"4";"24";"1";""
"202100012878";"178 708";"Z01";"1";"7";"0";"2";"1";"14";"1";""
"202100012879";"178 705";"A01";"2";"7";"0";"2";"2";"1";"1";""
"202100012879";"178 706";"B01";"2";"1";"0";"2";"6";"15";"5";""
"202100012880";"178 703";"A01";"1";"7";"0";"2";"1";"1";"1";""
"202100012880";"178 704";"B01";"1";"7";"0";"2";"8";"1";"1";""
"202100012881";"178 702";"A01";"1";"43";"0";"0";"1";"15";"1";""
"202100012882";"178 700";"A01";"1";"30";"0";"2";"1";"1";"3";""
"202100012882";"178 701";"B01";"1";"7";"0";"2";"4";"23";"1";""
"202100012883";"178 699";"A01";"2";"7";"14";"0";"1";"13";"1";""
"202100012884";"178 698";"A01";"1";"13";"0";"1";"1";"17";"1";""
"202100012885";"178 697";"A01";"2";"50";"0";"1";"1";"0";"3";""
"202100012886";"178 695";"A01";"2";"7";"0";"2";"2";"1";"1";""
"202100012886";"178 696";"B01";"2";"7";"0";"2";"3";"20";"1";""
"202100012887";"178 693";"A01";"3";"7";"0";"2";"1";"19";"1";""
"202100012887";"178 694";"B01";"3";"7";"0";"2";"8";"1";"1";""
"202100012888";"178 692";"A01";"0";"7";"0";"1";"6";"20";"1";""
"202100012889";"178 690";"B01";"1";"32";"0";"2";"4";"2";"1";""
"202100012889";"178 691";"A01";"1";"7";"0";"2";"1";"2";"1";""
"202100012890";"178 688";"B01";"3";"7";"0";"2";"8";"0";"1";""
"202100012890";"178 689";"A01";" -1";"14";"0";"2";"1";"1";"1";""
"202100012891";"178 686";"B01";"3";"50";"0";"2";"1";"19";"3";""
"202100012891";"178 687";"A01";"3";"10";"0";"2";"8";"2";"1";""
"202100012892";"178 684";"B01";"1";"7";"0";"2";"4";"26";"1";""
"202100012892";"178 685";"A01";"1";"7";"1";"0";"1";"14";"1";""
"202100012893";"178 683";"A01";"0";"7";"15";"0";"0";"16";"1";""
"202100012894";"178 681";"B01";"0";"7";"0";"2";"3";"1";"1";""
"202100012894";"178 682";"A01";"3";"30";"0";"2";"7";"1";"1";""
"202100012895";"178 679";"B01";"0";"0";"0";"2";"1";"0";"0";""
"202100012895";"178 680";"A01";"0";"30";"0";"2";"1";"0";"1";""
"202100012896";"178 675";"A01";"1";"7";"0";"2";"1";"1";"1";""
"202100012896";"178 676";"B01";"1";"7";"0";"2";"4";"0";"1";""
"202100012896";"178 677";"C01";"1";"7";"0";"2";"4";"23";"1";""
"202100012896";"178 678";"D01";"1";"7";"0";"2";"1";"1";"1";""
"202100012897";"178 673";"A01";"1";"7";"0";"2";"1";"15";"1";""
"202100012897";"178 674";"B01";"2";"33";"0";"2";"3";"1";"1";""
"202100012898";"178 671";"B01";"1";"1";"1";"0";"0";"1";"5";""
"202100012898";"178 672";"A01";"1";"10";"0";"2";"0";"24";"1";""
"202100012899";"178 670";"A01";"2";"32";"14";"0";"1";"1";"1";""
"202100012900";"178 669";"A01";"2";"30";"0";"0";"0";"21";"1";""
"202100012901";"178 668";"A01";"1";"7";"0";"1";"1";"15";"1";""
"202100012902";"178 667";"A01";"1";"37";"0";"0";"0";"0";"3";"2"
"202100012903";"178 666";"A01";"2";"7";"0";"1";"8";"1";"1";""
"202100012904";"178 664";"A01";"2";"7";"0";"2";"6";"12";"0";""
"202100012904";"178 665";"B01";"2";"2";"0";"2";"2";"11";"0";""
"202100012905";"178 661";"A01";"2";"15";"13";"0";"8";"0";"1";""
"202100012906";"178 660";"A01";"3";"7";"0";"1";"2";"1";"1";""
"202100012907";"178 657";"A01";"2";"7";"0";"2";"1";"0";"1";""
"202100012907";"178 658";"C01";"1";"7";"0";"2";"1";"1";"1";""
"202100012907";"178 659";"B01";"1";"7";"0";"2";"8";"1";"1";""
"202100012908";"178 656";"A01";"1";"7";"6";"0";"7";"1";"1";""
"202100012909";"178 655";"A01";"1";"7";"0";"1";"6";"1";"1";""
"202100012910";"178 653";"A01";"1";"7";"0";"2";"1";"2";"1";""
"202100012910";"178 654";"B01";"1";"15";"0";"0";"4";"2";"1";""
"202100012911";"178 652";"A01";"2";"7";"13";"0";"1";"1";"1";""
"202100012912";"178 650";"A01";"2";"2";"0";"2";"1";"2";"1";""
"202100012912";"178 651";"B01";"2";"7";"0";"0";"6";"2";"1";""
"202100012913";"178 648";"B01";"0";"10";"0";"2";"1";"1";"1";""
"202100012913";"178 649";"A01";"0";"7";"0";"2";"1";"1";"1";""
"202100012914";"178 647";"A01";"3";"7";"0";"1";"1";"1";"1";""
"202100012915";"178 645";"B01";"1";"32";"0";"2";"1";"17";"1";""
"202100012915";"178 646";"A01";"1";"7";"0";"2";"1";"15";"1";""
"202100012916";"178 643";"B01";"2";"7";"0";"2";"5";"15";"1";""
"202100012916";"178 644";"A01";"1";"33";"0";"2";"1";"17";"1";""
"202100012917";"178 641";"B01";"2";"1";"0";"2";"6";"1";"5";""
"202100012917";"178 642";"A01";"2";"7";"0";"2";"2";"2";"1";""
"202100012918";"178 640";"A01";"2";"7";"13";"0";"9";"13";"1";""
"202100012919";"178 639";"A01";"3";"2";"1";"0";"2";"2";"1";""
"202100012920";"178 638";"A01";"1";"2";"0";"0";"8";"1";"1";""
"202100012921";"178 637";"A01";"3";"7";"8";"0";"2";"0";"1";""
"202100012922";"178 636";"A01";"1";"33";"0";"0";"8";"1";"1";""
"202100012923";"178 634";"B01";"1";"33";"0";"2";"1";"1";"1";""
"202100012923";"178 635";"A01";"2";"7";"0";"2";"3";"13";"1";""
"202100012924";"178 633";"A01";"1";"7";"13";"0";"1";"21";"1";""
"202100012925";"178 632";"A01";"1";"33";"15";"0";"2";"1";"1";""
"202100012926";"178 631";"A01";"1";"7";"13";"0";"1";"1";"1";""
"202100012927";"178 629";"B01";"1";"7";"0";"2";"3";"0";"1";""
"202100012927";"178 630";"A01";"2";"2";"0";"2";"1";"5";"1";""
"202100012928";"178 627";"A01";"2";"7";"0";"2";"2";"19";"1";""
"202100012928";"178 628";"B01";"1";"7";"0";"2";"1";"1";"1";""
"202100012929";"178 625";"B01";"2";"10";"0";"2";"1";"1";"1";""
"202100012929";"178 626";"A01";"1";"7";"0";"2";"1";"1";"1";""
"202100012930";"178 623";"A01";"1";"33";"0";"0";"0";"21";"1";""
"202100012930";"178 624";"B01";"1";"33";"0";"0";"0";"1";"1";""
"202100012931";"178 622";"A01";"1";"33";"13";"0";"1";"26";"1";""
"202100012932";"178 620";"A01";"3";"7";"0";"2";"3";"13";"1";""
"202100012932";"178 621";"B01";"3";"7";"0";"2";"6";"1";"1";""
"202100012933";"178 619";"A01";"1";"33";"16";"0";"0";"0";"1";""
"202100012934";"178 616";"C01";"2";"7";"0";"9";"1";"1";"1";""
"202100012934";"178 617";"B01";"2";"7";"0";"0";"3";"1";"1";""
"202100012934";"178 618";"A01";"2";"7";"3";"2";"2";"17";"1";""
"202100012935";"178 614";"B01";"3";"15";"0";"2";"2";"1";"1";""
"202100012935";"178 615";"A01";"3";"2";"0";"2";"2";"13";"1";""
"202100012936";"178 612";"B01";"2";"2";"0";"2";"2";"13";"1";""
"202100012936";"178 613";"A01";"1";"7";"0";"0";"7";"11";"1";""
"202100012937";"178 610";"B01";"3";"30";"0";"2";"4";"2";"1";""
"202100012937";"178 611";"A01";"3";"7";"0";"2";"2";"2";"1";""
"202100012938";"178 608";"B01";"1";"2";"0";"2";"1";"1";"1";""
"202100012938";"178 609";"A01";"2";"7";"0";"2";"2";"11";"1";""
"202100012939";"178 606";"B01";"1";"7";"0";"2";"5";"19";"1";""
"202100012939";"178 607";"A01";"1";"7";"0";"2";"1";"1";"1";""
"202100012940";"178 605";"A01";"2";"7";"0";"1";"2";"1";"1";""
"202100012941";"178 604";"A01";"1";"7";"0";"1";"3";"1";"1";""
"202100012942";"178 603";"A01";"2";"7";"2";"0";"7";"1";"1";""
"202100012943";"178 601";"B01";"2";"7";"0";"2";"1";"1";"1";""
"202100012943";"178 602";"A01";"1";"7";"0";"2";"4";"17";"1";""
"202100012944";"178 599";"B01";"2";"10";"0";"2";"4";"26";"1";""
"202100012944";"178 600";"A01";"2";"7";"0";"2";"1";"26";"1";""
"202100012945";"178 598";"A01";"1";"7";"0";"0";"1";"1";"1";""
"202100012946";"178 596";"B01";"2";"2";"0";"2";"4";"1";"1";""
"202100012946";"178 597";"A01";"0";"7";"0";"2";"0";"0";"0";""
"202100012947";"178 593";"C01";"2";"7";"0";"9";"1";"1";"1";""
"202100012947";"178 594";"B01";"2";"7";"8";"2";"5";"15";"1";""
"202100012947";"178 595";"A01";"1";"33";"0";"2";"1";"1";"1";""
"202100012948";"178 591";"B01";"2";"7";"0";"2";"1";"1";"1";""
"202100012948";"178 592";"A01";"1";"7";"0";"2";"1";"13";"1";""
"202100012949";"178 590";"A01";"3";"1";"0";"0";"0";"0";"5";""
"202100012950";"178 588";"B01";"1";"7";"0";"2";"1";"1";"1";""
"202100012950";"178 589";"A01";"1";"7";"0";"2";"1";"5";"1";""
"202100012951";"178 586";"B01";"2";"7";"0";"2";"1";"13";"2";""
"202100012951";"178 587";"A01";"1";"7";"0";"2";"1";"1";"1";""
"202100012952";"178 585";"A01";"1";"7";"7";"0";"1";"1";"1";""
"202100012953";"178 583";"A01";"1";"7";"0";"2";"2";"21";"1";""
"202100012953";"178 584";"B01";"2";"7";"7";"2";"1";"13";"1";""
"202100012954";"178 582";"A01";"2";"7";"13";"0";"1";"1";"1";""
"202100012955";"178 580";"A01";"2";"7";"5";"0";"1";"1";"1";""
"202100012956";"178 578";"B01";"1";"7";"0";"2";"3";"1";"1";""
"202100012956";"178 579";"A01";"2";"7";"0";"2";"3";"1";"1";""
"202100012957";"178 576";"B01";"2";"7";"0";"2";"1";"1";"1";""
"202100012957";"178 577";"A01";"1";"7";"0";"2";"1";"13";"1";""
"202100012958";"178 575";"A01";"1";"7";"2";"0";"8";"14";"1";""
"202100012959";"178 573";"A01";"1";"7";"0";"2";"1";"5";"1";""
"202100012959";"178 574";"B01";"2";"2";"0";"2";"1";"5";"1";""
"202100012960";"178 571";"A01";"2";"7";"0";"2";"2";"15";"1";""
"202100012960";"178 572";"B01";"2";"2";"0";"2";"2";"1";"1";""
"202100012961";"178 570";"A01";"2";"7";"13";"0";"3";"1";"1";""
"202100012962";"178 569";"A01";"0";"30";"8";"0";"1";"2";"1";""
"202100012963";"178 567";"A01";"1";"7";"0";"2";"1";"2";"1";""
"202100012963";"178 568";"B01";"1";"7";"3";"0";"4";"1";"1";""
"202100012964";"178 564";"A01";"2";"10";"0";"0";"4";"2";"1";""
"202100012964";"178 565";"C01";"2";"7";"0";"2";"1";"2";"2";""
"202100012964";"178 566";"B01";"2";"7";"0";"2";"1";"2";"1";""
"202100012965";"178 562";"A01";"2";"10";"0";"2";"1";"2";"1";""
"202100012965";"178 563";"B01";"2";"15";"0";"2";"4";"1";"1";""
"202100012966";"178 560";"B01";"1";"33";"0";"2";"7";"1";"1";""
"202100012966";"178 561";"A01";"1";"7";"0";"2";"3";"16";"1";""
"202100012967";"178 559";"A01";"1";"7";"0";"1";"2";"1";"1";""
"202100012968";"178 558";"A01";"1";"7";"4";"0";"9";"1";"1";""
"202100012969";"178 557";"A01";"3";"34";"8";"0";"1";"2";"1";""
"202100012970";"178 555";"B01";"2";"7";"0";"2";"2";"17";"1";""
"202100012970";"178 556";"A01";"2";"7";"0";"2";"3";"15";"1";""
"202100012971";"178 553";"B01";"2";"7";"0";"2";"1";"0";"0";""
"202100012971";"178 554";"A01";"2";"1";"0";"0";"0";"0";"5";""
"202100012972";"178 552";"A01";"2";"1";"0";"0";"1";"0";"5";""
"202100012973";"178 550";"B01";"2";"7";"0";"2";"5";"15";"1";""
"202100012973";"178 551";"A01";"1";"2";"0";"2";"1";"1";"1";""
"202100012974";"178 548";"B01";"2";"2";"0";"2";"1";"1";"1";""
"202100012974";"178 549";"A01";"2";"7";"0";"2";"2";"19";"1";""
"202100012975";"178 546";"B01";"1";"33";"0";"2";"2";"17";"1";""
"202100012975";"178 547";"A01";"1";"7";"0";"2";"3";"15";"1";""
"202100012976";"178 544";"A01";"1";"7";"0";"9";"5";"2";"1";""
"202100012976";"178 545";"B01";"1";"1";"0";"2";"3";"1";"5";""
"202100012977";"178 542";"B01";"3";"10";"0";"2";"3";"1";"1";""
"202100012977";"178 543";"A01";"0";"7";"9";"2";"1";"16";"1";""
"202100012978";"178 539";"C01";"2";"10";"0";"2";"2";"2";"1";""
"202100012978";"178 540";"B01";"2";"7";"0";"2";"6";"2";"1";""
"202100012978";"178 541";"A01";"2";"7";"0";"0";"5";"1";"2";""
"202100012979";"178 538";"A01";"1";"7";"13";"0";"9";"1";"1";""
"202100012980";"178 536";"A01";"0";"7";"0";"2";"2";"15";"1";""
"202100012980";"178 537";"B01";"2";"33";"0";"2";"8";"23";"1";""
"202100012981";"178 535";"A01";"1";"33";"0";"0";"9";"1";"1";""
"202100012982";"178 534";"A01";"1";"7";"2";"0";"9";"13";"1";""
"202100012983";"178 533";"A01";"2";"7";"0";"0";"0";"1";"1";""
"202100012984";"178 530";"C01";"1";"7";"14";"0";"1";"1";"1";""
"202100012984";"178 531";"B01";"1";"7";"0";"2";"2";"1";"1";""
"202100012984";"178 532";"A01";"1";"7";"0";"2";"6";"26";"1";""
"202100012985";"178 529";"A01";"1";"7";"0";"1";"1";"1";"1";""
"202100012986";"178 528";"A01";"2";"33";"14";"0";"1";"1";"6";""
"202100012987";"178 526";"B01";"2";"33";"0";"2";"7";"1";"1";""
"202100012987";"178 527";"A01";"2";"7";"0";"2";"3";"15";"1";""
"202100012988";"178 525";"A01";"3";"2";"0";"0";"8";"1";"1";""
"202100012989";"178 523";"B01";"2";"7";"0";"2";"3";"2";"1";""
"202100012989";"178 524";"A01";"1";"7";"0";"2";"1";"2";"1";""
"202100012990";"178 522";"A01";"3";"80";"10";"0";"1";"13";"3";""
"202100012991";"178 521";"A01";"3";"7";"16";"0";"3";"13";"1";""
"202100012992";"178 520";"A01";"3";"7";"0";"1";"1";"1";"1";""
"202100012993";"178 519";"A01";"1";"10";"13";"0";"3";"1";"1";""
"202100012994";"178 517";"B01";"3";"1";"0";"2";"1";"23";"5";""
"202100012994";"178 518";"A01";"3";"7";"0";"2";"0";"1";"1";""
"202100012995";"178 516";"A01";"2";"33";"3";"0";"8";"1";"1";""
"202100012996";"178 514";"A01";"3";"2";"0";"2";"1";"1";"1";""
"202100012996";"178 515";"B01";"3";"7";"0";"2";"3";"15";"1";""
"202100012997";"178 513";"A01";"3";"7";"0";"1";"4";"4";"1";""
"202100012998";"178 511";"B01";"2";"7";"0";"2";"3";"1";"1";""
"202100012998";"178 512";"A01";"1";"7";"0";"2";"3";"17";"1";""
"202100012999";"178 509";"A01";"1";"33";"0";"0";"7";"17";"1";""
"202100012999";"178 510";"B01";"1";"7";"0";"0";"3";"15";"1";""
"202100013000";"178 507";"B01";"2";"2";"0";"2";"1";"1";"1";""
"202100013000";"178 508";"A01";"1";"31";"0";"2";"1";"5";"1";""
"202100013001";"178 505";"B01";"2";"10";"0";"2";"2";"1";"1";""
"202100013001";"178 506";"A01";"2";"7";"0";"0";"4";"1";"1";""
"202100013002";"178 503";"A01";"1";"2";"0";"2";"6";"15";"1";""
"202100013002";"178 504";"B01";"1";"7";"0";"2";"1";"1";"1";""
"202100013003";"178 502";"A01";"3";"7";"13";"0";"8";"0";"1";""
"202100013004";"178 501";"A01";"1";"33";"0";"0";"0";"3";"1";""
"202100013005";"178 499";"A01";"2";"33";"0";"2";"8";"1";"1";""
"202100013005";"178 500";"B01";"2";"10";"0";"2";"2";"14";"1";""
"202100013006";"178 498";"A01";"1";"7";"4";"0";"1";"1";"1";""
"202100013007";"178 497";"A01";"1";"7";"4";"0";"2";"1";"1";""
"202100013008";"178 495";"A01";"2";"7";"0";"2";"3";"2";"1";""
"202100013008";"178 496";"B01";"2";"7";"0";"2";"5";"2";"0";""
"202100013009";"178 494";"A01";"1";"7";"0";"2";"8";"14";"1";""
"202100013010";"178 492";"B01";"1";"7";"0";"2";"3";"1";"1";""
"202100013010";"178 493";"A01";"1";"7";"0";"2";"3";"5";"1";""
"202100013011";"178 490";"A01";"1";"15";"0";"2";"1";"2";"1";""
"202100013011";"178 491";"B01";"1";"7";"0";"2";"4";"2";"1";""
"202100013012";"178 488";"B01";"1";"7";"0";"2";"4";"2";"1";""
"202100013012";"178 489";"A01";"1";"7";"0";"2";"1";"2";"1";""
"202100013013";"178 487";"A01";"1";"7";"3";"0";"1";"0";"1";""
"202100013014";"178 484";"A01";"1";"7";"0";"2";"1";"2";"1";""
"202100013014";"178 485";"B01";"1";"7";"0";"2";"4";"2";"1";""
"202100013014";"178 486";"C01";"1";"7";"0";"2";"1";"2";"1";""
"202100013015";"178 483";"A01";"2";"7";"0";"2";"9";"1";"1";""
"202100013016";"178 481";"A01";"2";"7";"0";"9";"8";"1";"1";""
"202100013016";"178 482";"B01";"2";"34";"0";"2";"0";"0";"0";""
"202100013017";"178 479";"A01";"1";"7";"0";"2";"7";"14";"1";""
"202100013017";"178 480";"B01";"1";"7";"0";"2";"6";"1";"1";""
"202100013018";"178 477";"A01";"2";"7";"0";"2";"6";"2";"1";""
"202100013018";"178 478";"B01";"2";"7";"0";"2";"2";"1";"1";""
"202100013019";"178 475";"B01";"2";"33";"0";"2";"3";"3";"1";""
"202100013019";"178 476";"A01";"2";"7";"0";"2";"2";"12";"1";""
"202100013020";"178 473";"A01";"2";"10";"0";"2";"1";"1";"1";""
"202100013020";"178 474";"B01";"2";"7";"0";"2";"4";"2";"1";""
"202100013021";"178 472";"A01";"2";"7";"0";"9";"1";"1";"1";""
"202100013022";"178 470";"B01";"2";"10";"0";"2";"4";"2";"1";""
"202100013022";"178 471";"A01";"2";"7";"6";"2";"1";"2";"1";""
"202100013023";"178 469";"Z01";"1";"1";"0";"1";"0";"0";"5";""
"202100013024";"178 468";"A01";"1";"80";"0";"1";"1";"1";"3";""
"202100013025";"178 466";"B01";"3";"7";"0";"2";"5";"1";"1";""
"202100013025";"178 467";"A01";"3";"33";"0";"2";"1";"19";"1";""
"202100013026";"178 465";"A01";"3";"1";"4";"0";"1";"1";"5";""
"202100013027";"178 464";"A01";"2";"7";"2";"0";"1";"6";"1";""
"202100013028";"178 462";"A01";"2";"31";"0";"2";"2";"18";"1";""
"202100013028";"178 463";"B01";"2";"7";"0";"2";"2";"16";"1";""
"202100013029";"178 460";"B01";"1";"33";"0";"2";"1";"17";"1";""
"202100013029";"178 461";"A01";"2";"7";"0";"2";"3";"9";"1";""
"202100013030";"178 458";"B01";"2";"31";"0";"2";"1";"17";"1";""
"202100013030";"178 459";"A01";"2";"7";"0";"2";"3";"15";"1";""
"202100013031";"178 456";"A01";"1";"7";"0";"2";"1";"15";"1";""