"Num_Acc";"id_vehicule";"num_veh";"senc";"catv";"obs";"obsm";"choc";"manv";"motor";"occutc"
"202100013645";"177 322";"B01";"2";"7";"0";"2";"4";"23";"1";""
"202100013645";"177 323";"A01";"2";"7";"0";"2";"1";"2";"1";""
"202100013646";"177 320";"B01";"1";"10";"0";"2";"2";"1";"1";""
"202100013646";"177 321";"A01";"1";"7";"0";"2";"8";"1";"1";""
"202100013647";"177 318";"A01";"1";"7";"8";"2";"3";"2";"1";""
"202100013647";"177 319";"B01";"2";"7";"8";"2";"0";"1";"1";""
"202100013648";"177 315";"A01";"3";"7";"1";"0";"3";"1";"3";""
"202100013649";"177 314";"A01";"2";"14";"15";"0";"1";"13";"1";""
"202100013650";"177 312";"A01";"1";"10";"0";"2";"4";"2";"1";""
"202100013650";"177 313";"B01";"1";"7";"0";"2";"1";"2";"1";""
"202100013651";"177 310";"B01";"3";"40";"0";"2";"1";"2";"3";""
"202100013651";"177 311";"A01";"3";"7";"0";"4";"3";"15";"1";""
"202100013652";"177 308";"A01";"2";"10";"0";"2";"3";"1";"1";""
"202100013652";"177 309";"B01";"2";"7";"0";"2";"3";"15";"1";""
"202100013653";"177 307";"A01";"3";"7";"0";"1";"1";"15";"1";""
"202100013654";"177 304";"C01";"0";"1";"0";"2";"0";"0";"0";""
"202100013654";"177 305";"A01";"3";"7";"9";"9";"1";"21";"1";""
"202100013654";"177 306";"B01";"0";"1";"0";"2";"4";"25";"0";""
"202100013655";"177 302";"A01";"1";"7";"0";"9";"2";"1";"3";""
"202100013655";"177 303";"B01";"3";"1";"0";"9";"8";"19";"0";""
"202100013656";"177 300";"A01";"2";"7";"0";"2";"1";"15";"3";""
"202100013656";"177 301";"B01";"2";"1";"0";"2";"1";"16";"0";""
"202100013657";"177 298";"A01";"2";"7";"0";"2";"1";"2";"0";""
"202100013657";"177 299";"B01";"2";"7";"0";"2";"4";"2";"0";""
"202100013658";"177 296";"A01";"1";"31";"0";"2";"1";"21";"1";""
"202100013658";"177 297";"B01";"1";"7";"0";"2";"5";"1";"1";""
"202100013659";"177 295";"A01";"2";"7";"0";"1";"2";"26";"1";""
"202100013660";"177 294";"A01";"3";"17";"0";"1";"1";"20";"1";""
"202100013661";"177 293";"A01";"0";"7";"0";"1";"1";"1";"0";""
"202100013662";"177 291";"B01";"3";"7";"0";"2";"6";"23";"1";""
"202100013662";"177 292";"A01";"3";"30";"14";"0";"2";"17";"1";""
"202100013663";"177 289";"B01";"3";"7";"0";"2";"7";"0";"1";""
"202100013663";"177 290";"A01";"3";"30";"0";"2";"7";"19";"1";""
"202100013664";"177 287";"B01";"1";"7";"0";"2";"1";"15";"1";""
"202100013664";"177 288";"A01";"2";"2";"0";"2";"1";"19";"1";""
"202100013665";"177 285";"B01";"1";"50";"0";"2";"7";"2";"3";""
"202100013665";"177 286";"A01";"1";"7";"0";"2";"1";"25";"0";""
"202100013666";"177 283";"B01";"1";"7";"0";"2";"1";"1";"1";""
"202100013666";"177 284";"A01";"2";"7";"0";"2";"7";"19";"1";""
"202100013667";"177 281";"A01";"2";"2";"0";"2";"1";"2";"1";""
"202100013667";"177 282";"B01";"2";"7";"0";"0";"4";"23";"0";""
"202100013668";"177 279";"Z01";"3";"1";"0";"2";"8";"26";"5";""
"202100013668";"177 280";"A01";"1";"7";"0";"0";"0";"0";"1";""
"202100013669";"177 276";"A01";"2";"10";"0";"2";"1";"2";"1";""
"202100013669";"177 277";"B01";"2";"7";"0";"2";"0";"0";"1";""
"202100013670";"177 274";"A01";"1";"7";"0";"2";"0";"0";"1";""
"202100013670";"177 275";"B01";"2";"33";"0";"2";"1";"1";"1";""
"202100013671";"177 272";"B01";"2";"43";"0";"2";"6";"0";"1";""
"202100013671";"177 273";"A01";"1";"7";"0";"2";"3";"15";"1";""
"202100013672";"177 270";"Z01";"2";"99";"0";"2";"1";"2";"0";""
"202100013672";"177 271";"A01";"2";"32";"0";"2";"4";"2";"1";""
"202100013673";"177 264";"D01";"2";"7";"0";"2";"9";"23";"1";""
"202100013673";"177 265";"F01";"2";"7";"0";"2";"7";"23";"1";""
"202100013673";"177 266";"E01";"2";"2";"0";"2";"0";"23";"1";""
"202100013673";"177 267";"C01";"2";"7";"0";"1";"1";"23";"1";""
"202100013673";"177 268";"B01";"1";"7";"0";"2";"3";"19";"1";""
"202100013673";"177 269";"A01";"1";"7";"0";"2";"1";"26";"1";""
"202100013674";"177 262";"B01";"3";"7";"0";"2";"4";"1";"1";""
"202100013674";"177 263";"A01";"3";"7";"0";"2";"1";"1";"1";""
"202100013675";"177 260";"A01";"1";"7";"0";"2";"2";"11";"1";""
"202100013675";"177 261";"B01";"1";"7";"0";"2";"3";"11";"1";""
"202100013676";"177 257";"A01";"3";"7";"0";"2";"1";"1";"1";""
"202100013676";"177 258";"B01";"3";"7";"0";"2";"4";"0";"1";""
"202100013676";"177 259";"C01";"3";"7";"0";"2";"4";"1";"1";""
"202100013677";"177 255";"A01";"3";"13";"8";"0";"2";"2";"1";""
"202100013677";"177 256";"B01";"3";"7";"0";"9";"6";"2";"2";""
"202100013678";"177 253";"A01";"2";"33";"0";"2";"1";"13";"1";""
"202100013678";"177 254";"B01";"1";"10";"0";"2";"3";"1";"1";""
"202100013679";"177 250";"B01";"2";"7";"0";"2";"4";"1";"1";""
"202100013679";"177 251";"A01";"2";"7";"0";"2";"1";"1";"1";""
"202100013679";"177 252";"C01";"2";"7";"0";"2";"4";"1";"1";""
"202100013680";"177 248";"A01";"2";"31";"0";"2";"3";"15";"1";""
"202100013680";"177 249";"B01";"1";"1";"0";"2";"1";"1";"5";""
"202100013681";"177 246";"A01";"1";"33";"0";"2";"7";"17";"1";""
"202100013681";"177 247";"B01";"1";"7";"0";"2";"8";"15";"1";""
"202100013682";"177 244";"Z01";"2";"30";"0";"2";"0";"1";"1";""
"202100013682";"177 245";"A01";"2";"50";"0";"2";"8";"19";"3";""
"202100013683";"177 242";"B01";"1";"30";"0";"2";"1";"1";"1";""
"202100013683";"177 243";"A01";"1";"7";"0";"2";"3";"9";"1";""
"202100013684";"177 241";"Z01";"1";"30";"0";"1";"1";"8";"1";""
"202100013685";"177 240";"A01";"1";"33";"0";"1";"1";"1";"1";""
"202100013686";"177 238";"A01";"1";"7";"0";"2";"3";"15";"1";""
"202100013686";"177 239";"B01";"1";"50";"0";"2";"1";"17";"3";""
"202100013687";"177 236";"B01";"1";"7";"0";"2";"3";"10";"2";""
"202100013687";"177 237";"A01";"1";"43";"0";"2";"1";"17";"1";""
"202100013688";"177 234";"B01";"3";"7";"0";"2";"1";"1";"1";""
"202100013688";"177 235";"A01";"2";"7";"0";"2";"2";"1";"1";""
"202100013689";"177 232";"B01";"1";"7";"0";"2";"2";"1";"1";""
"202100013689";"177 233";"A01";"1";"33";"0";"2";"6";"15";"1";""
"202100013690";"177 230";"A01";"2";"33";"0";"2";"2";"9";"1";""
"202100013690";"177 231";"B01";"2";"31";"0";"2";"2";"3";"1";""
"202100013691";"177 228";"A01";"2";"30";"0";"2";"1";"1";"1";""
"202100013691";"177 229";"B01";"1";"7";"0";"2";"6";"1";"1";""
"202100013692";"177 227";"A01";"2";"1";"0";"1";"1";"1";"5";""
"202100013693";"177 225";"B01";"2";"1";"0";"2";"1";"16";"5";""
"202100013693";"177 226";"A01";"2";"10";"0";"2";"2";"1";"1";""
"202100013694";"177 223";"B01";"1";"1";"0";"2";"7";"1";"5";""
"202100013694";"177 224";"A01";"1";"43";"0";"2";"1";"1";"1";""
"202100013695";"177 222";"A01";"1";"31";"1";"0";"2";"1";"1";""
"202100013696";"177 220";"A01";"1";"43";"0";"2";"1";"8";"1";""
"202100013696";"177 221";"B01";"1";"7";"0";"2";"6";"15";"1";""
"202100013697";"177 219";"A01";"1";"14";"0";"1";"2";"16";"1";""
"202100013698";"177 217";"A01";"2";"10";"0";"2";"1";"13";"0";""
"202100013698";"177 218";"B01";"1";"37";"0";"2";"1";"1";"1";"3"
"202100013699";"177 216";"A01";"1";"30";"0";"2";"0";"16";"1";""
"202100013700";"177 214";"B01";"1";"1";"0";"2";"9";"0";"5";""
"202100013700";"177 215";"A01";"2";"37";"0";"2";"1";"1";"1";"1"
"202100013701";"177 213";"A01";"2";"10";"0";"2";"2";"1";"1";""
"202100013702";"177 211";"B01";"2";"37";"1";"0";"0";"0";"1";"1"
"202100013702";"177 212";"A01";"3";"1";"15";"0";"0";"0";"5";""
"202100013703";"177 209";"B01";"3";"7";"0";"2";"2";"2";"1";""
"202100013703";"177 210";"A01";"3";"3";"7";"0";"6";"2";"1";""
"202100013704";"177 207";"B01";"3";"10";"0";"2";"3";"9";"1";""
"202100013704";"177 208";"A01";"3";"50";"0";"2";"1";"1";"3";""
"202100013705";"177 205";"B01";"1";"34";"0";"2";"2";"1";"1";""
"202100013705";"177 206";"A01";"1";"7";"0";"2";"3";"16";"1";""
"202100013706";"177 203";"B01";"0";"7";"0";"2";"5";"15";"1";""
"202100013706";"177 204";"A01";"0";"33";"0";"2";"1";"1";"1";""
"202100013707";"177 201";"A01";"2";"33";"0";"2";"1";"1";"1";""
"202100013707";"177 202";"B01";"2";"7";"0";"2";"4";"1";"1";""
"202100013708";"177 200";"A01";"3";"7";"0";"1";"1";"26";"1";""
"202100013709";"177 199";"A01";"3";"10";"9";"2";"1";"14";"0";""
"202100013710";"177 197";"A01";"1";"7";"14";"2";"1";"19";"1";""
"202100013710";"177 198";"B01";"1";"32";"14";"2";"7";"19";"1";""
"202100013711";"177 195";"B01";"2";"34";"0";"2";"1";"18";"1";""
"202100013711";"177 196";"A01";"2";"7";"0";"2";"7";"23";"1";""
"202100013712";"177 193";"A01";"3";"7";"0";"2";"3";"9";"2";""
"202100013712";"177 194";"B01";"3";"1";"0";"2";"1";"2";"5";""
"202100013713";"177 191";"B01";"1";"1";"0";"2";"3";"26";"0";""
"202100013713";"177 192";"A01";"2";"7";"0";"9";"2";"1";"1";""
"202100013714";"177 190";"A01";" -1";"7";"1";"0";"3";"13";"1";""
"202100013715";"177 189";"A01";"1";"7";"0";"1";"3";"1";"1";""
"202100013716";"177 187";"Y01";" -1";"0";"0";"2";"0";"0";"0";""
"202100013716";"177 188";"A01";"2";"7";"0";"1";"1";"2";"1";""
"202100013717";"177 185";"A01";"2";"7";"0";"2";"3";"1";"1";""
"202100013717";"177 186";"B01";"1";"7";"0";"2";"3";"1";"1";""
"202100013718";"177 184";"A01";"1";"7";"0";"0";"0";"1";"0";""
"202100013719";"177 183";"A01";"1";"7";"0";"1";"1";"1";"0";""
"202100013720";"177 181";"A01";"0";"7";"0";"2";"1";"15";"1";""
"202100013720";"177 182";"B01";"0";"60";"0";"2";"8";"25";"5";""
"202100013721";"177 180";"A01";"1";"32";"9";"0";"3";"13";"1";""
"202100013722";"177 178";"A01";"1";"14";"0";"2";"5";"15";"1";""
"202100013722";"177 179";"B01";"1";"1";"0";"2";"3";"0";"5";""
"202100013723";"177 176";"A01";"1";"32";"4";"0";"8";"21";"1";""
"202100013723";"177 177";"B01";"1";"7";"0";"0";"0";"26";"0";""
"202100013724";"177 174";"B01";"1";"1";"1";"0";"0";"1";"0";""
"202100013724";"177 175";"A01";"1";"10";"0";"2";"8";"22";"0";""
"202100013725";"177 171";"A01";"2";"7";"0";"2";"1";"2";"1";""
"202100013725";"177 172";"B01";"2";"7";"0";"2";"4";"23";"1";""
"202100013725";"177 173";"C01";"2";"7";"0";"2";"4";"2";"1";""
"202100013726";"177 170";"A01";"1";"7";"0";"1";"2";"1";"1";""
"202100013727";"177 168";"A01";"1";"32";"0";"2";"1";"1";"1";""
"202100013727";"177 169";"B01";"1";"1";"0";"2";"4";"15";"5";""
"202100013728";"177 166";"B01";"2";"7";"0";"2";"3";"15";"1";""
"202100013728";"177 167";"A01";"1";"2";"0";"2";"1";"1";"1";""
"202100013729";"177 165";"A01";"2";"7";"13";"0";"0";"1";"1";""
"202100013730";"177 163";"B01";"1";"50";"0";"2";"1";"1";"3";""
"202100013730";"177 164";"A01";"1";"7";"0";"2";"3";"19";"1";""
"202100013731";"177 162";"A01";"3";"2";"1";"0";"1";"1";"1";""
"202100013732";"177 160";"A01";"3";"7";"0";"2";"3";"9";"1";""
"202100013732";"177 161";"B01";"3";"10";"0";"2";"2";"1";"1";""
"202100013733";"177 159";"A01";"2";"1";"0";"0";"0";"5";"5";""
"202100013734";"177 157";"A01";"0";"7";"0";"2";"3";"17";"1";""
"202100013734";"177 158";"B01";"0";"31";"0";"2";"3";"1";"1";""
"202100013735";"177 156";"A01";"2";"33";"5";"0";"3";"1";"1";""
"202100013736";"177 155";"A01";"0";"7";"6";"0";"4";"4";"1";""
"202100013737";"177 153";"B01";"2";"7";"0";"2";"3";"10";"1";""
"202100013737";"177 154";"A01";"2";"33";"0";"2";"2";"17";"1";""
"202100013738";"177 152";"A01";"1";"7";"0";"1";"1";"26";"1";""
"202100013739";"177 151";"A01";"1";"33";"3";"0";"8";"1";"1";""
"202100013740";"177 149";"B01";"1";"7";"0";"2";"1";"1";"1";""
"202100013740";"177 150";"A01";"2";"7";"0";"2";"3";"15";"1";""
"202100013741";"177 147";"A01";"2";"7";"0";"2";"2";"17";"1";""
"202100013741";"177 148";"B01";"2";"7";"0";"0";"8";"15";"1";""
"202100013742";"177 145";"B01";"2";"33";"0";"2";"8";"15";"1";""
"202100013742";"177 146";"A01";"2";"7";"0";"2";"3";"15";"1";""
"202100013743";"177 143";"B01";"2";"7";"0";"2";"1";"1";"1";""
"202100013743";"177 144";"A01";"1";"7";"0";"2";"2";"15";"1";""
"202100013744";"177 141";"B01";"1";"15";"0";"0";"4";"1";"1";""
"202100013744";"177 142";"A01";"1";"7";"3";"2";"1";"1";"1";""
"202100013745";"177 139";"B01";"2";"21";"0";"2";"1";"1";"1";""
"202100013745";"177 140";"A01";"1";"7";"0";"2";"1";"13";"1";""
"202100013746";"177 137";"B01";"0";"13";"0";"2";"5";"1";"0";""
"202100013746";"177 138";"A01";"0";"7";"0";"2";"3";"19";"0";""
"202100013747";"177 135";"B01";"2";"33";"0";"2";"1";"1";"1";""
"202100013747";"177 136";"A01";"1";"7";"0";"2";"7";"15";"1";""
"202100013748";"177 134";"A01";"1";"99";"13";"0";"9";"13";"1";""
"202100013749";"177 132";"A01";"2";"7";"0";"6";"1";"1";"1";""
"202100013750";"177 130";"B01";"1";"1";"0";"2";"1";"1";"5";""
"202100013750";"177 131";"A01";"2";"7";"0";"2";"8";"9";"1";""
"202100013751";"177 129";"A01";"1";"7";"13";"0";"1";"1";"1";""
"202100013752";"177 128";"A01";"0";"1";"0";"0";"1";"0";"5";""
"202100013753";"177 126";"B01";"2";"7";"0";"2";"3";"0";"1";""
"202100013753";"177 127";"A01";"1";"7";"0";"2";"3";"0";"1";""
"202100013754";"177 125";"A01";"1";"36";"0";"0";"3";"1";"1";""
"202100013755";"177 123";"B01";"1";"80";"0";"2";"8";"13";"3";""
"202100013755";"177 124";"A01";"1";"15";"0";"9";"5";"17";"1";""
"202100013756";"177 121";"A01";"1";"7";"0";"2";"2";"15";"1";""
"202100013756";"177 122";"B01";"2";"2";"0";"2";"1";"1";"1";""
"202100013757";"177 119";"B01";"0";"3";"0";"2";"8";"15";"1";""
"202100013757";"177 120";"A01";"2";"33";"0";"2";"1";"17";"1";""
"202100013758";"177 118";"A01";"2";"33";"0";"0";"0";"1";"1";""
"202100013759";"177 116";"A01";"3";"33";"0";"2";"1";"1";"1";""
"202100013759";"177 117";"B01";"3";"7";"0";"2";"2";"1";"1";""
"202100013760";"177 114";"A01";"3";"2";"0";"2";"3";"1";"1";""
"202100013760";"177 115";"B01";"3";"2";"0";"2";"3";"1";"1";""
"202100013761";"177 112";"A01";"1";"2";"0";"2";"1";"26";"1";""
"202100013761";"177 113";"B01";"1";"7";"0";"0";"3";"23";"1";""
"202100013762";"177 110";"A01";"1";"7";"0";"9";"1";"16";"1";""
"202100013762";"177 111";"B01";"1";"1";"0";"2";"4";"1";"5";""
"202100013763";"177 109";"A01";"2";"15";"3";"0";"0";"1";"1";""
"202100013764";"177 107";"B01";"2";"80";"0";"0";"4";"2";"3";""
"202100013764";"177 108";"A01";"2";"3";"0";"9";"2";"2";"0";""
"202100013765";"177 105";"B01";"0";"2";"0";"0";"0";"0";"1";""
"202100013765";"177 106";"A01";"0";"7";"0";"2";"2";"15";"1";""
"202100013766";"177 103";"B01";"3";"7";"0";"2";"3";"1";"0";""
"202100013766";"177 104";"A01";"2";"33";"0";"2";"3";"1";"0";""
"202100013767";"177 101";"A01";"1";"7";"0";"2";"2";"17";"1";""
"202100013767";"177 102";"B01";"1";"33";"0";"0";"4";"2";"6";""
"202100013768";"177 099";"A01";"1";"15";"0";"0";"8";"9";"1";""
"202100013768";"177 100";"B01";"1";"7";"4";"0";"1";"1";"1";""
"202100013769";"177 098";"A01";"0";"10";"0";"1";"1";"1";"1";""
"202100013770";"177 097";"A01";"1";"7";"2";"0";"2";"0";"1";""
"202100013771";"177 095";"A01";"1";"1";"0";"2";"0";"10";"5";""
"202100013771";"177 096";"B01";"1";"32";"0";"2";"8";"21";"1";""
"202100013772";"177 090";"A01";"0";"7";"0";"1";"2";"1";"1";""
"202100013773";"177 088";"B01";"3";"33";"0";"2";"1";"0";"1";""
"202100013773";"177 089";"A01";"3";"7";"0";"2";"2";"15";"1";""
"202100013774";"177 086";"B01";"1";"10";"4";"0";"6";"2";"1";""
"202100013774";"177 087";"A01";"1";"7";"0";"2";"1";"1";"1";""
"202100013775";"177 085";"A01";"1";"7";"0";"1";"1";"1";"1";""
"202100013776";"177 084";"A01";"1";"33";"4";"0";"3";"13";"1";""
"202100013777";"177 083";"A01";"2";"33";"12";"0";"1";"1";"1";""
"202100013778";"177 081";"A01";"2";"7";"0";"9";"2";"2";"0";""
"202100013778";"177 082";"B01";"2";"99";"0";"0";"6";"2";"3";""
"202100013779";"177 079";"B01";"2";"7";"0";"0";"3";"1";"1";""
"202100013779";"177 080";"A01";"1";"7";"0";"0";"3";"1";"1";""
"202100013780";"177 077";"B01";"0";"2";"0";"2";"1";"1";"1";""
"202100013780";"177 078";"A01";"0";"7";"0";"2";"8";"9";"1";""
"202100013781";"177 075";"A01";"2";"33";"0";"0";"7";"15";"1";""
"202100013781";"177 076";"B01";"1";"7";"0";"2";"1";"1";"1";""
"202100013782";"177 073";"A01";"2";"7";"0";"2";"6";"1";"1";""
"202100013782";"177 074";"B01";"2";"1";"0";"2";"7";"1";"5";""
"202100013783";"177 070";"A01";"2";"7";"0";"2";"6";"1";"1";""
"202100013783";"177 071";"B01";"2";"33";"0";"2";"2";"14";"1";""
"202100013783";"177 072";"Z01";" -1";"7";" -1";" -1";" -1";" -1";" -1";""
"202100013784";"177 068";"A01";"1";"7";"0";"2";"4";"2";"1";""
"202100013784";"177 069";"B01";"1";"7";"0";"2";"1";"2";"0";""
"202100013785";"177 065";"C01";"1";"33";"0";"2";"1";"1";"1";""
"202100013785";"177 066";"B01";"1";"14";"0";"2";"8";"1";"1";""
"202100013785";"177 067";"A01";"1";"10";"0";"2";"5";"1";"1";""
"202100013786";"177 063";"A01";"1";"7";"0";"2";"4";"2";"1";""
"202100013786";"177 064";"B01";"1";"7";"0";"2";"1";"2";"1";""
"202100013787";"177 061";"B01";"1";"7";"0";"2";"6";"1";"1";""
"202100013787";"177 062";"A01";"1";"14";"0";"2";"0";"12";"1";""
"202100013788";"177 059";"A01";"2";"33";"0";"2";"1";"18";"1";""
"202100013788";"177 060";"B01";"2";"7";"0";"2";"4";"1";"1";""
"202100013789";"177 056";"B01";"1";"7";"0";"2";"4";"2";"1";""
"202100013789";"177 057";"C01";"1";"10";"0";"0";"0";"0";"1";""
"202100013789";"177 058";"A01";"1";"10";"0";"2";"1";"2";"1";""
"202100013790";"177 055";"A01";"2";"33";"3";"0";"9";"2";"1";""
"202100013791";"177 049";"F01";"2";"7";"0";"2";"1";"2";"1";""
"202100013791";"177 050";"E01";"2";"7";"0";"2";"4";"2";"1";""
"202100013791";"177 051";"D01";"2";"7";"0";"2";"4";"2";"1";""
"202100013791";"177 052";"C01";"2";"7";"0";"2";"4";"2";"1";""
"202100013791";"177 053";"B01";"2";"7";"0";"2";"1";"2";"1";""
"202100013791";"177 054";"A01";"2";"7";"0";"2";"1";"2";"1";""
"202100013792";"177 047";"A01";"1";"7";"0";"2";"6";"15";"1";""
"202100013792";"177 048";"B01";"1";"34";"0";"2";"7";"2";"1";""
"202100013793";"177 045";"B01";"2";"43";"0";"2";"7";"1";"1";""
"202100013793";"177 046";"A01";"2";"7";"0";"2";"3";"11";"1";""
"202100013794";"177 043";"B01";"1";"15";"0";"2";"8";"1";"1";""
"202100013794";"177 044";"A01";"1";"10";"0";"2";"7";"14";"1";""
"202100013795";"177 040";"A01";"1";"15";"0";"2";"8";"2";"1";""
"202100013795";"177 041";"C01";"1";"15";"0";"2";"6";"2";"1";""
"202100013795";"177 042";"B01";"1";"7";"0";"2";"1";"0";"1";""
"202100013796";"177 038";"A01";"1";"7";"4";"2";"3";"11";"1";""
"202100013796";"177 039";"B01";"1";"7";"4";"2";"5";"1";"1";""
"202100013797";"177 036";"B01";"2";"7";"0";"2";"3";"11";"1";""
"202100013797";"177 037";"A01";"2";"43";"0";"2";"2";"3";"1";""
"202100013798";"177 034";"B01";"2";"31";"0";"2";"1";"11";"1";""
"202100013798";"177 035";"A01";"2";"7";"0";"2";"4";"1";"1";""
"202100013799";"177 032";"B01";"2";"7";"3";"2";"3";"1";"1";""
"202100013799";"177 033";"A01";"2";"15";"3";"2";"2";"12";"1";""
"202100013800";"177 029";"C01";"1";"7";"0";"2";"7";"1";"1";""
"202100013800";"177 030";"B01";"1";"17";"0";"2";"1";"12";"1";""
"202100013800";"177 031";"A01";"1";"7";"0";"2";"6";"1";"1";""
"202100013801";"177 027";"B01";"1";"7";"0";"2";"4";"1";"1";""
"202100013801";"177 028";"A01";"1";"7";"0";"2";"1";"2";"1";""
"202100013802";"177 025";"B01";"1";"10";"0";"2";"5";"1";"1";""
"202100013802";"177 026";"A01";"1";"31";"0";"2";"1";"1";"1";""
"202100013803";"177 023";"A01";"2";"10";"0";"2";"1";"14";"1";""
"202100013803";"177 024";"B01";"2";"17";"0";"2";"6";"2";"1";""
"202100013804";"177 022";"A01";"3";"33";"1";"0";"1";"14";"1";""
"202100013805";"177 020";"A01";"2";"2";"0";"2";"1";"1";"3";""
"202100013805";"177 021";"B01";"2";"7";"0";"2";"3";"1";"1";""
"202100013806";"177 018";"A01";"1";"7";"0";"1";"1";"1";"0";""
"202100013807";"177 016";"B01";"3";"10";"0";"0";"3";"23";"1";""
"202100013807";"177 017";"A01";"2";"30";"0";"0";"0";"1";"1";""
"202100013808";"177 014";"B01";"1";"2";"0";"2";"4";"1";"1";""
"202100013808";"177 015";"A01";"1";"10";"0";"2";"1";"9";"1";""
"202100013809";"177 012";"B01";"1";"1";"0";"2";"8";"1";"5";""
"202100013809";"177 013";"A01";"2";"10";"0";"2";"1";"15";"1";""
"202100013810";"177 010";"B01";"2";"1";"0";"2";"8";"19";"5";""
"202100013810";"177 011";"A01";"2";"7";"0";"2";"2";"1";"1";""
"202100013811";"177 009";"B01";"2";"7";"0";"2";"1";"9";"1";""
"202100013812";"177 005";"C01";"1";"7";"0";"2";"4";"2";"3";""
"202100013812";"177 006";"D01";"1";"7";"0";"2";"4";"2";"2";""
"202100013812";"177 007";"B01";"1";"7";"0";"2";"6";"2";"1";""
"202100013812";"177 008";"A01";"1";"99";"0";"2";"1";"2";"1";""
"202100013813";"177 003";"B01";"2";"7";"0";"2";"6";"2";"1";""
"202100013813";"177 004";"A01";"2";"32";"0";"2";"1";"13";"1";""
"202100013814";"177 001";"A01";"3";"7";"0";"2";"3";"15";"1";""
"202100013814";"177 002";"B01";"3";"32";"0";"2";"7";"1";"1";""
"202100013815";"176 999";"A01";"1";"33";"0";"2";"0";"21";"1";""
"202100013815";"177 000";"B01";"1";"7";"0";"2";"0";"15";"1";""
"202100013816";"176 997";"B01";"1";"31";"0";"2";"2";"26";"1";""
"202100013816";"176 998";"A01";"1";"7";"0";"2";"3";"1";"1";""
"202100013817";"176 995";"B01";"1";"7";"0";"0";"4";"2";"1";""
"202100013817";"176 996";"A01";"1";"7";"0";"2";"1";"1";"1";""
"202100013818";"176 994";"A01";"1";"7";"3";"0";"1";"26";"1";""
"202100013819";"176 992";"A01";"3";"10";"0";"2";"8";"13";"1";""
"202100013819";"176 993";"B01";"3";"34";"0";"2";"2";"1";"1";""
"202100013820";"176 990";"B01";"2";"7";"0";"2";"2";"16";"0";""
"202100013820";"176 991";"A01";"2";"33";"0";"2";"3";"18";"1";""
"202100013821";"176 988";"A01";"1";"7";"0";"2";"2";"1";"1";""
"202100013821";"176 989";"B01";"1";"7";"0";"2";"3";"1";"1";""
"202100013822";"176 987";"A01";"2";"7";"1";"0";"3";"1";"1";""
"202100013823";"176 986";"A01";"3";"7";"8";"0";"1";"16";"1";""
"202100013824";"176 984";"A01";"1";"7";"0";"2";"3";"15";"1";""
"202100013824";"176 985";"B01";"1";"32";"0";"2";"1";"17";"1";""
"202100013825";"176 982";"B01";"1";"7";"0";"2";"4";"2";"1";""
"202100013825";"176 983";"A01";"1";"30";"0";"2";"1";"2";"1";""
"202100013826";"176 980";"A01";"0";"7";"0";"2";"1";"1";"1";""
"202100013826";"176 981";"B01";"0";"7";"0";"2";"4";"1";"1";""
"202100013827";"176 979";"A01";"0";"7";"0";"1";"1";"20";"1";""
"202100013828";"176 977";"B01";"0";"7";"0";"2";"1";"1";"1";""
"202100013828";"176 978";"A01";"0";"7";"0";"2";"1";"18";"1";""
"202100013829";"176 973";"B01";"1";"7";"0";"2";"2";"1";"1";""
"202100013829";"176 974";"A01";"2";"30";"0";"2";"7";"15";"1";""
"202100013830";"176 969";"A01";"3";"7";"0";"2";"1";"2";"0";""
"202100013830";"176 970";"B01";"3";"2";"0";"2";"5";"1";"1";""
"202100013831";"176 968";"Z01";"3";"7";"0";"1";"0";"1";"0";""
"202100013832";"176 967";"Z01";"0";"7";"1";"0";"7";"4";"1";""
"202100013833";"176 965";"A01";"0";"10";"0";"2";"1";"1";"1";""
"202100013833";"176 966";"B01";"0";"1";"0";"2";"7";"1";"5";""
"202100013834";"176 964";"A01";"2";"7";"0";"1";"1";"1";"1";""
"202100013835";"176 963";"A01";"2";"7";"1";"0";"0";"0";"1";""
"202100013836";"176 962";"A01";"3";"10";"1";"0";"0";"0";"1";""
"202100013837";"176 960";"B01";"3";"7";"0";"2";"6";"23";"1";""
"202100013837";"176 961";"A01";"3";"1";"0";"2";"1";"16";"5";""
"202100013838";"176 958";"A01";"1";"31";"0";"2";"4";"15";"1";""
"202100013838";"176 959";"Z01";"1";"7";"0";"2";"1";"2";"1";""
"202100013839";"176 956";"A01";"1";"7";"0";"2";"5";"17";"1";""
"202100013839";"176 957";"B01";"2";"7";"0";"2";"1";"2";"1";""
"202100013840";"176 954";"TB01";"1";"99";"0";"2";"1";"1";"0";""
"202100013840";"176 955";"A01";"1";"7";"0";"2";"2";"16";"1";""
"202100013841";"176 952";"B01";"3";"1";"0";"2";"8";"19";"5";""
"202100013841";"176 953";"A01";"3";"7";"0";"9";"1";"1";"1";""
"202100013842";"176 950";"B01";"3";"7";"0";"9";"8";"1";"1";""
"202100013842";"176 951";"A01";"3";"1";"0";"2";"1";"0";"5";""
"202100013843";"176 948";"A01";"2";"7";"0";"2";"7";"14";"1";""
"202100013843";"176 949";"B01";"2";"7";"0";"2";"8";"1";"1";""
"202100013844";"176 946";"B01";"1";"7";"0";"2";"4";"2";"1";""
"202100013844";"176 947";"A01";"1";"7";"0";"2";"1";"2";"1";""