"Num_Acc";"id_vehicule";"num_veh";"senc";"catv";"obs";"obsm";"choc";"manv";"motor";"occutc"
"202100014063";"176 557";"A01";"1";"10";"3";"0";"3";"14";"1";""
"202100014064";"176 556";"A01";"3";"50";"12";"0";"0";"1";"3";""
"202100014065";"176 555";"A01";"1";"10";"0";"1";"1";"1";"1";""
"202100014066";"176 553";"A01";"2";"10";"0";"2";"2";"2";"0";""
"202100014066";"176 554";"B01";"2";"17";"0";"0";"0";"0";"1";""
"202100014067";"176 552";"A01";"1";"7";"13";"0";"1";"1";"1";""
"202100014068";"176 551";"A01";"1";"32";"0";"1";"1";"1";"1";""
"202100014069";"176 550";"A01";"1";"7";"6";"1";"1";"1";"1";""
"202100014070";"176 549";"A01";"2";"1";"0";"0";"0";"1";"6";""
"202100014071";"176 546";"C01";"3";"1";"0";"0";"0";"1";"5";""
"202100014071";"176 547";"B01";"3";"1";"0";"0";"8";"1";"5";""
"202100014071";"176 548";"A01";"3";"7";"0";"9";"7";"17";"1";""
"202100014072";"176 544";"B01";"1";"10";"0";"2";"2";"1";"6";""
"202100014072";"176 545";"A01";"2";"7";"0";"2";"7";"6";"1";""
"202100014073";"176 543";"A01";"1";"33";"8";"0";"3";"14";"1";""
"202100014074";"176 541";"B01";"2";"7";"0";"2";"3";"13";"1";""
"202100014074";"176 542";"A01";"1";"7";"0";"2";"3";"1";"1";""
"202100014075";"176 539";"B01";"2";"7";"0";"2";"1";"1";"1";""
"202100014075";"176 540";"A01";"1";"7";"0";"2";"2";"9";"1";""
"202100014076";"176 537";"A01";"0";"7";"0";"2";"1";"16";"1";""
"202100014076";"176 538";"B01";"0";"7";"6";"2";"8";"15";"1";""
"202100014077";"176 535";"A01";"0";"10";"0";"2";"1";"1";"1";""
"202100014077";"176 536";"B01";"1";"10";"0";"0";"4";"1";"1";""
"202100014078";"176 534";"A01";"1";"14";"0";"1";"7";"1";"1";""
"202100014079";"176 532";"A01";"1";"7";"0";"2";"2";"1";"1";""
"202100014079";"176 533";"B01";"1";"3";"0";"2";"8";"16";"0";""
"202100014080";"176 531";"A01";"2";"7";"0";"1";"2";"1";"1";""
"202100014081";"176 529";"A01";"2";"33";"2";"2";"1";"13";"1";""
"202100014081";"176 530";"B01";"2";"33";"0";"2";"1";"1";"1";""
"202100014082";"176 528";"A01";"1";"7";"6";"1";"1";"13";"2";""
"202100014083";"176 526";"B01";"1";"7";"0";"2";"1";"1";"1";""
"202100014083";"176 527";"A01";"2";"7";"0";"2";"1";"13";"1";""
"202100014084";"176 525";"A01";"2";"7";"6";"0";"1";"1";"1";""
"202100014085";"176 523";"A01";"2";"7";"0";"2";"8";"13";"1";""
"202100014085";"176 524";"B01";"1";"33";"0";"2";"8";"1";"1";""
"202100014086";"176 521";"A01";"1";"3";"0";"2";"1";"16";"1";""
"202100014086";"176 522";"B01";"1";"1";"0";"2";"4";"1";"5";""
"202100014087";"176 520";"A01";"2";"33";"6";"0";"4";"1";"1";""
"202100014088";"176 518";"B01";"1";"7";"0";"2";"3";"1";"1";""
"202100014088";"176 519";"A01";"2";"7";"0";"2";"2";"13";"1";""
"202100014089";"176 516";"A01";"2";"7";"0";"2";"7";"14";"1";""
"202100014089";"176 517";"B01";"2";"33";"0";"2";"8";"2";"1";""
"202100014090";"176 514";"A01";"1";"7";"0";"2";"1";"2";"1";""
"202100014090";"176 515";"B01";"1";"7";"0";"2";"4";"2";"1";""
"202100014091";"176 513";"A01";"2";"7";"3";"0";"1";"26";"1";""
"202100014092";"176 511";"B01";"2";"7";"0";"2";"4";"2";"1";""
"202100014092";"176 512";"A01";"2";"7";"0";"2";"1";"2";"1";""
"202100014093";"176 509";"A01";"1";"33";"0";"2";"1";"3";"1";""
"202100014093";"176 510";"B01";"1";"7";"0";"2";"6";"13";"2";""
"202100014094";"176 507";"B01";"1";"7";"0";"2";"4";"1";"1";""
"202100014094";"176 508";"A01";"1";"33";"0";"2";"1";"2";"1";""
"202100014095";"176 506";"A01";"2";"10";"4";"0";"1";"18";"1";""
"202100014096";"176 504";"A01";"2";"7";"0";"2";"1";"14";"1";""
"202100014096";"176 505";"B01";"2";"7";"0";"2";"4";"1";"1";""
"202100014097";"176 503";"A01";"1";"7";"4";"2";"3";"1";"1";""
"202100014098";"176 498";"C01";"2";"7";"0";"2";"4";"2";"1";""
"202100014098";"176 499";"A01";"2";"7";"0";"2";"1";"2";"1";""
"202100014098";"176 500";"B01";"2";"7";"0";"2";"1";"2";"1";""
"202100014098";"176 501";"E01";"2";"7";"0";"2";"4";"2";"1";""
"202100014098";"176 502";"D01";"2";"7";"0";"2";"4";"2";"1";""
"202100014099";"176 497";"A01";"2";"33";"0";"0";"0";"21";"1";""
"202100014100";"176 495";"B01";"2";"7";"0";"2";"6";"1";"1";""
"202100014100";"176 496";"A01";"2";"7";"0";"2";"2";"14";"1";""
"202100014101";"176 493";"B01";"2";"7";"0";"2";"4";"2";"1";""
"202100014101";"176 494";"A01";"2";"10";"0";"2";"1";"2";"1";""
"202100014102";"176 491";"A01";"2";"7";"0";"2";"1";"2";"0";""
"202100014102";"176 492";"B01";"2";"7";"0";"2";"4";"2";"1";""
"202100014103";"176 485";"A01";"1";"7";"0";"2";"1";"2";"1";""
"202100014103";"176 486";"B01";"1";"7";"0";"2";"1";"2";"1";""
"202100014103";"176 487";"C01";"2";"7";"0";"2";"4";"2";"1";""
"202100014103";"176 488";"D01";"1";"7";"0";"2";"4";"2";"1";""
"202100014103";"176 489";"E01";"1";"10";"0";"2";"2";"21";"1";""
"202100014103";"176 490";"F01";"1";"10";"0";"2";"0";"0";"1";""
"202100014104";"176 483";"A01";"1";"7";"0";"2";"4";"2";"1";""
"202100014104";"176 484";"Z01";"1";"7";"0";"2";"0";"0";"1";""
"202100014105";"176 481";"A01";"2";"7";"0";"2";"1";"1";"1";""
"202100014105";"176 482";"B01";"2";"7";"0";"2";"4";"2";"1";""
"202100014106";"176 479";"A01";"2";"7";"0";"2";"1";"2";"1";""
"202100014106";"176 480";"B01";"2";"7";"0";"2";"4";"2";"1";""
"202100014107";"176 475";"D01";"1";"7";"0";"2";"5";"1";"1";""
"202100014107";"176 476";"C01";"1";"7";"0";"2";"2";"1";"1";""
"202100014107";"176 477";"B01";"1";"7";"0";"2";"8";"21";"1";""
"202100014107";"176 478";"A01";"1";"7";"3";"0";"1";"26";"1";""
"202100014108";"176 473";"A01";"2";"10";"0";"2";"6";"11";"1";""
"202100014108";"176 474";"B01";"2";"7";"0";"2";"2";"2";"1";""
"202100014109";"176 470";"A01";"2";"33";"0";"2";"3";"12";"1";""
"202100014109";"176 471";"B01";"2";"7";"0";"2";"3";"11";"1";""
"202100014109";"176 472";"C01";"2";"7";"0";"2";"4";"1";"1";""
"202100014110";"176 467";"A01";"1";"10";"0";"2";"1";"1";"1";""
"202100014110";"176 468";"B01";"1";"7";"0";"2";"4";"2";"1";""
"202100014110";"176 469";"C01";"1";"7";"0";"2";"4";"2";"1";""
"202100014111";"176 465";"A01";"2";"7";"0";"2";"1";"12";"1";""
"202100014111";"176 466";"B01";"2";"7";"0";"2";"4";"1";"1";""
"202100014112";"176 463";"B01";"2";"7";"0";"2";"1";"1";"1";""
"202100014112";"176 464";"A01";"2";"7";"0";"2";"4";"1";"1";""
"202100014113";"176 460";"A01";"1";"7";"0";"2";"4";"2";"1";""
"202100014113";"176 461";"B01";"1";"7";"0";"2";"1";"2";"0";""
"202100014113";"176 462";"C01";"1";"7";"0";"2";"1";"2";"1";""
"202100014114";"176 456";"C01";"1";"7";"0";"2";"5";"23";"1";""
"202100014114";"176 457";"B01";"2";"2";"0";"2";"1";"5";"1";""
"202100014114";"176 458";"A01";"1";"7";"0";"2";"1";"1";"1";""
"202100014114";"176 459";"D01";"1";"7";"0";"2";"3";"1";"2";""
"202100014115";"176 453";"C01";"2";"31";"0";"2";"1";"3";"1";""
"202100014115";"176 454";"B01";"2";"7";"0";"2";"0";"12";"1";""
"202100014115";"176 455";"A01";"2";"31";"0";"2";"1";"3";"1";""
"202100014116";"176 451";"A01";"3";"7";"0";"2";"1";"15";"1";""
"202100014116";"176 452";"B01";"3";"7";"0";"2";"8";"1";"1";""
"202100014117";"176 450";"A01";"1";"32";"12";"0";"1";"1";"1";""
"202100014118";"176 449";"A01";"1";"7";"0";"1";"7";"17";"1";""
"202100014119";"176 448";"A01";"1";"7";"0";"1";"1";"1";"1";""
"202100014120";"176 447";"A01";"1";"7";"1";"0";"6";"16";"1";""
"202100014121";"176 445";"A01";"1";"7";"0";"9";"3";"15";"1";""
"202100014121";"176 446";"B01";"2";"1";"0";"2";"1";"0";"5";""
"202100014122";"176 444";"A01";"1";"7";"13";"0";"2";"1";"1";""
"202100014123";"176 442";"B01";"1";"7";"0";"2";"5";"21";"1";""
"202100014123";"176 443";"A01";"1";"30";"0";"2";"1";"1";"1";""
"202100014124";"176 440";"A01";"2";"7";"0";"9";"8";"1";"1";""
"202100014124";"176 441";"B01";"1";"1";"0";"2";"1";"19";"5";""
"202100014125";"176 438";"B01";"1";"7";"0";"2";"3";"13";"1";""
"202100014125";"176 439";"A01";"1";"2";"0";"2";"2";"2";"1";""
"202100014126";"176 436";"A01";"1";"7";"0";"2";"3";"1";"1";""
"202100014126";"176 437";"B01";"2";"7";"0";"2";"3";"13";"1";""
"202100014127";"176 435";"A01";"1";"7";"3";"0";"1";"26";"1";""
"202100014128";"176 433";"A01";"2";"7";"0";"2";"1";"15";"1";""
"202100014128";"176 434";"B01";"2";"1";"0";"2";"8";"19";"5";""
"202100014129";"176 431";"A01";"1";"30";"0";"2";"1";"1";"1";""
"202100014129";"176 432";"B01";"1";"7";"0";"2";"0";"0";"1";""
"202100014130";"176 430";"A01";"0";"30";"12";"0";"0";"0";" -1";""
"202100014131";"176 428";"A01";"0";"7";"0";"2";"3";"11";"1";""
"202100014131";"176 429";"B01";"0";"2";"0";"2";"1";"2";"1";""
"202100014132";"176 426";"B01";"1";"10";"0";"2";"6";"23";"1";""
"202100014132";"176 427";"A01";"1";"7";"0";"2";"1";"2";"1";""
"202100014133";"176 424";"B01";"2";"33";"0";"2";"1";"1";"1";""
"202100014133";"176 425";"A01";"2";"7";"0";"2";"5";"12";"1";""
"202100014134";"176 421";"C01";"2";"7";"0";"2";"2";"21";"1";""
"202100014134";"176 422";"B01";"2";"7";"0";"2";"3";"1";"1";""
"202100014134";"176 423";"A01";"2";"7";"0";"2";"1";"15";"1";""
"202100014135";"176 419";"B01";"1";"30";"0";"2";"1";"1";"1";""
"202100014135";"176 420";"A01";"1";"7";"0";"2";"5";"1";"1";""
"202100014136";"176 418";"A01";"3";"7";"1";"1";"0";"20";"1";""
"202100014137";"176 417";"A01";"1";"7";"5";"0";"1";"1";"1";""
"202100014138";"176 415";"A01";"0";"7";"0";"2";"4";"4";"1";""
"202100014138";"176 416";"B01";"2";"7";"0";"2";"5";"1";"1";""
"202100014139";"176 413";"A01";"1";"7";"0";"2";"2";"26";"1";""
"202100014139";"176 414";"B01";"1";"7";"0";"2";"3";"1";"1";""
"202100014140";"176 412";"B01";"1";"7";"12";"1";"3";"15";"1";""
"202100014141";"176 411";"A01";"3";"7";"0";"1";"2";"1";"1";""
"202100014142";"176 409";"A01";"1";"7";"0";"2";"3";"10";"1";""
"202100014142";"176 410";"B01";"1";"2";"0";"2";"1";"1";"1";""
"202100014143";"176 407";"A01";"2";"7";"0";"9";"1";"9";"1";""
"202100014143";"176 408";"B01";"1";"50";"0";"2";"8";"0";"3";""
"202100014144";"176 405";"A01";"1";"7";"0";"2";"3";"15";"1";""
"202100014144";"176 406";"B01";"1";"2";"0";"2";"2";"17";"1";""
"202100014145";"176 404";"A01";"1";"7";"9";"1";"2";"1";"2";""
"202100014146";"176 403";"A01";"3";"21";"0";"1";"2";"2";"1";""
"202100014147";"176 402";"A01";"3";"7";"0";"1";"5";"26";"1";""
"202100014148";"176 401";"A01";"1";"10";"0";"1";"4";"20";"1";""
"202100014149";"176 400";"A01";"2";"7";"0";"1";"7";"1";"1";""
"202100014150";"176 397";"A01";"3";"7";"0";"2";"2";"10";"1";""
"202100014150";"176 398";"B01";"3";"7";"0";"2";"1";"1";"1";""
"202100014150";"176 399";"C01";"3";"37";"0";"2";"8";"1";"1";"1"
"202100014151";"176 395";"A01";"1";"30";"0";"2";"1";"17";"1";""
"202100014151";"176 396";"B01";"1";"10";"0";"2";"3";"15";"1";""
"202100014152";"176 394";"A01";"1";"7";"0";"1";"0";"1";"1";""
"202100014153";"176 393";"A01";"1";"30";"12";"0";"3";"1";"1";""
"202100014154";"176 391";"B01";"1";"7";"0";"2";"3";"15";"1";""
"202100014154";"176 392";"A01";"1";"33";"0";"2";"1";"21";"1";""
"202100014155";"176 390";"A01";"3";"30";"0";"5";"8";"15";"1";""
"202100014156";"176 388";"A01";"2";"7";"0";"2";"2";"14";"1";""
"202100014156";"176 389";"B01";"2";"7";"0";"0";"8";"0";"1";""
"202100014157";"176 387";"A01";"1";"7";"1";"0";"5";"4";"1";""
"202100014158";"176 386";"A01";"3";"7";"9";"0";"2";"1";"1";""
"202100014159";"176 384";"B01";"3";"1";"0";"2";"4";"15";"5";""
"202100014159";"176 385";"A01";"3";"7";"8";"2";"1";"15";"1";""
"202100014160";"176 382";"B01";"1";"3";"0";"2";"1";"1";"2";""
"202100014160";"176 383";"A01";"1";"3";"0";"2";"7";"19";"1";""
"202100014161";"176 381";"A01";"2";"7";"14";"1";"1";"14";"1";""
"202100014162";"176 379";"B01";"2";"7";"0";"2";"3";"2";"1";""
"202100014162";"176 380";"A01";"1";"7";"0";"2";"1";"15";"1";""
"202100014163";"176 377";"B01";"3";"33";"0";"2";"1";"1";"1";""
"202100014163";"176 378";"A01";"3";"7";"0";"2";"2";"15";"1";""
"202100014164";"176 375";"B01";"1";"7";"0";"2";"4";"2";"1";""
"202100014164";"176 376";"A01";"1";"30";"0";"2";"1";"2";"1";""
"202100014165";"176 373";"B01";"2";"7";"0";"2";"5";"26";"1";""
"202100014165";"176 374";"A01";"2";"2";"0";"2";"1";"1";"1";""
"202100014166";"176 371";"B01";"0";"50";"0";"2";"1";"19";"3";""
"202100014166";"176 372";"A01";"3";"7";"0";"2";"3";"15";"1";""
"202100014167";"176 370";"A01";"1";"7";"0";"2";"8";"16";"1";""
"202100014168";"176 368";"A01";"1";"7";"0";"2";"1";"1";"0";""
"202100014168";"176 369";"B01";"1";"1";"0";"2";"8";"1";"5";""
"202100014169";"176 366";"B01";"1";"30";"0";"2";"1";"1";"1";""
"202100014169";"176 367";"A01";"1";"7";"0";"2";"7";"15";"1";""
"202100014170";"176 364";"B01";"1";"7";"0";"2";"8";"23";"1";""
"202100014170";"176 365";"A01";"1";"7";"0";"2";"1";"26";"1";""
"202100014171";"176 362";"B01";"3";"50";"0";"2";"8";"0";"3";""
"202100014171";"176 363";"A01";"3";"7";"0";"2";"2";"16";"1";""
"202100014172";"176 360";"A01";"3";"7";"0";"2";"1";"5";"1";""
"202100014172";"176 361";"B01";"3";"7";"0";"2";"1";"1";"1";""
"202100014173";"176 357";"C01";"3";"7";"0";"2";"4";"1";"1";""
"202100014173";"176 358";"B01";"3";"7";"0";"2";"4";"1";"1";""
"202100014173";"176 359";"A01";"1";"7";"0";"2";"2";"1";"1";""
"202100014174";"176 356";"A01";"0";"7";"0";"2";"1";"26";"1";""
"202100014175";"176 355";"A01";"2";"50";"0";"0";"0";"1";"3";""
"202100014176";"176 353";"B01";"2";"7";"0";"2";"4";"26";"1";""
"202100014176";"176 354";"A01";"2";"7";"0";"2";"1";"2";"1";""
"202100014177";"176 351";"A01";"1";"7";"11";"2";"1";"6";"1";""
"202100014177";"176 352";"B01";"2";"13";"0";"2";"8";"1";"1";""
"202100014178";"176 349";"A01";"0";"7";"0";"2";"8";"15";"1";""
"202100014178";"176 350";"B01";"1";"2";"0";"2";"7";"1";"1";""
"202100014179";"176 348";"A01";"2";"31";"0";"0";"0";"1";"1";""
"202100014180";"176 346";"A01";"1";"7";"0";"2";"1";"26";"1";""
"202100014180";"176 347";"B01";"2";"21";"0";"2";"6";"26";"1";""
"202100014181";"176 344";"B01";"2";"7";"0";"2";"8";"1";"1";""
"202100014181";"176 345";"A01";"1";"7";"0";"2";"1";"1";"1";""
"202100014182";"176 343";"A01";"1";"7";"0";"1";"1";"1";"1";""
"202100014183";"176 342";"A01";"1";"7";"0";"1";"2";"1";"1";""
"202100014184";"176 340";"B01";"1";"33";"0";"2";"1";"1";"1";""
"202100014184";"176 341";"A01";"1";"7";"0";"2";"3";"15";"1";""
"202100014185";"176 338";"A01";"2";"31";"0";"2";"3";"26";"6";""
"202100014185";"176 339";"B01";"1";"7";"0";"2";"3";"1";"1";""
"202100014186";"176 337";"A01";"1";"7";"8";"4";"1";"26";"1";""
"202100014187";"176 335";"B01";"3";"7";"0";"2";"1";"1";"1";""
"202100014187";"176 336";"A01";"1";"7";"0";"2";"1";"1";"1";""
"202100014188";"176 333";"B01";"1";"2";"0";"2";"7";"17";"1";""
"202100014188";"176 334";"A01";"1";"7";"0";"0";"8";"22";"1";""
"202100014189";"176 331";"A01";"1";"7";"0";"2";"7";"10";"1";""
"202100014189";"176 332";"B01";"3";"32";"0";"2";"8";"0";"1";""
"202100014190";"176 329";"B01";"1";"7";"0";"2";"4";"23";"2";""
"202100014190";"176 330";"A01";"1";"7";"0";"2";"1";"2";"1";""
"202100014191";"176 327";"A01";"1";"7";"0";"2";"1";"1";"1";""
"202100014191";"176 328";"B01";"1";"7";"0";"2";"4";"1";"1";""
"202100014192";"176 325";"B01";"1";"7";"0";"2";"4";"15";"1";""
"202100014192";"176 326";"A01";"1";"31";"0";"2";"1";"1";"1";""
"202100014193";"176 324";"A01";"1";"7";"0";"1";"3";"1";"1";""
"202100014194";"176 322";"A01";"1";"7";"0";"2";"3";"9";"1";""
"202100014194";"176 323";"B01";"3";"50";"0";"2";"1";"1";"3";""
"202100014195";"176 319";"C01";"2";"7";"0";"2";"4";"2";"1";""
"202100014195";"176 320";"B01";"2";"7";"0";"2";"4";"2";"1";""
"202100014195";"176 321";"A01";"2";"7";"0";"2";"1";"12";"1";""
"202100014196";"176 317";"B01";"2";"7";"0";"2";"5";"1";"1";""
"202100014196";"176 318";"A01";"2";"32";"0";"2";"1";"11";"1";""
"202100014197";"176 315";"A01";"1";"33";"0";"2";"3";"3";"1";""
"202100014197";"176 316";"B01";"1";"7";"0";"2";"5";"12";"1";""
"202100014198";"176 313";"A01";"1";"1";"0";"2";"8";"15";"5";""
"202100014198";"176 314";"B01";"1";"33";"0";"2";"2";"1";"1";""
"202100014199";"176 311";"B01";"2";"30";"0";"2";"1";"1";"1";""
"202100014199";"176 312";"A01";"1";"7";"0";"2";"2";"15";"1";""
"202100014200";"176 309";"B01";"1";"7";"0";"2";"2";"18";"1";""
"202100014200";"176 310";"A01";"1";"30";"0";"2";"3";"12";"1";""
"202100014201";"176 307";"Z01";"1";"10";"0";"2";"1";"9";"1";""
"202100014201";"176 308";"A01";"1";"34";"0";"2";"7";"2";"1";""
"202100014202";"176 305";"B01";"1";"7";"0";"2";"6";"1";"1";""
"202100014202";"176 306";"A01";"1";"30";"0";"2";"7";"17";"3";""
"202100014203";"176 304";"A01";"1";"10";"0";"1";"4";"4";"1";""
"202100014204";"176 302";"B01";"1";"1";"0";"2";"1";"1";"5";""
"202100014204";"176 303";"A01";"2";"7";"0";"2";"2";"15";"1";""
"202100014205";"176 301";"A01";"2";"30";"0";"0";"7";"21";"1";""
"202100014206";"176 300";"A01";"1";"7";"9";"0";"4";"4";"1";""
"202100014207";"176 297";"A01";"2";"30";"1";"2";"2";"14";"1";""
"202100014207";"176 298";"C01";"2";"7";"0";"2";"4";"1";"1";""
"202100014207";"176 299";"B01";"2";"7";"0";"2";"8";"24";"1";""
"202100014208";"176 295";"B01";"3";"33";"0";"2";"1";"1";"1";""
"202100014208";"176 296";"A01";"3";"7";"0";"2";"6";"15";"1";""
"202100014209";"176 293";"A01";"1";"7";"0";"2";"3";"15";"2";""
"202100014209";"176 294";"B01";"1";"32";"0";"2";"2";"15";"1";""
"202100014210";"176 292";"A01";"1";"31";"0";"0";"8";"1";"1";""
"202100014211";"176 291";"A01";"1";"30";"12";"0";"1";"13";"3";""
"202100014212";"176 290";"Z01";"2";"7";"0";"1";"1";"15";"1";""
"202100014213";"176 288";"A01";"1";"32";"0";"2";"1";"1";"1";""
"202100014213";"176 289";"B01";"1";"10";"0";"2";"0";"16";"1";""
"202100014214";"176 286";"B01";"1";"33";"0";"2";"1";"1";"1";""
"202100014214";"176 287";"A01";"1";"7";"0";"2";"2";"1";"1";""
"202100014215";"176 284";"A01";"1";"7";"0";"2";"2";"15";"1";""
"202100014215";"176 285";"B01";"2";"32";"0";"2";"1";"2";"1";""
"202100014216";"176 283";"A01";"2";"7";"0";"1";"8";"1";"1";""
"202100014217";"176 281";"A01";"1";"7";"0";"2";"7";"17";"1";""
"202100014217";"176 282";"B01";"1";"7";"0";"2";"8";"1";"1";""
"202100014218";"176 279";"A01";"1";"7";"0";"2";"1";"0";"1";""
"202100014218";"176 280";"B01";"1";"1";"0";"2";"4";"15";"5";""
"202100014219";"176 277";"B01";"1";"7";"0";"2";"8";"1";"1";""
"202100014219";"176 278";"A01";"2";"10";"0";"2";"1";"5";"1";""
"202100014220";"176 275";"B01";"1";"0";"0";"2";"1";"0";"0";""
"202100014220";"176 276";"A01";"1";"34";"0";"2";"7";"1";"1";""
"202100014221";"176 273";"A01";"1";"7";"0";"2";"1";"17";"1";""
"202100014221";"176 274";"B01";"1";"32";"0";"2";"3";"1";"1";""
"202100014222";"176 271";"B01";"2";"7";"0";"0";"0";"9";"1";""
"202100014222";"176 272";"A01";"1";"7";"0";"0";"2";"9";"1";""
"202100014223";"176 270";"A01";"1";"7";"0";"1";"1";"1";"1";""
"202100014224";"176 268";"B01";"2";"33";"0";"2";"3";"2";"1";""
"202100014224";"176 269";"A01";"2";"7";"0";"2";"5";"9";"2";""
"202100014225";"176 263";"T01";"2";"7";"0";"2";"0";"1";"1";""
"202100014225";"176 264";"B01";"2";"7";"0";"2";"1";"1";"1";""
"202100014225";"176 265";"A01";"1";"7";"0";"2";"1";"13";"1";""
"202100014226";"176 261";"A01";"1";"7";"1";"0";"1";"1";"1";""
"202100014226";"176 262";"B01";"1";"10";"14";"0";"4";"2";"0";""
"202100014227";"176 259";"B01";" -1";"50";"0";"2";"7";"1";"3";""
"202100014227";"176 260";"A01";" -1";"7";"0";"2";"3";"15";"1";""
"202100014228";"176 257";"A01";" -1";"10";"0";"2";"7";"19";"1";""
"202100014228";"176 258";"B01";" -1";"33";"0";"2";"1";"1";"1";""
"202100014229";"176 254";"C01";" -1";"7";"0";"2";"8";"2";"1";""
"202100014229";"176 255";"B01";" -1";"7";"0";"2";"8";"14";"1";""
"202100014229";"176 256";"A01";" -1";"14";"0";"2";"3";"2";"1";""
"202100014230";"176 252";"A01";"1";"32";"0";"2";"1";"15";"1";""
"202100014230";"176 253";"B01";"2";"7";"0";"2";"3";"2";"1";""
"202100014231";"176 250";"B01";"2";"33";"0";"2";"1";"1";"0";""
"202100014231";"176 251";"A01";"1";"7";"0";"2";"2";"15";"1";""
"202100014232";"176 248";"B01";"1";"7";"0";"2";"4";"23";"1";""
"202100014232";"176 249";"A01";"1";"38";"0";"2";"3";"2";"1";"1"
"202100014233";"176 246";"A01";"3";"34";"0";"2";"1";"1";"0";""
"202100014233";"176 247";"B01";"3";"7";"0";"2";"1";"11";"0";""
"202100014234";"176 245";"A01";"1";"30";"12";"0";"2";"26";"3";""
"202100014235";"176 243";"B01";"2";"7";"0";"2";"4";"2";"1";""
"202100014235";"176 244";"A01";"2";"2";"0";"2";"1";"2";"1";""
"202100014236";"176 241";"B01";"1";"7";"2";"0";"1";"1";"1";""
"202100014236";"176 242";"A01";"1";"7";"2";"0";"9";"1";"1";""
"202100014237";"176 239";"B01";"1";"1";"0";"2";"1";"1";"6";""
"202100014237";"176 240";"A01";"1";"7";"0";"2";"3";"9";"1";""
"202100014238";"176 237";"B01";"3";"7";"0";"2";"2";"15";"1";""
"202100014238";"176 238";"A01";"3";"33";"0";"2";"1";"1";"1";""
"202100014239";"176 236";"A01";"2";"7";"2";"0";"1";"13";"1";""
"202100014240";"176 235";"A01";"3";"32";"0";"0";"0";"1";"1";""
"202100014241";"176 233";"B01";"1";"33";"0";"2";"1";"2";"1";""
"202100014241";"176 234";"A01";"1";"33";"0";"0";"8";"2";"1";""
"202100014242";"176 231";"B01";"2";"2";"13";"0";"4";"2";"1";""
"202100014242";"176 232";"A01";"2";"10";"0";"2";"2";"2";"1";""
"202100014243";"176 230";"A01";"2";"7";"2";"0";"1";"1";"1";""
"202100014244";"176 228";"B01";"2";"2";"0";"2";"1";"1";"1";""
"202100014244";"176 229";"A01";"1";"7";"0";"2";"3";"15";"1";""
"202100014245";"176 227";"A01";"3";"2";"0";"0";"8";"1";"1";""
"202100014246";"176 226";"A01";"1";"31";"15";"9";"0";"1";"1";""
"202100014247";"176 225";"A01";"1";"2";"0";"0";"0";"2";"1";""
"202100014248";"176 223";"A01";"3";"7";"0";"2";"3";"13";"1";""
"202100014248";"176 224";"B01";"0";"20";"0";"2";"3";"1";"1";""
"202100014249";"176 221";"A01";"3";"7";"1";"0";"2";"1";"1";""
"202100014250";"176 219";"B01";"1";"7";"0";"0";"8";"2";"1";""
"202100014250";"176 220";"A01";"1";"34";"0";"2";"1";"17";"1";""
"202100014251";"176 217";"A01";"1";"33";"0";"2";"1";"17";"1";""
"202100014251";"176 218";"B01";"2";"7";"0";"2";"3";"1";"1";""
"202100014252";"176 215";"B01";"1";"33";"0";"2";"1";"1";"1";""
"202100014252";"176 216";"A01";"2";"33";"0";"2";"1";"1";"1";""
"202100014253";"176 214";"A01";"2";"7";"6";"0";"3";"1";"1";""
"202100014254";"176 212";"B01";"3";"2";"0";"2";"1";"1";"1";""
"202100014254";"176 213";"A01";"3";"7";"0";"2";"2";"15";"1";""
"202100014255";"176 210";"B01";"1";"7";"0";"2";"4";"1";"1";""
"202100014255";"176 211";"A01";"1";"33";"0";"2";"1";"1";"1";""
"202100014256";"176 209";"A01";"1";"7";"2";"0";"1";"0";"1";""
"202100014257";"176 208";"A01";"2";"33";"16";"0";"7";"1";"1";""
"202100014258";"176 207";"A01";"2";"7";"15";"0";"2";"1";"1";""
"202100014259";"176 205";"B01";"2";"33";"0";"2";"1";"1";"1";""
"202100014259";"176 206";"A01";"3";"7";"0";"2";"3";"15";"1";""
"202100014260";"176 204";"A01";"3";"33";"13";"0";"1";"1";"1";""
"202100014261";"176 203";"A01";"2";"7";"2";"0";"8";"1";"1";""
"202100014262";"176 201";"A01";"0";"7";"0";"2";"1";"1";"1";""
"202100014262";"176 202";"B01";"0";"7";"0";"2";"7";"1";"1";""
"202100014263";"176 200";"A01";"2";"7";"8";"0";"1";"13";"1";""
"202100014264";"176 199";"A01";"2";"3";"2";"0";"0";"1";"1";""
"202100014265";"176 197";"A01";"1";"7";"0";"2";"2";"9";"1";""
"202100014265";"176 198";"B01";"1";"2";"0";"2";"1";"1";"1";""
"202100014266";"176 196";"A01";"2";"7";"2";"0";"3";"13";"1";""
"202100014267";"176 195";"A01";" -1";"33";"0";"0";"0";"1";"1";""
"202100014268";"176 194";"A01";"1";"33";"0";"0";"7";"13";"1";""
"202100014269";"176 193";"A01";"2";"33";"0";"0";"0";"0";"1";""
"202100014270";"176 191";"B01";"1";"7";"0";"9";"3";"15";"1";""
"202100014270";"176 192";"A01";"2";"7";"0";"2";"2";"16";"1";""
"202100014271";"176 190";"A01";"2";"7";"2";"0";"1";"1";"1";""
"202100014272";"176 189";"A01";"1";"7";"3";"0";"1";"12";"1";""