"Num_Acc";"id_vehicule";"num_veh";"senc";"catv";"obs";"obsm";"choc";"manv";"motor";"occutc"
"202100014699";"175 440";"A01";"1";"17";"0";"2";"1";"1";"1";""
"202100014699";"175 441";"B01";"2";"3";"0";"2";"1";"13";"1";""
"202100014700";"175 437";"B01";"2";"7";"0";"2";"8";"1";"1";""
"202100014700";"175 438";"C01";"2";"7";"0";"2";"3";"1";"1";""
"202100014700";"175 439";"A01";"1";"7";"16";"2";"3";"13";"1";""
"202100014701";"175 435";"B01";"2";"17";"0";"2";"3";"1";"1";""
"202100014701";"175 436";"A01";"1";"7";"0";"2";"3";"13";"1";""
"202100014702";"175 431";"B01";"1";"7";"0";"2";"2";"2";"1";""
"202100014702";"175 432";"A01";"1";"7";"4";"2";"6";"11";"1";""
"202100014703";"175 429";"A01";"1";"15";"0";"0";"5";"1";"0";""
"202100014703";"175 430";"B01";"1";"17";"0";"2";"3";"1";"1";""
"202100014704";"175 428";"A01";"1";"50";"0";"0";"2";"1";"3";""
"202100014705";"175 427";"A01";"1";"7";"0";"1";"3";"15";"6";""
"202100014706";"175 426";"A01";"2";"7";"0";"1";"2";"23";"1";""
"202100014707";"175 424";"A01";"1";"33";"0";"2";"9";"13";"1";""
"202100014707";"175 425";"B01";"2";"10";"0";"2";"3";"1";"1";""
"202100014708";"175 422";"B01";"1";"33";"0";"2";"7";"1";"1";""
"202100014708";"175 423";"A01";"1";"7";"0";"2";"3";"11";"1";""
"202100014709";"175 420";"B01";"2";"13";"0";"2";"3";"1";"1";""
"202100014709";"175 421";"A01";"1";"7";"0";"2";"3";"13";"1";""
"202100014710";"175 418";"A01";"1";"7";"0";"2";"1";"1";"1";""
"202100014710";"175 419";"B01";"1";"1";"0";"2";"4";"1";"5";""
"202100014711";"175 417";"A01";"2";"10";"0";"1";"1";"1";"1";""
"202100014712";"175 416";"A01";"2";"33";"3";"0";"2";"1";"1";""
"202100014713";"175 415";"A01";"3";"7";"0";"0";"0";"1";"1";""
"202100014714";"175 414";"A01";"1";"2";"0";"0";"0";"1";"1";""
"202100014715";"175 412";"B01";"3";"31";"0";"2";"1";"1";"1";""
"202100014715";"175 413";"A01";"3";"7";"0";"2";"2";"15";"1";""
"202100014716";"175 410";"A01";"1";"33";"0";"2";"1";"17";"1";""
"202100014716";"175 411";"B01";"1";"7";"0";"2";"8";"15";"1";""
"202100014717";"175 408";"A01";"1";"7";"3";"2";"8";"19";"1";""
"202100014717";"175 409";"B01";"1";"7";"0";"2";"3";"19";"1";""
"202100014718";"175 405";"A01";"1";"7";"0";"2";"1";"1";"1";""
"202100014718";"175 406";"B01";"1";"7";"0";"2";"4";"23";"1";""
"202100014718";"175 407";"C01";"1";"7";"0";"2";"4";"23";"1";""
"202100014719";"175 404";"A01";"2";"7";"0";"0";"0";"1";"1";""
"202100014720";"175 403";"A01";"2";"7";"0";"0";"0";"24";"1";""
"202100014721";"175 402";"A01";"1";"7";"4";"0";"9";"26";"1";""
"202100014722";"175 399";"A01";"1";"7";"0";"2";"4";"2";"1";""
"202100014722";"175 400";"B01";"1";"7";"0";"2";"4";"2";"1";""
"202100014722";"175 401";"C01";"1";"13";"0";"2";"1";"2";"1";""
"202100014723";"175 397";"A01";"2";"7";"0";"2";"2";"17";"1";""
"202100014723";"175 398";"B01";"2";"38";"0";"2";"3";"1";"1";"1"
"202100014724";"175 395";"B01";"1";"7";"0";"2";"1";"2";"3";""
"202100014724";"175 396";"A01";"1";"32";"0";"2";"4";"2";"1";""
"202100014725";"175 393";"B01";"1";"7";"0";"2";"4";"1";"1";""
"202100014725";"175 394";"A01";"1";"7";"0";"2";"1";"1";"1";""
"202100014726";"175 391";"B01";"2";"7";"0";"2";"4";"2";"1";""
"202100014726";"175 392";"A01";"2";"10";"0";"2";"1";"2";"1";""
"202100014727";"175 388";"C01";"2";"7";"4";"2";"1";"1";"1";""
"202100014727";"175 389";"A01";"2";"10";"0";"2";"7";"14";"1";""
"202100014727";"175 390";"B01";"2";"7";"0";"2";"8";"1";"1";""
"202100014728";"175 386";"B01";"1";"7";"3";"0";"1";"13";"1";""
"202100014728";"175 387";"A01";"1";"17";"0";"2";"2";"21";"1";""
"202100014729";"175 383";"A01";"1";"17";"0";"2";"2";"2";"1";""
"202100014729";"175 384";"B01";"1";"7";"0";"2";"4";"2";"1";""
"202100014729";"175 385";"C01";"1";"7";"0";"2";"5";"2";"1";""
"202100014730";"175 381";"A01";"1";"7";"0";"2";"2";"0";"1";""
"202100014730";"175 382";"B01";"1";"31";"6";"0";"3";"0";"1";""
"202100014731";"175 377";"D01";"1";"7";"0";"2";"4";"23";"1";""
"202100014731";"175 378";"A01";"1";"7";"0";"2";"1";"1";"1";""
"202100014731";"175 379";"B01";"1";"7";"0";"2";"4";"23";"1";""
"202100014731";"175 380";"C01";"1";"7";"0";"2";"4";"23";"1";""
"202100014732";"175 375";"B01";"1";"7";"0";"2";"4";"1";"1";""
"202100014732";"175 376";"A01";"1";"7";"0";"2";"1";"1";"1";""
"202100014733";"175 373";"B01";"2";"7";"4";"2";"2";"1";"1";""
"202100014733";"175 374";"A01";"2";"7";"3";"2";"3";"18";"1";""
"202100014734";"175 372";"A01";"1";"7";"0";"0";"0";"26";"1";""
"202100014735";"175 370";"B01";"2";"7";"0";"2";"4";"1";"1";""
"202100014735";"175 371";"A01";"2";"33";"0";"2";"1";"3";"1";""
"202100014736";"175 368";"B01";"2";"7";"0";"2";"4";"1";"1";""
"202100014736";"175 369";"A01";"2";"34";"0";"2";"1";"3";"1";""
"202100014737";"175 366";"B01";"2";"7";"0";"2";"4";"11";"1";""
"202100014737";"175 367";"A01";"2";"43";"0";"2";"1";"3";"1";""
"202100014738";"175 364";"B01";"1";"33";"0";"2";"8";"2";"1";""
"202100014738";"175 365";"A01";"1";"7";"0";"2";"0";"12";"1";""
"202100014739";"175 362";"A01";"2";"15";"0";"0";"0";"26";"1";""
"202100014739";"175 363";"B01";"2";"7";"0";"0";"0";"0";"1";""
"202100014740";"175 360";"A01";"2";"10";"0";"2";"1";"2";"1";""
"202100014740";"175 361";"B01";"2";"7";"0";"2";"4";"2";"1";""
"202100014741";"175 359";"A01";"1";"7";"4";"0";"9";"26";"1";""
"202100014742";"175 357";"B01";"1";"10";"0";"2";"4";"1";"1";""
"202100014742";"175 358";"A01";"1";"33";"0";"2";"9";"1";"1";""
"202100014743";"175 355";"B01";"2";"33";"0";"2";"2";"2";"1";""
"202100014743";"175 356";"A01";"2";"7";"0";"2";"3";"11";"1";""
"202100014744";"175 353";"A01";"2";"10";"0";"2";"4";"11";"1";""
"202100014744";"175 354";"B01";"2";"33";"0";"2";"1";"3";"1";""
"202100014745";"175 352";"A01";"2";"33";"0";"2";"0";"3";"0";""
"202100014746";"175 350";"A01";"2";"17";"0";"2";"2";"12";"1";""
"202100014746";"175 351";"B01";"2";"7";"0";"2";"6";"1";"1";""
"202100014747";"175 348";"A01";"2";"7";"2";"2";"8";"12";"1";""
"202100014747";"175 349";"B01";"2";"14";"0";"2";"2";"12";"1";""
"202100014748";"175 346";"A01";"1";"10";"0";"2";"4";"1";"1";""
"202100014748";"175 347";"B01";"1";"10";"0";"2";"4";"1";"1";""
"202100014749";"175 345";"A01";"0";"0";"0";"1";"0";"0";" -1";""
"202100014750";"175 344";"A01";"1";"7";"0";"1";"3";"1";"3";""
"202100014751";"175 343";"A01";"3";"7";"0";"1";"0";"15";"1";""
"202100014752";"175 342";"A01";"3";"7";"0";"1";"4";"20";"1";""
"202100014753";"175 341";"A01";"2";"7";"0";"1";"3";"1";"1";""
"202100014754";"175 338";"A01";"1";"33";"0";"2";"1";"2";"1";""
"202100014754";"175 339";"B01";"1";"33";"0";"2";"4";"1";"1";""
"202100014754";"175 340";"C01";"1";"7";"0";"2";"6";"1";"1";""
"202100014755";"175 336";"A01";"3";"10";"0";"2";"3";"15";"1";""
"202100014755";"175 337";"B01";"1";"30";"0";"2";"1";"2";"1";""
"202100014756";"175 335";"A01";"3";"32";"15";"0";"1";"17";"1";""
"202100014757";"175 334";"A01";"2";"30";"0";"0";"1";"14";"1";""
"202100014758";"175 333";"A01";"1";"2";"0";"0";"0";"1";"1";""
"202100014759";"175 331";"A01";"1";"7";"0";"2";"2";"10";"1";""
"202100014759";"175 332";"B01";"1";"37";"0";"2";"2";"1";"1";"1"
"202100014760";"175 330";"A01";"1";"7";"0";"1";"0";"1";"1";""
"202100014761";"175 328";"B01";"1";"30";"0";"2";"4";"1";"1";""
"202100014761";"175 329";"A01";"1";"7";"0";"2";"3";"15";"1";""
"202100014762";"175 326";"B01";"1";"2";"0";"2";"3";"1";"1";""
"202100014762";"175 327";"A01";"1";"7";"0";"2";"7";"12";"1";""
"202100014763";"175 324";"A01";"1";"13";"0";"2";"0";"0";"0";""
"202100014763";"175 325";"B01";"1";"33";"0";"2";"1";"1";"1";""
"202100014764";"175 323";"A01";"1";"7";"0";"1";"1";"16";"1";""
"202100014765";"175 322";"A01";"1";"7";"0";"1";"3";"1";"1";""
"202100014766";"175 319";"A01";"2";"1";"0";"2";"7";"19";"5";""
"202100014766";"175 320";"C01";"2";"7";"0";"2";"2";"13";"1";""
"202100014766";"175 321";"B01";"2";"7";"0";"2";"2";"21";"1";""
"202100014767";"175 318";"A01";"1";"7";"0";"1";"1";"1";"1";""
"202100014768";"175 317";"A01";"3";"7";"0";"1";"1";"1";"1";""
"202100014769";"175 316";"A01";"3";"7";"0";"1";"8";"15";"1";""
"202100014770";"175 314";"B01";"1";"1";"0";"2";"7";"1";"5";""
"202100014770";"175 315";"A01";"1";"7";"0";"2";"8";"9";"1";""
"202100014771";"175 312";"A01";"1";"7";"0";"2";"7";"14";"2";""
"202100014771";"175 313";"B01";"1";"2";"0";"2";"8";"1";"3";""
"202100014772";"175 310";"A01";"1";"7";"0";"2";"1";"2";"1";""
"202100014772";"175 311";"B01";"1";"1";"0";"2";"4";"2";"5";""
"202100014773";"175 308";"A01";"1";"1";"0";"2";"4";"9";"5";""
"202100014773";"175 309";"B01";"1";"7";"0";"2";"6";"9";"1";""
"202100014774";"175 306";"B01";"2";"2";"0";"2";"1";"1";"1";""
"202100014774";"175 307";"A01";"2";"7";"0";"2";"4";"20";"1";""
"202100014775";"175 305";"A01";"1";"7";"0";"0";"0";"26";"1";""
"202100014776";"175 303";"B01";"1";"33";"0";"2";"1";"17";"1";""
"202100014776";"175 304";"A01";"1";"7";"0";"2";"8";"15";"1";""
"202100014777";"175 299";"A01";"3";"7";"0";"2";"4";"1";"0";""
"202100014777";"175 300";"D01";"3";"7";"0";"2";"1";"2";"1";""
"202100014777";"175 301";"C01";"3";"7";"0";"2";"4";"2";"1";""
"202100014777";"175 302";"B01";"3";"7";"0";"2";"4";"2";"1";""
"202100014778";"175 297";"A01";"3";"7";"0";"2";"1";"26";"3";""
"202100014778";"175 298";"B01";"3";"7";"0";"2";"3";"26";"1";""
"202100014779";"175 291";"B01";"3";"7";"0";"2";"1";"1";"1";""
"202100014779";"175 292";"A01";"3";"3";"0";"2";"1";"13";"1";""
"202100014780";"175 289";"B01";"1";"7";"0";"2";"3";"15";"1";""
"202100014780";"175 290";"A01";"2";"33";"0";"2";"1";"1";"1";""
"202100014781";"175 287";"A01";"2";"7";"0";"2";"1";"15";"1";""
"202100014781";"175 288";"B01";"2";"7";"0";"2";"1";"1";"1";""
"202100014782";"175 286";"A01";"1";"7";"0";"1";"3";"1";"1";""
"202100014783";"175 285";"A01";"1";"7";"0";"1";"1";"1";"1";""
"202100014784";"175 283";"A01";"2";"7";"0";"2";"1";"15";"1";""
"202100014784";"175 284";"B01";"1";"2";"0";"2";"1";"1";"1";""
"202100014785";"175 282";"A01";"0";"7";"0";"1";"1";"1";"1";""
"202100014786";"175 280";"B01";"1";"7";"0";"2";"4";"2";"1";""
"202100014786";"175 281";"A01";"1";"7";"0";"2";"1";"2";"1";""
"202100014787";"175 278";"A01";"1";"7";"0";"2";"1";"2";"1";""
"202100014787";"175 279";"B01";"1";"7";"0";"2";"4";"2";"1";""
"202100014788";"175 276";"A01";"2";"7";"0";"1";"3";"1";"1";""
"202100014789";"175 275";"A01";"1";"7";"0";"1";"1";"1";"1";""
"202100014790";"175 273";"B01";"1";"2";"0";"2";"7";"1";"1";""
"202100014790";"175 274";"A01";"1";"7";"0";"2";"1";"15";"0";""
"202100014791";"175 271";"A01";"2";"7";"0";"2";"1";"2";"1";""
"202100014791";"175 272";"B01";"2";"7";"0";"2";"4";"23";"1";""
"202100014792";"175 269";"B01";"3";"7";"0";"9";"1";"15";"1";""
"202100014792";"175 270";"A01";"3";"1";"0";"2";"1";"19";"0";""
"202100014793";"175 267";"B01";"2";"7";"0";"2";"2";"1";"1";""
"202100014793";"175 268";"A01";"1";"7";"14";"2";"1";"6";"1";""
"202100014794";"175 266";"A01";"1";"10";"0";"1";"3";"1";"1";""
"202100014795";"175 265";"A01";"1";"10";"0";"1";"1";"1";"1";""
"202100014796";"175 261";"B01";"1";"7";"0";"2";"3";"1";"1";""
"202100014796";"175 262";"A01";"1";"1";"0";"2";"1";"19";"5";""
"202100014797";"175 257";"B01";"2";"7";"0";"2";"4";"2";"1";""
"202100014797";"175 258";"D01";"2";"7";"0";"2";"4";"2";"1";""
"202100014797";"175 259";"A01";"2";"10";"0";"2";"1";"2";"1";""
"202100014797";"175 260";"C01";"2";"7";"0";"2";"4";"2";"1";""
"202100014798";"175 255";"A01";"1";"31";"0";"2";"8";"2";"1";""
"202100014798";"175 256";"B01";"2";"7";"0";"2";"2";"23";"1";""
"202100014799";"175 252";"A01";"1";"7";"0";"2";"1";"11";"1";""
"202100014799";"175 253";"B01";"1";"7";"0";"2";"1";"1";"1";""
"202100014799";"175 254";"C01";"1";"7";"0";"2";"4";"1";"1";""
"202100014800";"175 250";"A01";"1";"30";"0";"2";"7";"12";"1";""
"202100014800";"175 251";"B01";"1";"37";"0";"2";"6";"1";"3";"1"
"202100014801";"175 248";"A01";"2";"1";"0";"2";"1";"2";"5";""
"202100014801";"175 249";"B01";"2";"50";"0";"2";"1";"1";"3";""
"202100014802";"175 246";"A01";"1";"7";"0";"2";"1";"1";"2";""
"202100014802";"175 247";"B01";"2";"1";"0";"2";"1";"5";"5";""
"202100014803";"175 244";"A01";"1";"7";"0";"2";"1";"2";"1";""
"202100014803";"175 245";"B01";"1";"7";"0";"2";"4";"23";"1";""
"202100014804";"175 243";"A01";"1";"34";"0";"1";"1";"1";"1";""
"202100014805";"175 242";"A01";"0";"99";"0";"1";"2";"26";"1";""
"202100014806";"175 241";"A01";"3";"7";"8";"0";"2";"14";"1";""
"202100014807";"175 235";"B01";"2";"7";"0";"2";"1";"23";"1";""
"202100014807";"175 236";"A01";"1";"7";"0";"2";"1";"5";"1";""
"202100014808";"175 233";"A01";"2";"7";"0";"2";"7";"13";"1";""
"202100014808";"175 234";"B01";"1";"7";"0";"2";"1";"1";"1";""
"202100014809";"175 232";"A01";"1";"7";"10";"0";"3";"1";"1";""
"202100014810";"175 230";"B01";"2";"7";"0";"2";"0";"0";"1";""
"202100014810";"175 231";"A01";"2";"7";"0";"2";"2";"1";"1";""
"202100014811";"175 228";"B01";"1";"7";"0";"2";"4";"2";"1";""
"202100014811";"175 229";"A01";"1";"7";"0";"2";"1";"2";"1";""
"202100014812";"175 226";"A01";"1";"7";"0";"2";"2";"15";"1";""
"202100014812";"175 227";"B01";"1";"1";"0";"2";"1";"2";"5";""
"202100014813";"175 224";"B01";"0";"7";"1";"2";"0";"0";"1";""
"202100014813";"175 225";"A01";"0";"13";"0";"2";"2";"26";"0";""
"202100014814";"175 223";"A01";"2";"7";"1";"1";"3";"15";"1";""
"202100014815";"175 222";"A01";"2";"14";"0";"1";"3";"15";"1";""
"202100014816";"175 221";"A01";"3";"10";"0";"1";"5";"1";"1";""
"202100014817";"175 219";"B01";"1";"2";"0";"2";"1";"1";"1";""
"202100014817";"175 220";"A01";"1";"7";"0";"2";"3";"26";"1";""
"202100014818";"175 217";"B01";"1";"7";"0";"2";"2";"2";"1";""
"202100014818";"175 218";"A01";"1";"2";"0";"2";"3";"2";"1";""
"202100014819";"175 215";"A01";"3";"32";"0";"2";"8";"1";"0";""
"202100014819";"175 216";"B01";"3";"7";"0";"2";"1";"16";"1";""
"202100014820";"175 213";"A01";"2";"7";"0";"2";"1";"15";"1";""
"202100014820";"175 214";"B01";"1";"7";"9";"2";"3";"1";"1";""
"202100014821";"175 212";"A01";"3";"33";"15";"0";"2";"1";"1";""
"202100014822";"175 211";"A01";"3";"32";"0";"0";"0";"1";"1";""
"202100014823";"175 209";"B01";"2";"7";"0";"2";"4";"2";"1";""
"202100014823";"175 210";"A01";"2";"30";"0";"2";"1";"11";"1";""
"202100014824";"175 208";"A01";"1";"7";"0";"1";"1";"1";"1";""
"202100014825";"175 206";"B01";"1";"7";"0";"2";"3";"1";"1";""
"202100014825";"175 207";"A01";"1";"34";"15";"2";"1";"19";"1";""
"202100014826";"175 205";"A01";"2";"33";"14";"0";"1";"1";"1";""
"202100014827";"175 203";"A01";"2";"2";"0";"2";"1";"2";"1";""
"202100014827";"175 204";"B01";"2";"2";"0";"2";"1";"2";"1";""
"202100014828";"175 201";"A01";"2";"43";"0";"2";"8";"3";"1";""
"202100014828";"175 202";"B01";"2";"7";"0";"2";"7";"1";"1";""
"202100014829";"175 199";"B01";"2";"32";"0";"2";"1";"1";"3";""
"202100014829";"175 200";"A01";"2";"7";"8";"2";"8";"15";"1";""
"202100014830";"175 198";"A01";"1";"50";"0";"1";"3";"1";"3";""
"202100014831";"175 196";"B01";"1";"1";"0";"2";"0";"19";"5";""
"202100014831";"175 197";"A01";"1";"32";"0";"2";"7";"7";"1";""
"202100014832";"175 195";"Z01";"1";"30";"0";"1";"1";"17";"0";""
"202100014833";"175 193";"A01";"2";"1";"0";"2";"1";"21";"5";""
"202100014833";"175 194";"Z01";"2";"7";"0";"2";"3";"13";"0";""
"202100014834";"175 192";"A01";"1";"30";"0";"1";"0";"1";"1";""
"202100014835";"175 190";"B01";"1";"2";"0";"2";"3";"15";"3";""
"202100014835";"175 191";"A01";"1";"7";"0";"2";"2";"1";"1";""
"202100014836";"175 188";"B01";"2";"60";"0";"2";"0";"19";"5";""
"202100014836";"175 189";"A01";"2";"30";"0";"2";"1";"1";"1";""
"202100014837";"175 186";"B01";"3";"43";"0";"2";"1";"1";"1";""
"202100014837";"175 187";"A01";"3";"7";"0";"2";"8";"10";"2";""
"202100014838";"175 184";"B01";"2";"31";"0";"2";"1";"1";"1";""
"202100014838";"175 185";"A01";"1";"10";"0";"2";"6";"15";"1";""
"202100014839";"175 183";"A01";"2";"14";"0";"1";"2";"1";"1";""
"202100014840";"175 182";"A01";"1";"7";"0";"1";"1";"15";"1";""
"202100014841";"175 181";"Z01";"2";"30";"0";"1";"0";"1";"0";""
"202100014842";"175 180";"A01";"2";"7";"0";"1";"7";"16";"2";""
"202100014843";"175 178";"A01";"1";"1";"0";"4";"1";"19";"5";""
"202100014843";"175 179";"B01";"1";"40";"0";"2";"7";"1";"3";""
"202100014844";"175 176";"B01";"2";"1";"0";"2";"8";"1";"5";""
"202100014844";"175 177";"A01";"1";"7";"0";"2";"1";"15";"1";""
"202100014845";"175 174";"B01";"2";"1";"0";"2";"1";"1";"0";""
"202100014845";"175 175";"A01";"2";"10";"0";"2";"2";"16";"1";""
"202100014846";"175 172";"A01";"2";"7";"0";"2";"2";"15";"1";""
"202100014846";"175 173";"B01";"1";"7";"0";"0";"6";"1";"1";""
"202100014847";"175 169";"C01";"0";"7";"0";"2";"4";"2";"1";""
"202100014847";"175 170";"B01";"0";"7";"0";"2";"4";"2";"1";""
"202100014847";"175 171";"A01";"0";"10";"0";"2";"1";"2";"1";""
"202100014848";"175 167";"B01";"1";"7";"0";"2";"3";"24";"1";""
"202100014848";"175 168";"A01";"1";"7";"1";"0";"2";"2";"1";""
"202100014849";"175 166";"A01";"1";"32";"0";"1";"1";"1";"1";""
"202100014850";"175 165";"A01";"2";"7";"0";"1";"1";"19";"1";""
"202100014851";"175 164";"A01";"1";"7";"0";"1";"2";"1";"1";""
"202100014852";"175 163";"A01";"2";"1";"14";"0";"1";"26";"5";""
"202100014853";"175 162";"A01";"3";"7";"0";"1";"1";"1";"1";""
"202100014854";"175 159";"A01";"3";"7";"0";"2";"1";"2";"1";""
"202100014854";"175 160";"C01";"3";"7";"0";"2";"4";"2";"1";""
"202100014854";"175 161";"B01";"3";"7";"0";"2";"4";"2";"1";""
"202100014855";"175 157";"A01";"1";"7";"0";"2";"4";"2";"1";""
"202100014855";"175 158";"B01";"1";"33";"0";"2";"1";"2";"1";""
"202100014856";"175 155";"A01";" -1";"10";"0";"0";"3";"26";"0";""
"202100014856";"175 156";"B01";" -1";"34";"0";"2";"1";"1";"0";""
"202100014857";"175 154";"A01";"3";"10";"0";"1";"1";"1";"1";""
"202100014858";"175 153";"A01";"2";"34";"0";"1";"7";"26";"1";""
"202100014859";"175 151";"B01";"1";"1";"0";"2";"3";"0";"5";""
"202100014859";"175 152";"A01";"1";"7";"0";"0";"2";"23";"1";""
"202100014860";"175 150";"A01";"2";"30";"0";"1";"8";"14";"1";""
"202100014861";"175 148";"B01";"2";"7";"0";"0";"3";"0";"1";""
"202100014861";"175 149";"A01";"1";"30";"0";"2";"3";"1";"3";""
"202100014862";"175 146";"B01";"3";"7";"0";"2";"4";"1";"1";""
"202100014862";"175 147";"A01";"3";"7";"0";"2";"4";"12";"1";""
"202100014863";"175 144";"B01";"0";"7";"0";"2";"5";"15";"1";""
"202100014863";"175 145";"A01";"0";"7";"0";"2";"1";"15";"1";""
"202100014864";"175 142";"A01";"0";"7";"0";"2";"1";"26";"1";""
"202100014864";"175 143";"B01";"0";"7";"0";"2";"4";"23";"1";""
"202100014865";"175 140";"B01";"2";"2";"0";"2";"2";"13";"1";""
"202100014865";"175 141";"A01";"2";"7";"0";"2";"3";"15";"1";""
"202100014866";"175 138";"A01";"1";"7";"0";"2";"8";"1";"1";""
"202100014866";"175 139";"B01";"1";"7";"0";"2";"1";"1";"1";""
"202100014867";"175 136";"A01";"1";"30";"0";"2";"1";"26";"1";""
"202100014867";"175 137";"B01";"1";"33";"0";"2";"4";"1";"1";""
"202100014868";"175 135";"A01";"1";"30";"0";"0";"0";"1";"1";""
"202100014869";"175 134";"A01";"2";"32";"0";"0";"0";"1";"1";""
"202100014870";"175 132";"A01";"1";"7";"0";"2";"5";"1";"1";""
"202100014870";"175 133";"B01";"1";"1";"0";"2";"1";"2";"5";""
"202100014871";"175 130";"B01";"1";"7";"0";"2";"5";"1";"3";""
"202100014871";"175 131";"A01";"1";"31";"0";"2";"3";"13";"3";""
"202100014872";"175 129";"A01";"1";"33";"0";"1";"1";"1";"1";""
"202100014873";"175 127";"B01";"1";"7";"0";"2";"4";"26";"1";""
"202100014873";"175 128";"A01";"1";"37";"0";"2";"1";"26";"1";"3"
"202100014874";"175 125";"A01";"2";"10";"0";"2";"3";"15";"1";""
"202100014874";"175 126";"B01";"2";"33";"0";"2";"2";"0";"1";""
"202100014875";"175 123";"B01";"1";"15";"0";"0";"6";"1";"1";""
"202100014875";"175 124";"A01";"1";"7";"0";"2";"1";"2";"6";""
"202100014876";"175 122";"A01";"1";"7";"13";"0";"3";"1";"1";""
"202100014877";"175 120";"B01";"3";"1";"0";"2";"8";"15";"5";""
"202100014877";"175 121";"A01";"3";"33";"0";"2";"7";"21";"1";""
"202100014878";"175 119";"A01";"1";"7";"2";"0";"8";"1";"1";""
"202100014879";"175 118";"A01";"2";"7";"0";"0";"0";"1";"1";""
"202100014880";"175 116";"A01";"1";"2";"0";"2";"8";"1";"1";""
"202100014880";"175 117";"B01";"2";"7";"0";"2";"6";"15";"1";""
"202100014881";"175 114";"B01";"1";"7";"0";"2";"3";"1";"1";""
"202100014881";"175 115";"A01";"2";"7";"0";"2";"3";"13";"1";""
"202100014882";"175 112";"A01";"1";"7";"0";"2";"2";"2";"1";""
"202100014882";"175 113";"B01";"1";"1";"0";"0";"4";"2";"5";""
"202100014883";"175 110";"B01";"1";"7";"0";"2";"1";"1";"1";""
"202100014883";"175 111";"A01";"2";"7";"0";"2";"1";"13";"1";""
"202100014884";"175 108";"A01";"2";"10";"0";"2";"3";"15";"1";""
"202100014884";"175 109";"B01";"1";"33";"0";"2";"1";"1";"1";""
"202100014885";"175 106";"A01";"1";"7";"0";"2";"1";"13";"1";""
"202100014885";"175 107";"B01";"2";"7";"0";"2";"1";"1";"1";""
"202100014886";"175 103";"A01";"2";"7";"0";"2";"2";"15";"1";""
"202100014886";"175 104";"B01";"1";"7";"0";"2";"1";"1";"1";""
"202100014886";"175 105";"C01";"2";"7";"0";"2";"1";"23";"1";""
"202100014887";"175 101";"A01";"2";"10";"0";"2";"1";"1";"1";""
"202100014887";"175 102";"B01";"1";"7";"0";"2";"1";"17";"1";""
"202100014888";"175 100";"A01";"1";"7";"0";"1";"2";"1";"1";""
"202100014889";"175 098";"A01";"2";"7";"0";"2";"2";"23";"1";""
"202100014889";"175 099";"B01";"2";"7";"0";"2";"6";"2";"1";""
"202100014890";"175 096";"A01";"1";"2";"0";"2";"1";"13";"1";""
"202100014890";"175 097";"B01";"2";"10";"0";"2";"3";"1";"1";""
"202100014891";"175 094";"A01";"1";"7";"0";"0";"7";"1";"1";""
"202100014891";"175 095";"B01";"3";"50";"0";"2";"1";"1";"3";""
"202100014892";"175 092";"A01";"1";"2";"0";"2";"1";"5";"1";""
"202100014892";"175 093";"B01";"2";"10";"0";"2";"3";"5";"1";""
"202100014893";"175 090";"B01";"1";"7";"0";"9";"3";"17";"1";""
"202100014893";"175 091";"A01";"2";"1";"0";"2";"3";"1";"5";""
"202100014894";"175 088";"A01";"1";"7";"0";"2";"1";"2";"1";""
"202100014894";"175 089";"B01";"1";"21";"0";"0";"4";"1";"1";""
"202100014895";"175 087";"A01";"2";"7";"13";"0";"1";"0";"1";""
"202100014896";"175 086";"A01";"2";"7";"16";"0";"0";"6";"1";""
"202100014897";"175 084";"A01";"1";"10";"0";"2";"3";"1";"1";""
"202100014897";"175 085";"B01";"2";"7";"0";"2";"3";"1";"1";""
"202100014898";"175 083";"A01";"0";"2";"6";"0";"1";"15";"1";""
"202100014899";"175 081";"B01";"2";"33";"0";"2";"1";"1";"1";""
"202100014899";"175 082";"A01";"1";"7";"0";"2";"3";"15";"1";""
"202100014900";"175 080";"A01";"2";"7";"0";"1";"3";"2";"1";""
"202100014901";"175 078";"A01";"0";"7";"0";"2";"2";"15";"1";""
"202100014901";"175 079";"B01";"0";"7";"0";"0";"5";"1";"1";""
"202100014902";"175 077";"A01";"1";"33";"0";"0";"0";"1";"1";""
"202100014903";"175 075";"A01";"2";"7";"0";"2";"1";"9";"1";""
"202100014903";"175 076";"B01";"1";"50";"0";"2";"1";"26";"3";""
"202100014904";"175 074";"A01";"1";"7";"6";"0";"2";"0";"1";""
"202100014905";"175 073";"A01";"0";"31";"1";"0";"1";"0";"0";""
"202100014906";"175 070";"C01";"1";"7";"0";"2";"1";"1";"1";""
"202100014906";"175 071";"B01";"1";"7";"0";"2";"1";"1";"1";""
"202100014906";"175 072";"A01";"1";"7";"0";"2";"2";"19";"1";""
"202100014907";"175 069";"A01";"1";"7";"5";"0";"1";"1";"1";""
"202100014908";"175 066";"C01";"2";"7";"0";"0";"4";"1";"1";""
"202100014908";"175 067";"B01";"2";"7";"0";"2";"4";"1";"1";""
"202100014908";"175 068";"A01";"2";"7";"0";"2";"1";"2";"1";""
"202100014909";"175 065";"A01";"2";"7";"13";"0";"9";"1";"1";""
"202100014910";"175 063";"B01";"2";"7";"0";"2";"8";"1";"1";""
"202100014910";"175 064";"A01";"1";"7";"0";"2";"8";"1";"1";""