"Num_Acc";"id_vehicule";"num_veh";"senc";"catv";"obs";"obsm";"choc";"manv";"motor";"occutc"
"202100015539";"173 907";"A01";"1";"32";"0";"2";"2";"17";"1";""
"202100015539";"173 908";"B01";"1";"7";"0";"2";"3";"15";"1";""
"202100015540";"173 905";"B01";"1";"7";"0";"2";"5";"1";"1";""
"202100015540";"173 906";"A01";"1";"30";"0";"2";"1";"1";"1";""
"202100015541";"173 903";"B01";"1";"10";"0";"2";"6";"23";"1";""
"202100015541";"173 904";"A01";"1";"2";"0";"2";"1";"1";"1";""
"202100015542";"173 901";"B01";"2";"7";"0";"2";"8";"14";"1";""
"202100015542";"173 902";"A01";"2";"33";"0";"2";"2";"14";"1";""
"202100015543";"173 899";"B01";"2";"30";"0";"2";"1";"1";"1";""
"202100015543";"173 900";"A01";"1";"7";"0";"2";"2";"15";"1";""
"202100015544";"173 897";"A01";"1";"7";"9";"2";"1";"1";"1";""
"202100015544";"173 898";"B01";"2";"7";"0";"2";"7";"1";"1";""
"202100015545";"173 896";"A01";"1";"7";"9";"0";"1";"26";"1";""
"202100015546";"173 894";"B01";"3";"7";"0";"2";"3";"21";"1";""
"202100015546";"173 895";"A01";"3";"60";"0";"2";"0";"26";"5";""
"202100015547";"173 892";"B01";"3";"50";"0";"2";"7";"26";"3";""
"202100015547";"173 893";"Z01";"3";"7";"0";"9";"0";"0";"1";""
"202100015548";"173 891";"Z01";"3";"99";"0";"1";"1";"26";"5";""
"202100015549";"173 889";"A01";"2";"7";"0";"2";"1";"9";"1";""
"202100015549";"173 890";"B01";"2";"2";"0";"2";"1";"1";"1";""
"202100015550";"173 887";"B01";"1";"7";"6";"9";"4";"1";"1";""
"202100015550";"173 888";"A01";"1";"7";"0";"2";"2";"1";"1";""
"202100015551";"173 885";"A01";"2";"7";"0";"2";"3";"16";"1";""
"202100015551";"173 886";"B01";"1";"30";"0";"2";"1";"1";"1";""
"202100015552";"173 884";"A01";"1";"10";"0";"1";"1";"1";"1";""
"202100015553";"173 883";"A01";"1";"7";"0";"1";"2";"1";"1";""
"202100015554";"173 881";"A01";"2";"7";"0";"2";"8";"22";"1";""
"202100015554";"173 882";"B01";"2";"1";"1";"0";"1";"1";"5";""
"202100015555";"173 880";"A01";"1";"7";"0";"1";"7";"1";"1";""
"202100015556";"173 878";"A01";"1";"7";"0";"2";"6";"15";"1";""
"202100015556";"173 879";"B01";"1";"33";"0";"2";"7";"1";"1";""
"202100015557";"173 876";"A01";"1";"1";"0";"2";"1";"1";"5";""
"202100015557";"173 877";"B01";"1";"7";"0";"9";"3";"1";"1";""
"202100015558";"173 871";"B01";"0";"1";"0";"2";"1";"21";"5";""
"202100015558";"173 872";"A01";"1";"7";"0";"2";"7";"1";"1";""
"202100015559";"173 869";"B01";"1";"50";"0";"2";"8";"16";"3";""
"202100015559";"173 870";"A01";"1";"7";"0";"2";"2";"16";"1";""
"202100015560";"173 868";"A01";"1";"7";"0";"0";"1";"16";"1";""
"202100015561";"173 867";"A01";"1";"7";"0";"0";"0";"26";"1";""
"202100015562";"173 866";"A01";"1";"30";"0";"0";"0";"26";"3";""
"202100015563";"173 865";"A01";"1";"7";"0";"1";"2";"26";"1";""
"202100015564";"173 864";"A01";"1";"15";"0";"1";"0";"26";"1";""
"202100015565";"173 863";"A01";"1";"10";"0";"1";"4";"4";"1";""
"202100015566";"173 862";"A01";"1";"7";"1";"0";"1";"1";"1";""
"202100015567";"173 860";"B01";"1";"1";"0";"2";"1";"1";"5";""
"202100015567";"173 861";"A01";"2";"3";"0";"2";"2";"15";"1";""
"202100015568";"173 858";"A01";"0";"7";"0";"2";"3";"9";"1";""
"202100015568";"173 859";"B01";"0";"33";"0";"0";"4";"1";"1";""
"202100015569";"173 856";"A01";"3";"7";"1";"0";"3";"1";"6";""
"202100015569";"173 857";"B01";"3";"7";"0";"2";"5";"24";"6";""
"202100015570";"173 853";"C01";"1";"7";"0";"2";"5";"1";"1";""
"202100015570";"173 854";"B01";"1";"15";"0";"2";"8";"1";"1";""
"202100015570";"173 855";"A01";"1";"33";"0";"2";"9";"17";"1";""
"202100015571";"173 851";"B01";"1";"7";"0";"2";"3";"1";"1";""
"202100015571";"173 852";"A01";"2";"7";"0";"2";"3";"1";"1";""
"202100015572";"173 850";"A01";"3";"7";"8";"0";"3";"13";"1";""
"202100015573";"173 848";"A01";"3";"7";"0";"2";"3";"0";"1";""
"202100015573";"173 849";"B01";"0";"7";"0";"2";"0";"0";"1";""
"202100015574";"173 845";"C01";"1";"10";"0";"2";"5";"0";"1";""
"202100015574";"173 846";"B01";"1";"10";"0";"2";"6";"0";"1";""
"202100015574";"173 847";"A01";"1";"10";"0";"2";"3";"9";"1";""
"202100015575";"173 843";"A01";"3";"7";"0";"2";"1";"1";"1";""
"202100015575";"173 844";"B01";"3";"1";"0";"2";"4";"15";"5";""
"202100015576";"173 841";"B01";"2";"33";"0";"2";"1";"1";"0";""
"202100015576";"173 842";"A01";"1";"7";"0";"2";"3";"15";"0";""
"202100015577";"173 840";"A01";"3";"7";"15";"0";"2";"14";"1";""
"202100015578";"173 839";"A01";"1";"30";"0";"0";"0";"21";"1";""
"202100015579";"173 837";"B01";"2";"7";"0";"2";"3";"1";"1";""
"202100015579";"173 838";"A01";"1";"7";"0";"2";"2";"1";"1";""
"202100015580";"173 834";"B01";"2";"7";"0";"2";"4";"2";"1";""
"202100015580";"173 835";"C01";"2";"7";"0";"2";"4";"2";"1";""
"202100015580";"173 836";"A01";"2";"7";"0";"2";"1";"2";"1";""
"202100015581";"173 831";"A01";"1";"7";"0";"2";"1";"1";"1";""
"202100015581";"173 832";"B01";"1";"7";"0";"2";"1";"1";"1";""
"202100015581";"173 833";"C01";"1";"7";"0";"2";"4";"1";"1";""
"202100015582";"173 828";"A01";"3";"7";"0";"2";"1";"2";"1";""
"202100015582";"173 829";"B01";"3";"7";"0";"2";"4";"2";"1";""
"202100015582";"173 830";"C01";"3";"7";"0";"2";"4";"2";"1";""
"202100015583";"173 827";"A01";"0";"7";"0";"1";"2";"15";"1";""
"202100015584";"173 826";"A01";"1";"7";"3";"0";"0";"0";"1";""
"202100015585";"173 825";"A01";"3";"7";"0";"1";"3";"1";"1";""
"202100015586";"173 821";"B01";"1";"7";"0";"0";"0";"0";"1";""
"202100015586";"173 822";"A01";"2";"30";"14";"0";"0";"0";"1";""
"202100015587";"173 819";"B01";"1";"7";"0";"9";"2";"1";"1";""
"202100015587";"173 820";"A01";"1";"50";"0";"2";"8";"19";"3";""
"202100015588";"173 817";"B01";"2";"7";"0";"2";"1";"2";"1";""
"202100015588";"173 818";"A01";"2";"7";"0";"2";"7";"15";"1";""
"202100015589";"173 815";"B01";"2";"7";"0";"2";"2";"16";"1";""
"202100015589";"173 816";"A01";"2";"32";"0";"2";"8";"7";"1";""
"202100015590";"173 812";"A01";"1";"10";"0";"2";"1";"1";"1";""
"202100015590";"173 813";"C01";"3";"10";"0";"2";"4";"26";"1";""
"202100015590";"173 814";"B01";"1";"33";"0";"2";"8";"1";"2";""
"202100015591";"173 810";"B01";"0";"32";"0";"2";"1";"1";"1";""
"202100015591";"173 811";"A01";"3";"7";"0";"2";"3";"15";"1";""
"202100015592";"173 808";"A01";"2";"7";"0";"2";"2";"9";"0";""
"202100015592";"173 809";"B01";"1";"7";"0";"2";"1";"1";"1";""
"202100015593";"173 807";"A01";"1";"32";"0";"0";"0";"0";"1";""
"202100015594";"173 806";"A01";"1";"20";"4";"0";"3";"16";"1";""
"202100015595";"173 805";"A01";"2";"7";"0";"1";"0";"26";"1";""
"202100015596";"173 804";"A01";"2";"7";"0";"1";"2";"1";"1";""
"202100015597";"173 803";"A01";"1";"7";"13";"0";"1";"13";"1";""
"202100015598";"173 802";"A01";"2";"7";"3";"0";"2";"1";"1";""
"202100015599";"173 801";"A01";"2";"7";"13";"0";"9";"26";"1";""
"202100015600";"173 799";"A01";"1";"30";"0";"2";"8";"1";"1";""
"202100015600";"173 800";"B01";"2";"14";"0";"2";"6";"15";"1";""
"202100015601";"173 797";"B01";"1";"1";"0";"2";"1";"1";"0";""
"202100015601";"173 798";"A01";"1";"7";"0";"2";"3";"9";"1";""
"202100015602";"173 795";"B01";"1";"33";"0";"2";"7";"17";"1";""
"202100015602";"173 796";"A01";"1";"7";"0";"2";"3";"15";"1";""
"202100015603";"173 793";"B01";"0";"7";"0";"2";"3";"1";"1";""
"202100015603";"173 794";"A01";"0";"7";"0";"2";"3";"1";"1";""
"202100015604";"173 789";"B01";"3";"1";"0";"2";"7";"1";"5";""
"202100015604";"173 790";"A01";"3";"37";"0";"2";"5";"16";"1";"1"
"202100015605";"173 787";"A01";"1";"7";"1";"2";"1";"12";"1";""
"202100015605";"173 788";"B01";"0";"1";"0";"2";"8";"0";"5";""
"202100015606";"173 784";"C01";" -1";"1";"0";"0";"4";"1";"5";""
"202100015606";"173 785";"A01";"0";"7";"0";"2";"1";"5";"1";""
"202100015606";"173 786";"B01";"0";"7";"0";"2";"3";"1";"1";""
"202100015607";"173 779";"A01";"3";"30";"0";"2";"7";"16";"1";""
"202100015608";"173 778";"A01";"0";"7";"0";"1";"2";"9";"1";""
"202100015609";"173 777";"A01";"2";"7";"0";"1";"1";"1";"1";""
"202100015610";"173 773";"A01";"1";"30";"0";"0";"7";"16";"1";""
"202100015611";"173 771";"B01";"1";"7";"0";"2";"3";"1";"1";""
"202100015611";"173 772";"A01";"1";"7";"0";"2";"1";"13";"1";""
"202100015612";"173 770";"A01";"2";"7";"12";"0";"1";"1";"1";""
"202100015613";"173 768";"A01";"2";"7";"8";"2";"5";"1";"1";""
"202100015613";"173 769";"Z01";"1";"7";"0";"2";"1";"1";"0";""
"202100015614";"173 767";"A01";"0";"3";"8";"0";"1";"1";"1";""
"202100015615";"173 765";"A01";"0";"7";"0";"2";"3";"15";"1";""
"202100015615";"173 766";"B01";"0";"33";"0";"2";"2";"3";"1";""
"202100015616";"173 763";"B01";"3";"33";"0";"2";"7";"1";"1";""
"202100015616";"173 764";"A01";"3";"7";"0";"2";"3";"15";"1";""
"202100015617";"173 761";"B01";"1";"33";"0";"2";"8";"1";"1";""
"202100015617";"173 762";"A01";"2";"7";"0";"2";"1";"15";"1";""
"202100015618";"173 759";"A01";"2";"7";"0";"2";"8";"15";"1";""
"202100015618";"173 760";"B01";"2";"33";"0";"2";"1";"1";"1";""
"202100015619";"173 756";"A01";"1";"7";"0";"2";"1";"1";"1";""
"202100015619";"173 757";"B01";"1";"7";"0";"2";"4";"21";"1";""
"202100015619";"173 758";"C01";"1";"7";"0";"2";"4";"0";"1";""
"202100015620";"173 754";"B01";"1";"50";"0";"2";"1";"1";"3";""
"202100015620";"173 755";"A01";"1";"7";"0";"2";"2";"15";"1";""
"202100015621";"173 752";"B01";"3";"33";"0";"2";"7";"1";"1";""
"202100015621";"173 753";"A01";"3";"33";"0";"2";"1";"2";"1";""
"202100015622";"173 750";"B01";"1";"7";"0";"2";"4";"1";"1";""
"202100015622";"173 751";"A01";"1";"7";"0";"2";"1";"1";"1";""
"202100015623";"173 746";"A01";"3";"99";"3";"0";"0";"14";"1";""
"202100015623";"173 747";"B01";"3";"10";"4";"4";"1";"1";"1";""
"202100015623";"173 748";"C01";"3";"7";"0";"4";"1";"1";"1";""
"202100015623";"173 749";"D01";"3";"7";"0";"4";"1";"1";"1";""
"202100015624";"173 744";"B01";"1";"33";"0";"2";"7";"2";"1";""
"202100015624";"173 745";"A01";"1";"7";"0";"2";"6";"15";"1";""
"202100015625";"173 742";"B01";"1";"7";"0";"2";"1";"1";"1";""
"202100015625";"173 743";"A01";"2";"33";"0";"2";"7";"15";"1";""
"202100015626";"173 741";"Z01";"3";"7";"15";"0";"0";"26";"0";""
"202100015627";"173 740";"A01";"2";"7";"0";"1";"2";"0";"0";""
"202100015628";"173 736";"D01";"1";"7";"14";"0";"4";"23";"1";""
"202100015628";"173 737";"C01";"1";"7";"14";"0";"4";"23";"1";""
"202100015628";"173 738";"B01";"1";"7";"0";"2";"9";"23";"1";""
"202100015628";"173 739";"A01";"1";"10";"14";"0";"1";"2";"1";""
"202100015629";"173 734";"B01";"1";"1";"0";"2";"8";"2";"5";""
"202100015629";"173 735";"A01";"1";"10";"0";"9";"7";"17";"1";""
"202100015630";"173 733";"A01";"2";"1";"0";"1";"9";"13";"0";""
"202100015631";"173 732";"A01";"2";"7";"0";"1";"7";"1";"1";""
"202100015632";"173 730";"A01";"3";"30";"0";"2";"1";"17";"1";""
"202100015632";"173 731";"B01";"3";"3";"0";"2";"8";"15";"1";""
"202100015633";"173 728";"Z01";"1";"7";"0";"9";"0";"14";"0";""
"202100015633";"173 729";"B01";"1";"1";"0";"2";"7";"26";"5";""
"202100015634";"173 726";"A01";"2";"7";"0";"2";"2";"12";"1";""
"202100015634";"173 727";"B01";"2";"10";"0";"2";"6";"21";"1";""
"202100015635";"173 724";"A01";"2";"43";"0";"2";"1";"13";"1";""
"202100015635";"173 725";"B01";"2";"7";"0";"2";"4";"1";"1";""
"202100015636";"173 722";"A01";"1";"10";"0";"2";"4";"16";"3";""
"202100015636";"173 723";"B01";"1";"2";"0";"2";"2";"16";"1";""
"202100015637";"173 721";"A01";"1";"7";"0";"1";"3";"15";"2";""
"202100015638";"173 720";"A01";"1";"32";"0";"0";"0";"19";"1";""
"202100015639";"173 718";"B01";"1";"7";"0";"2";"6";"1";"1";""
"202100015639";"173 719";"A01";"1";"30";"0";"2";"1";"2";"1";""
"202100015640";"173 716";"A01";"1";"30";"0";"2";"7";"1";"3";""
"202100015640";"173 717";"B01";"1";"7";"0";"2";"1";"1";"1";""
"202100015641";"173 714";"A01";"2";"33";"0";"2";"6";"13";"1";""
"202100015641";"173 715";"B01";"1";"7";"0";"2";"6";"1";"2";""
"202100015642";"173 712";"A01";"1";"7";"0";"2";"6";"22";"1";""
"202100015642";"173 713";"B01";"1";"32";"0";"2";"1";"1";"1";""
"202100015643";"173 710";"A01";"2";"7";"0";"2";"8";"22";"1";""
"202100015643";"173 711";"B01";"2";"2";"0";"2";"1";"1";"1";""
"202100015644";"173 708";"B01";"1";"7";"0";"2";"0";"1";"1";""
"202100015644";"173 709";"A01";"2";"30";"0";"2";"0";"1";"1";""
"202100015645";"173 706";"B01";"1";"7";"0";"2";"1";"1";"1";""
"202100015645";"173 707";"A01";"2";"30";"0";"2";"1";"17";"1";""
"202100015646";"173 703";"C01";"1";"7";"0";"2";"4";"15";"1";""
"202100015646";"173 704";"B01";"1";"31";"0";"2";"4";"15";"1";""
"202100015646";"173 705";"A01";"1";"7";"0";"2";"1";"15";"1";""
"202100015647";"173 702";"A01";"1";"1";"12";"0";"1";"0";"5";""
"202100015648";"173 701";"A01";"1";"7";"0";"1";"7";"1";"1";""
"202100015649";"173 697";"B01";"1";"2";"0";"2";"1";"18";"1";""
"202100015649";"173 698";"A01";"1";"7";"0";"2";"2";"16";"1";""
"202100015650";"173 696";"A01";"2";"7";"4";"0";"1";"9";"1";""
"202100015651";"173 693";"A01";"2";"7";"0";"2";"2";"17";"1";""
"202100015651";"173 694";"B01";"1";"1";"0";"2";"8";"2";"5";""
"202100015651";"173 695";"T01";"2";"7";"0";"2";"0";"0";"1";""
"202100015652";"173 691";"A01";"0";"7";"0";"2";"3";"16";"1";""
"202100015652";"173 692";"B01";"0";"30";"0";"2";"7";"16";"1";""
"202100015653";"173 689";"A01";"1";"10";"0";"2";"0";"0";"0";""
"202100015653";"173 690";"B01";"1";"7";"0";"2";"0";"0";"1";""
"202100015654";"173 687";"A01";"2";"7";"0";"2";"2";"2";"1";""
"202100015654";"173 688";"Z01";"2";"1";"0";"2";"3";"2";"5";""
"202100015655";"173 685";"B01";"1";"7";"0";"2";"1";"1";"1";""
"202100015655";"173 686";"A01";"2";"30";"0";"2";"8";"1";"1";""
"202100015656";"173 683";"B01";"1";"1";"0";"2";"7";"9";"0";""
"202100015656";"173 684";"A01";"2";"7";"0";"2";"3";"9";"1";""
"202100015657";"173 681";"A01";"1";"7";"0";"0";"0";"0";"1";""
"202100015657";"173 682";"B01";"1";"2";"0";"2";"2";"17";"1";""
"202100015658";"173 679";"A01";"3";"7";"0";"2";"3";"17";"1";""
"202100015658";"173 680";"B01";"3";"2";"0";"2";"1";"1";"1";""
"202100015659";"173 678";"A01";"2";"2";"1";"0";"1";"1";"1";""
"202100015660";"173 676";"B01";"1";"3";"0";"2";"5";"16";"0";""
"202100015660";"173 677";"A01";"1";"50";"0";"2";"1";"1";"3";""
"202100015661";"173 674";"A01";"2";"7";"6";"2";"1";"1";"1";""
"202100015661";"173 675";"B01";"2";"7";"0";"2";"4";"1";"1";""
"202100015662";"173 672";"B01";"3";"7";"9";"2";"7";"1";"1";""
"202100015662";"173 673";"A01";"3";"7";"9";"2";"1";"1";"1";""
"202100015663";"173 670";"A01";"1";"7";"0";"2";"5";"12";"1";""
"202100015663";"173 671";"B01";"1";"30";"0";"2";"8";"1";"1";""
"202100015664";"173 668";"A01";"1";"7";"0";"2";"3";"21";"1";""
"202100015664";"173 669";"B01";"2";"10";"0";"2";"7";"21";"1";""
"202100015665";"173 666";"A01";"1";"30";"0";"2";"3";"1";"1";""
"202100015665";"173 667";"B01";"1";"7";"0";"2";"2";"1";"1";""
"202100015666";"173 665";"A01";"1";"10";"0";"0";"1";"1";"1";""
"202100015667";"173 663";"A01";"2";"17";"0";"2";"1";"2";"1";""
"202100015667";"173 664";"B01";"2";"7";"0";"0";"4";"15";"1";""
"202100015668";"173 661";"B01";"1";"7";"0";"2";"5";"1";"1";""
"202100015668";"173 662";"A01";"1";"7";"0";"2";"3";"19";"0";""
"202100015669";"173 659";"B01";"0";"2";"0";"0";"7";"26";"1";""
"202100015669";"173 660";"A01";"0";"7";"0";"2";"3";"9";"1";""
"202100015670";"173 658";"A01";"1";"7";"16";"0";"9";"17";"1";""
"202100015671";"173 656";"A01";"1";"7";"0";"9";"2";"17";"1";""
"202100015671";"173 657";"B01";"1";"1";"0";"2";"8";"2";"5";""
"202100015672";"173 655";"A01";"3";"7";"0";"1";"1";"20";"1";""
"202100015673";"173 653";"A01";"1";"33";"0";"2";"1";"13";"1";""
"202100015673";"173 654";"B01";"2";"7";"0";"2";"2";"1";"1";""
"202100015674";"173 650";"B01";"2";"10";"0";"2";"2";"2";"1";""
"202100015674";"173 651";"A01";"2";"7";"0";"2";"4";"15";"1";""
"202100015675";"173 648";"B01";"3";"7";"0";"2";"1";"13";"1";""
"202100015675";"173 649";"A01";"3";"7";"0";"2";"1";"1";"3";""
"202100015676";"173 647";"A01";"2";"1";"13";"0";"1";"26";"0";""
"202100015677";"173 646";"A01";"2";"7";"13";"0";"3";"0";"1";""
"202100015678";"173 645";"A01";"2";"33";"3";"0";"7";"1";"1";""
"202100015679";"173 643";"B01";"1";"7";"0";"2";"1";"1";"1";""
"202100015679";"173 644";"A01";"2";"7";"0";"2";"2";"15";"1";""
"202100015680";"173 642";"A01";"3";"31";"8";"0";"1";"20";"1";""
"202100015681";"173 641";"A01";"3";"7";"0";"0";"2";"1";"0";""
"202100015682";"173 639";"B01";"2";"7";"0";"2";"3";"1";"1";""
"202100015682";"173 640";"A01";"1";"7";"0";"2";"3";"13";"1";""
"202100015683";"173 638";"A01";"1";"7";"2";"0";"3";"14";"1";""
"202100015684";"173 636";"B01";"1";"7";"0";"2";"3";"19";"1";""
"202100015684";"173 637";"A01";"1";"33";"0";"2";"1";"17";"1";""
"202100015685";"173 630";"A01";"1";"7";"2";"0";"1";"1";"1";""
"202100015686";"173 629";"A01";"2";"33";"3";"0";"0";"13";"1";""
"202100015687";"173 627";"A01";"1";"7";"0";"9";"3";"1";"1";""
"202100015687";"173 628";"B01";"2";"1";"0";"2";"8";"19";"5";""
"202100015688";"173 626";"A01";"0";"15";"13";"0";"9";"1";"1";""
"202100015689";"173 625";"A01";"0";"7";"0";"0";"9";"1";"1";""
"202100015690";"173 624";"A01";"3";"33";"13";"0";"0";"0";"1";""
"202100015691";"173 622";"A01";"1";"7";"0";"2";"1";"1";"1";""
"202100015691";"173 623";"B01";"1";"7";"0";"2";"4";"1";"1";""
"202100015692";"173 619";"B01";"1";"7";"3";"0";"4";"1";"1";""
"202100015692";"173 620";"A01";"1";"7";"0";"2";"1";"2";"1";""
"202100015693";"173 616";"A01";"2";"7";"0";"0";"5";"15";"1";""
"202100015693";"173 617";"B01";"1";"32";"0";"2";"1";"1";"1";""
"202100015694";"173 614";"B01";"3";"2";"0";"2";"1";"1";"1";""
"202100015694";"173 615";"A01";"3";"7";"0";"2";"2";"15";"1";""
"202100015695";"173 612";"A01";"1";"33";"8";"2";"2";"1";"1";""
"202100015695";"173 613";"B01";"0";"7";"0";"2";"3";"19";"1";""
"202100015696";"173 611";"A01";"3";"7";"15";"0";"1";"26";"1";""
"202100015697";"173 610";"A01";"0";"2";"6";"0";"1";"0";"1";""
"202100015698";"173 609";"A01";"1";"7";"2";"0";"8";"1";"1";""
"202100015699";"173 608";"A01";"1";"33";"2";"0";"2";"1";"1";""
"202100015700";"173 607";"A01";"1";"7";"15";"0";"1";"0";"1";""
"202100015701";"173 606";"A01";"1";"7";"0";"1";"1";"2";"1";""
"202100015702";"173 605";"A01";"2";"7";"2";"0";"1";"1";"1";""
"202100015703";"173 604";"A01";"3";"7";"6";"0";"1";"1";"1";""
"202100015704";"173 601";"C01";"1";"7";"0";"2";"1";"23";"1";""
"202100015704";"173 602";"B01";"1";"1";"0";"2";"8";"19";"5";""
"202100015704";"173 603";"A01";"2";"33";"0";"2";"1";"17";"1";""
"202100015705";"173 599";"A01";"2";"33";"0";"2";"2";"1";"1";""
"202100015705";"173 600";"B01";"2";"7";"0";"2";"3";"15";"1";""
"202100015706";"173 597";"B01";"1";"2";"0";"2";"1";"1";"1";""
"202100015706";"173 598";"A01";"1";"7";"0";"2";"2";"19";"1";""
"202100015707";"173 593";"A01";"1";"7";"0";"2";"8";"1";"1";""
"202100015707";"173 594";"Z01";"1";"7";"0";"0";"0";"0";"0";""
"202100015708";"173 589";"B01";"2";"7";"0";"2";"4";"1";"1";""
"202100015708";"173 590";"C01";"2";"7";"0";"2";"4";"0";"1";""
"202100015708";"173 591";"D01";"2";"7";"0";"2";"1";"1";"1";""
"202100015708";"173 592";"A01";"2";"7";"0";"0";"4";"1";"1";""
"202100015709";"173 586";"A01";"1";"7";"0";"2";"4";"2";"3";""
"202100015709";"173 587";"B01";"1";"7";"0";"2";"3";"2";"1";""
"202100015709";"173 588";"C01";"1";"7";"0";"1";"1";"2";"1";""
"202100015710";"173 584";"B01";"2";"7";"0";"2";"1";"2";"1";""
"202100015710";"173 585";"A01";"2";"7";"0";"2";"4";"2";"1";""
"202100015711";"173 582";"Z01";"1";"0";"0";"2";"0";"26";"0";""
"202100015711";"173 583";"A01";"1";"7";"0";"2";"1";"26";"1";""
"202100015712";"173 581";"A01";"1";"33";"3";"0";"2";"14";"1";""
"202100015713";"173 579";"A01";"1";"80";"0";"2";"4";"2";"3";""
"202100015713";"173 580";"Z01";"1";"7";"0";"2";"1";"2";"1";""
"202100015714";"173 577";"B01";"1";"7";"0";"2";"2";"1";"1";""
"202100015714";"173 578";"A01";"1";"7";"4";"2";"2";"12";"1";""
"202100015715";"173 576";"A01";"2";"7";"4";"0";"1";"16";"1";""
"202100015716";"173 574";"B01";"1";"7";"0";"2";"4";"1";"1";""
"202100015716";"173 575";"A01";"1";"10";"0";"2";"1";"2";"1";""
"202100015717";"173 572";"A01";"1";"7";"0";"2";"7";"17";"1";""
"202100015717";"173 573";"B01";"1";"7";"3";"2";"3";"1";"1";""
"202100015718";"173 571";"A01";"2";"7";"4";"2";"1";"1";"1";""
"202100015719";"173 569";"A01";"1";"7";"0";"2";"1";"2";"1";""
"202100015719";"173 570";"B01";"1";"7";"0";"2";"4";"2";"2";""
"202100015720";"173 568";"A01";"2";"10";"4";"0";"6";"1";"1";""
"202100015721";"173 567";"A01";"2";"33";"0";"0";"7";"16";"1";""
"202100015722";"173 565";"A01";"1";"7";"0";"2";"1";"1";"1";""
"202100015722";"173 566";"B01";"1";"15";"0";"2";"6";"2";"1";""
"202100015723";"173 563";"A01";" -1";"7";"0";"2";"1";"1";"1";""
"202100015723";"173 564";"B01";" -1";"15";"0";"2";"4";"1";"0";""
"202100015724";"173 562";"A01";"1";"7";"14";"0";"1";"26";"1";""
"202100015725";"173 557";"E01";"2";"7";"0";"2";"1";"21";"1";""
"202100015725";"173 558";"D01";"2";"7";"0";"2";"8";"1";"1";""
"202100015725";"173 559";"C01";"2";"7";"0";"2";"8";"1";"1";""
"202100015725";"173 560";"B01";"2";"7";"0";"2";"8";"1";"1";""
"202100015725";"173 561";"A01";"2";"10";"4";"2";"3";"1";"1";""
"202100015726";"173 555";"B01";"2";"7";"0";"2";"1";"2";"1";""
"202100015726";"173 556";"A01";"2";"7";"0";"2";"4";"2";"1";""
"202100015727";"173 554";"Z01";"2";"7";"0";"1";"0";"1";"0";""
"202100015728";"173 551";"C01";"1";"7";"0";"2";"6";"1";"1";""
"202100015728";"173 552";"B01";"1";"7";"0";"2";"5";"1";"1";""
"202100015728";"173 553";"A01";"1";"7";"3";"2";"1";"2";"1";""
"202100015729";"173 550";"A01";"1";"7";"0";"2";"1";"1";"1";""
"202100015730";"173 547";"B01";"1";"10";"0";"2";"1";"1";"1";""
"202100015730";"173 548";"A01";"1";"7";"0";"2";"6";"2";"1";""
"202100015730";"173 549";"C01";"1";"14";"0";"2";"4";"2";"1";""
"202100015731";"173 546";"A01";"1";"7";"3";"0";"3";"0";"1";""
"202100015732";"173 544";"B01";"1";"7";"0";"2";"4";"2";"1";""
"202100015732";"173 545";"A01";"1";"7";"0";"2";"1";"2";"1";""
"202100015733";"173 542";"A01";"1";"10";"6";"0";"9";"0";"1";""
"202100015733";"173 543";"B01";"1";"7";"0";"0";"1";"1";"1";""
"202100015734";"173 541";"A01";"2";"7";"4";"0";"9";"2";"1";""
"202100015735";"173 538";"C01";"2";"7";"0";"2";"5";"2";"1";""
"202100015735";"173 539";"A01";"2";"7";"15";"2";"2";"15";"1";""
"202100015735";"173 540";"B01";"2";"7";"0";"2";"6";"2";"1";""
"202100015736";"173 536";"B01";"2";"7";"4";"2";"8";"9";"1";""
"202100015736";"173 537";"A01";"1";"15";"0";"2";"7";"1";"0";""
"202100015737";"173 534";"A01";"1";"34";"1";"2";"1";"18";"1";""
"202100015737";"173 535";"B01";"1";"10";"0";"0";"0";"22";"1";""
"202100015738";"173 533";"A01";"1";"7";"0";"1";"1";"16";"1";""
"202100015739";"173 532";"A01";"1";"7";"0";"1";"3";"16";"1";""
"202100015740";"173 530";"B01";"1";"14";"0";"2";"2";"16";"1";""
"202100015740";"173 531";"A01";"1";"32";"0";"2";"3";"18";"1";""
"202100015741";"173 529";"A01";"1";"10";"0";"1";"2";"1";"1";""
"202100015742";"173 527";"B01";"1";"33";"0";"2";"3";"1";"1";""
"202100015742";"173 528";"A01";"1";"30";"0";"2";"1";"1";"1";""
"202100015743";"173 526";"A01";"1";"7";"0";"1";"3";"7";"2";""
"202100015744";"173 525";"A01";"1";"1";"0";"0";"3";"1";"5";""
"202100015745";"173 524";"A01";"1";"2";"12";"0";"0";"14";"1";""
"202100015746";"173 522";"B01";"3";"30";"0";"2";"1";"1";"1";""
"202100015746";"173 523";"A01";"3";"1";"0";"2";"8";"1";"5";""
"202100015747";"173 520";"B01";"3";"32";"0";"2";"7";"1";"1";""
"202100015747";"173 521";"A01";"3";"15";"0";"2";"2";"15";"1";""
"202100015748";"173 519";"A01";"1";"7";"0";"1";"3";"1";"2";""
"202100015749";"173 518";"A01";"1";"1";"2";"1";"4";"25";"5";""