"Num_Acc";"id_vehicule";"num_veh";"senc";"catv";"obs";"obsm";"choc";"manv";"motor";"occutc"
"202100015750";"173 516";"A01";"2";"33";"0";"2";"1";"2";"1";""
"202100015750";"173 517";"B01";"2";"10";"0";"2";"0";"2";"3";""
"202100015751";"173 515";"A01";"0";"37";"0";"1";"2";"7";"2";"1"
"202100015752";"173 513";"B01";"1";"7";"0";"2";"4";"23";"1";""
"202100015752";"173 514";"A01";"1";"10";"0";"2";"1";"2";"1";""
"202100015753";"173 511";"A01";"1";"32";"0";"2";"2";"16";"1";""
"202100015753";"173 512";"B01";"1";"80";"0";"2";"8";"1";"3";""
"202100015754";"173 509";"A01";"2";"7";"0";"0";"3";"23";"1";""
"202100015754";"173 510";"B01";"2";"7";"1";"0";"2";"26";"2";""
"202100015755";"173 507";"B01";"2";"32";"0";"2";"1";"17";"1";""
"202100015755";"173 508";"A01";"2";"10";"0";"2";"8";"15";"1";""
"202100015756";"173 505";"A01";"1";"7";"0";"2";"5";"15";"1";""
"202100015756";"173 506";"B01";"2";"30";"0";"2";"1";"2";"1";""
"202100015757";"173 503";"B01";"2";"2";"0";"2";"1";"1";"1";""
"202100015757";"173 504";"A01";"2";"7";"0";"2";"3";"26";"1";""
"202100015758";"173 501";"A01";"2";"34";"0";"2";"1";"16";"1";""
"202100015758";"173 502";"B01";"2";"1";"0";"2";"1";"15";"5";""
"202100015759";"173 500";"A01";"1";"7";"1";"0";"2";"1";"1";""
"202100015760";"173 499";"A01";"1";"33";"0";"1";"1";"1";"1";""
"202100015761";"173 497";"A01";"2";"7";"0";"2";"5";"15";"2";""
"202100015761";"173 498";"B01";"2";"34";"0";"2";"1";"1";"3";""
"202100015762";"173 495";"A01";"3";"7";"0";"2";"1";"9";"1";""
"202100015762";"173 496";"B01";"1";"2";"0";"2";"1";"26";"1";""
"202100015763";"173 493";"B01";"1";"50";"0";"2";"8";"1";"3";""
"202100015763";"173 494";"A01";"1";"10";"0";"2";"7";"17";"0";""
"202100015764";"173 490";"C01";"1";"7";"0";"2";"0";"0";"1";""
"202100015764";"173 491";"B01";"1";"7";"0";"2";"9";"1";"1";""
"202100015764";"173 492";"A01";"1";"7";"0";"2";"1";"9";"1";""
"202100015765";"173 488";"A01";"1";"7";"0";"2";"1";"2";"1";""
"202100015765";"173 489";"B01";"1";"33";"0";"2";"2";"0";"1";""
"202100015766";"173 486";"A01";" -1";"7";"0";"2";"1";"2";"1";""
"202100015766";"173 487";"B01";"3";"7";"0";"2";"4";"23";"1";""
"202100015767";"173 484";"B01";"2";"7";"0";"2";"1";"1";"1";""
"202100015767";"173 485";"A01";"1";"7";"0";"2";"1";"11";"1";""
"202100015768";"173 483";"A01";"1";"7";"0";"1";"2";"1";"1";""
"202100015769";"173 481";"A01";"3";"7";"0";"9";"3";"9";"1";""
"202100015769";"173 482";"B01";"3";"1";"0";"2";"1";"1";"0";""
"202100015770";"173 479";"B01";"0";"7";"0";"2";"1";"0";"1";""
"202100015770";"173 480";"A01";"1";"7";"0";"2";"0";"0";"1";""
"202100015771";"173 477";"A01";"1";"7";"0";"2";"1";"26";"1";""
"202100015771";"173 478";"B01";"1";"32";"0";"2";"7";"1";"1";""
"202100015772";"173 476";"A01";"2";"30";"0";"1";"1";"1";"0";""
"202100015773";"173 475";"A01";"2";"7";"0";"1";"1";"15";"0";""
"202100015774";"173 473";"A01";"2";"7";"0";"2";"2";"16";"1";""
"202100015774";"173 474";"B01";"2";"80";"0";"2";"8";"1";"3";""
"202100015775";"173 471";"A01";"0";"1";"0";"2";"8";"13";"5";""
"202100015775";"173 472";"B01";"1";"10";"0";"2";"0";"0";"1";""
"202100015776";"173 469";"B01";"0";"32";"1";"2";"0";"0";"0";""
"202100015776";"173 470";"A01";"0";"20";"0";"2";"0";"13";"0";""
"202100015777";"173 468";"A01";"2";"7";"0";"1";"1";"1";"1";""
"202100015778";"173 466";"B01";"0";"7";"0";"2";"8";"1";"1";""
"202100015778";"173 467";"A01";"0";"7";"0";"2";"1";"1";"1";""
"202100015779";"173 464";"B01";"1";"33";"0";"2";"1";"2";"1";""
"202100015779";"173 465";"A01";"2";"7";"0";"2";"1";"15";"3";""
"202100015780";"173 462";"A01";"1";"7";"0";"2";"3";"15";"1";""
"202100015780";"173 463";"B01";"2";"32";"0";"2";"8";"0";"1";""
"202100015781";"173 461";"A01";"2";"7";"0";"1";"4";"4";"1";""
"202100015782";"173 460";"Z01";"2";"7";"0";"1";"3";"1";"0";""
"202100015783";"173 459";"A01";"1";"10";"0";"1";"1";"15";"1";""
"202100015784";"173 457";"A01";"1";"7";"0";"2";"5";"16";"1";""
"202100015784";"173 458";"B01";"1";"1";"0";"2";"1";"18";"5";""
"202100015785";"173 455";"A01";"1";"7";"0";"2";"2";"15";"1";""
"202100015785";"173 456";"B01";"2";"7";"0";"2";"1";"1";"1";""
"202100015786";"173 453";"B01";"0";"7";"0";"2";"3";"1";"1";""
"202100015786";"173 454";"A01";"3";"7";"0";"2";"3";"1";"1";""
"202100015787";"173 451";"B01";"1";"7";"0";"2";"1";"1";"1";""
"202100015787";"173 452";"A01";"1";"13";"0";"0";"5";"1";"1";""
"202100015788";"173 450";"A01";"1";"33";"2";"0";"1";"0";"1";""
"202100015789";"173 447";"C01";"2";"7";"0";"2";"6";"1";"1";""
"202100015789";"173 448";"B01";"2";"7";"0";"0";"3";"23";"1";""
"202100015789";"173 449";"A01";"1";"33";"1";"2";"0";"0";"1";""
"202100015790";"173 445";"A01";"1";"33";"0";"2";"1";"13";"1";""
"202100015790";"173 446";"B01";"2";"7";"0";"2";"8";"15";"1";""
"202100015791";"173 444";"A01";"2";"2";"13";"0";"3";"0";"1";""
"202100015792";"173 442";"B01";"2";"10";"0";"2";"3";"1";"1";""
"202100015792";"173 443";"A01";"2";"7";"0";"2";"5";"12";"1";""
"202100015793";"173 440";"A01";"1";"7";"0";"2";"1";"1";"1";""
"202100015793";"173 441";"B01";"1";"7";"1";"0";"6";"15";"1";""
"202100015794";"173 438";"A01";"3";"1";"0";"2";"4";"2";"5";""
"202100015794";"173 439";"B01";"3";"7";"0";"9";"2";"17";"1";""
"202100015795";"173 435";"C01";"1";"7";"0";"2";"1";"1";"1";""
"202100015795";"173 436";"B01";"2";"7";"0";"2";"1";"1";"1";""
"202100015795";"173 437";"A01";"2";"7";"0";"2";"1";"1";"1";""
"202100015796";"173 433";"B01";"1";"32";"0";"2";"3";"15";"1";""
"202100015796";"173 434";"A01";"1";"7";"0";"2";"5";"1";"1";""
"202100015797";"173 431";"A01";"1";"7";"3";"2";"3";"1";"1";""
"202100015797";"173 432";"B01";"2";"7";"3";"2";"3";"1";"1";""
"202100015798";"173 429";"B01";"2";"17";"0";"2";"1";"1";"1";""
"202100015798";"173 430";"A01";"1";"7";"0";"2";"1";"13";"1";""
"202100015799";"173 427";"A01";"2";"7";"0";"0";"4";"2";"1";""
"202100015799";"173 428";"B01";"2";"33";"0";"0";"1";"2";"1";""
"202100015800";"173 425";"B01";"1";"7";"0";"2";"1";"2";"1";""
"202100015800";"173 426";"A01";"2";"7";"0";"2";"3";"9";"1";""
"202100015801";"173 424";"A01";"1";"7";"2";"0";"2";"1";"1";""
"202100015802";"173 423";"A01";"3";"33";"0";"9";"1";"1";"1";""
"202100015803";"173 422";"A01";"1";"2";"8";"0";"8";"5";"1";""
"202100015804";"173 421";"A01";"2";"33";"2";"0";"0";"1";"1";""
"202100015805";"173 420";"A01";"2";"7";"16";"0";"5";"1";"1";""
"202100015806";"173 418";"A01";"1";"30";"0";"2";"7";"15";"1";""
"202100015806";"173 419";"B01";"2";"7";"0";"2";"1";"1";"1";""
"202100015807";"173 417";"A01";"3";"7";"7";"0";"0";"0";"1";""
"202100015808";"173 416";"A01";"2";"7";"13";"0";"1";"1";"1";""
"202100015809";"173 415";"A01";"2";"7";"13";"0";"1";"1";"1";""
"202100015810";"173 413";"A01";"1";"7";"0";"2";"1";"13";"1";""
"202100015810";"173 414";"B01";"2";"7";"0";"2";"1";"1";"1";""
"202100015811";"173 412";"A01";"1";"7";"13";"0";"3";"0";"1";""
"202100015812";"173 411";"A01";"3";"7";"0";"0";"3";"1";"1";""
"202100015813";"173 409";"A01";"2";"32";"0";"2";"1";"2";"1";""
"202100015813";"173 410";"B01";"2";"7";"0";"2";"4";"15";"1";""
"202100015814";"173 407";"B01";"1";"7";"0";"0";"4";"23";"1";""
"202100015814";"173 408";"A01";"2";"10";"0";"2";"1";"1";"0";""
"202100015815";"173 405";"A01";"1";"7";"1";"0";"8";"1";"1";""
"202100015815";"173 406";"B01";"1";"7";"1";"0";"7";"24";"1";""
"202100015816";"173 403";"B01";"1";"33";"0";"2";"1";"1";"1";""
"202100015816";"173 404";"A01";"2";"7";"0";"2";"5";"15";"1";""
"202100015817";"173 402";"A01";"1";"33";"0";"0";"8";"1";"1";""
"202100015818";"173 400";"B01";"1";"10";"0";"2";"3";"1";"1";""
"202100015818";"173 401";"A01";"2";"7";"0";"2";"3";"5";"0";""
"202100015819";"173 397";"A01";"1";"7";"16";"0";"1";"0";"1";""
"202100015820";"173 396";"A01";"1";"7";"0";"1";"2";"1";"1";""
"202100015821";"173 393";"A01";"1";"7";"3";"0";"9";"1";"1";""
"202100015822";"173 391";"B01";"2";"1";"0";"2";"1";"0";"5";""
"202100015822";"173 392";"A01";"1";"7";"0";"2";"2";"16";"2";""
"202100015823";"173 389";"A01";"2";"32";"0";"2";"2";"17";"1";""
"202100015823";"173 390";"B01";"2";"7";"0";"0";"3";"15";"1";""
"202100015824";"173 388";"A01";"2";"32";"0";"0";"7";"1";"1";""
"202100015825";"173 386";"A01";"2";"33";"0";"0";"3";"1";"1";""
"202100015825";"173 387";"B01";"2";"7";"0";"0";"5";"17";"1";""
"202100015826";"173 385";"A01";"2";"7";"3";"0";"2";"1";"1";""
"202100015827";"173 382";"C01";"2";"7";"0";"2";"4";"1";"1";""
"202100015827";"173 383";"B01";"2";"7";"0";"2";"3";"11";"0";""
"202100015827";"173 384";"A01";"2";"33";"0";"2";"5";"1";"1";""
"202100015828";"173 381";"A01";"2";"7";"2";"0";"1";"2";"0";""
"202100015829";"173 379";"A01";"2";"7";"0";"0";"3";"1";"1";""
"202100015829";"173 380";"B01";"2";"7";"0";"2";"3";"13";"1";""
"202100015830";"173 377";"A01";"1";"33";"0";"2";"1";"13";"1";""
"202100015830";"173 378";"B01";"2";"14";"0";"2";"3";"1";"1";""
"202100015831";"173 376";"A01";"3";"33";"0";"0";"8";"1";"1";""
"202100015832";"173 374";"A01";"3";"10";"0";"2";"1";"1";"1";""
"202100015832";"173 375";"B01";"3";"3";"0";"2";"1";"13";"3";""
"202100015833";"173 372";"B01";"3";"7";"0";"2";"3";"14";"1";""
"202100015833";"173 373";"A01";"3";"31";"0";"2";"1";"5";"1";""
"202100015834";"173 370";"A01";"3";"10";"0";"2";"3";"1";"1";""
"202100015834";"173 371";"B01";"3";"80";"0";"2";"1";"13";"3";""
"202100015835";"173 368";"B01";"0";"1";"0";"2";"1";"1";"5";""
"202100015835";"173 369";"A01";"2";"7";"0";"9";"3";"15";"2";""
"202100015836";"173 367";"A01";"1";"7";"0";"1";"3";"15";"1";""
"202100015837";"173 365";"B01";"1";"43";"0";"2";"1";"21";"1";""
"202100015837";"173 366";"A01";"1";"7";"0";"0";"6";"22";"1";""
"202100015838";"173 364";"A01";"1";"7";"0";"1";"2";"1";"1";""
"202100015839";"173 363";"A01";"1";"7";"0";"1";"2";"16";"1";""
"202100015840";"173 361";"A01";"0";"7";"0";"0";"6";"1";"1";""
"202100015840";"173 362";"B01";"0";"7";"0";"2";"2";"1";"1";""
"202100015841";"173 360";"A01";"2";"32";"0";"0";"3";"0";"1";""
"202100015842";"173 357";"A01";"2";"10";"0";"2";"2";"14";"1";""
"202100015842";"173 358";"B01";"2";"33";"0";"2";"3";"7";"1";""
"202100015842";"173 359";"C01";"2";"7";"0";"2";"1";"1";"1";""
"202100015843";"173 355";"B01";"1";"7";"0";"2";"1";"2";"1";""
"202100015843";"173 356";"A01";"1";"7";"0";"2";"4";"1";"1";""
"202100015844";"173 353";"B01";"2";"7";"0";"2";"5";"2";"1";""
"202100015844";"173 354";"A01";"2";"7";"0";"2";"3";"2";"1";""
"202100015845";"173 351";"B01";"1";"10";"0";"2";"5";"2";"1";""
"202100015845";"173 352";"A01";"1";"33";"0";"2";"1";"3";"1";""
"202100015846";"173 350";"A01";"2";"33";"4";"0";"8";"2";"1";""
"202100015847";"173 348";"A01";"2";"33";"0";"2";"4";"2";"1";""
"202100015847";"173 349";"B01";"2";"10";"0";"2";"1";"2";"1";""
"202100015848";"173 346";"B01";"2";"7";"0";"2";"4";"1";"1";""
"202100015848";"173 347";"A01";"2";"7";"0";"2";"1";"26";"1";""
"202100015849";"173 344";"B01";"2";"7";"0";"2";"4";"1";"1";""
"202100015849";"173 345";"A01";"2";"7";"0";"2";"1";"2";"1";""
"202100015850";"173 342";"B01";"1";"7";"0";"2";"4";"2";"1";""
"202100015850";"173 343";"A01";"1";"7";"0";"2";"1";"2";"1";""
"202100015851";"173 339";"A01";"1";"7";"0";"2";"4";"1";"1";""
"202100015851";"173 340";"C01";"1";"7";"0";"2";"1";"1";"1";""
"202100015851";"173 341";"B01";"1";"7";"0";"2";"4";"1";"1";""
"202100015852";"173 337";"B01";"1";"7";"0";"2";"8";"2";"1";""
"202100015852";"173 338";"A01";"1";"33";"0";"2";"1";"3";"1";""
"202100015853";"173 335";"B01";"2";"33";"0";"2";"8";"1";"1";""
"202100015853";"173 336";"A01";"2";"7";"0";"2";"7";"12";"1";""
"202100015854";"173 334";"A01";"3";"7";"0";"1";"3";"1";"1";""
"202100015855";"173 333";"A01";"3";"7";"0";"1";"1";"24";"1";""
"202100015856";"173 332";"A01";"1";"7";"1";"0";"1";"14";"1";""
"202100015857";"173 330";"B01";"1";"32";"0";"2";"1";"1";"1";""
"202100015857";"173 331";"A01";"2";"7";"0";"2";"7";"15";"1";""
"202100015858";"173 329";"A01";"1";"7";"0";"1";"1";"1";"1";""
"202100015859";"173 328";"A01";"1";"2";"0";"0";"0";"1";"1";""
"202100015860";"173 327";"A01";"1";"7";"0";"1";"7";"13";"1";""
"202100015861";"173 325";"B01";"1";"7";"0";"2";"6";"2";"1";""
"202100015861";"173 326";"A01";"1";"7";"0";"2";"2";"2";"1";""
"202100015862";"173 323";"A01";"2";"50";"0";"0";"7";"26";"3";""
"202100015862";"173 324";"B01";"2";"7";"0";"2";"0";"0";"0";""
"202100015863";"173 321";"A01";"1";"50";"0";"2";"1";"25";"3";""
"202100015863";"173 322";"B01";"3";"7";"0";"2";"3";"26";"1";""
"202100015864";"173 319";"B01";"1";"50";"0";"2";"1";"1";"3";""
"202100015864";"173 320";"A01";"3";"7";"0";"2";"1";"9";"1";""
"202100015865";"173 317";"A01";"3";"7";"0";"2";"1";"15";"1";""
"202100015865";"173 318";"B01";"2";"80";"0";"2";"2";"19";"3";""
"202100015866";"173 316";"A01";"2";"7";"13";"0";"1";"26";"1";""
"202100015867";"173 314";"B01";"2";"7";"0";"2";"5";"16";"1";""
"202100015867";"173 315";"A01";"2";"32";"0";"2";"1";"2";"1";""
"202100015868";"173 311";"A01";"1";"7";"0";"2";"7";"18";"1";""
"202100015868";"173 312";"B01";"1";"7";"0";"2";"8";"1";"1";""
"202100015868";"173 313";"C01";"2";"7";"0";"2";"4";"1";"1";""
"202100015869";"173 310";"A01";"1";"7";"0";"2";"2";"2";"1";""
"202100015870";"173 309";"A01";"0";"7";"1";"1";"1";"1";"0";""
"202100015871";"173 308";"A01";"3";"7";"5";"0";"2";"14";"2";""
"202100015872";"173 306";"A01";"3";"10";"0";"2";"3";"5";"1";""
"202100015872";"173 307";"B01";"3";"7";"0";"2";"2";"1";"1";""
"202100015873";"173 305";"Z01";"3";"7";"0";"1";"1";"1";"0";""
"202100015874";"173 303";"B01";"1";"10";"0";"2";"1";"1";"1";""
"202100015874";"173 304";"A01";"1";"7";"0";"2";"4";"23";"1";""
"202100015875";"173 300";"A01";"2";"32";"0";"2";"0";"1";"1";""
"202100015875";"173 301";"B01";"2";"7";"0";"0";"4";"1";"1";""
"202100015875";"173 302";"C01";"1";"10";"0";"0";"3";"1";"1";""
"202100015876";"173 299";"A01";"3";"7";"1";"0";"1";"1";"1";""
"202100015877";"173 297";"A01";"3";"1";"0";"2";"7";"19";"5";""
"202100015877";"173 298";"B01";"1";"7";"0";"2";"0";"0";"1";""
"202100015878";"173 296";"A01";"1";"13";"0";"1";"2";"26";"1";""
"202100015879";"173 294";"B01";"1";"34";"0";"2";"1";"2";"1";""
"202100015879";"173 295";"A01";"1";"7";"0";"2";"5";"15";"2";""
"202100015880";"173 291";"C01";"2";"7";"0";"2";"6";"2";"0";""
"202100015880";"173 292";"A01";"2";"7";"0";"2";"3";"17";"0";""
"202100015880";"173 293";"B01";"1";"7";"0";"2";"3";"1";"0";""
"202100015881";"173 289";"B01";"2";"7";"0";"2";"4";"2";"1";""
"202100015881";"173 290";"A01";"2";"7";"0";"2";"1";"2";"1";""
"202100015882";"173 287";"B01";"3";"7";"0";"2";"2";"0";"1";""
"202100015882";"173 288";"A01";"3";"7";"2";"2";"8";"26";"1";""
"202100015883";"173 285";"B01";"1";"7";"0";"2";"2";"13";"1";""
"202100015883";"173 286";"A01";"1";"7";"0";"2";"3";"17";"1";""
"202100015884";"173 282";"A01";"2";"32";"14";"0";"3";"1";"1";""
"202100015885";"173 280";"B01";"0";"7";"0";"0";"1";"16";"1";""
"202100015885";"173 281";"A01";"0";"32";"0";"2";"3";"16";"1";""
"202100015886";"173 273";"A01";"1";"7";"0";"1";"1";"1";"1";""
"202100015887";"173 271";"A01";"1";"7";"0";"2";"1";"1";"1";""
"202100015887";"173 272";"B01";"3";"7";"0";"2";"8";"1";"1";""
"202100015888";"173 269";"B01";"3";"7";"0";"2";"3";"15";"1";""
"202100015888";"173 270";"A01";"3";"2";"0";"2";"1";"1";"1";""
"202100015889";"173 267";"B01";"3";"7";"0";"2";"4";"2";"1";""
"202100015889";"173 268";"A01";"3";"7";"0";"2";"1";"2";"1";""
"202100015890";"173 266";"A01";"3";"30";"0";"0";"0";"1";"1";""
"202100015891";"173 264";"A01";"1";"7";"0";"2";"2";"1";"1";""
"202100015891";"173 265";"B01";"1";"7";"0";"2";"3";"1";"1";""
"202100015892";"173 263";"A01";"1";"21";"0";"1";"7";"26";"1";""
"202100015893";"173 262";"A01";"2";"32";"2";"0";"1";"26";"1";""
"202100015894";"173 260";"A01";"2";"7";"0";"2";"3";"9";"1";""
"202100015894";"173 261";"B01";"2";"1";"0";"2";"5";"1";"5";""
"202100015895";"173 258";"B01";"1";"50";"0";"2";"1";"2";"3";""
"202100015895";"173 259";"A01";"1";"7";"0";"2";"3";"2";"1";""
"202100015896";"173 256";"A01";"1";"7";"0";"2";"1";"13";"1";""
"202100015896";"173 257";"B01";"2";"7";"0";"2";"1";"1";"1";""
"202100015897";"173 255";"A01";"1";"7";"12";"1";"5";"17";"1";""
"202100015898";"173 252";"A01";"3";"7";"0";"2";"1";"2";"1";""
"202100015898";"173 253";"B01";"3";"7";"0";"2";"4";"2";"1";""
"202100015898";"173 254";"C01";"3";"7";"0";"2";"4";"2";"1";""
"202100015899";"173 251";"A01";"1";"1";"12";"0";"1";"1";"5";""
"202100015900";"173 250";"A01";"1";"30";"12";"0";"2";"21";"1";""
"202100015901";"173 248";"A01";"2";"7";"0";"2";"1";"2";"1";""
"202100015901";"173 249";"B01";"2";"7";"0";"2";"4";"1";"1";""
"202100015902";"173 247";"A01";"1";"7";"1";"0";"3";"13";"1";""
"202100015903";"173 246";"A01";"1";"7";"9";"0";"1";"1";"1";""
"202100015904";"173 244";"A01";"1";"7";"0";"2";"1";"1";"1";""
"202100015904";"173 245";"B01";"1";"7";"0";"2";"3";"1";"1";""
"202100015905";"173 242";"B01";"1";"7";"0";"2";"1";"1";"1";""
"202100015905";"173 243";"A01";"1";"7";"0";"2";"3";"15";"1";""
"202100015906";"173 240";"A01";"2";"33";"0";"2";"1";"1";"1";""
"202100015906";"173 241";"B01";"2";"7";"0";"0";"4";"12";"1";""
"202100015907";"173 238";"A01";"1";"1";"0";"2";"1";"26";"5";""
"202100015907";"173 239";"B01";"1";"7";"0";"2";"4";"2";"1";""
"202100015908";"173 234";"C01";"1";"7";"0";"2";"4";"2";"1";""
"202100015908";"173 235";"D01";"1";"7";"0";"2";"4";"2";"1";""
"202100015908";"173 236";"B01";"1";"2";"0";"2";"4";"2";"1";""
"202100015908";"173 237";"A01";"1";"10";"0";"2";"1";"2";"1";""
"202100015909";"173 232";"B01";"2";"7";"0";"2";"3";"13";"1";""
"202100015909";"173 233";"A01";"1";"7";"0";"2";"3";"21";"1";""
"202100015910";"173 228";"A01";"2";"7";"0";"2";"1";"2";"1";""
"202100015910";"173 229";"B01";"2";"7";"0";"2";"4";"1";"1";""
"202100015911";"173 226";"A01";"3";"7";"0";"2";"1";"9";"3";""
"202100015911";"173 227";"B01";"3";"32";"0";"2";"7";"1";"1";""
"202100015912";"173 224";"B01";"2";"7";"0";"2";"2";"15";"1";""
"202100015912";"173 225";"A01";"1";"1";"0";"2";"1";"19";"5";""
"202100015913";"173 222";"A01";"1";"33";"0";"2";"1";"13";"1";""
"202100015913";"173 223";"B01";"2";"1";"0";"2";"1";"1";"5";""
"202100015914";"173 220";"A01";"3";"31";"0";"2";"7";"17";"1";""
"202100015914";"173 221";"B01";"3";"7";"0";"2";"3";"15";"1";""
"202100015915";"173 218";"A01";"1";"1";"0";"2";"1";"5";"5";""
"202100015915";"173 219";"B01";"1";"7";"0";"2";"1";"16";"1";""
"202100015916";"173 217";"A01";"2";"7";"0";"1";"1";"1";"1";""
"202100015917";"173 216";"A01";"1";"7";"8";"0";"1";"26";"1";""
"202100015918";"173 214";"A01";"1";"7";"0";"2";"2";"14";"1";""
"202100015918";"173 215";"B01";"1";"2";"0";"2";"6";"0";"1";""
"202100015919";"173 213";"A01";"1";"7";"6";"0";"1";"0";"1";""
"202100015920";"173 211";"A01";"0";"7";"0";"2";"7";"18";"1";""
"202100015920";"173 212";"B01";"0";"7";"0";"2";"3";"0";"1";""
"202100015921";"173 208";"A01";"1";"7";"0";"0";"0";"0";"1";""
"202100015921";"173 209";"B01";"1";"7";"0";"0";"0";"0";"1";""
"202100015921";"173 210";"C01";"1";"7";"0";"0";"0";"0";"0";""
"202100015922";"173 205";"C01";"1";"7";"0";"2";"1";"1";"1";""
"202100015922";"173 206";"B01";"1";"7";"0";"2";"8";"1";"1";""
"202100015922";"173 207";"A01";"2";"33";"0";"2";"1";"17";"1";""
"202100015923";"173 203";"A01";"1";"7";"0";"2";"1";"1";"1";""
"202100015923";"173 204";"B01";"1";"7";"0";"2";"7";"19";"1";""
"202100015924";"173 201";"B01";"3";"80";"0";"2";"7";"19";"3";""
"202100015924";"173 202";"A01";"3";"7";"0";"1";"1";"1";"1";""
"202100015925";"173 199";"A01";"3";"16";"0";"2";"2";"14";"1";""
"202100015925";"173 200";"B01";"3";"7";"0";"2";"8";"1";"1";""
"202100015926";"173 197";"B01";"2";"7";"0";"2";"2";"1";"1";""
"202100015926";"173 198";"A01";"2";"10";"0";"2";"8";"20";"1";""
"202100015927";"173 194";"A01";"3";"43";"0";"2";"1";"2";"1";""
"202100015927";"173 195";"B01";"3";"7";"0";"2";"4";"2";"1";""
"202100015927";"173 196";"C01";"3";"7";"1";"2";"0";"0";"1";""
"202100015928";"173 192";"B01";"1";"2";"0";"2";"1";"1";"1";""
"202100015928";"173 193";"A01";"2";"7";"0";"2";"2";"15";"1";""
"202100015929";"173 190";"B01";"3";"1";"0";"2";"0";"0";"0";""
"202100015929";"173 191";"A01";"3";"1";"0";"2";"7";"9";"0";""
"202100015930";"173 189";"A01";"1";"7";"0";"1";"1";"15";"1";""
"202100015931";"173 187";"A01";"3";"7";"0";"2";"1";"15";"1";""
"202100015931";"173 188";"B01";"0";"60";"0";"2";"1";"1";"5";""
"202100015932";"173 186";"A01";"2";"7";"0";"1";"1";"1";"1";""
"202100015933";"173 184";"B01";"1";"2";"0";"2";"7";"17";"1";""
"202100015933";"173 185";"A01";"1";"7";"0";"2";"3";"15";"2";""
"202100015934";"173 181";"A01";"3";"33";"0";"2";"1";"17";"1";""
"202100015934";"173 182";"B01";"3";"7";"0";"2";"3";"11";"1";""
"202100015934";"173 183";"C01";"3";"10";"0";"2";"0";"0";"1";""
"202100015935";"173 180";"A01";"3";"7";"0";"1";"2";"1";"1";""
"202100015936";"173 178";"A01";"2";"7";"0";"2";"8";"22";"1";""
"202100015936";"173 179";"B01";"2";"1";"1";"0";"1";"1";"5";""
"202100015937";"173 177";"A01";"1";"7";"0";"1";"1";"1";"1";""
"202100015938";"173 175";"A01";"3";"7";"0";"2";"3";"9";"1";""
"202100015938";"173 176";"B01";"3";"33";"0";"2";"2";"9";"1";""
"202100015939";"173 173";"A01";"3";"7";"0";"9";"1";"15";"1";""
"202100015939";"173 174";"B01";"3";"50";"0";"9";"1";"2";"3";""
"202100015940";"173 171";"A01";"2";"14";"0";"2";"1";"2";"1";""
"202100015940";"173 172";"B01";"2";"7";"0";"2";"4";"23";"1";""
"202100015941";"173 169";"B01";"2";"7";"0";"2";"5";"2";"1";""
"202100015941";"173 170";"A01";"2";"33";"0";"2";"1";"2";"1";""
"202100015942";"173 167";"B01";"2";"1";"1";"0";"8";"1";"5";""
"202100015942";"173 168";"A01";"2";"7";"0";"2";"7";"22";"1";""
"202100015943";"173 165";"B01";"3";"7";"0";"2";"6";"2";"1";""
"202100015943";"173 166";"A01";"3";"43";"0";"2";"2";"2";"1";""
"202100015944";"173 163";"B01";"2";"33";"0";"0";"4";"23";"1";""
"202100015944";"173 164";"A01";"2";"7";"0";"2";"3";"2";"1";""
"202100015945";"173 162";"A01";"1";"7";"0";"1";"3";"1";"1";""
"202100015946";"173 161";"A01";"1";"50";"0";"1";"7";"1";"3";""
"202100015947";"173 160";"A01";"1";"32";"0";"1";"8";"18";"1";""
"202100015948";"173 158";"B01";"2";"7";"0";"2";"4";"23";"1";""
"202100015948";"173 159";"A01";"2";"10";"0";"2";"1";"2";"1";""
"202100015949";"173 157";"Z01";"2";"50";"0";"1";"7";"1";"3";""
"202100015950";"173 156";"A01";"2";"1";"0";"0";"1";"1";"5";""
"202100015951";"173 155";"A01";"1";"37";"0";"1";"8";"13";"2";"1"
"202100015952";"173 153";"A01";"2";"30";"0";"2";"1";"17";"1";""
"202100015952";"173 154";"B01";"1";"7";"0";"2";"1";"9";"1";""
"202100015953";"173 151";"A01";"2";"34";"0";"2";"2";"1";"1";""
"202100015953";"173 152";"B01";"2";"50";"0";"2";"1";"1";"3";""
"202100015954";"173 150";"A01";"1";"7";"0";"1";"3";"1";"2";""
"202100015955";"173 148";"A01";"2";"33";"0";"2";"1";"2";"1";""
"202100015955";"173 149";"B01";"2";"32";"0";"2";"4";"23";"1";""
"202100015956";"173 147";"A01";"2";"10";"0";"1";"4";"4";"1";""
"202100015957";"173 145";"B01";"3";"30";"0";"2";"7";"1";"1";""
"202100015957";"173 146";"A01";"3";"7";"0";"2";"8";"15";"1";""
"202100015958";"173 143";"B01";"2";"33";"0";"2";"9";"1";"1";""
"202100015958";"173 144";"A01";"1";"7";"0";"2";"2";"1";"1";""
"202100015959";"173 141";"A01";"3";"10";"0";"2";"3";"9";"1";""
"202100015959";"173 142";"B01";"3";"99";"0";"2";"1";"9";"3";""
"202100015960";"173 139";"A01";"1";"7";"0";"0";"0";"0";"0";""
"202100015960";"173 140";"B01";"2";"1";"0";"2";"8";"14";"5";""
"202100015961";"173 138";"A01";"1";"10";"0";"1";"3";"1";"1";""