"Num_Acc";"id_vehicule";"num_veh";"senc";"catv";"obs";"obsm";"choc";"manv";"motor";"occutc"
"202100016165";"172 746";"A01";"1";"7";"0";"2";"8";"10";"1";""
"202100016165";"172 747";"B01";"1";"31";"0";"2";"1";"1";"1";""
"202100016166";"172 744";"A01";"1";"10";"0";"2";"5";"18";"1";""
"202100016166";"172 745";"B01";"1";"7";"0";"2";"1";"1";"1";""
"202100016167";"172 742";"B01";"1";"1";"0";"0";"8";"1";"5";""
"202100016167";"172 743";"A01";"1";"7";"0";"9";"1";"1";"1";""
"202100016168";"172 741";"A01";"2";"14";"9";"0";"1";"26";"1";""
"202100016169";"172 738";"A01";"2";"7";"0";"2";"1";"2";"1";""
"202100016169";"172 739";"B01";"2";"7";"0";"2";"4";"2";"1";""
"202100016169";"172 740";"C01";"2";"7";"0";"2";"4";"2";"1";""
"202100016170";"172 737";"A01";"1";"7";"0";"1";"1";"2";"1";""
"202100016171";"172 735";"A01";"3";"30";"0";"2";"1";"17";"1";""
"202100016171";"172 736";"B01";"3";"7";"0";"2";"3";"0";"3";""
"202100016172";"172 733";"B01";"3";"31";"0";"2";"1";"2";"1";""
"202100016172";"172 734";"A01";"3";"7";"0";"2";"7";"15";"1";""
"202100016173";"172 731";"A01";"3";"7";"0";"2";"1";"16";"1";""
"202100016173";"172 732";"B01";"3";"1";"0";"2";"2";"15";"5";""
"202100016174";"172 729";"B01";"2";"1";"0";"0";"4";"1";"5";""
"202100016174";"172 730";"A01";"2";"7";"0";"9";"3";"12";"1";""
"202100016175";"172 728";"A01";"1";"7";"0";"1";"1";"1";"1";""
"202100016176";"172 725";"A01";"2";"7";"0";"0";"4";"1";"1";""
"202100016176";"172 726";"B01";"2";"7";"14";"2";"1";"1";"1";""
"202100016176";"172 727";"C01";"2";"7";"14";"2";"1";"1";"1";""
"202100016177";"172 723";"B01";"1";"60";"0";"1";"2";"19";"5";""
"202100016177";"172 724";"A01";"1";"0";"0";"1";"5";"0";"0";""
"202100016178";"172 721";"A01";"1";"50";"0";"2";"5";"1";"3";""
"202100016178";"172 722";"B01";"1";"7";"0";"2";"5";"1";"1";""
"202100016179";"172 719";"A01";"2";"7";"0";"2";"2";"9";"1";""
"202100016179";"172 720";"B01";"1";"32";"0";"2";"1";"1";"1";""
"202100016180";"172 716";"A01";"1";"7";"0";"1";"2";"1";"1";""
"202100016181";"172 714";"A01";"0";"7";"0";"2";"8";"15";"1";""
"202100016181";"172 715";"B01";"3";"32";"0";"2";"8";"1";"1";""
"202100016182";"172 712";"A01";"2";"7";"0";"2";"7";"16";"1";""
"202100016182";"172 713";"B01";"2";"33";"1";"2";"1";"1";"1";""
"202100016183";"172 710";"B01";"3";"50";"0";"2";"8";"2";"3";""
"202100016183";"172 711";"A01";"3";"7";"0";"2";"1";"2";"1";""
"202100016184";"172 708";"A01";"2";"7";"0";"2";"5";"1";"1";""
"202100016184";"172 709";"B01";"2";"1";"0";"2";"1";"16";"5";""
"202100016185";"172 707";"A01";"2";"31";"2";"0";"1";"1";"1";""
"202100016186";"172 706";"A01";"1";"7";"0";"1";"3";"1";"1";""
"202100016187";"172 704";"A01";"1";"7";"0";"2";"0";"16";"1";""
"202100016187";"172 705";"B01";"1";"1";"0";"2";"8";"1";"0";""
"202100016188";"172 702";"A01";"1";"7";"0";"2";"2";"19";"1";""
"202100016188";"172 703";"B01";"2";"30";"0";"2";"5";"15";"1";""
"202100016189";"172 700";"Z01";"3";"30";"6";"2";"0";"25";"0";""
"202100016189";"172 701";"A01";"3";"1";"6";"2";"0";"25";"5";""
"202100016190";"172 698";"B01";"2";"34";"0";"2";"3";"1";"1";""
"202100016190";"172 699";"A01";"1";"10";"0";"2";"3";"15";"1";""
"202100016191";"172 696";"B01";"2";"7";"0";"2";"2";"1";"1";""
"202100016191";"172 697";"A01";"1";"33";"0";"2";"7";"15";"1";""
"202100016192";"172 694";"A01";"1";"7";"0";"2";"5";"6";"1";""
"202100016192";"172 695";"B01";"2";"34";"0";"2";"1";"1";"1";""
"202100016193";"172 693";"A01";"1";"43";"14";"0";"0";"26";"1";""
"202100016194";"172 692";"A01";"0";"1";"0";"0";"0";"26";"5";""
"202100016195";"172 691";"A01";"3";"7";"0";"1";"1";"26";"1";""
"202100016196";"172 690";"A01";"1";"7";"4";"0";"1";"13";"1";""
"202100016197";"172 688";"A01";"1";"7";"0";"2";"1";"1";"1";""
"202100016197";"172 689";"B01";"1";"10";"0";"2";"4";"1";"1";""
"202100016198";"172 687";"A01";"3";"7";"0";"1";"2";"1";"1";""
"202100016199";"172 684";"B01";"2";"7";"0";"2";"4";"2";"1";""
"202100016199";"172 685";"C01";"2";"7";"0";"2";"4";"1";"2";""
"202100016199";"172 686";"A01";"2";"7";"0";"2";"1";"26";"1";""
"202100016200";"172 682";"B01";"1";"7";"0";"2";"3";"9";"1";""
"202100016200";"172 683";"IA01";"1";"33";"0";"2";"1";"17";"1";""
"202100016201";"172 678";"B01";"2";"7";"0";"2";"4";"2";"1";""
"202100016201";"172 679";"A01";"2";"7";"0";"2";"1";"1";"1";""
"202100016202";"172 676";"B01";"1";"7";"0";"2";"4";"23";"1";""
"202100016202";"172 677";"A01";"1";"7";"0";"2";"1";"1";"1";""
"202100016203";"172 675";"A01";"2";"7";"0";"1";"2";"16";"1";""
"202100016204";"172 673";"B01";"1";"7";"0";"2";"4";"20";"1";""
"202100016204";"172 674";"A01";"1";"2";"0";"2";"1";"1";"1";""
"202100016205";"172 671";"B01";"1";"7";"0";"2";"4";"2";"1";""
"202100016205";"172 672";"A01";"1";"7";"0";"2";"1";"2";"1";""
"202100016206";"172 669";"A01";"0";"10";"0";"2";"2";"15";"1";""
"202100016206";"172 670";"B01";"0";"2";"0";"2";"3";"1";"1";""
"202100016207";"172 668";"A01";"0";"7";"0";"1";"1";"2";"1";""
"202100016208";"172 665";"A01";"2";"7";"0";"2";"1";"2";"1";""
"202100016208";"172 666";"C01";"2";"7";"0";"2";"4";"2";"1";""
"202100016208";"172 667";"B01";"2";"10";"0";"2";"4";"2";"1";""
"202100016209";"172 664";"A01";"3";"7";"0";"1";"3";"0";"1";""
"202100016210";"172 662";"A01";"1";"1";"0";"2";"1";"2";"5";""
"202100016210";"172 663";"B01";"1";"10";"0";"2";"1";"1";"1";""
"202100016211";"172 660";"B01";"2";"33";"0";"2";"1";"1";"1";""
"202100016211";"172 661";"A01";"1";"7";"0";"2";"8";"15";"1";""
"202100016212";"172 655";"A01";"3";"7";"0";"2";"2";"20";"1";""
"202100016212";"172 656";"C01";"3";"10";"0";"2";"1";"26";"1";""
"202100016212";"172 657";"B01";"3";"33";"0";"2";"7";"26";"1";""
"202100016213";"172 654";"A01";"2";"7";"1";"0";"3";"11";"1";""
"202100016214";"172 652";"B01";"1";"10";"0";"2";"1";"1";"1";""
"202100016214";"172 653";"A01";"3";"34";"0";"2";"2";"19";"1";""
"202100016215";"172 651";"A01";"1";"7";"9";"0";"1";"13";"1";""
"202100016216";"172 649";"B01";"3";"7";"0";"2";"3";"9";"1";""
"202100016216";"172 650";"A01";"2";"7";"0";"2";"1";"26";"1";""
"202100016217";"172 648";"A01";"3";"7";"1";"1";"6";"4";"1";""
"202100016218";"172 647";"A01";"0";"7";"0";"1";"1";"26";"1";""
"202100016219";"172 645";"Z01";"0";"7";"0";"1";"2";"17";"1";""
"202100016219";"172 646";"A01";"0";"10";"0";"0";"8";"9";"1";""
"202100016220";"172 643";"A01";"0";"7";"0";"2";"8";"15";"1";""
"202100016220";"172 644";"B01";"2";"33";"0";"2";"1";"0";"1";""
"202100016221";"172 641";"B01";"1";"7";"0";"2";"2";"15";"1";""
"202100016221";"172 642";"A01";"1";"7";"0";"2";"2";"17";"1";""
"202100016222";"172 639";"B01";"0";"10";"0";"2";"3";"1";"1";""
"202100016222";"172 640";"A01";"0";"1";"0";"2";"3";"19";"5";""
"202100016223";"172 637";"B01";"2";"7";"0";"2";"8";"19";"1";""
"202100016223";"172 638";"A01";"1";"32";"0";"2";"1";"1";"1";""
"202100016224";"172 635";"B01";"3";"2";"0";"2";"5";"1";"1";""
"202100016224";"172 636";"A01";"3";"7";"0";"2";"3";"15";"1";""
"202100016225";"172 633";"A01";"3";"7";"0";"2";"1";"15";"1";""
"202100016225";"172 634";"B01";"3";"30";"0";"2";"1";"1";"1";""
"202100016226";"172 631";"A01";"3";"7";"0";"2";"2";"1";"1";""
"202100016226";"172 632";"B01";"3";"1";"0";"2";"5";"1";"5";""
"202100016227";"172 629";"B01";"2";"7";"0";"2";"4";"9";"1";""
"202100016227";"172 630";"A01";"2";"7";"0";"2";"1";"1";"1";""
"202100016228";"172 628";"A01";"2";"1";"0";"0";"1";"1";"5";""
"202100016229";"172 627";"A01";"1";"7";"0";"1";"3";"1";"1";""
"202100016230";"172 625";"B01";"2";"7";"0";"2";"6";"15";"1";""
"202100016230";"172 626";"A01";"2";"14";"0";"2";"2";"17";"1";""
"202100016231";"172 624";"A01";"1";"30";"0";"0";"0";"0";"1";""
"202100016232";"172 622";"A01";"3";"7";"0";"9";"2";"16";"1";""
"202100016232";"172 623";"B01";"3";"1";"0";"2";"1";"1";"5";""
"202100016233";"172 619";"C01";"1";"7";"0";"2";"1";"23";"1";""
"202100016233";"172 620";"A01";"2";"7";"0";"2";"4";"15";"1";""
"202100016233";"172 621";"B01";"1";"7";"0";"2";"1";"1";"1";""
"202100016234";"172 617";"B01";"2";"32";"0";"2";"8";"1";"1";""
"202100016234";"172 618";"A01";"2";"7";"0";"2";"7";"16";"1";""
"202100016235";"172 612";"C01";"1";"43";"0";"2";"7";"2";"1";""
"202100016235";"172 613";"D01";"1";"43";"0";"2";"1";"2";"1";""
"202100016235";"172 614";"B01";"1";"7";"0";"2";"6";"11";"1";""
"202100016235";"172 615";"A01";"1";"33";"0";"2";"2";"11";"1";""
"202100016235";"172 616";"E01";"1";"7";"0";"2";"8";"2";"2";""
"202100016236";"172 610";"B01";"1";"7";"0";"2";"7";"1";"1";""
"202100016236";"172 611";"A01";"1";"33";"0";"2";"8";"11";"1";""
"202100016237";"172 608";"B01";"1";"30";"0";"2";"1";"2";"1";""
"202100016237";"172 609";"A01";"1";"33";"0";"2";"5";"2";"1";""
"202100016238";"172 607";"A01";"2";"33";"0";"1";"1";"1";"1";""
"202100016239";"172 605";"B01";"2";"1";"0";"2";"1";"1";"5";""
"202100016239";"172 606";"A01";"2";"10";"0";"2";"2";"16";"1";""
"202100016240";"172 604";"A01";"2";"43";"0";"1";"8";"1";"1";""
"202100016241";"172 601";"A01";"1";"30";"0";"2";"7";"18";"3";""
"202100016241";"172 602";"B01";"1";"37";"0";"2";"0";"16";"1";"1"
"202100016241";"172 603";"C01";"1";"7";"0";"2";"0";"1";"1";""
"202100016242";"172 600";"A01";"1";"1";"0";"1";"1";"1";"5";""
"202100016243";"172 598";"B01";"1";"1";"0";"2";"2";"1";"5";""
"202100016243";"172 599";"A01";"1";"7";"0";"2";"3";"22";"1";""
"202100016244";"172 596";"B01";"1";"7";"0";"2";"5";"2";"1";""
"202100016244";"172 597";"A01";"1";"34";"0";"2";"1";"2";"1";""
"202100016245";"172 594";"B01";"2";"1";"0";"2";"1";"1";"5";""
"202100016245";"172 595";"A01";"3";"50";"0";"2";"8";"19";"3";""
"202100016246";"172 592";"Z01";"3";"7";"0";"2";"0";"1";"0";""
"202100016246";"172 593";"A01";"1";"1";"0";"2";"7";"1";"5";""
"202100016247";"172 590";"Z01";"2";"10";"0";"2";"6";"22";"0";""
"202100016247";"172 591";"A01";"1";"1";"0";"2";"1";"1";"5";""
"202100016248";"172 588";"A01";"1";"7";"0";"2";"3";"1";"1";""
"202100016248";"172 589";"B01";"2";"50";"0";"2";"1";"1";"3";""
"202100016249";"172 586";"A01";"2";"37";"0";"2";"5";"12";"3";"1"
"202100016249";"172 587";"B01";"2";"7";"0";"2";"8";"7";"1";""
"202100016250";"172 584";"B01";"1";"7";"0";"2";"6";"2";"1";""
"202100016250";"172 585";"A01";"1";"30";"0";"2";"1";"2";"1";""
"202100016251";"172 582";"A01";"2";"31";"0";"2";"2";"1";"3";""
"202100016251";"172 583";"B01";"2";"50";"0";"2";"8";"19";"3";""
"202100016252";"172 580";"B01";"3";"80";"0";"2";"8";"1";"3";""
"202100016252";"172 581";"A01";"2";"10";"0";"2";"2";"1";"1";""
"202100016253";"172 578";"A01";"2";"7";"0";"2";"1";"1";"1";""
"202100016253";"172 579";"B01";"2";"30";"0";"2";"1";"5";"1";""
"202100016254";"172 576";"A01";"1";"7";"0";"2";"2";"9";"1";""
"202100016254";"172 577";"B01";"1";"1";"0";"2";"1";"1";"5";""
"202100016255";"172 575";"A01";"2";"7";"9";"0";"1";"15";"1";""
"202100016256";"172 574";"A01";"3";"7";"0";"1";"4";"26";"1";""
"202100016257";"172 573";"B01";"2";"32";"0";"1";"1";"1";"1";""
"202100016258";"172 572";"A01";"2";"7";"0";"1";"1";"16";"1";""
"202100016259";"172 570";"B01";"2";"7";"0";"2";"6";"1";"0";""
"202100016259";"172 571";"A01";"2";"50";"0";"2";"3";"15";"3";""
"202100016260";"172 568";"A01";"2";"7";"0";"2";"3";"1";"1";""
"202100016260";"172 569";"B01";"2";"50";"0";"2";"3";"1";"3";""
"202100016261";"172 566";"A01";"3";"30";"12";"2";"1";"26";"1";""
"202100016261";"172 567";"B01";"3";"2";"12";"2";"1";"26";"1";""
"202100016262";"172 565";"A01";"1";"7";"8";"0";"1";"14";"1";""
"202100016263";"172 562";"C01";"3";"7";"0";"2";"3";"2";"1";""
"202100016263";"172 563";"A01";"3";"10";"0";"2";"1";"26";"1";""
"202100016263";"172 564";"B01";"3";"34";"0";"2";"4";"2";"1";""
"202100016264";"172 561";"A01";"2";"30";"0";"0";"3";"21";"1";""
"202100016265";"172 559";"B01";"3";"7";"0";"2";"3";"17";"1";""
"202100016265";"172 560";"A01";"3";"7";"0";"2";"4";"10";"1";""
"202100016266";"172 558";"A01";"3";"10";"0";"1";"1";"16";"1";""
"202100016267";"172 557";"A01";"2";"7";"0";"1";"5";"16";"1";""
"202100016268";"172 555";"A01";"3";"30";"0";"2";"1";"20";"1";""
"202100016268";"172 556";"Z01";"3";"1";"0";"2";"0";"0";"0";""
"202100016269";"172 554";"A01";"2";"7";"4";"0";"5";"1";"1";""
"202100016270";"172 552";"A01";"3";"32";"0";"2";"1";"1";"1";""
"202100016270";"172 553";"B01";"3";"1";"0";"2";"8";"11";"5";""
"202100016271";"172 550";"DA01";"1";"1";"0";"2";"2";"14";"5";""
"202100016271";"172 551";"B01";"3";"32";"0";"2";"1";"1";"1";""
"202100016272";"172 548";"B01";"1";"7";"0";"2";"3";"15";"1";""
"202100016272";"172 549";"A01";"2";"32";"0";"2";"1";"1";"1";""
"202100016273";"172 547";"A01";"1";"7";"0";"1";"7";"1";"1";""
"202100016274";"172 545";"A01";"1";"7";"0";"2";"1";"1";"1";""
"202100016274";"172 546";"B01";"1";"13";"0";"2";"2";"11";"1";""
"202100016275";"172 543";"A01";"1";"80";"12";"0";"1";"16";"3";""
"202100016275";"172 544";"B01";"1";"7";"0";"0";"0";"15";"0";""
"202100016276";"172 541";"A01";"2";"7";"7";"2";"3";"6";"1";""
"202100016276";"172 542";"B01";"1";"7";"0";"9";"1";"1";"1";""
"202100016277";"172 540";"A01";"2";"33";"13";"0";"3";"13";"1";""
"202100016278";"172 538";"A01";"1";"7";"0";"2";"3";"13";"1";""
"202100016278";"172 539";"B01";"2";"7";"0";"2";"3";"1";"1";""
"202100016279";"172 536";"A01";"2";"7";"0";"2";"3";"19";"1";""
"202100016279";"172 537";"B01";"2";"7";"0";"2";"2";"1";"1";""
"202100016280";"172 534";"B01";"2";"7";"0";"2";"2";"1";"1";""
"202100016280";"172 535";"A01";"3";"21";"0";"2";"1";"26";"1";""
"202100016281";"172 532";"A01";"3";"7";"0";"2";"3";"13";"2";""
"202100016281";"172 533";"B01";"3";"7";"0";"2";"1";"1";"1";""
"202100016282";"172 530";"B01";"2";"7";"0";"2";"1";"5";"1";""
"202100016282";"172 531";"A01";"1";"7";"0";"2";"1";"1";"1";""
"202100016283";"172 528";"B01";"2";"7";"0";"2";"7";"1";"1";""
"202100016283";"172 529";"A01";"2";"7";"0";"2";"1";"19";"1";""
"202100016284";"172 527";"A01";"1";"7";"15";"0";"1";"1";"1";""
"202100016285";"172 523";"A01";"2";"10";"0";"2";"1";"1";"1";""
"202100016285";"172 524";"B01";"2";"7";"0";"2";"4";"23";"1";""
"202100016285";"172 525";"C01";"1";"7";"0";"2";"3";"1";"1";""
"202100016285";"172 526";"D01";"1";"7";"0";"0";"3";"23";"1";""
"202100016286";"172 522";"A01";"0";"16";"16";"0";"2";"1";"0";""
"202100016287";"172 520";"B01";"2";"7";"0";"2";"3";"1";"1";""
"202100016287";"172 521";"A01";"1";"7";"0";"2";"3";"13";"1";""
"202100016288";"172 518";"B01";"1";"1";"0";"2";"1";"15";"5";""
"202100016288";"172 519";"A01";"3";"7";"0";"2";"2";"15";"1";""
"202100016289";"172 517";"A01";"3";"7";"0";"1";"4";"4";"1";""
"202100016290";"172 515";"A01";"1";"10";"0";"2";"2";"19";"1";""
"202100016290";"172 516";"B01";"1";"7";"13";"2";"2";"1";"1";""
"202100016291";"172 513";"A01";"2";"2";"0";"2";"3";"1";"1";""
"202100016291";"172 514";"B01";"1";"7";"0";"0";"3";"2";"1";""
"202100016292";"172 512";"A01";"3";"2";"0";"0";"9";"1";"1";""
"202100016293";"172 511";"A01";"0";"34";"12";"0";"1";"0";"1";""
"202100016294";"172 509";"B01";"0";"7";"0";"0";"7";"1";"1";""
"202100016294";"172 510";"A01";"3";"1";"0";"2";"1";"19";"5";""
"202100016295";"172 507";"A01";"3";"7";"0";"2";"1";"19";"1";""
"202100016295";"172 508";"B01";"1";"2";"0";"2";"1";"1";"1";""
"202100016296";"172 504";"A01";"1";"33";"0";"0";"1";"1";"1";""
"202100016296";"172 505";"B01";"1";"33";"0";"0";"5";"23";"1";""
"202100016296";"172 506";"C01";"1";"33";"0";"0";"4";"23";"1";""
"202100016297";"172 502";"A01";"2";"7";"0";"0";"5";"1";"1";""
"202100016297";"172 503";"B01";"1";"7";"0";"2";"1";"1";"1";""
"202100016298";"172 500";"A01";"0";"15";"0";"2";"8";"26";"1";""
"202100016298";"172 501";"B01";"0";"33";"0";"2";"2";"1";"1";""
"202100016299";"172 499";"A01";"3";"10";"0";"1";"4";"20";"1";""
"202100016300";"172 498";"A01";"2";"33";"6";"0";"1";"1";"1";""
"202100016301";"172 496";"B01";"1";"33";"0";"2";"1";"13";"1";""
"202100016301";"172 497";"A01";"2";"7";"0";"2";"1";"1";"1";""
"202100016302";"172 495";"A01";"2";"7";"2";"0";"1";"1";"1";""
"202100016303";"172 493";"A01";"1";"7";"0";"2";"2";"0";"1";""
"202100016303";"172 494";"B01";"1";"7";"0";"0";"6";"1";"1";""
"202100016304";"172 492";"A01";"2";"14";"3";"0";"3";"2";"1";""
"202100016305";"172 491";"A01";"2";"7";"2";"0";"3";"14";"1";""
"202100016306";"172 489";"B01";"1";"7";"0";"2";"3";"1";"1";""
"202100016306";"172 490";"A01";"2";"7";"0";"2";"3";"13";"1";""
"202100016307";"172 488";"A01";"2";"10";"13";"0";"1";"13";"1";""
"202100016308";"172 486";"A01";"1";"34";"0";"2";"1";"3";"1";""
"202100016308";"172 487";"B01";"2";"7";"0";"0";"8";"15";"1";""
"202100016309";"172 485";"A01";"1";"33";"6";"0";"8";"0";"1";""
"202100016310";"172 483";"A01";"1";"7";"0";"2";"3";"1";"1";""
"202100016310";"172 484";"B01";"2";"30";"0";"2";"1";"13";"1";""
"202100016311";"172 480";"A01";"2";"1";"5";"0";"1";"2";"5";""
"202100016312";"172 478";"B01";"1";"15";"1";"0";"1";"1";"1";""
"202100016312";"172 479";"A01";"1";"7";"0";"0";"4";"23";"1";""
"202100016313";"172 476";"A01";"2";"7";"0";"2";"6";"15";"1";""
"202100016313";"172 477";"B01";"2";"33";"0";"2";"2";"1";"1";""
"202100016314";"172 474";"A01";"2";"7";"0";"2";"2";"17";"1";""
"202100016314";"172 475";"B01";"2";"7";"0";"0";"8";"15";"1";""
"202100016315";"172 473";"A01";"1";"2";"0";"0";"7";"1";"1";""
"202100016316";"172 472";"A01";"1";"7";"0";"1";"2";"1";"1";""
"202100016317";"172 471";"A01";"1";"33";"13";"0";"2";"1";"1";""
"202100016318";"172 470";"A01";"2";"33";"0";"0";"7";"1";"1";""
"202100016319";"172 468";"B01";"1";"7";"0";"0";"8";"15";"1";""
"202100016319";"172 469";"A01";"1";"33";"0";"2";"1";"17";"1";""
"202100016320";"172 466";"A01";"3";"33";"0";"2";"1";"1";"1";""
"202100016320";"172 467";"B01";"3";"7";"0";"2";"1";"15";"1";""
"202100016321";"172 465";"A01";"1";"33";"13";"0";"1";"1";"1";""
"202100016322";"172 464";"A01";"0";"7";"0";"1";"2";"1";"1";""
"202100016323";"172 462";"B01";"1";"10";"0";"2";"3";"1";"1";""
"202100016323";"172 463";"A01";"2";"10";"0";"2";"3";"13";"1";""
"202100016324";"172 461";"A01";"2";"31";"5";"0";"2";"14";"1";""
"202100016325";"172 459";"A01";"2";"33";"0";"2";"1";"17";"1";""
"202100016325";"172 460";"B01";"2";"7";"0";"0";"6";"15";"1";""
"202100016326";"172 458";"A01";"1";"33";"4";"0";"7";"1";"1";""
"202100016327";"172 454";"B01";"2";"7";"0";"2";"3";"19";"1";""
"202100016327";"172 455";"A01";"1";"7";"0";"2";"3";"1";"1";""
"202100016328";"172 453";"A01";"1";"14";"13";"0";"3";"1";"1";""
"202100016329";"172 451";"A01";"1";"7";"0";"2";"7";"19";"1";""
"202100016329";"172 452";"B01";"2";"17";"0";"2";"1";"1";"1";""
"202100016330";"172 449";"A01";"2";"33";"0";"0";"0";"1";"1";""
"202100016331";"172 447";"A01";"2";"10";"0";"2";"1";"1";"1";""
"202100016331";"172 448";"B01";"2";"2";"0";"2";"4";"1";"1";""
"202100016332";"172 446";"A01";"3";"7";"0";"0";"9";"0";"1";""
"202100016333";"172 444";"A01";"2";"7";"0";"9";"1";"9";"1";""
"202100016333";"172 445";"B01";"2";"1";"0";"2";"5";"1";"5";""
"202100016334";"172 442";"A01";"2";"7";"0";"2";"1";"26";"1";""
"202100016334";"172 443";"B01";"2";"7";"1";"0";"1";"1";"1";""
"202100016335";"172 440";"A01";"2";"7";"0";"2";"4";"2";"1";""
"202100016335";"172 441";"B01";"2";"7";"0";"2";"1";"2";"1";""
"202100016336";"172 438";"B01";"1";"7";"0";"2";"4";"2";"1";""
"202100016336";"172 439";"A01";"1";"7";"0";"2";"1";"2";"1";""
"202100016337";"172 435";"A01";"1";"15";"0";"2";"1";"2";"1";""
"202100016337";"172 436";"B01";"1";"7";"0";"2";"4";"2";"1";""
"202100016337";"172 437";"C01";"1";"7";"0";"2";"4";"2";"1";""
"202100016338";"172 431";"A01";"1";"7";"0";"2";"4";"1";"1";""
"202100016338";"172 432";"B01";"1";"7";"0";"2";"4";"1";"1";""
"202100016338";"172 433";"C01";"1";"7";"0";"2";"4";"1";"1";""
"202100016338";"172 434";"D01";"1";"7";"0";"2";"1";"1";"1";""
"202100016339";"172 429";"A01";"2";"33";"0";"2";"1";"3";"1";""
"202100016339";"172 430";"B01";"2";"7";"0";"2";"5";"1";"1";""
"202100016340";"172 427";"B01";"1";"7";"0";"2";"4";"24";"1";""
"202100016340";"172 428";"A01";"2";"15";"1";"0";"2";"1";"1";""
"202100016341";"172 425";"A01";"1";"10";"0";"2";"5";"12";"1";""
"202100016341";"172 426";"B01";"1";"33";"0";"2";"1";"3";"1";""
"202100016342";"172 423";"B01";"1";"33";"0";"2";"1";"1";"1";""
"202100016342";"172 424";"A01";"1";"7";"0";"2";"5";"12";"1";""
"202100016343";"172 420";"A01";"2";"16";"0";"2";"1";"1";"1";""
"202100016343";"172 421";"B01";"2";"15";"0";"2";"4";"1";"1";""
"202100016343";"172 422";"C01";"2";"15";"0";"0";"4";"1";"1";""
"202100016344";"172 418";"Z01";"0";"10";"0";"2";"0";"0";"0";""
"202100016345";"172 417";"A01";"2";"43";"0";"1";"0";"26";"1";""
"202100016346";"172 416";"A01";"1";"7";"0";"1";"2";"1";"1";""
"202100016347";"172 414";"A01";"1";"1";"0";"2";"1";"2";"5";""
"202100016347";"172 415";"B01";"1";"10";"0";"2";"4";"11";"1";""
"202100016348";"172 412";"A01";"2";"30";"0";"2";"3";"1";"1";""
"202100016348";"172 413";"B01";"2";"32";"0";"2";"5";"1";"1";""
"202100016349";"172 410";"Z01";"1";"10";"0";"2";"2";"16";"0";""
"202100016349";"172 411";"A01";"1";"31";"0";"2";"3";"18";"1";""
"202100016350";"172 408";"B01";"1";"7";"0";"2";"3";"16";"2";""
"202100016350";"172 409";"A01";"2";"50";"0";"2";"1";"1";"3";""
"202100016351";"172 406";"B01";"1";"30";"0";"2";"7";"1";"3";""
"202100016351";"172 407";"A01";"1";"7";"0";"2";"6";"15";"1";""
"202100016352";"172 404";"Z01";"1";"7";"0";"2";"4";"4";"0";""
"202100016352";"172 405";"A01";"1";"1";"0";"2";"1";"9";"5";""
"202100016353";"172 402";"B01";"2";"7";"0";"2";"6";"23";"1";""
"202100016353";"172 403";"A01";"2";"30";"0";"2";"1";"2";"1";""
"202100016354";"172 400";"A01";"2";"10";"0";"2";"2";"22";"1";""
"202100016354";"172 401";"B01";"2";"50";"0";"2";"3";"1";"3";""
"202100016355";"172 399";"A01";"1";"30";"0";"1";"2";"18";"3";""
"202100016356";"172 397";"A01";"2";"7";"0";"2";"7";"16";"2";""
"202100016356";"172 398";"B01";"0";"50";"0";"2";"7";"19";"3";""
"202100016357";"172 396";"A01";"3";"1";"6";"0";"8";"13";"5";""
"202100016358";"172 394";"B01";"2";"7";"0";"2";"4";"2";"1";""
"202100016358";"172 395";"A01";"2";"30";"0";"2";"1";"2";"1";""
"202100016359";"172 392";"A01";"1";"10";"0";"2";"8";"1";"3";""
"202100016359";"172 393";"B01";"1";"1";"0";"2";"4";"19";"5";""
"202100016360";"172 390";"A01";"1";"1";"0";"2";"8";"14";"5";""
"202100016360";"172 391";"B01";"1";"7";"0";"2";"8";"23";"1";""
"202100016361";"172 388";"B01";"2";"80";"0";"2";"4";"2";"3";""
"202100016361";"172 389";"A01";"2";"1";"0";"2";"7";"2";"5";""
"202100016362";"172 386";"B01";"1";"1";"0";"2";"1";"1";"5";""
"202100016362";"172 387";"A01";"1";"10";"0";"2";"8";"22";"1";""
"202100016363";"172 384";"A01";"1";"34";"0";"2";"1";"17";"1";""
"202100016363";"172 385";"B01";"2";"7";"0";"2";"8";"15";"1";""
"202100016364";"172 382";"A01";"2";"7";"0";"2";"2";"9";"1";""
"202100016364";"172 383";"B01";"2";"34";"0";"2";"1";"1";"1";""
"202100016365";"172 381";"A01";"1";"1";"8";"0";"1";"1";"5";""
"202100016366";"172 379";"B01";"3";"7";"0";"2";"6";"1";"1";""
"202100016366";"172 380";"A01";"3";"7";"0";"2";"2";"1";"1";""
"202100016367";"172 377";"B01";"1";"10";"0";"2";"4";"23";"1";""
"202100016367";"172 378";"A01";"1";"7";"0";"2";"1";"1";"1";""
"202100016368";"172 376";"A01";"1";"37";"6";"0";"1";"16";"1";"4"
"202100016369";"172 374";"B01";"1";"7";"0";"2";"1";"15";"1";""
"202100016369";"172 375";"A01";"1";"32";"0";"2";"3";"1";"1";""
"202100016370";"172 372";"B01";"1";"7";"0";"9";"4";"23";"1";""
"202100016370";"172 373";"A01";"1";"7";"0";"2";"1";"2";"1";""
"202100016371";"172 370";"A01";"1";"37";"0";"2";"3";"0";"1";"1"