"Num_Acc";"id_vehicule";"num_veh";"senc";"catv";"obs";"obsm";"choc";"manv";"motor";"occutc"
"202100016371";"172 371";"B01";"1";"7";"0";"2";"3";"26";"1";""
"202100016372";"172 368";"A01";"2";"7";"0";"0";"1";"2";"1";""
"202100016372";"172 369";"B01";"2";"7";"0";"0";"4";"2";"1";""
"202100016373";"172 366";"A01";"3";"7";"0";"2";"7";"15";"1";""
"202100016373";"172 367";"B01";"1";"43";"0";"2";"1";"1";"1";""
"202100016374";"172 364";"A01";"0";"7";"0";"2";"2";"1";"1";""
"202100016374";"172 365";"B01";"3";"30";"0";"2";"1";"0";"1";""
"202100016375";"172 363";"A01";"1";"7";"0";"1";"1";"15";"3";""
"202100016376";"172 361";"A01";"1";"7";"0";"2";"3";"10";"1";""
"202100016376";"172 362";"B01";"1";"32";"0";"2";"2";"1";"1";""
"202100016377";"172 359";"A01";"2";"13";"0";"2";"3";"15";"1";""
"202100016377";"172 360";"B01";"1";"34";"0";"2";"3";"1";"0";""
"202100016378";"172 357";"A01";"1";"7";"0";"2";"8";"15";"1";""
"202100016378";"172 358";"B01";"1";"33";"0";"2";"1";"1";"1";""
"202100016379";"172 356";"A01";"1";"1";"1";"1";"2";"1";"5";""
"202100016380";"172 354";"A01";"1";"7";"0";"2";"2";"16";"1";""
"202100016380";"172 355";"B01";"1";"32";"0";"2";"3";"1";"1";""
"202100016381";"172 352";"A01";"1";"7";"0";"2";"2";"15";"1";""
"202100016381";"172 353";"B01";"1";"32";"0";"2";"1";"1";"1";""
"202100016382";"172 350";"A01";"1";"10";"0";"2";"3";"13";"1";""
"202100016382";"172 351";"B01";"2";"7";"0";"2";"3";"1";"1";""
"202100016383";"172 348";"A01";"1";"7";"0";"2";"1";"1";"1";""
"202100016383";"172 349";"B01";"1";"33";"0";"2";"4";"23";"1";""
"202100016384";"172 346";"A01";"1";"10";"0";"2";"5";"15";"1";""
"202100016384";"172 347";"B01";"2";"34";"0";"2";"0";"0";"1";""
"202100016385";"172 344";"B01";"1";"7";"0";"2";"1";"9";"1";""
"202100016385";"172 345";"A01";"1";"32";"0";"2";"2";"17";"1";""
"202100016386";"172 343";"A01";"1";"50";"12";"0";"1";"14";"3";""
"202100016387";"172 341";"A01";"1";"30";"0";"2";"1";"2";"1";""
"202100016387";"172 342";"B01";"1";"7";"0";"2";"6";"1";"1";""
"202100016388";"172 339";"A01";"2";"32";"15";"2";"3";"18";"1";""
"202100016388";"172 340";"B01";"2";"7";"0";"2";"2";"16";"1";""
"202100016389";"172 337";"Y01";"3";"1";"0";"2";"1";"19";"5";""
"202100016389";"172 338";"A01";"1";"14";"0";"2";"6";"15";"1";""
"202100016390";"172 335";"B01";"2";"7";"0";"2";"8";"17";"1";""
"202100016390";"172 336";"A01";"2";"32";"0";"2";"2";"17";"1";""
"202100016391";"172 334";"A01";"0";"1";"0";"0";"0";"1";"5";""
"202100016392";"172 332";"A01";"2";"2";"0";"2";"8";"1";"1";""
"202100016392";"172 333";"C01";"0";"10";"0";"2";"3";"15";"6";""
"202100016393";"172 330";"B01";"2";"7";"0";"2";"3";"11";"1";""
"202100016393";"172 331";"A01";"2";"7";"0";"2";"9";"1";"1";""
"202100016394";"172 328";"B01";"0";"7";"0";"0";"1";"2";"1";""
"202100016394";"172 329";"A01";"0";"7";"0";"0";"4";"2";"1";""
"202100016395";"172 327";"A01";"2";"31";"0";"1";"3";"17";"1";""
"202100016396";"172 325";"B01";"1";"7";"0";"2";"2";"12";"1";""
"202100016396";"172 326";"A01";"1";"7";"0";"2";"3";"18";"1";""
"202100016397";"172 324";"A01";"2";"7";"0";"1";"3";"19";"1";""
"202100016398";"172 323";"A01";"1";"31";"0";"6";"1";"19";"1";""
"202100016399";"172 322";"A01";"3";"33";"0";"0";"0";"1";"1";""
"202100016400";"172 321";"A01";"2";"10";"2";"0";"2";"2";"1";""
"202100016401";"172 319";"A01";"2";"10";"0";"2";"1";"1";"1";""
"202100016401";"172 320";"B01";"2";"33";"0";"2";"6";"1";"1";""
"202100016402";"172 318";"A01";"2";"30";"0";"0";"9";"1";"1";""
"202100016403";"172 317";"A01";"0";"7";"13";"0";"1";"1";"1";""
"202100016404";"172 316";"A01";"2";"7";"6";"0";"1";"14";"1";""
"202100016405";"172 315";"A01";"1";"33";"0";"0";"0";"1";"1";""
"202100016406";"172 311";"A01";"3";"3";"0";"2";"8";"1";"3";""
"202100016406";"172 312";"B01";"3";"34";"0";"2";"3";"1";"1";""
"202100016406";"172 313";"C01";"3";"32";"0";"2";"8";"1";"1";""
"202100016406";"172 314";"D01";"3";"10";"0";"2";"3";"1";"1";""
"202100016407";"172 309";"B01";"2";"7";"0";"0";"4";"2";"1";""
"202100016407";"172 310";"A01";"2";"7";"0";"2";"1";"2";"1";""
"202100016408";"172 308";"A01";"3";"7";"6";"0";"2";"1";"1";""
"202100016409";"172 306";"B01";"2";"7";"0";"2";"6";"1";"1";""
"202100016409";"172 307";"A01";"1";"10";"0";"2";"3";"13";"1";""
"202100016410";"172 304";"A01";"1";"2";"0";"2";"1";"16";"1";""
"202100016410";"172 305";"B01";"1";"7";"0";"2";"7";"1";"1";""
"202100016411";"172 303";"A01";"1";"7";"2";"0";"7";"13";"1";""
"202100016412";"172 300";"C01";"2";"7";"4";"2";"7";"2";"1";""
"202100016412";"172 301";"B01";"2";"38";"0";"2";"6";"23";"1";"1"
"202100016412";"172 302";"A01";"2";"7";"0";"2";"2";"21";"1";""
"202100016413";"172 297";"C01";"1";"10";"0";"2";"3";"1";"1";""
"202100016413";"172 298";"A01";"1";"33";"0";"2";"1";"17";"1";""
"202100016413";"172 299";"B01";"2";"7";"0";"2";"3";"1";"1";""
"202100016414";"172 296";"A01";"1";"20";"0";"0";"2";"1";"1";""
"202100016415";"172 295";"A01";"1";"38";"0";"0";"1";"1";"1";"28"
"202100016416";"172 294";"A01";"1";"7";"8";"0";"0";"1";"1";""
"202100016417";"172 293";"A01";"1";"80";"0";"1";"1";"1";"3";""
"202100016418";"172 291";"A01";"3";"21";"0";"9";"3";"26";"1";""
"202100016418";"172 292";"B01";"1";"1";"0";"2";"0";"11";"6";""
"202100016419";"172 290";"A01";"3";"33";"0";"0";"0";"1";"1";""
"202100016420";"172 288";"B01";"1";"33";"0";"2";"1";"1";"1";""
"202100016420";"172 289";"A01";"2";"7";"0";"2";"3";"13";"1";""
"202100016421";"172 286";"A01";"2";"7";"0";"2";"1";"1";"1";""
"202100016421";"172 287";"B01";"2";"1";"0";"2";"4";"9";"5";""
"202100016422";"172 285";"A01";"1";"7";"0";"1";"0";"1";"1";""
"202100016423";"172 282";"C01";"1";"10";"0";"2";"1";"2";"1";""
"202100016423";"172 283";"B01";"1";"7";"0";"2";"4";"2";"1";""
"202100016423";"172 284";"A01";"1";"7";"0";"2";"4";"1";"1";""
"202100016424";"172 278";"D01";"2";"10";"0";"2";"1";"2";"1";""
"202100016424";"172 279";"C01";"2";"7";"0";"2";"4";"2";"1";""
"202100016424";"172 280";"B01";"2";"7";"0";"2";"4";"2";"1";""
"202100016424";"172 281";"A01";"2";"7";"0";"2";"4";"2";"1";""
"202100016425";"172 276";"B01";"1";"10";"0";"2";"4";"2";"1";""
"202100016425";"172 277";"A01";"1";"7";"0";"2";"1";"2";"1";""
"202100016426";"172 275";"A01";"1";"7";"0";"0";"0";"26";"1";""
"202100016427";"172 272";"A01";"2";"43";"0";"2";"7";"3";"1";""
"202100016427";"172 273";"B01";"2";"7";"0";"2";"8";"1";"3";""
"202100016427";"172 274";"C01";"2";"10";"0";"2";"8";"12";"1";""
"202100016428";"172 270";"B01";"2";"33";"0";"2";"7";"12";"1";""
"202100016428";"172 271";"A01";"2";"33";"0";"2";"1";"3";"1";""
"202100016429";"172 268";"B01";"2";"7";"0";"2";"4";"0";"1";""
"202100016429";"172 269";"A01";"2";"7";"0";"2";"1";"26";"1";""
"202100016430";"172 266";"A01";"1";"7";"0";"2";"1";"1";"0";""
"202100016430";"172 267";"B01";"1";"10";"0";"2";"4";"1";"0";""
"202100016431";"172 264";"Z01";"1";"7";"0";"2";"4";"26";"1";""
"202100016431";"172 265";"A01";"1";"7";"0";"2";"1";"12";"1";""
"202100016432";"172 262";"B01";"2";"33";"0";"2";"4";"3";"3";""
"202100016432";"172 263";"A01";"2";"33";"0";"2";"1";"3";"1";""
"202100016433";"172 260";"B01";"2";"10";"0";"2";"4";"1";"1";""
"202100016433";"172 261";"A01";"2";"7";"0";"2";"1";"1";"1";""
"202100016434";"172 258";"A01";"1";"32";"0";"2";"1";"2";"1";""
"202100016434";"172 259";"B01";"1";"3";"0";"2";"4";"12";"1";""
"202100016435";"172 256";"A01";"2";"7";"0";"2";"6";"2";"1";""
"202100016435";"172 257";"B01";"2";"17";"0";"2";"2";"14";"1";""
"202100016436";"172 250";"F01";"2";"7";"0";"2";"8";"9";"1";""
"202100016436";"172 251";"D01";"2";"10";"0";"2";"9";"2";"1";""
"202100016436";"172 252";"E01";"2";"10";"0";"2";"9";"2";"1";""
"202100016436";"172 253";"A01";"2";"14";"0";"2";"1";"1";"1";""
"202100016436";"172 254";"B01";"2";"7";"0";"2";"9";"2";"1";""
"202100016436";"172 255";"C01";"2";"7";"0";"2";"9";"2";"1";""
"202100016437";"172 249";"A01";"2";"7";"0";"1";"1";"0";"1";""
"202100016438";"172 247";"A01";"1";"7";"0";"2";"3";"1";"1";""
"202100016438";"172 248";"B01";"2";"10";"0";"2";"8";"0";"1";""
"202100016439";"172 245";"B01";"2";"2";"0";"2";"4";"1";"0";""
"202100016439";"172 246";"A01";"2";"10";"0";"2";"4";"1";"1";""
"202100016440";"172 242";"A01";"1";"7";"0";"1";"1";"1";"1";""
"202100016441";"172 239";"C01";"1";"7";"0";"2";"4";"1";"1";""
"202100016441";"172 240";"B01";"1";"7";"0";"2";"4";"1";"1";""
"202100016441";"172 241";"A01";"1";"7";"0";"2";"1";"1";"1";""
"202100016442";"172 238";"A01";"1";"7";"0";"1";"2";"1";"1";""
"202100016443";"172 237";"A01";"1";"7";"0";"1";"2";"13";"1";""
"202100016444";"172 235";"A01";"1";"14";"1";"0";"2";"1";"1";""
"202100016444";"172 236";"B01";"1";"10";"0";"2";"6";"24";"1";""
"202100016445";"172 234";"A01";"3";"7";"0";"1";"1";"2";"1";""
"202100016446";"172 232";"A01";"1";"7";"0";"2";"1";"1";"1";""
"202100016446";"172 233";"B01";"1";"7";"0";"0";"4";"1";"1";""
"202100016447";"172 229";"A01";"2";"7";"0";"2";"1";"2";"1";""
"202100016447";"172 230";"B01";"2";"7";"0";"2";"4";"2";"1";""
"202100016447";"172 231";"C01";"2";"7";"0";"2";"4";"2";"1";""
"202100016448";"172 228";"A01";"1";"7";"0";"1";"1";"15";"1";""
"202100016449";"172 226";"A01";"2";"7";"4";"0";"3";"13";"1";""
"202100016449";"172 227";"B01";"2";"7";"14";"0";"2";"2";"1";""
"202100016450";"172 225";"A01";"2";"7";"2";"0";"1";"1";"1";""
"202100016451";"172 223";"B01";"2";"7";"0";"2";"1";"1";"1";""
"202100016451";"172 224";"A01";"2";"7";"0";"2";"1";"9";"1";""
"202100016452";"172 222";"A01";"3";"7";"0";"1";"7";"1";"1";""
"202100016453";"172 219";"A01";"0";"7";"0";"1";"4";"4";"2";""
"202100016454";"172 216";"C01";"1";"7";"0";"2";"4";"2";"1";""
"202100016454";"172 217";"A01";"1";"7";"0";"2";"1";"2";"1";""
"202100016454";"172 218";"B01";"1";"7";"0";"2";"4";"1";"1";""
"202100016455";"172 214";"B01";"2";"2";"0";"2";"1";"2";"1";""
"202100016455";"172 215";"A01";"2";"7";"0";"2";"3";"10";"1";""
"202100016456";"172 212";"A01";"2";"7";"0";"0";"2";"2";"1";""
"202100016456";"172 213";"B01";"2";"1";"0";"2";"8";"19";"5";""
"202100016457";"172 210";"B01";"3";"1";"0";"2";"8";"0";"5";""
"202100016457";"172 211";"A01";"3";"7";"0";"9";"1";"16";"0";""
"202100016458";"172 208";"B01";"3";"7";"0";"2";"1";"20";"1";""
"202100016458";"172 209";"A01";"3";"7";"0";"2";"1";"3";"1";""
"202100016459";"172 207";"B01";"3";"32";"0";"2";"7";"1";"1";""
"202100016460";"172 205";"B01";"0";"7";"0";"0";"4";"2";"1";""
"202100016460";"172 206";"A01";"0";"7";"0";"2";"1";"2";"1";""
"202100016461";"172 203";"B01";"2";"7";"0";"2";"1";"13";"1";""
"202100016461";"172 204";"A01";"2";"7";"0";"2";"1";"15";"1";""
"202100016462";"172 201";"A01";"0";"7";"0";"2";"1";"1";"1";""
"202100016462";"172 202";"B01";"0";"31";"0";"2";"1";"1";"1";""
"202100016463";"172 200";"A01";"1";"7";"0";"0";"0";"1";"1";""
"202100016464";"172 198";"A01";"2";"33";"0";"2";"1";"17";"1";""
"202100016464";"172 199";"B01";"2";"7";"0";"2";"1";"15";"1";""
"202100016465";"172 196";"A01";"2";"7";"0";"2";"1";"19";"1";""
"202100016465";"172 197";"B01";"1";"7";"0";"2";"8";"1";"1";""
"202100016466";"172 194";"A01";"1";"30";"0";"2";"1";"1";"1";""
"202100016466";"172 195";"B01";"2";"7";"0";"2";"3";"15";"1";""
"202100016467";"172 192";"A01";"1";"1";"0";"2";"5";"2";"5";""
"202100016467";"172 193";"B01";"1";"50";"0";"2";"1";"2";"3";""
"202100016468";"172 190";"A01";"1";"10";"0";"2";"2";"9";"3";""
"202100016468";"172 191";"B01";"2";"1";"0";"2";"1";"25";"5";""
"202100016469";"172 187";"A01";"1";"10";"0";"2";"1";"1";"1";""
"202100016469";"172 188";"C01";"1";"10";"0";"2";"4";"1";"1";""
"202100016469";"172 189";"B01";"1";"7";"0";"2";"4";"1";"1";""
"202100016470";"172 186";"A01";"1";"2";"0";"2";"1";"2";"1";""
"202100016471";"172 185";"A01";"1";"99";"8";"0";"2";"13";"1";""
"202100016472";"172 183";"B01";"3";"7";"0";"2";"4";"2";"1";""
"202100016472";"172 184";"A01";"3";"7";"0";"2";"1";"2";"0";""
"202100016473";"172 182";"A01";"2";"7";"0";"1";"1";"1";"1";""
"202100016474";"172 180";"B01";"3";"7";"0";"2";"8";"19";"1";""
"202100016474";"172 181";"A01";"3";"80";"0";"2";"1";"19";"3";""
"202100016475";"172 178";"A01";"1";"60";"0";"2";"7";"1";"5";""
"202100016475";"172 179";"B01";"2";"7";"0";"2";"1";"9";"1";""
"202100016476";"172 176";"B01";"3";"33";"0";"2";"1";"1";"1";""
"202100016476";"172 177";"A01";"3";"7";"0";"2";"8";"9";"1";""
"202100016477";"172 174";"A01";"3";"32";"0";"2";"7";"19";"1";""
"202100016477";"172 175";"B01";"2";"7";"0";"2";"1";"1";"1";""
"202100016478";"172 173";"A01";"2";"7";"0";"1";"1";"1";"1";""
"202100016479";"172 169";"C01";"2";"7";"0";"2";"4";"2";"1";""
"202100016479";"172 170";"A01";"2";"7";"0";"2";"1";"2";"1";""
"202100016479";"172 171";"B01";"2";"7";"0";"0";"4";"2";"1";""
"202100016479";"172 172";"D01";"2";"10";"0";"0";"4";"2";"1";""
"202100016480";"172 167";"A01";"1";"7";"0";"2";"8";"19";"1";""
"202100016480";"172 168";"B01";"2";"31";"0";"2";"1";"1";"1";""
"202100016481";"172 166";"A01";"1";"7";"0";"1";"1";"26";"1";""
"202100016482";"172 164";"B01";"1";"3";"0";"2";"0";"0";"1";""
"202100016482";"172 165";"A01";"1";"3";"0";"2";"1";"26";"3";""
"202100016483";"172 163";"A01";"3";"7";"2";"0";"1";"13";"1";""
"202100016484";"172 162";"A01";"2";"30";"12";"0";"1";"13";"1";""
"202100016485";"172 160";"B01";"2";"7";"0";"2";"4";"1";"2";""
"202100016485";"172 161";"A01";"2";"7";"0";"2";"1";"2";"1";""
"202100016486";"172 158";"B01";"1";"33";"0";"2";"1";"1";"1";""
"202100016486";"172 159";"A01";"2";"7";"0";"2";"3";"15";"1";""
"202100016487";"172 156";"B01";"1";"7";"0";"2";"6";"1";"1";""
"202100016487";"172 157";"A01";"1";"7";"0";"2";"1";"1";"1";""
"202100016488";"172 154";"A01";"1";"10";"0";"2";"3";"9";"1";""
"202100016488";"172 155";"B01";"1";"7";"0";"2";"2";"21";"1";""
"202100016489";"172 153";"A01";"3";"7";"15";"0";"2";"1";"1";""
"202100016490";"172 151";"B01";"1";"1";"0";"2";"2";"2";"5";""
"202100016490";"172 152";"A01";"1";"7";"0";"2";"2";"14";"1";""
"202100016491";"172 150";"A01";"1";"7";"0";"1";"3";"9";"1";""
"202100016492";"172 148";"B01";"2";"50";"0";"2";"1";"1";"3";""
"202100016492";"172 149";"A01";"1";"99";"0";"2";"3";"9";"0";""
"202100016493";"172 146";"B01";"3";"30";"0";"9";"1";"26";"1";""
"202100016493";"172 147";"A01";"3";"30";"0";"9";"0";"26";"1";""
"202100016494";"172 144";"A01";"1";"7";"0";"2";"2";"26";"2";""
"202100016494";"172 145";"B01";"3";"1";"0";"2";"7";"26";"5";""
"202100016495";"172 142";"A01";"1";"7";"0";"2";"3";"26";"1";""
"202100016495";"172 143";"B01";"1";"7";"0";"2";"2";"26";"1";""
"202100016496";"172 140";"B01";"1";"7";"0";"2";"1";"26";"1";""
"202100016496";"172 141";"A01";"1";"7";"0";"2";"1";"26";"1";""
"202100016497";"172 138";"B01";"1";"7";"0";"2";"0";"0";"1";""
"202100016497";"172 139";"A01";"1";"1";"0";"2";"5";"19";"5";""
"202100016498";"172 137";"A01";"1";"33";"11";"0";"1";"26";"1";""
"202100016499";"172 136";"A01";"1";"7";"0";"1";"1";"1";"1";""
"202100016500";"172 135";"A01";"2";"7";"1";"0";"1";"1";"1";""
"202100016501";"172 134";"A01";"1";"30";"0";"0";"8";"0";"1";""
"202100016502";"172 133";"A01";"1";"1";"0";"1";"1";"1";"5";""
"202100016503";"172 130";"B01";"1";"7";"0";"2";"4";"1";"1";""
"202100016503";"172 131";"A01";"1";"2";"0";"2";"1";"0";"1";""
"202100016503";"172 132";"C01";"1";"1";"0";"2";"1";"19";"5";""
"202100016504";"172 128";"B01";"1";"7";"0";"2";"1";"23";"1";""
"202100016504";"172 129";"A01";"1";"7";"9";"2";"1";"1";"1";""
"202100016505";"172 126";"A01";"1";"7";"0";"2";"1";"15";"1";""
"202100016505";"172 127";"B01";"2";"1";"0";"2";"3";"1";"5";""
"202100016506";"172 124";"A01";"3";"7";"0";"2";"3";"9";"1";""
"202100016506";"172 125";"B01";"3";"3";"0";"2";"7";"1";"1";""
"202100016507";"172 122";"B01";"3";"7";"0";"2";"0";"1";"1";""
"202100016507";"172 123";"A01";"3";"7";"0";"2";"1";"15";"1";""
"202100016508";"172 120";"B01";"2";"7";"0";"2";"8";"24";"1";""
"202100016508";"172 121";"A01";"2";"7";"1";"0";"5";"20";"1";""
"202100016509";"172 117";"B01";"3";"7";"0";"2";"1";"1";"1";""
"202100016509";"172 118";"A01";"3";"7";"0";"2";"1";"0";"1";""
"202100016509";"172 119";"C01";"3";"7";"0";"2";"1";"1";"1";""
"202100016510";"172 115";"A01";"3";"80";"16";"2";"7";"19";"3";""
"202100016510";"172 116";"B01";"3";"33";"0";"9";"1";"1";"1";""
"202100016511";"172 113";"A01";"0";"7";"0";"2";"2";"1";"1";""
"202100016511";"172 114";"Z01";"0";"43";"0";"2";"1";"3";"1";""
"202100016512";"172 111";"A01";"1";"7";"0";"2";"3";"0";"1";""
"202100016512";"172 112";"B01";"1";"7";"0";"2";"5";"1";"1";""
"202100016513";"172 109";"A01";"1";"2";"0";"2";"3";"15";"1";""
"202100016513";"172 110";"B01";"1";"7";"0";"2";"3";"1";"1";""
"202100016514";"172 108";"A01";"3";"7";"8";"0";"1";"1";"0";""
"202100016515";"172 106";"B01";"1";"7";"0";"2";"6";"2";"1";""
"202100016515";"172 107";"A01";"1";"30";"0";"2";"1";"2";"1";""
"202100016516";"172 104";"B01";"1";"1";"0";"2";"1";"1";"5";""
"202100016516";"172 105";"A01";"1";"7";"0";"2";"0";"1";"1";""
"202100016517";"172 102";"A01";"2";"50";"0";"2";"1";"1";"3";""
"202100016517";"172 103";"B01";"2";"7";"0";"2";"6";"19";"1";""
"202100016518";"172 101";"A01";"1";"7";"1";"0";"2";"1";"1";""
"202100016519";"172 099";"B01";"3";"7";"0";"2";"3";"15";"1";""
"202100016519";"172 100";"A01";"3";"50";"0";"2";"1";"17";"3";""
"202100016520";"172 098";"A01";"3";"32";"0";"1";"1";"21";"1";""
"202100016521";"172 097";"A01";"1";"7";"0";"1";"1";"26";"0";""
"202100016522";"172 096";"A01";"1";"7";"0";"1";"3";"1";"0";""
"202100016523";"172 094";"B01";"3";"7";"0";"0";"0";"0";"1";""
"202100016523";"172 095";"A01";"3";"7";"1";"0";"1";"1";"1";""
"202100016524";"172 093";"A01";"2";"7";"0";"1";"1";"15";"1";""
"202100016525";"172 092";"A01";"1";"7";"0";"1";"1";"1";"1";""
"202100016526";"172 091";"A01";"2";"7";"0";"1";"2";"1";"1";""
"202100016527";"172 089";"A01";"3";"7";"0";"2";"1";"15";"1";""
"202100016527";"172 090";"B01";"1";"30";"0";"2";"1";"1";"1";""
"202100016528";"172 086";"B01";"3";"1";"0";"9";"1";"1";"6";""
"202100016528";"172 087";"A01";"3";"7";"0";"2";"1";"19";"1";""
"202100016529";"172 080";"F01";"2";"7";"0";"2";"0";"0";"1";""
"202100016529";"172 081";"E01";"2";"7";"0";"2";"4";"0";"1";""
"202100016529";"172 082";"D01";"2";"7";"0";"2";"4";"2";"1";""
"202100016529";"172 083";"C01";"2";"7";"0";"2";"4";"2";"1";""
"202100016529";"172 084";"B01";"2";"7";"0";"2";"7";"2";"1";""
"202100016529";"172 085";"A01";"2";"7";"0";"2";"7";"1";"2";""
"202100016530";"172 079";"A01";"1";"7";"1";"1";"1";"13";"1";""
"202100016531";"172 077";"A01";"2";"7";"0";"2";"1";"1";"1";""
"202100016531";"172 078";"B01";"2";"7";"0";"2";"8";"1";"1";""
"202100016532";"172 076";"A01";"2";"33";"0";"1";"1";"1";"1";""
"202100016533";"172 074";"A01";"2";"50";"0";"2";"1";"5";"3";""
"202100016533";"172 075";"B01";"1";"7";"0";"2";"8";"16";"1";""
"202100016534";"172 072";"A01";"2";"30";"0";"2";"2";"1";"1";""
"202100016534";"172 073";"B01";"1";"7";"0";"2";"3";"1";"1";""
"202100016535";"172 071";"A01";"1";"33";"0";"1";"1";"17";"1";""
"202100016536";"172 070";"A01";"1";"33";"0";"1";"3";"1";"1";""
"202100016537";"172 068";"B01";"2";"7";"0";"2";"2";"1";"1";""
"202100016537";"172 069";"A01";"2";"33";"0";"2";"6";"18";"1";""
"202100016538";"172 066";"A01";"1";"7";"0";"2";"3";"15";"2";""
"202100016538";"172 067";"B01";"2";"1";"0";"2";"1";"1";"5";""
"202100016539";"172 065";"A01";"3";"7";"0";"1";"0";"20";"3";""
"202100016540";"172 063";"B01";"1";"1";"0";"2";"1";"1";"5";""
"202100016540";"172 064";"A01";"2";"7";"0";"2";"3";"15";"1";""
"202100016541";"172 061";"A01";"2";"10";"0";"2";"7";"16";"3";""
"202100016541";"172 062";"B01";"2";"80";"0";"2";"1";"1";"3";""
"202100016542";"172 060";"A01";"2";"7";"8";"0";"3";"13";"1";""
"202100016543";"172 058";"A01";"1";"2";"0";"2";"1";"1";"1";""
"202100016543";"172 059";"B01";"1";"7";"0";"2";"5";"1";"1";""
"202100016544";"172 056";"A01";"1";"7";"0";"2";"7";"15";"1";""
"202100016544";"172 057";"B01";"2";"30";"0";"2";"1";"1";"1";""
"202100016545";"172 055";"A01";"1";"30";"0";"1";"6";"1";"1";""
"202100016546";"172 053";"A01";"3";"60";"0";"2";"3";"1";"5";""
"202100016546";"172 054";"B01";"3";"10";"0";"2";"8";"1";"1";""
"202100016547";"172 052";"A01";"1";"7";"0";"1";"7";"1";"1";""
"202100016548";"172 050";"B01";"2";"7";"0";"2";"3";"2";"1";""
"202100016548";"172 051";"A01";"1";"7";"0";"2";"2";"9";"1";""
"202100016549";"172 048";"B01";"1";"7";"0";"2";"8";"1";"1";""
"202100016549";"172 049";"A01";"1";"7";"0";"2";"1";"1";"1";""
"202100016550";"172 046";"B01";"1";"7";"0";"2";"7";"15";"1";""
"202100016550";"172 047";"A01";"2";"7";"0";"2";"1";"1";"1";""
"202100016551";"172 044";"A01";"2";"7";"0";"2";"1";"16";"0";""
"202100016551";"172 045";"B01";"3";"32";"0";"2";"7";"1";"1";""
"202100016552";"172 042";"B01";"2";"32";"0";"2";"0";"0";"1";""
"202100016552";"172 043";"A01";"3";"7";"0";"2";"2";"15";"1";""
"202100016553";"172 041";"A01";"1";"1";"0";"1";"1";"1";"5";""
"202100016554";"172 040";"A01";"1";"7";"0";"1";"2";"1";"1";""
"202100016555";"172 039";"A01";"1";"7";"0";"1";"3";"1";"1";""
"202100016556";"172 038";"A01";"2";"3";"0";"1";"3";"2";"1";""
"202100016557";"172 036";"A01";"2";"1";"0";"2";"1";"1";"5";""
"202100016557";"172 037";"B01";"1";"7";"0";"2";"3";"1";"1";""
"202100016558";"172 034";"B01";"2";"50";"0";"2";"0";"0";"3";""
"202100016558";"172 035";"A01";"2";"7";"0";"2";"8";"24";"1";""
"202100016559";"172 032";"A01";"1";"30";"0";"2";"8";"13";"1";""
"202100016559";"172 033";"B01";"1";"7";"0";"2";"7";"1";"1";""
"202100016560";"172 030";"B01";"1";"13";"0";"2";"2";"1";"4";""
"202100016560";"172 031";"A01";"1";"33";"0";"2";"1";"21";"1";""
"202100016561";"172 029";"A01";"1";"1";"0";"1";"1";"1";"5";""
"202100016562";"172 027";"B01";"0";"60";"0";"2";"7";"19";"5";""
"202100016562";"172 028";"A01";"1";"7";"0";"2";"3";"1";"1";""
"202100016563";"172 026";"A01";"3";"7";"9";"1";"0";"26";"1";""
"202100016564";"172 022";"C01";"2";"10";"0";"2";"3";"1";"1";""
"202100016564";"172 023";"B01";"2";"15";"0";"2";"3";"1";"1";""
"202100016564";"172 024";"D01";"2";"15";"0";"2";"1";"1";"1";""
"202100016564";"172 025";"A01";"1";"15";"0";"2";"3";"1";"1";""
"202100016565";"172 021";"A01";"2";"10";"9";"1";"2";"1";"1";""
"202100016566";"172 019";"A01";"1";"7";"0";"0";"4";"2";"1";""
"202100016566";"172 020";"B01";"1";"7";"0";"2";"1";"2";"1";""
"202100016567";"172 018";"A01";"1";"33";"0";"6";"1";"1";"1";""
"202100016568";"172 016";"B01";"2";"38";"0";"2";"3";"1";"1";"1"
"202100016568";"172 017";"A01";"1";"7";"0";"2";"3";"1";"1";""
"202100016569";"172 014";"B01";"2";"7";"9";"0";"2";"0";"1";""
"202100016569";"172 015";"A01";"2";"7";"0";"2";"3";"0";"1";""
"202100016570";"172 013";"A01";"1";"7";"0";"0";"9";"1";"1";""
"202100016571";"172 011";"B01";"1";"10";"0";"2";"3";"13";"1";""
"202100016571";"172 012";"A01";"2";"7";"0";"2";"3";"1";"1";""
"202100016572";"172 010";"A01";"2";"1";"0";"0";"0";"1";"5";""
"202100016573";"172 008";"A01";"0";"7";"0";"2";"1";"1";"1";""
"202100016573";"172 009";"B01";"0";"7";"0";"2";"3";"19";"1";""
"202100016574";"172 007";"A01";"1";"7";"0";"1";"7";"1";"1";""
"202100016575";"172 003";"B01";"1";"7";"0";"2";"3";"13";"1";""
"202100016575";"172 004";"A01";"2";"7";"0";"2";"1";"1";"1";""
"202100016576";"172 002";"A01";"1";"7";"0";"1";"2";"1";"1";""
"202100016577";"172 001";"A01";"1";"2";"0";"0";"7";"1";"1";""
"202100016578";"171 999";"A01";"2";"7";"0";"2";"2";"19";"1";""
"202100016578";"172 000";"B01";"1";"7";"0";"2";"3";"1";"1";""
"202100016579";"171 997";"B01";"3";"33";"0";"2";"1";"17";"1";""
"202100016579";"171 998";"A01";"3";"7";"0";"2";"8";"15";"1";""