"Num_Acc";"id_vehicule";"num_veh";"senc";"catv";"obs";"obsm";"choc";"manv";"motor";"occutc"
"202100017841";"169 729";"A01";"0";"2";"0";"2";"1";"2";"1";""
"202100017842";"169 727";"A01";"0";"7";"1";"0";"2";"14";"1";""
"202100017843";"169 725";"B01";"0";"50";"0";"2";"1";"26";"3";""
"202100017843";"169 726";"A01";"0";"7";"0";"2";"3";"26";"1";""
"202100017844";"169 723";"A01";"1";"7";"0";"2";"6";"1";"1";""
"202100017844";"169 724";"B01";"1";"2";"0";"9";"6";"1";"3";""
"202100017845";"169 721";"A01";"2";"7";"0";"2";"1";"2";"1";""
"202100017845";"169 722";"B01";"2";"7";"0";"2";"4";"1";"1";""
"202100017846";"169 720";"A01";"1";"7";"0";"1";"1";"1";"1";""
"202100017847";"169 718";"B01";"0";"7";"0";"2";"4";"26";"1";""
"202100017847";"169 719";"A01";"3";"2";"0";"2";"1";"1";"1";""
"202100017848";"169 716";"B01";"2";"7";"0";"2";"1";"1";"1";""
"202100017848";"169 717";"A01";"1";"7";"0";"2";"1";"13";"1";""
"202100017849";"169 714";"B01";"2";"7";"0";"2";"4";"1";"1";""
"202100017849";"169 715";"A01";"2";"7";"0";"2";"3";"10";"1";""
"202100017850";"169 712";"A01";"1";"1";"0";"2";"4";"19";"5";""
"202100017850";"169 713";"B01";"1";"7";"0";"2";"8";"1";"1";""
"202100017851";"169 710";"B01";"1";"10";"0";"2";"4";"1";"1";""
"202100017851";"169 711";"A01";"1";"31";"0";"2";"1";"1";"1";""
"202100017852";"169 708";"A01";"2";"7";"0";"2";"7";"10";"1";""
"202100017852";"169 709";"B01";"1";"34";"0";"2";"1";"1";"1";""
"202100017853";"169 706";"B01";"1";"7";"0";"2";"4";"1";"1";""
"202100017853";"169 707";"A01";"1";"7";"0";"2";"1";"2";"1";""
"202100017854";"169 705";"A01";"3";"30";"1";"0";"0";"26";"0";""
"202100017855";"169 703";"B01";"1";"7";"0";"2";"4";"2";"1";""
"202100017855";"169 704";"A01";"1";"7";"0";"2";"1";"2";"1";""
"202100017856";"169 701";"A01";"1";"7";"0";"2";"1";"2";"1";""
"202100017856";"169 702";"B01";"2";"7";"0";"2";"8";"15";"0";""
"202100017857";"169 699";"B01";"1";"30";"0";"2";"1";"1";"1";""
"202100017857";"169 700";"A01";"1";"7";"0";"2";"3";"15";"1";""
"202100017858";"169 697";"B01";"1";"30";"0";"2";"1";"1";"1";""
"202100017858";"169 698";"A01";"1";"7";"0";"2";"3";"9";"1";""
"202100017859";"169 696";"A01";"1";"7";"0";"1";"3";"1";"1";""
"202100017860";"169 695";"A01";"3";"7";"8";"0";"1";"26";"3";""
"202100017861";"169 694";"A01";"2";"7";"15";"0";"3";"13";"1";""
"202100017862";"169 692";"A01";"1";"7";"0";"2";"1";"15";"1";""
"202100017862";"169 693";"B01";"3";"2";"0";"2";"1";"1";"1";""
"202100017863";"169 690";"A01";"3";"7";"0";"2";"1";"9";"1";""
"202100017863";"169 691";"B01";"3";"7";"0";"2";"7";"1";"1";""
"202100017864";"169 688";"B01";"3";"7";"0";"2";"3";"21";"1";""
"202100017864";"169 689";"A01";"3";"7";"0";"2";"2";"9";"1";""
"202100017865";"169 686";"B01";"3";"2";"0";"2";"1";"16";"1";""
"202100017865";"169 687";"A01";"3";"7";"0";"2";"2";"15";"1";""
"202100017866";"169 684";"B01";"0";"7";"0";"2";"1";"1";"1";""
"202100017866";"169 685";"A01";"0";"7";"0";"2";"6";"1";"1";""
"202100017867";"169 682";"A01";"2";"30";"0";"2";"1";"5";"1";""
"202100017867";"169 683";"B01";"1";"30";"0";"2";"1";"1";"1";""
"202100017868";"169 681";"A01";"3";"32";"0";"2";"1";"1";"1";""
"202100017869";"169 679";"B01";"3";"7";"0";"2";"8";"14";"1";""
"202100017869";"169 680";"A01";"3";"7";"0";"2";"3";"13";"1";""
"202100017870";"169 678";"A01";"2";"99";"8";"0";"2";"26";"0";""
"202100017871";"169 677";"A01";"2";"33";"9";"1";"1";"9";"1";""
"202100017872";"169 675";"A01";"2";"31";"0";"2";"1";"3";"1";""
"202100017872";"169 676";"B01";"1";"7";"0";"2";"8";"15";"1";""
"202100017873";"169 674";"A01";"1";"7";"0";"1";"2";"26";"1";""
"202100017874";"169 673";"Z01";"1";"34";"0";"1";"1";"1";"0";""
"202100017875";"169 671";"B01";"2";"43";"0";"2";"0";"18";"1";""
"202100017875";"169 672";"A01";"2";"7";"0";"2";"2";"16";"1";""
"202100017876";"169 670";"A01";"1";"7";"12";"0";"2";"9";"1";""
"202100017877";"169 668";"B01";"1";"7";"0";"2";"1";"15";"1";""
"202100017877";"169 669";"A01";"2";"50";"0";"2";"1";"1";"3";""
"202100017878";"169 667";"A01";"2";"1";"0";"1";"1";"1";"5";""
"202100017879";"169 665";"A01";"3";"7";"0";"2";"2";"1";"1";""
"202100017879";"169 666";"B01";"2";"33";"0";"2";"3";"1";"1";""
"202100017880";"169 663";"B01";"2";"32";"0";"2";"7";"1";"1";""
"202100017880";"169 664";"A01";"2";"14";"0";"2";"1";"1";"1";""
"202100017881";"169 661";"B01";"1";"33";"0";"2";"8";"1";"1";""
"202100017881";"169 662";"A01";"2";"7";"0";"0";"2";"15";"5";""
"202100017882";"169 659";"B01";"2";"37";"0";"2";"1";"1";"1";"2"
"202100017882";"169 660";"A01";"1";"7";"0";"2";"2";"1";"1";""
"202100017883";"169 657";"A01";"1";"7";"0";"2";"2";"15";"1";""
"202100017883";"169 658";"B01";"2";"7";"0";"2";"3";"1";"1";""
"202100017884";"169 655";"A01";"0";"7";"0";"2";"6";"24";"1";""
"202100017884";"169 656";"B01";"1";"10";"1";"2";"2";"14";"3";""
"202100017885";"169 653";"A01";"2";"7";"0";"2";"1";"2";"1";""
"202100017885";"169 654";"B01";"2";"7";"0";"0";"4";"1";"1";""
"202100017886";"169 651";"B01";"2";"30";"0";"2";"1";"1";"1";""
"202100017886";"169 652";"A01";"1";"7";"0";"2";"3";"15";"1";""
"202100017887";"169 649";"B01";"2";"7";"0";"2";"1";"15";"1";""
"202100017887";"169 650";"A01";"1";"10";"0";"2";"1";"1";"1";""
"202100017888";"169 647";"B01";"1";"7";"0";"2";"6";"2";"1";""
"202100017888";"169 648";"A01";"1";"7";"0";"2";"2";"2";"1";""
"202100017889";"169 645";"B01";" -1";"32";"0";"2";"1";"26";"1";""
"202100017889";"169 646";"A01";"0";"99";"0";"0";"0";"0";" -1";""
"202100017890";"169 644";"A01";"2";"7";"0";"1";"7";"19";"0";""
"202100017891";"169 643";"A01";"0";"1";"0";"0";"0";"26";"5";""
"202100017892";"169 641";"A01";"0";"7";"0";"1";"1";"26";"0";""
"202100017892";"169 642";"Y01";"0";"60";"0";"2";"0";"0";"5";""
"202100017893";"169 639";"B01";"1";"7";"0";"2";"2";"1";"1";""
"202100017893";"169 640";"A01";"1";"7";"0";"2";"8";"9";"1";""
"202100017894";"169 637";"A01";"0";"33";"0";"2";"1";"1";"1";""
"202100017894";"169 638";"B01";"0";"7";"0";"2";"2";"9";"1";""
"202100017895";"169 634";"A01";"1";"2";"1";"2";"1";"1";"1";""
"202100017895";"169 635";"B01";"1";"1";"0";"2";"3";"15";"5";""
"202100017895";"169 636";"C01";"1";"7";"0";"2";"6";"24";"2";""
"202100017896";"169 632";"A01";"2";"7";"0";"2";"1";"1";"1";""
"202100017896";"169 633";"B01";"2";"7";"0";"2";"4";"23";"1";""
"202100017897";"169 630";"A01";"3";"7";"0";"2";"2";"2";"1";""
"202100017897";"169 631";"B01";"3";"34";"0";"2";"4";"1";"0";""
"202100017898";"169 628";"A01";"1";"30";"0";"2";"2";"1";"1";""
"202100017898";"169 629";"B01";"2";"10";"0";"2";"2";"15";"1";""
"202100017899";"169 626";"A01";"1";"7";"14";"2";"0";"0";"0";""
"202100017899";"169 627";"B01";"1";"2";"0";"2";"1";"0";"1";""
"202100017900";"169 623";"B01";"1";"7";"0";"0";"0";"15";"0";""
"202100017900";"169 624";"A01";"1";"30";"0";"2";"8";"1";"1";""
"202100017901";"169 621";"B01";"1";"7";"0";"2";"4";"1";"1";""
"202100017901";"169 622";"A01";"1";"14";"0";"2";"1";"2";"1";""
"202100017902";"169 620";"A01";"1";"7";"0";"1";"8";"1";"1";""
"202100017903";"169 619";"A01";"1";"31";"0";"1";"1";"1";"1";""
"202100017904";"169 616";"A01";"2";"7";"0";"2";"1";"2";"1";""
"202100017904";"169 617";"B01";"2";"7";"0";"2";"4";"1";"1";""
"202100017904";"169 618";"C01";"2";"7";"0";"2";"4";"1";"1";""
"202100017905";"169 615";"A01";"1";"7";"0";"1";"2";"1";"1";""
"202100017906";"169 613";"A01";"3";"7";"0";"1";"1";"15";"1";""
"202100017907";"169 612";"A01";"1";"7";"3";"0";"8";"13";"1";""
"202100017908";"169 611";"A01";"1";"7";"2";"0";"0";"1";"1";""
"202100017909";"169 609";"A01";"1";"2";"0";"2";"7";"1";"1";""
"202100017909";"169 610";"B01";"2";"7";"0";"2";"3";"1";"1";""
"202100017910";"169 608";"A01";"1";"7";"0";"0";"0";"1";"1";""
"202100017911";"169 607";"A01";"0";"7";"0";"1";"4";"20";"1";""
"202100017912";"169 605";"A01";"0";"7";"0";"2";"3";"0";"1";""
"202100017912";"169 606";"B01";"3";"7";"0";"2";"1";"17";"1";""
"202100017913";"169 603";"A01";"2";"7";"0";"2";"1";"13";"1";""
"202100017913";"169 604";"B01";"1";"7";"0";"2";"1";"1";"1";""
"202100017914";"169 602";"A01";"1";"7";"2";"0";"3";"13";"1";""
"202100017915";"169 599";"C01";"2";"7";"0";"2";"8";"1";"1";""
"202100017915";"169 600";"B01";"2";"7";"0";"2";"4";"2";"1";""
"202100017915";"169 601";"A01";"2";"7";"0";"2";"1";"2";"1";""
"202100017916";"169 597";"B01";"2";"10";"0";"2";"1";"2";"1";""
"202100017916";"169 598";"A01";"2";"7";"4";"2";"0";"1";"1";""
"202100017917";"169 595";"A01";"2";"7";"0";"0";"3";"15";"1";""
"202100017917";"169 596";"B01";"1";"33";"0";"2";"1";"17";"1";""
"202100017918";"169 592";"A01";"2";"7";"0";"2";"5";"21";"1";""
"202100017918";"169 593";"C01";"1";"14";"0";"2";"1";"1";"1";""
"202100017918";"169 594";"B01";"2";"7";"0";"0";"6";"23";"1";""
"202100017919";"169 590";"B01";"2";"7";"0";"9";"3";"1";"1";""
"202100017919";"169 591";"A01";"1";"33";"0";"2";"0";"1";"1";""
"202100017920";"169 586";"B01";"3";"7";"0";"2";"2";"1";"1";""
"202100017920";"169 587";"A01";"3";"7";"0";"2";"3";"1";"1";""
"202100017921";"169 585";"A01";"3";"2";"13";"0";"0";"1";"1";""
"202100017922";"169 584";"A01";"2";"7";"15";"1";"3";"1";"1";""
"202100017923";"169 583";"A01";"2";"14";"0";"1";"3";"16";"0";""
"202100017924";"169 582";"A01";"1";"7";"0";"0";"3";"1";"1";""
"202100017925";"169 581";"A01";"3";"7";"0";"0";"0";"1";"1";""
"202100017926";"169 580";"A01";"3";"7";"0";"1";"1";"16";"1";""
"202100017927";"169 579";"A01";"1";"7";"0";"1";"3";"9";"1";""
"202100017928";"169 578";"A01";"1";"33";"13";"0";"1";"1";"1";""
"202100017929";"169 576";"B01";"3";"7";"0";"0";"8";"9";"1";""
"202100017929";"169 577";"A01";"3";"7";"0";"2";"1";"1";"1";""
"202100017930";"169 574";"B01";"1";"7";"3";"0";"1";"1";"1";""
"202100017930";"169 575";"A01";"1";"7";"0";"2";"1";"1";"1";""
"202100017931";"169 572";"B01";"2";"7";"0";"2";"3";"1";"1";""
"202100017931";"169 573";"A01";"1";"10";"0";"2";"1";"6";"1";""
"202100017932";"169 570";"B01";"1";"7";"0";"2";"1";"15";"1";""
"202100017932";"169 571";"A01";"2";"7";"0";"2";"1";"1";"1";""
"202100017933";"169 569";"A01";"2";"10";"13";"0";"1";"1";"1";""
"202100017934";"169 567";"B01";"2";"7";"0";"2";"2";"1";"1";""
"202100017934";"169 568";"A01";"1";"13";"0";"2";"1";"13";"1";""
"202100017935";"169 565";"B01";"2";"2";"0";"2";"1";"1";"1";""
"202100017935";"169 566";"A01";"1";"7";"0";"2";"1";"15";"1";""
"202100017936";"169 563";"B01";"1";"31";"0";"2";"1";"1";"1";""
"202100017936";"169 564";"A01";"2";"7";"0";"2";"2";"19";"1";""
"202100017937";"169 562";"A01";"3";"7";"0";"1";"1";"16";"1";""
"202100017938";"169 561";"A01";"2";"7";"16";"0";"9";"13";"1";""
"202100017939";"169 559";"A01";"2";"1";"0";"2";"1";"19";"5";""
"202100017939";"169 560";"B01";"1";"7";"0";"2";"2";"1";"1";""
"202100017940";"169 557";"B01";"3";"99";"0";"0";"7";"1";"1";""
"202100017940";"169 558";"A01";"3";"1";"0";"2";"1";"1";"5";""
"202100017941";"169 555";"B01";"2";"99";"0";"2";"3";"10";"1";""
"202100017941";"169 556";"A01";"2";"7";"0";"2";"2";"1";"1";""
"202100017942";"169 554";"A01";"2";"7";"13";"0";"1";"1";"1";""
"202100017943";"169 552";"B01";"2";"7";"0";"2";"2";"15";"1";""
"202100017943";"169 553";"A01";"1";"50";"0";"2";"8";"1";"3";""
"202100017944";"169 551";"A01";"1";"7";"2";"0";"7";"13";"1";""
"202100017945";"169 550";"A01";"1";"7";"2";"0";"1";"1";"1";""
"202100017946";"169 548";"A01";"2";"7";"0";"2";"3";"2";"1";""
"202100017946";"169 549";"B01";"2";"2";"0";"0";"4";"2";"1";""
"202100017947";"169 547";"A01";"1";"7";"0";"1";"1";"1";"1";""
"202100017948";"169 546";"A01";"0";"1";"0";"0";"0";"0";"5";""
"202100017949";"169 544";"B01";"1";"7";"0";"2";"4";"2";"1";""
"202100017949";"169 545";"A01";"1";"7";"0";"2";"1";"2";"1";""
"202100017950";"169 543";"A01";"1";"31";"3";"0";"3";"17";"1";""
"202100017951";"169 539";"D01";"2";"7";"0";"2";"1";"2";"1";""
"202100017951";"169 540";"C01";"2";"7";"0";"2";"1";"2";"1";""
"202100017951";"169 541";"B01";"2";"7";"0";"2";"4";"2";"1";""
"202100017951";"169 542";"A01";"2";"7";"0";"0";"4";"26";"1";""
"202100017952";"169 537";"A01";"2";"7";"0";"2";"6";"15";"1";""
"202100017952";"169 538";"B01";"2";"33";"0";"2";"1";"2";"1";""
"202100017953";"169 535";"B01";"1";"2";"0";"2";"1";"1";"1";""
"202100017953";"169 536";"A01";"2";"7";"0";"2";"3";"19";"1";""
"202100017954";"169 533";"B01";"0";"7";"0";"2";"3";"0";"1";""
"202100017954";"169 534";"A01";"0";"31";"0";"2";"1";"3";"1";""
"202100017955";"169 532";"A01";"3";"21";"0";"0";"0";"13";"1";""
"202100017956";"169 531";"A01";"1";"33";"12";"0";"7";"9";"1";""
"202100017957";"169 530";"A01";"2";"7";"0";"1";"1";"0";"1";""
"202100017958";"169 527";"A01";"2";"7";"0";"2";"8";"13";"1";""
"202100017958";"169 528";"B01";"2";"33";"0";"2";"7";"1";"1";""
"202100017958";"169 529";"C01";"2";"7";"0";"2";"4";"1";"1";""
"202100017959";"169 526";"A01";"1";"10";"0";"5";"1";"1";"1";""
"202100017960";"169 524";"A01";"1";"33";"0";"2";"1";"26";"1";""
"202100017960";"169 525";"B01";"1";"7";"0";"2";"4";"2";"1";""
"202100017961";"169 521";"B01";"2";"7";"0";"2";"4";"2";"1";""
"202100017961";"169 522";"C01";"2";"7";"0";"2";"4";"2";"1";""
"202100017961";"169 523";"A01";"2";"7";"0";"2";"1";"2";"1";""
"202100017962";"169 520";"A01";"1";"32";"16";"0";"8";"26";"1";""
"202100017963";"169 518";"B01";"1";"33";"0";"2";"4";"2";"1";""
"202100017963";"169 519";"A01";"1";"7";"0";"2";"1";"2";"1";""
"202100017964";"169 515";"A01";"1";"7";"0";"2";"1";"0";"1";""
"202100017964";"169 516";"B01";"1";"7";"0";"2";"4";"0";"1";""
"202100017964";"169 517";"C01";"1";"7";"0";"2";"4";"0";"1";""
"202100017965";"169 513";"B01";"1";"7";"0";"2";"4";"2";"1";""
"202100017965";"169 514";"A01";"1";"15";"0";"2";"2";"2";"1";""
"202100017966";"169 511";"A01";"1";"7";"0";"2";"6";"13";"1";""
"202100017966";"169 512";"B01";"1";"33";"0";"2";"2";"1";"1";""
"202100017967";"169 510";"A01";"2";"7";"5";"0";"1";"3";"1";""
"202100017968";"169 506";"D01";"1";"16";"0";"2";"0";"0";"1";""
"202100017968";"169 507";"C01";"1";"10";"0";"2";"6";"2";"1";""
"202100017968";"169 508";"B01";"1";"7";"0";"2";"4";"2";"1";""
"202100017968";"169 509";"A01";"1";"7";"0";"2";"2";"2";"1";""
"202100017969";"169 505";"A01";"1";"7";"6";"0";"7";"2";"1";""
"202100017970";"169 503";"A01";"2";"34";"0";"2";"7";"1";"1";""
"202100017970";"169 504";"B01";"2";"7";"0";"2";"3";"1";"1";""
"202100017971";"169 501";"B01";"1";"10";"0";"0";"2";"0";"1";""
"202100017971";"169 502";"A01";"1";"33";"0";"0";"3";"26";"1";""
"202100017972";"169 500";"A01";"2";"32";"0";"0";"0";"1";"1";""
"202100017973";"169 499";"A01";"2";"7";"4";"0";"1";"1";"1";""
"202100017974";"169 496";"B01";"2";"15";"0";"2";"9";"1";"1";""
"202100017974";"169 497";"A01";"2";"14";"0";"2";"1";"1";"1";""
"202100017974";"169 498";"C01";"2";"15";"0";"2";"4";"1";"1";""
"202100017975";"169 494";"B01";"1";"7";"0";"2";"4";"2";"1";""
"202100017975";"169 495";"A01";"1";"7";"0";"2";"1";"2";"1";""
"202100017976";"169 492";"A01";"2";"7";"0";"2";"2";"1";"1";""
"202100017976";"169 493";"B01";"3";"1";"0";"2";"1";"19";"6";""
"202100017977";"169 491";"A01";"2";"7";"0";"1";"1";"1";"1";""
"202100017978";"169 490";"A01";"2";"30";"0";"0";"8";"1";"1";""
"202100017979";"169 489";"A01";"1";"7";"0";"1";"1";"1";"1";""
"202100017980";"169 486";"A01";"1";"31";"0";"9";"8";"15";"1";""
"202100017981";"169 484";"B01";"1";"2";"0";"2";"7";"1";"1";""
"202100017981";"169 485";"A01";"1";"7";"0";"2";"7";"16";"1";""
"202100017982";"169 482";"B01";"2";"7";"0";"2";"2";"1";"1";""
"202100017982";"169 483";"A01";"2";"30";"0";"2";"8";"1";"1";""
"202100017983";"169 480";"B01";"0";"50";"0";"2";"7";"19";"3";""
"202100017983";"169 481";"A01";"1";"7";"0";"2";"3";"19";"0";""
"202100017984";"169 479";"A01";"3";"7";"6";"2";"1";"5";"1";""
"202100017985";"169 477";"B01";"2";"7";"0";"2";"3";"1";"2";""
"202100017985";"169 478";"A01";"2";"2";"0";"2";"7";"9";"1";""
"202100017986";"169 475";"A01";"1";"7";"0";"2";"1";"0";"1";""
"202100017986";"169 476";"B01";"3";"7";"0";"2";"4";"1";"3";""
"202100017987";"169 474";"A01";"1";"33";"0";"2";"7";"21";"1";""
"202100017988";"169 473";"A01";"2";"7";"0";"1";"2";"9";"1";""
"202100017989";"169 472";"A01";"1";"32";"0";"1";"1";"2";"1";""
"202100017990";"169 470";"A01";"2";"7";"0";"2";"1";"1";"1";""
"202100017990";"169 471";"B01";"1";"7";"0";"2";"4";"1";"1";""
"202100017991";"169 468";"A01";"1";"7";"0";"2";"2";"15";"0";""
"202100017991";"169 469";"B01";"2";"7";"0";"2";"1";"1";"1";""
"202100017992";"169 467";"A01";"1";"7";"2";"0";"1";"16";"1";""
"202100017993";"169 465";"A01";"1";"1";"0";"2";"1";"1";"5";""
"202100017993";"169 466";"B01";"1";"7";"0";"0";"5";"1";"1";""
"202100017994";"169 464";"A01";"2";"7";"6";"0";"1";"2";"1";""
"202100017995";"169 462";"A01";"1";"2";"0";"2";"1";"13";"1";""
"202100017995";"169 463";"B01";"0";"7";"0";"2";"6";"1";"1";""
"202100017996";"169 461";"A01";"1";"7";"0";"1";"2";"15";"1";""
"202100017997";"169 459";"B01";"2";"7";"0";"2";"2";"1";"1";""
"202100017997";"169 460";"A01";"2";"7";"0";"2";"8";"20";"1";""
"202100017998";"169 457";"A01";"1";"7";"0";"2";"1";"26";"1";""
"202100017998";"169 458";"B01";"1";"7";"0";"2";"1";"0";"1";""
"202100017999";"169 456";"A01";"1";"1";"0";"1";"1";"1";"5";""
"202100018000";"169 454";"B01";"2";"7";"0";"2";"7";"15";"3";""
"202100018000";"169 455";"A01";"1";"7";"0";"2";"1";"19";"1";""
"202100018001";"169 453";"A01";"2";"7";"0";"1";"2";"1";"1";""
"202100018002";"169 451";"A01";"2";"10";"0";"2";"1";"12";"1";""
"202100018002";"169 452";"B01";"2";"10";"2";"2";"6";"1";"1";""
"202100018003";"169 449";"A01";"1";"7";"9";"2";"2";"16";"1";""
"202100018004";"169 448";"A01";"3";"7";"0";"2";"1";"1";"1";""
"202100018005";"169 447";"A01";"1";"7";"8";"0";"3";"1";"1";""
"202100018006";"169 445";"A01";"3";"31";"0";"2";"2";"2";"1";""
"202100018006";"169 446";"B01";"3";"7";"0";"2";"3";"15";"1";""
"202100018007";"169 444";"A01";"3";"7";"12";"0";"7";"2";"1";""
"202100018008";"169 442";"A01";"1";"33";"0";"0";"4";"9";"1";""
"202100018008";"169 443";"B01";"1";"7";"0";"2";"2";"2";"1";""
"202100018009";"169 441";"A01";"1";"7";"2";"0";"8";"1";"1";""
"202100018010";"169 440";"A01";"3";"7";"7";"0";"1";"15";"1";""
"202100018011";"169 437";"C01";"2";"7";"0";"2";"4";"1";"1";""
"202100018011";"169 438";"A01";"2";"7";"0";"2";"1";"2";"1";""
"202100018011";"169 439";"B01";"2";"34";"0";"2";"4";"2";"1";""
"202100018012";"169 433";"D01";"1";"7";"0";"2";"4";"2";"1";""
"202100018012";"169 434";"C01";"1";"7";"0";"2";"5";"2";"1";""
"202100018012";"169 435";"B01";"1";"7";"0";"2";"5";"2";"1";""
"202100018012";"169 436";"A01";"1";"7";"0";"2";"3";"11";"1";""
"202100018013";"169 431";"B01";"1";"32";"0";"2";"3";"3";"1";""
"202100018013";"169 432";"A01";"1";"7";"0";"2";"2";"12";"1";""
"202100018014";"169 428";"A01";"2";"33";"0";"2";"4";"3";"1";""
"202100018014";"169 429";"B01";"2";"7";"0";"2";"8";"1";"1";""
"202100018014";"169 430";"Z01";"2";"7";"0";"2";"2";"12";"1";""
"202100018015";"169 425";"C01";"1";"7";"0";"2";"4";"2";"2";""
"202100018015";"169 426";"B01";"1";"7";"0";"2";"4";"2";"1";""
"202100018015";"169 427";"A01";"1";"7";"0";"2";"1";"2";"1";""
"202100018016";"169 421";"C01";"1";"7";"0";"2";"4";"1";"1";""
"202100018016";"169 422";"B01";"1";"7";"0";"2";"4";"2";"1";""
"202100018016";"169 423";"D01";"1";"7";"0";"2";"6";"2";"2";""
"202100018016";"169 424";"A01";"1";"7";"0";"2";"1";"2";"1";""
"202100018017";"169 420";"A01";"1";"7";"0";"1";"3";"1";"1";""
"202100018018";"169 418";"A01";"2";"7";"1";"2";"2";"1";"1";""
"202100018018";"169 419";"B01";"2";"7";"0";"2";"3";"1";"1";""
"202100018019";"169 416";"A01";"2";"7";"0";"2";"1";"2";"1";""
"202100018019";"169 417";"B01";"2";"7";"0";"2";"4";"23";"2";""
"202100018020";"169 415";"A01";"3";"7";"0";"1";"1";"1";"1";""
"202100018021";"169 414";"A01";"1";"7";"2";"0";"3";"14";"1";""
"202100018022";"169 412";"B01";"2";"32";"0";"2";"6";"18";"1";""
"202100018022";"169 413";"A01";"2";"50";"0";"2";"1";"19";"3";""
"202100018023";"169 411";"A01";"1";"30";"0";"0";"0";"1";"3";""
"202100018024";"169 410";"A01";"2";"10";"0";"1";"3";"1";"1";""
"202100018025";"169 407";"C01";"1";"7";"0";"2";"4";"2";"1";""
"202100018025";"169 408";"B01";"1";"7";"0";"2";"4";"2";"1";""
"202100018025";"169 409";"A01";"1";"7";"0";"2";"1";"2";"2";""
"202100018026";"169 404";"A01";"1";"7";"0";"2";"4";"23";"1";""
"202100018026";"169 405";"B01";"1";"7";"0";"2";"1";"23";"1";""
"202100018026";"169 406";"C01";"1";"7";"0";"2";"1";"2";"1";""
"202100018027";"169 402";"B01";"1";"7";"0";"2";"3";"16";"1";""
"202100018027";"169 403";"A01";"2";"7";"0";"2";"2";"1";"1";""
"202100018028";"169 401";"A01";"1";"1";"0";"1";"1";"1";"5";""
"202100018029";"169 400";"Z01";"1";"7";"0";"1";"4";"4";"1";""
"202100018030";"169 398";"A01";"1";"1";"0";"2";"1";"13";"5";""
"202100018030";"169 399";"B01";"2";"50";"0";"2";"1";"1";"3";""
"202100018031";"169 396";"B01";"1";"7";"0";"0";"6";"2";"1";""
"202100018031";"169 397";"A01";"1";"30";"0";"2";"1";"2";"1";""
"202100018032";"169 394";"B01";"1";"7";"1";"2";"8";"1";"2";""
"202100018032";"169 395";"A01";"1";"10";"0";"2";"1";"1";"1";""
"202100018033";"169 392";"A01";"1";"7";"0";"2";"2";"19";"0";""
"202100018033";"169 393";"B01";"1";"7";"0";"2";"3";"15";"1";""
"202100018034";"169 390";"B01";"3";"7";"0";"2";"5";"1";"1";""
"202100018034";"169 391";"A01";"3";"7";"0";"2";"3";"1";"1";""
"202100018035";"169 389";"A01";"2";"30";"0";"0";"0";"0";"1";""
"202100018036";"169 387";"A01";"2";"7";"0";"2";"1";"17";"1";""
"202100018036";"169 388";"B01";"1";"7";"0";"2";"1";"1";"1";""
"202100018037";"169 385";"A01";"3";"2";"0";"2";"3";"1";"1";""
"202100018037";"169 386";"B01";"3";"21";"0";"2";"3";"1";"1";""
"202100018038";"169 384";"A01";"2";"7";"3";"0";"0";"14";"1";""
"202100018039";"169 381";"A01";"1";"7";"0";"2";"1";"1";"1";""
"202100018039";"169 382";"B01";"1";"7";"0";"2";"4";"11";"1";""
"202100018039";"169 383";"C01";"1";"15";"0";"2";"6";"9";"1";""
"202100018040";"169 379";"A01";"2";"7";"0";"2";"3";"15";"2";""
"202100018040";"169 380";"B01";"1";"2";"2";"2";"3";"1";"1";""
"202100018041";"169 378";"A01";"2";"7";"16";"0";"1";"1";"1";""
"202100018042";"169 377";"A01";"2";"7";"0";"1";"1";"15";"1";""
"202100018043";"169 375";"A01";"2";"7";"0";"2";"1";"2";"1";""
"202100018043";"169 376";"B01";"2";"7";"0";"0";"6";"1";"1";""
"202100018044";"169 374";"A01";"2";"32";"0";"0";"0";"0";"1";""
"202100018045";"169 373";"A01";"2";"7";"2";"0";"3";"1";"1";""
"202100018046";"169 372";"A01";"1";"7";"16";"0";"0";"17";"1";""
"202100018047";"169 370";"B01";"3";"7";"0";"2";"1";"1";"1";""
"202100018047";"169 371";"A01";"3";"10";"0";"2";"8";"9";"1";""
"202100018048";"169 369";"A01";"1";"7";"15";"0";"1";"1";"1";""
"202100018049";"169 366";"C01";"2";"7";"0";"2";"3";"1";"1";""
"202100018049";"169 367";"A01";"1";"7";"0";"2";"1";"13";"1";""
"202100018049";"169 368";"B01";"2";"7";"0";"2";"3";"1";"1";""
"202100018050";"169 365";"A01";"2";"7";"0";"1";"2";"15";"1";""
"202100018051";"169 364";"A01";"2";"14";"13";"0";"7";"14";"1";""
"202100018052";"169 363";"A01";"1";"3";"6";"0";"1";"1";"1";""
"202100018053";"169 361";"B01";"2";"7";"0";"2";"8";"15";"1";""
"202100018053";"169 362";"A01";"2";"33";"0";"2";"1";"17";"1";""
"202100018054";"169 360";"A01";"1";"7";"3";"0";"7";"1";"1";""
"202100018055";"169 358";"A01";"1";"7";"0";"2";"3";"16";"1";""
"202100018055";"169 359";"B01";"1";"2";"0";"2";"2";"9";"1";""
"202100018056";"169 357";"A01";"3";"7";"0";"1";"1";"13";"1";""
"202100018057";"169 356";"A01";"1";"33";"0";"1";"1";"0";"1";""