"Num_Acc";"id_vehicule";"num_veh";"senc";"catv";"obs";"obsm";"choc";"manv";"motor";"occutc"
"202100018481";"168 597";"A01";"2";"7";"0";"0";"6";"4";"1";""
"202100018482";"168 594";"A01";"1";"7";"0";"2";"1";"2";"1";""
"202100018482";"168 595";"B01";"1";"7";"0";"0";"4";"2";"1";""
"202100018483";"168 593";"A01";"2";"10";"0";"0";"9";"1";"1";""
"202100018484";"168 592";"A01";"1";"7";"13";"0";"2";"17";"1";""
"202100018485";"168 591";"A01";"2";"7";"2";"0";"1";"13";"1";""
"202100018486";"168 588";"B01";"2";"33";"0";"2";"1";"1";"1";""
"202100018486";"168 589";"C01";"2";"33";"0";"2";"1";"1";"1";""
"202100018486";"168 590";"A01";"3";"7";"0";"2";"8";"15";"1";""
"202100018487";"168 586";"A01";"0";"7";"0";"2";"3";"1";"1";""
"202100018487";"168 587";"B01";"0";"33";"0";"2";"8";"13";"1";""
"202100018488";"168 585";"A01";"1";"7";"2";"0";"3";"1";"1";""
"202100018489";"168 584";"A01";"2";"7";"0";"1";"2";"1";"1";""
"202100018490";"168 583";"A01";"2";"7";"2";"0";"1";"1";"1";""
"202100018491";"168 581";"B01";"2";"10";"0";"2";"3";"1";"1";""
"202100018491";"168 582";"A01";"1";"7";"0";"2";"1";"13";"1";""
"202100018492";"168 579";"B01";"1";"30";"0";"2";"7";"1";"1";""
"202100018492";"168 580";"A01";"2";"7";"0";"9";"1";"15";"1";""
"202100018493";"168 576";"C01";"2";"7";"0";"2";"1";"1";"1";""
"202100018493";"168 577";"B01";"2";"7";"0";"2";"6";"1";"1";""
"202100018493";"168 578";"A01";"1";"7";"0";"2";"1";"5";"1";""
"202100018494";"168 574";"B01";"3";"1";"0";"2";"1";"1";"5";""
"202100018494";"168 575";"A01";"3";"7";"0";"0";"8";"19";"1";""
"202100018495";"168 573";"A01";"1";"7";"0";"1";"3";"1";"1";""
"202100018496";"168 571";"A01";"2";"7";"0";"2";"1";"1";"1";""
"202100018496";"168 572";"B01";"2";"21";"0";"2";"4";"1";"1";""
"202100018497";"168 570";"A01";"1";"10";"13";"0";"9";"1";"1";""
"202100018498";"168 568";"B01";"3";"33";"0";"2";"1";"9";"1";""
"202100018498";"168 569";"A01";"2";"7";"0";"2";"7";"1";"1";""
"202100018499";"168 567";"A01";"2";"7";"0";"0";"2";"11";"1";""
"202100018500";"168 565";"B01";"1";"7";"0";"2";"5";"15";"1";""
"202100018500";"168 566";"A01";"1";"33";"0";"2";"1";"18";"1";""
"202100018501";"168 564";"A01";"2";"2";"13";"0";"7";"14";"1";""
"202100018502";"168 563";"A01";"3";"2";"9";"0";"2";"1";"1";""
"202100018503";"168 561";"A01";"0";"7";"0";"2";"8";"19";"1";""
"202100018503";"168 562";"B01";"1";"7";"0";"2";"1";"1";"1";""
"202100018504";"168 557";"B01";"3";"7";"0";"2";"3";"1";"1";""
"202100018504";"168 558";"A01";"3";"21";"0";"2";"3";"13";"1";""
"202100018505";"168 556";"A01";"2";"7";"0";"1";"2";"1";"1";""
"202100018506";"168 554";"B01";"2";"33";"0";"2";"3";"1";"1";""
"202100018506";"168 555";"A01";"1";"7";"0";"2";"3";"15";"1";""
"202100018507";"168 552";"A01";"1";"30";"0";"2";"1";"17";"1";""
"202100018507";"168 553";"B01";"1";"7";"0";"2";"8";"15";"1";""
"202100018508";"168 549";"C01";"2";"7";"0";"2";"1";"1";"1";""
"202100018508";"168 550";"B01";"2";"7";"0";"2";"1";"2";"1";""
"202100018508";"168 551";"A01";"2";"7";"0";"2";"4";"2";"1";""
"202100018509";"168 546";"A01";"2";"7";"0";"2";"1";"1";"1";""
"202100018509";"168 547";"B01";"2";"7";"0";"2";"4";"1";"1";""
"202100018509";"168 548";"C01";"2";"10";"0";"2";"4";"1";"1";""
"202100018510";"168 545";"A01";"1";"33";"13";"0";"1";"1";"1";""
"202100018511";"168 543";"A01";"2";"7";"0";"2";"8";"11";"1";""
"202100018511";"168 544";"B01";"2";"33";"0";"2";"2";"3";"1";""
"202100018512";"168 542";"A01";"1";"33";"16";"0";"7";"2";"1";""
"202100018513";"168 541";"A01";"1";"33";"4";"0";"9";"2";"1";""
"202100018514";"168 539";"A01";"1";"7";"0";"2";"5";"1";"1";""
"202100018514";"168 540";"B01";"1";"33";"0";"2";"1";"0";"1";""
"202100018515";"168 537";"A01";"1";"17";"0";"2";"1";"2";"1";""
"202100018515";"168 538";"B01";"1";"7";"0";"2";"4";"2";"1";""
"202100018516";"168 535";"B01";"1";"7";"0";"2";"4";"2";"1";""
"202100018516";"168 536";"A01";"1";"10";"0";"2";"1";"2";"1";""
"202100018517";"168 534";"A01";"0";"7";"0";"1";"7";"9";"1";""
"202100018518";"168 531";"A01";"3";"7";"0";"2";"3";"17";"1";""
"202100018518";"168 532";"B01";"1";"7";"0";"2";"3";"1";"1";""
"202100018518";"168 533";"C01";"1";"10";"0";"2";"0";"0";"1";""
"202100018519";"168 530";"A01";"1";"7";"0";"1";"1";"9";"1";""
"202100018520";"168 528";"A01";"2";"7";"0";"2";"2";"1";"1";""
"202100018520";"168 529";"B01";"2";"7";"0";"0";"6";"20";"1";""
"202100018521";"168 526";"B01";"1";"2";"0";"2";"4";"1";"1";""
"202100018521";"168 527";"A01";"1";"7";"0";"9";"1";"1";"1";""
"202100018522";"168 524";"B01";"1";"7";"0";"2";"4";"23";"1";""
"202100018522";"168 525";"A01";"1";"32";"0";"2";"1";"26";"1";""
"202100018523";"168 522";"B01";"3";"1";"0";"2";"8";"19";"6";""
"202100018523";"168 523";"A01";"3";"7";"0";"2";"1";"19";"1";""
"202100018524";"168 521";"A01";"1";"7";"0";"1";"7";"17";"1";""
"202100018525";"168 519";"A01";"2";"7";"0";"9";"1";"15";"1";""
"202100018525";"168 520";"B01";"1";"1";"0";"2";"8";"1";"5";""
"202100018526";"168 518";"A01";"0";"7";"0";"1";"2";"1";"1";""
"202100018527";"168 515";"A01";"3";"13";"0";"2";"3";"26";"1";""
"202100018527";"168 516";"B01";"3";"13";"0";"2";"3";"0";"1";""
"202100018528";"168 514";"A01";"1";"7";"0";"1";"2";"1";"1";""
"202100018529";"168 513";"A01";"1";"7";"6";"5";"1";"21";"1";""
"202100018530";"168 511";"A01";"1";"99";"0";"2";"6";"13";"0";""
"202100018530";"168 512";"B01";"1";"31";"0";"2";"2";"1";"0";""
"202100018531";"168 509";"A01";"2";"7";"0";"2";"2";"12";"1";""
"202100018531";"168 510";"B01";"2";"30";"0";"2";"4";"1";"1";""
"202100018532";"168 507";"M01";"1";"43";"12";"0";"3";"0";"1";""
"202100018532";"168 508";"A01";"1";"7";"12";"0";"2";"12";"1";""
"202100018533";"168 506";"A01";"1";"20";"0";"1";"2";"9";"1";""
"202100018534";"168 504";"A01";"2";"7";"0";"2";"1";"18";"2";""
"202100018534";"168 505";"B01";"1";"7";"0";"2";"7";"15";"1";""
"202100018535";"168 502";"B01";"2";"3";"0";"2";"3";"10";"1";""
"202100018535";"168 503";"A01";"1";"7";"0";"2";"2";"17";"1";""
"202100018536";"168 500";"A01";"1";"7";"0";"2";"2";"1";"1";""
"202100018536";"168 501";"B01";"1";"1";"0";"2";"7";"1";"5";""
"202100018537";"168 498";"B01";"1";"2";"0";"2";"4";"15";"1";""
"202100018537";"168 499";"A01";"2";"17";"0";"2";"1";"1";"1";""
"202100018538";"168 497";"A01";"3";"7";"0";"1";"2";"1";"1";""
"202100018539";"168 495";"B01";"0";"33";"0";"2";"8";"1";"1";""
"202100018539";"168 496";"A01";"0";"7";"0";"2";"0";"1";"1";""
"202100018540";"168 493";"A01";"3";"30";"0";"2";"8";"2";"1";""
"202100018540";"168 494";"B01";"3";"7";"0";"2";"5";"1";"1";""
"202100018541";"168 492";"A01";"2";"7";"0";"1";"7";"9";"1";""
"202100018542";"168 490";"A01";"2";"30";"0";"2";"1";"19";"1";""
"202100018542";"168 491";"B01";"1";"10";"0";"2";"2";"15";"1";""
"202100018543";"168 488";"A01";"1";"7";"13";"2";"3";"13";"1";""
"202100018543";"168 489";"B01";"2";"7";"13";"2";"3";"1";"1";""
"202100018544";"168 486";"A01";"2";"7";"0";"2";"1";"26";"1";""
"202100018544";"168 487";"B01";"1";"7";"0";"2";"1";"26";"1";""
"202100018545";"168 485";"A01";"0";"1";"7";"0";"0";"26";"5";""
"202100018546";"168 484";"A01";"2";"40";"0";"1";"0";"26";"3";""
"202100018547";"168 481";"C01";"3";"7";"0";"2";"2";"26";"1";""
"202100018547";"168 482";"B01";"3";"7";"0";"2";"7";"16";"1";""
"202100018547";"168 483";"A01";"3";"7";"0";"2";"7";"13";"1";""
"202100018548";"168 479";"B01";"2";"1";"0";"2";"6";"1";"5";""
"202100018548";"168 480";"A01";"1";"37";"0";"2";"3";"15";"1";"1"
"202100018549";"168 478";"A01";"1";"7";"0";"2";"1";"16";"1";""
"202100018550";"168 476";"A01";"1";"33";"0";"2";"5";"16";"1";""
"202100018550";"168 477";"B01";"1";"7";"0";"2";"3";"1";"1";""
"202100018551";"168 474";"B01";"1";"7";"0";"2";"3";"1";"1";""
"202100018551";"168 475";"A01";"2";"7";"0";"2";"3";"13";"1";""
"202100018552";"168 472";"B01";"3";"7";"0";"2";"3";"1";"1";""
"202100018552";"168 473";"A01";"3";"1";"0";"2";"1";"19";"5";""
"202100018553";"168 470";"A01";"3";"7";"0";"2";"1";"2";"1";""
"202100018553";"168 471";"B01";"3";"2";"0";"2";"4";"2";"1";""
"202100018554";"168 468";"B01";"2";"7";"1";"2";"1";"1";"1";""
"202100018554";"168 469";"A01";"1";"3";"1";"2";"7";"1";"1";""
"202100018555";"168 466";"B01";"2";"7";"0";"2";"4";"15";"1";""
"202100018555";"168 467";"A01";"2";"7";"0";"2";"1";"17";"1";""
"202100018556";"168 464";"A01";"1";"30";"0";"2";"3";"21";"1";""
"202100018556";"168 465";"Z01";"2";"7";"0";"9";"0";"0";"0";""
"202100018557";"168 463";"A01";"1";"7";"0";"1";"1";"15";"1";""
"202100018558";"168 462";"A01";"1";"7";"0";"1";"1";"1";"1";""
"202100018559";"168 460";"B01";"1";"7";"0";"2";"1";"1";"1";""
"202100018559";"168 461";"A01";"1";"10";"0";"2";"8";"1";"1";""
"202100018560";"168 457";"C01";"2";"7";"0";"2";"4";"1";"1";""
"202100018560";"168 458";"B01";"2";"7";"0";"2";"4";"1";"1";""
"202100018560";"168 459";"A01";"2";"7";"0";"2";"1";"1";"1";""
"202100018561";"168 456";"A01";"1";"7";"13";"0";"2";"15";"1";""
"202100018562";"168 455";"A01";"1";"7";"0";"1";"0";"26";"1";""
"202100018563";"168 453";"B01";"1";"7";"0";"1";"4";"1";"1";""
"202100018563";"168 454";"A01";"1";"33";"0";"2";"1";"1";"1";""
"202100018564";"168 451";"B01";"1";"50";"0";"2";"7";"0";"3";""
"202100018564";"168 452";"A01";"1";"7";"0";"9";"1";"1";"1";""
"202100018565";"168 449";"B01";"1";"31";"0";"2";"8";"1";"1";""
"202100018565";"168 450";"A01";"2";"7";"0";"2";"2";"1";"1";""
"202100018566";"168 447";"Z01";"1";"7";"0";"2";"8";"13";"1";""
"202100018566";"168 448";"B01";"2";"33";"0";"2";"8";"1";"1";""
"202100018567";"168 446";"A01";"2";"1";"0";"0";"8";"1";"5";""
"202100018568";"168 445";"A01";"1";"7";"0";"1";"3";"0";"1";""
"202100018569";"168 443";"B01";"1";"7";"0";"2";"4";"15";"1";""
"202100018569";"168 444";"A01";"1";"10";"2";"2";"1";"1";"1";""
"202100018570";"168 441";"A01";"3";"7";"0";"2";"2";"15";"1";""
"202100018570";"168 442";"B01";"3";"7";"0";"2";"8";"1";"1";""
"202100018571";"168 439";"A01";"2";"1";"0";"2";"1";"1";"5";""
"202100018571";"168 440";"Z01";"1";"7";"0";"0";"0";"5";"1";""
"202100018572";"168 438";"A01";"3";"7";"13";"0";"3";"13";"1";""
"202100018573";"168 436";"A01";"1";"7";"0";"2";"3";"26";"1";""
"202100018573";"168 437";"B01";"1";"7";"0";"2";"7";"26";"1";""
"202100018574";"168 434";"B01";"2";"7";"8";"0";"1";"1";"1";""
"202100018574";"168 435";"A01";"2";"7";"8";"0";"3";"14";"1";""
"202100018575";"168 432";"A01";"2";"30";"0";"2";"1";"1";"1";""
"202100018575";"168 433";"B01";"1";"7";"0";"2";"1";"1";"1";""
"202100018576";"168 430";"A01";"2";"7";"0";"2";"5";"2";"1";""
"202100018576";"168 431";"B01";"2";"1";"0";"2";"8";"2";"5";""
"202100018577";"168 427";"C01";"1";"10";"14";"2";"4";"2";"1";""
"202100018577";"168 428";"B01";"1";"10";"0";"2";"4";"2";"1";""
"202100018577";"168 429";"A01";"1";"10";"0";"2";"1";"1";"1";""
"202100018578";"168 425";"A01";"1";"7";"0";"2";"3";"15";"1";""
"202100018578";"168 426";"B01";"1";"33";"0";"2";"8";"1";"1";""
"202100018579";"168 423";"B01";"3";"32";"0";"2";"1";"1";"1";""
"202100018579";"168 424";"A01";"3";"7";"0";"2";"6";"26";"1";""
"202100018580";"168 422";"A01";"1";"37";"0";"1";"2";"1";"1";"1"
"202100018581";"168 420";"A01";"0";"10";"0";"2";"0";"0";"0";""
"202100018581";"168 421";"B01";"3";"2";"0";"2";"0";"1";"1";""
"202100018582";"168 418";"A01";"1";"7";"0";"2";"1";"9";"1";""
"202100018582";"168 419";"B01";"1";"1";"0";"2";"8";"1";"0";""
"202100018583";"168 417";"A01";"3";"1";"0";"0";"0";"1";"5";""
"202100018584";"168 416";"A01";"0";"1";"12";"0";"1";"9";"5";""
"202100018585";"168 414";"B01";"0";"7";"0";"2";"0";"0";"1";""
"202100018585";"168 415";"A01";"0";"7";"1";"0";"1";"1";"1";""
"202100018586";"168 412";"A01";"0";"7";"0";"2";"8";"13";"1";""
"202100018586";"168 413";"B01";"0";"7";"0";"2";"7";"1";"1";""
"202100018587";"168 410";"A01";" -1";"7";"0";"2";"1";"0";"0";""
"202100018587";"168 411";"B01";" -1";"7";"0";"2";"4";"0";"1";""
"202100018588";"168 408";"B01";"0";"7";"0";"2";"3";"15";"1";""
"202100018588";"168 409";"A01";"1";"33";"0";"2";"3";"17";"1";""
"202100018589";"168 407";"A01";"1";"7";"0";"1";"1";"2";"1";""
"202100018590";"168 406";"A01";"0";"1";"0";"1";"4";"26";"5";""
"202100018591";"168 404";"A01";"0";"7";"0";"2";"2";"15";"1";""
"202100018591";"168 405";"B01";"1";"1";"0";"2";"1";"1";"5";""
"202100018592";"168 402";"B01";"0";"33";"0";"2";"1";"1";"1";""
"202100018592";"168 403";"A01";"0";"10";"0";"2";"2";"15";"1";""
"202100018593";"168 401";"A01";"2";"7";"9";"0";"3";"13";"1";""
"202100018594";"168 398";"A01";"1";"7";"0";"2";"1";"1";"1";""
"202100018594";"168 399";"B01";"1";"7";"0";"2";"4";"1";"1";""
"202100018594";"168 400";"C01";"1";"7";"0";"2";"1";"1";"1";""
"202100018595";"168 396";"B01";"0";"7";"0";"2";"8";"1";"1";""
"202100018595";"168 397";"A01";"0";"7";"0";"2";"1";"1";"1";""
"202100018596";"168 394";"A01";"2";"7";"0";"2";"1";"13";"1";""
"202100018596";"168 395";"B01";"1";"7";"0";"2";"1";"1";"1";""
"202100018597";"168 392";"A01";"1";"33";"0";"2";"3";"1";"1";""
"202100018597";"168 393";"B01";"1";"33";"0";"2";"5";"14";"1";""
"202100018598";"168 391";"A01";"2";"2";"0";"1";"1";"1";"1";""
"202100018599";"168 390";"A01";"1";"7";"12";"0";"1";"1";"1";""
"202100018600";"168 387";"B01";"2";"33";"7";"2";"1";"1";"1";""
"202100018600";"168 388";"A01";"1";"33";"0";"2";"2";"15";"1";""
"202100018601";"168 386";"A01";"2";"10";"0";"1";"3";"1";"1";""
"202100018602";"168 384";"B01";"1";"7";"0";"2";"3";"15";"1";""
"202100018602";"168 385";"A01";"1";"34";"0";"2";"7";"17";"1";""
"202100018603";"168 383";"A01";"1";"7";"0";"1";"7";"1";"1";""
"202100018604";"168 382";"A01";"1";"1";"0";"0";"0";"1";"5";""
"202100018605";"168 381";"A01";"1";"30";"0";"1";"1";"1";"1";""
"202100018606";"168 378";"A01";"1";"7";"0";"2";"1";"2";"1";""
"202100018606";"168 379";"B01";"1";"7";"0";"2";"4";"2";"1";""
"202100018606";"168 380";"C01";"1";"7";"0";"2";"4";"2";"1";""
"202100018607";"168 376";"B01";"1";"1";"0";"2";"1";"1";"5";""
"202100018607";"168 377";"A01";"1";"10";"0";"2";"2";"16";"1";""
"202100018608";"168 373";"A01";"1";"30";"0";"2";"0";"1";"1";""
"202100018608";"168 374";"B01";"1";"7";"0";"2";"4";"2";"1";""
"202100018608";"168 375";"C01";"1";"1";"0";"2";"1";"2";"5";""
"202100018609";"168 371";"A01";"1";"7";"0";"2";"7";"15";"1";""
"202100018609";"168 372";"B01";"2";"33";"0";"2";"1";"1";"1";""
"202100018610";"168 369";"B01";"1";"7";"0";"2";"4";"23";"1";""
"202100018610";"168 370";"A01";"1";"7";"0";"2";"1";"2";"1";""
"202100018611";"168 368";"A01";"1";"33";"0";"1";"1";"1";"1";""
"202100018612";"168 367";"Z01";"1";"50";"0";"1";"1";"1";"3";""
"202100018613";"168 365";"A01";"2";"30";"0";"2";"1";"2";"1";""
"202100018613";"168 366";"B01";"2";"7";"0";"2";"4";"23";"1";""
"202100018614";"168 364";"A01";"1";"43";"0";"1";"3";"1";"1";""
"202100018615";"168 363";"A01";"2";"50";"0";"0";"1";"7";"3";""
"202100018616";"168 361";"A01";"1";"1";"0";"2";"0";"1";"5";""
"202100018616";"168 362";"B01";"2";"1";"0";"2";"0";"13";"5";""
"202100018617";"168 359";"B01";"1";"80";"0";"0";"0";"0";"3";""
"202100018617";"168 360";"A01";"1";"7";"0";"2";"3";"24";"1";""
"202100018618";"168 358";"A01";"2";"7";"0";"1";"2";"15";"1";""
"202100018619";"168 356";"A01";"1";"7";"14";"9";"5";"15";"1";""
"202100018619";"168 357";"B01";"3";"1";"14";"2";"1";"1";"5";""
"202100018620";"168 354";"A01";"0";"37";"0";"2";"1";"1";"1";"1"
"202100018620";"168 355";"B01";"0";"7";"0";"2";"1";"9";"1";""
"202100018621";"168 352";"A01";"2";"7";"0";"2";"5";"23";"1";""
"202100018621";"168 353";"B01";"1";"33";"0";"2";"5";"2";"1";""
"202100018622";"168 350";"A01";"3";"7";"0";"2";"7";"1";"1";""
"202100018622";"168 351";"B01";"3";"1";"0";"2";"8";"13";"5";""
"202100018623";"168 349";"A01";"2";"7";"15";"0";"1";"1";"1";""
"202100018624";"168 347";"B01";"1";"33";"0";"0";"0";"0";"0";""
"202100018624";"168 348";"A01";"1";"30";"0";"2";"4";"11";"1";""
"202100018625";"168 345";"A01";"3";"2";"0";"2";"7";"17";"1";""
"202100018625";"168 346";"B01";"3";"7";"0";"2";"0";"15";"0";""
"202100018626";"168 342";"A01";"0";"7";"0";"2";"6";"2";"2";""
"202100018626";"168 343";"B01";"0";"7";"0";"2";"3";"17";"1";""
"202100018626";"168 344";"C01";"3";"7";"0";"2";"3";"1";"1";""
"202100018627";"168 340";"A01";"2";"7";"0";"2";"3";"15";"1";""
"202100018627";"168 341";"B01";"2";"34";"0";"2";"2";"1";"1";""
"202100018628";"168 338";"A01";"2";"30";"0";"2";"8";"18";"1";""
"202100018628";"168 339";"B01";"2";"17";"0";"2";"2";"1";"1";""
"202100018629";"168 336";"A01";"1";"30";"0";"2";"1";"1";"1";""
"202100018629";"168 337";"B01";"2";"10";"0";"2";"3";"15";"1";""
"202100018630";"168 334";"B01";"1";"7";"0";"2";"6";"10";"1";""
"202100018630";"168 335";"A01";"1";"7";"0";"2";"3";"1";"1";""
"202100018631";"168 333";"A01";"2";"30";"0";"1";"3";"1";"1";""
"202100018632";"168 331";"A01";"3";"1";"0";"2";"2";"13";"5";""
"202100018632";"168 332";"B01";"3";"2";"0";"9";"2";"1";"1";""
"202100018633";"168 330";"A01";"1";"32";"16";"0";"1";"1";"1";""
"202100018634";"168 329";"A01";"3";"16";"13";"0";"0";"0";"0";""
"202100018635";"168 328";"A01";"3";"7";"13";"0";"2";"1";"1";""
"202100018636";"168 327";"A01";"2";"7";"0";"1";"3";"1";"1";""
"202100018637";"168 326";"A01";"0";"7";"2";"0";"1";"17";"1";""
"202100018638";"168 324";"B01";"1";"2";"0";"2";"1";"1";"1";""
"202100018638";"168 325";"A01";"3";"7";"0";"2";"3";"9";"1";""
"202100018639";"168 322";"B01";"2";"33";"0";"2";"1";"1";"1";""
"202100018639";"168 323";"A01";"1";"7";"0";"2";"5";"11";"1";""
"202100018640";"168 319";"A01";"1";"33";"0";"0";"0";"14";"1";""
"202100018641";"168 317";"A01";"1";"7";"0";"9";"1";"2";"1";""
"202100018641";"168 318";"B01";"1";"1";"0";"0";"4";"2";"5";""
"202100018642";"168 316";"A01";"1";"33";"8";"0";"7";"1";"1";""
"202100018643";"168 315";"A01";"1";"7";"0";"0";"0";"13";"1";""
"202100018644";"168 314";"A01";"3";"7";"0";"0";"0";"1";"1";""
"202100018645";"168 312";"B01";"1";"7";"0";"2";"4";"16";"1";""
"202100018645";"168 313";"A01";"1";"1";"0";"2";"1";"2";"5";""
"202100018646";"168 309";"B01";"1";"1";"0";"2";"8";"13";"5";""
"202100018646";"168 310";"A01";"1";"7";"0";"9";"1";"1";"1";""
"202100018647";"168 307";"A01";"1";"7";"0";"2";"6";"1";"1";""
"202100018647";"168 308";"B01";"1";"7";"0";"2";"2";"1";"1";""
"202100018648";"168 305";"B01";"3";"7";"0";"0";"0";"19";"1";""
"202100018648";"168 306";"A01";"1";"33";"0";"0";"0";"1";"1";""
"202100018649";"168 304";"A01";"1";"2";"1";"0";"1";"1";"1";""
"202100018650";"168 303";"A01";"1";"7";"2";"0";"1";"1";"1";""
"202100018651";"168 302";"A01";"1";"2";"6";"0";"1";"1";"1";""
"202100018652";"168 301";"A01";"2";"7";"13";"0";"1";"1";"1";""
"202100018653";"168 296";"B01";"2";"7";"0";"2";"8";"13";"1";""
"202100018653";"168 297";"A01";"1";"7";"0";"2";"7";"1";"1";""
"202100018654";"168 295";"A01";"1";"7";"0";"0";"0";"1";"1";""
"202100018655";"168 294";"A01";"1";"1";"0";"0";"0";"1";"5";""
"202100018656";"168 292";"B01";"1";"99";"0";"2";"1";"0";"3";""
"202100018656";"168 293";"A01";"2";"2";"0";"2";"0";"0";"1";""
"202100018657";"168 291";"A01";"3";"7";"2";"0";"0";"14";"1";""
"202100018658";"168 289";"A01";"1";"7";"0";"2";"1";"13";"2";""
"202100018658";"168 290";"B01";"2";"33";"0";"2";"8";"1";"1";""
"202100018659";"168 287";"A01";"1";"7";"0";"2";"3";"15";"1";""
"202100018659";"168 288";"B01";"2";"7";"0";"2";"3";"1";"1";""
"202100018660";"168 285";"B01";"2";"2";"0";"2";"1";"1";"1";""
"202100018660";"168 286";"A01";"1";"7";"0";"2";"2";"15";"1";""
"202100018661";"168 283";"A01";"2";"7";"0";"2";"4";"23";"1";""
"202100018661";"168 284";"B01";"2";"15";"0";"2";"1";"1";"1";""
"202100018662";"168 280";"C01";"1";"7";"0";"2";"1";"21";"1";""
"202100018662";"168 281";"B01";"1";"10";"3";"2";"6";"24";"1";""
"202100018662";"168 282";"A01";"1";"14";"1";"0";"1";"1";"1";""
"202100018663";"168 279";"A01";"3";"50";"0";"0";"0";"0";"3";""
"202100018664";"168 278";"A01";"2";"7";"15";"0";"1";"14";"1";""
"202100018665";"168 275";"B01";"2";"7";"0";"2";"7";"1";"1";""
"202100018665";"168 276";"C01";"2";"15";"0";"2";"1";"1";"1";""
"202100018665";"168 277";"A01";"2";"7";"0";"2";"8";"13";"1";""
"202100018666";"168 273";"A01";"2";"33";"0";"2";"8";"17";"1";""
"202100018666";"168 274";"B01";"1";"33";"0";"2";"8";"1";"1";""
"202100018667";"168 271";"B01";"3";"7";"4";"0";"6";"2";"1";""
"202100018667";"168 272";"A01";"3";"7";"0";"2";"1";"2";"1";""
"202100018668";"168 269";"B01";"3";"7";"0";"2";"1";"1";"1";""
"202100018668";"168 270";"A01";"3";"7";"0";"2";"2";"5";"1";""
"202100018669";"168 268";"A01";"2";"7";"13";"0";"2";"1";"1";""
"202100018670";"168 267";"A01";"2";"7";"0";"1";"1";"1";"1";""
"202100018671";"168 266";"A01";"2";"7";"8";"0";"1";"0";"1";""
"202100018672";"168 264";"A01";"1";"7";"0";"2";"6";"15";"1";""
"202100018672";"168 265";"B01";"1";"2";"0";"2";"1";"17";"1";""
"202100018673";"168 263";"A01";"1";"2";"0";"1";"1";"17";"1";""
"202100018674";"168 261";"B01";"2";"32";"0";"2";"1";"6";"1";""
"202100018674";"168 262";"A01";"1";"34";"0";"2";"1";"6";"1";""
"202100018675";"168 259";"A01";"2";"7";"0";"2";"8";"10";"1";""
"202100018675";"168 260";"B01";"2";"33";"0";"2";"1";"11";"1";""
"202100018676";"168 258";"A01";"1";"33";"6";"0";"8";"17";"1";""
"202100018677";"168 256";"B01";"1";"7";"13";"0";"8";"1";"1";""
"202100018677";"168 257";"A01";"1";"7";"0";"2";"1";"19";"1";""
"202100018678";"168 255";"A01";"2";"7";"0";"1";"2";"21";"1";""
"202100018679";"168 254";"A01";"1";"7";"0";"0";"2";"1";"1";""
"202100018680";"168 252";"A01";"2";"7";"0";"2";"1";"2";"1";""
"202100018680";"168 253";"B01";"1";"7";"0";"2";"8";"9";"0";""
"202100018681";"168 250";"B01";"1";"1";"0";"9";"4";"26";"6";""
"202100018681";"168 251";"A01";"1";"1";"0";"2";"1";"2";"6";""
"202100018682";"168 248";"A01";"2";"7";"7";"2";"3";"19";"1";""
"202100018682";"168 249";"B01";"1";"7";"7";"2";"1";"1";"1";""
"202100018683";"168 246";"B01";"2";"7";"0";"2";"2";"15";"1";""
"202100018683";"168 247";"A01";"1";"2";"0";"2";"8";"1";"1";""
"202100018684";"168 245";"A01";"1";"7";"2";"0";"1";"1";"1";""
"202100018685";"168 243";"B01";"1";"1";"0";"2";"8";"19";"5";""
"202100018685";"168 244";"A01";"1";"7";"0";"2";"3";"16";"1";""
"202100018686";"168 242";"A01";"3";"7";"16";"9";"0";"26";"1";""
"202100018687";"168 241";"A01";"3";"21";"2";"0";"2";"1";"1";""
"202100018688";"168 239";"B01";"1";"17";"0";"2";"1";"1";"1";""
"202100018688";"168 240";"A01";"2";"7";"0";"2";"1";"17";"1";""
"202100018689";"168 237";"B01";"1";"7";"0";"0";"1";"1";"1";""
"202100018689";"168 238";"A01";"1";"10";"0";"2";"7";"19";"1";""
"202100018690";"168 236";"B01";"1";"7";"0";"1";"1";"1";"1";""
"202100018691";"168 234";"B01";"3";"7";"0";"2";"8";"15";"1";""
"202100018691";"168 235";"A01";"3";"15";"0";"2";"1";"1";"1";""
"202100018692";"168 233";"A01";"1";"7";"4";"0";"3";"1";"1";""
"202100018693";"168 231";"A01";"2";"7";"0";"0";"5";"1";"1";""
"202100018693";"168 232";"B01";"0";"7";"0";"2";"3";"2";"1";""
"202100018694";"168 228";"C01";"1";"7";"0";"2";"1";"2";"1";""
"202100018694";"168 229";"B01";"1";"7";"0";"2";"4";"2";"1";""
"202100018694";"168 230";"A01";"1";"10";"0";"2";"4";"2";"1";""
"202100018695";"168 227";"A01";"2";"7";"13";"0";"0";"1";"1";""
"202100018696";"168 225";"B01";"1";"33";"0";"2";"1";"12";"1";""
"202100018696";"168 226";"A01";"1";"7";"0";"2";"5";"1";"1";""
"202100018697";"168 223";"B01";"2";"7";"0";"2";"2";"1";"1";""
"202100018697";"168 224";"Z01";"1";"14";"0";"2";"6";"19";"0";""
"202100018698";"168 221";"A01";"1";"7";"0";"2";"6";"1";"2";""
"202100018698";"168 222";"B01";"1";"43";"0";"2";"1";"2";"1";""