"Num_Acc";"id_vehicule";"num_veh";"senc";"catv";"obs";"obsm";"choc";"manv";"motor";"occutc"
"202100019964";"165 949";"A01";"2";"1";"9";"0";"1";"1";"5";""
"202100019965";"165 947";"A01";"2";"7";"2";"2";"8";"13";"1";""
"202100019965";"165 948";"B01";"1";"33";"0";"2";"1";"1";"1";""
"202100019966";"165 946";"A01";"3";"21";"0";"0";"9";"1";"1";""
"202100019967";"165 944";"A01";"2";"7";"0";"2";"1";"1";"1";""
"202100019967";"165 945";"B01";"2";"7";"0";"2";"1";"13";"1";""
"202100019968";"165 943";"A01";"1";"10";"2";"0";"2";"14";"1";""
"202100019969";"165 941";"A01";"1";"7";"0";"2";"3";"13";"1";""
"202100019969";"165 942";"B01";"2";"7";"0";"2";"3";"1";"0";""
"202100019970";"165 939";"B01";"2";"7";"0";"2";"1";"1";"1";""
"202100019970";"165 940";"A01";"1";"7";"0";"2";"1";"13";"1";""
"202100019971";"165 937";"B01";"2";"31";"0";"0";"3";"21";"1";""
"202100019971";"165 938";"A01";"3";"7";"0";"0";"0";"15";"1";""
"202100019972";"165 935";"A01";"2";"7";"0";"2";"2";"1";"1";""
"202100019972";"165 936";"B01";"1";"7";"0";"2";"2";"15";"1";""
"202100019973";"165 931";"A01";"2";"7";"0";"2";"1";"17";"1";""
"202100019973";"165 932";"B01";"1";"7";"0";"2";"2";"1";"1";""
"202100019974";"165 929";"B01";"3";"2";"0";"2";"7";"1";"1";""
"202100019974";"165 930";"A01";"3";"7";"0";"2";"2";"9";"2";""
"202100019975";"165 927";"A01";"2";"17";"0";"2";"2";"12";"1";""
"202100019975";"165 928";"B01";"2";"7";"0";"0";"8";"1";"1";""
"202100019976";"165 926";"A01";"1";"7";"0";"1";"3";"1";"2";""
"202100019977";"165 925";"A01";"1";"2";"13";"0";"2";"0";"1";""
"202100019978";"165 923";"B01";"1";"7";"0";"0";"0";"15";"0";""
"202100019978";"165 924";"A01";"2";"36";"3";"0";"2";"1";"1";""
"202100019979";"165 918";"C01";"1";"7";"0";"0";"0";"23";"0";""
"202100019979";"165 919";"B01";"1";"7";"0";"2";"1";"23";"0";""
"202100019979";"165 920";"E01";"1";"7";"0";"0";"0";"23";"0";""
"202100019979";"165 921";"D01";"1";"7";"1";"2";"1";"1";"0";""
"202100019979";"165 922";"A01";"1";"7";"0";"0";"4";"23";"0";""
"202100019980";"165 916";"B01";"1";"10";"0";"0";"6";"24";"1";""
"202100019980";"165 917";"A01";"1";"17";"0";"2";"5";"21";"1";""
"202100019981";"165 915";"A01";"1";"17";"3";"0";"7";"14";"1";""
"202100019982";"165 914";"A01";"1";"10";"13";"0";"0";"14";"1";""
"202100019983";"165 912";"A01";"2";"7";"0";"2";"2";"5";"1";""
"202100019983";"165 913";"B01";"1";"33";"0";"2";"1";"1";"1";""
"202100019984";"165 910";"B01";"2";"7";"0";"2";"1";"2";"1";""
"202100019984";"165 911";"A01";"2";"10";"0";"2";"4";"2";"1";""
"202100019985";"165 908";"A01";"1";"7";"0";"0";"0";"15";"1";""
"202100019985";"165 909";"B01";"1";"2";"8";"0";"1";"1";"1";""
"202100019986";"165 907";"A01";"1";"33";"3";"0";"8";"1";"1";""
"202100019987";"165 906";"A01";"1";"10";"0";"0";"7";"26";"1";""
"202100019988";"165 904";"B01";"1";"31";"0";"2";"0";"1";"1";""
"202100019988";"165 905";"A01";"1";"7";"0";"2";"1";"12";"1";""
"202100019989";"165 902";"B01";"3";"10";"7";"2";"1";"1";"1";""
"202100019989";"165 903";"A01";"3";"7";"0";"2";"8";"9";"1";""
"202100019990";"165 900";"B01";"2";"7";"4";"2";"4";"2";"1";""
"202100019990";"165 901";"A01";"2";"7";"0";"2";"1";"2";"1";""
"202100019991";"165 898";"A01";"2";"2";"0";"0";"1";"1";"1";""
"202100019992";"165 896";"B01";"3";"10";"0";"2";"2";"15";"1";""
"202100019992";"165 897";"A01";"1";"7";"0";"2";"1";"1";"1";""
"202100019993";"165 895";"A01";"1";"10";"0";"1";"2";"1";"1";""
"202100019994";"165 893";"A01";"3";"7";"0";"1";"4";"4";"1";""
"202100019995";"165 892";"A01";"2";"33";"11";"9";"1";"1";"1";""
"202100019996";"165 889";"B01";"2";"33";"0";"2";"4";"23";"1";""
"202100019996";"165 890";"A01";"2";"7";"0";"0";"6";"1";"1";""
"202100019996";"165 891";"C01";"2";"31";"0";"2";"9";"17";"1";""
"202100019997";"165 888";"A01";"1";"31";"0";"0";"0";"0";"1";""
"202100019998";"165 887";"A01";"2";"7";"8";"0";"1";"0";"1";""
"202100019999";"165 886";"A01";"1";"10";"2";"0";"1";"15";"1";""
"202100020000";"165 884";"A01";"2";"43";"0";"2";"1";"17";"1";""
"202100020000";"165 885";"B01";"2";"7";"0";"9";"6";"15";"1";""
"202100020001";"165 882";"B01";"3";"30";"0";"0";"1";"15";"1";""
"202100020001";"165 883";"A01";"0";"7";"0";"0";"2";"17";"1";""
"202100020002";"165 881";"A01";"1";"7";"13";"0";"3";"1";"1";""
"202100020003";"165 879";"A01";"1";"7";"0";"2";"1";"1";"1";""
"202100020003";"165 880";"B01";"1";"7";"0";"2";"2";"26";"1";""
"202100020004";"165 877";"B01";"0";"21";"0";"2";"1";"1";"1";""
"202100020004";"165 878";"A01";"0";"7";"0";"2";"4";"1";"1";""
"202100020005";"165 876";"A01";"2";"7";"0";"1";"3";"1";"1";""
"202100020006";"165 875";"A01";"2";"33";"0";"0";"8";"3";"1";""
"202100020007";"165 871";"D01";"0";"10";"0";"2";"1";"2";"3";""
"202100020007";"165 872";"A01";"1";"10";"0";"2";"4";"2";"1";""
"202100020007";"165 873";"B01";"1";"7";"0";"2";"4";"2";"1";""
"202100020007";"165 874";"C01";"1";"7";"0";"2";"4";"2";"1";""
"202100020008";"165 866";"C01";"2";"7";"0";"2";"1";"1";"1";""
"202100020008";"165 867";"D01";"2";"7";"0";"2";"1";"1";"1";""
"202100020008";"165 868";"E01";"2";"7";"0";"2";"1";"1";"1";""
"202100020008";"165 869";"A01";"2";"7";"0";"2";"4";"1";"1";""
"202100020008";"165 870";"B01";"2";"7";"0";"2";"1";"1";"1";""
"202100020009";"165 864";"A01";"1";"10";"13";"2";"9";"18";"1";""
"202100020009";"165 865";"B01";"1";"7";"0";"2";"4";"1";"1";""
"202100020010";"165 862";"A01";"1";"7";"0";"2";"1";"2";"1";""
"202100020010";"165 863";"B01";"1";"7";"0";"2";"4";"2";"1";""
"202100020011";"165 859";"A01";"1";"7";"0";"2";"1";"2";"1";""
"202100020011";"165 860";"C01";"1";"7";"0";"2";"4";"2";"1";""
"202100020011";"165 861";"B01";"1";"10";"0";"2";"4";"2";"1";""
"202100020012";"165 856";"A01";"2";"7";"0";"2";"7";"1";"1";""
"202100020012";"165 857";"B01";"2";"34";"0";"2";"8";"3";"1";""
"202100020012";"165 858";"C01";"2";"7";"0";"2";"4";"1";"1";""
"202100020013";"165 854";"A01";"2";"10";"0";"2";"8";"11";"1";""
"202100020013";"165 855";"B01";"2";"33";"0";"2";"2";"3";"1";""
"202100020014";"165 852";"A01";"2";"7";"0";"2";"1";"2";"1";""
"202100020014";"165 853";"B01";"2";"7";"0";"2";"1";"2";"1";""
"202100020015";"165 850";"B01";"2";"33";"0";"2";"8";"3";"1";""
"202100020015";"165 851";"A01";"2";"7";"0";"2";"7";"12";"1";""
"202100020016";"165 848";"B01";"2";"7";"0";"2";"4";"2";"1";""
"202100020016";"165 849";"A01";"2";"15";"0";"2";"1";"23";"1";""
"202100020017";"165 847";"A01";"1";"7";"4";"0";"1";"1";"1";""
"202100020018";"165 846";"A01";"1";"33";"16";"0";"0";"2";"1";""
"202100020019";"165 843";"A01";"1";"7";"0";"2";"1";"12";"1";""
"202100020019";"165 844";"B01";"1";"7";"0";"2";"4";"0";"1";""
"202100020019";"165 845";"C01";"1";"7";"0";"2";"4";"2";"1";""
"202100020020";"165 840";"C01";"1";"7";"0";"2";"5";"2";"1";""
"202100020020";"165 841";"B01";"1";"7";"0";"2";"4";"2";"1";""
"202100020020";"165 842";"A01";"1";"7";"0";"2";"1";"1";"1";""
"202100020021";"165 838";"A01";"1";"10";"0";"2";"4";"2";"1";""
"202100020021";"165 839";"B01";"1";"7";"4";"2";"4";"2";"1";""
"202100020022";"165 836";"A01";"2";"7";"0";"2";"4";"1";"1";""
"202100020022";"165 837";"Z01";"2";"7";"0";"2";"1";"1";"1";""
"202100020023";"165 834";"A01";"2";"17";"0";"2";"1";"1";"1";""
"202100020023";"165 835";"B01";"2";"14";"0";"2";"4";"1";"1";""
"202100020024";"165 831";"C01";"2";"7";"0";"2";"4";"2";"1";""
"202100020024";"165 832";"A01";"2";"7";"0";"2";"1";"1";"1";""
"202100020024";"165 833";"B01";"2";"7";"0";"2";"4";"2";"1";""
"202100020025";"165 830";"A01";"2";"33";"13";"0";"7";"1";"1";""
"202100020026";"165 828";"B01";"1";"7";"0";"2";"6";"1";"1";""
"202100020026";"165 829";"A01";"1";"7";"0";"2";"2";"14";"1";""
"202100020027";"165 826";"B01";"1";"10";"0";"2";"7";"12";"1";""
"202100020027";"165 827";"A01";"1";"7";"0";"2";"8";"0";"1";""
"202100020028";"165 824";"A01";"2";"7";"0";"2";"3";"19";"1";""
"202100020028";"165 825";"B01";"2";"33";"0";"2";"1";"1";"1";""
"202100020029";"165 823";"A01";"1";"7";"0";"1";"1";"1";"1";""
"202100020030";"165 822";"A01";"3";"7";"0";"1";"2";"1";"1";""
"202100020031";"165 821";"A01";"2";"7";"0";"1";"1";"1";"1";""
"202100020032";"165 820";"Z01";"2";"30";"0";"1";"0";"1";"1";""
"202100020033";"165 818";"A01";"1";"7";"0";"1";"8";"1";"1";""
"202100020034";"165 816";"B01";"2";"7";"0";"2";"1";"5";"1";""
"202100020034";"165 817";"A01";"1";"7";"0";"2";"1";"5";"1";""
"202100020035";"165 814";"A01";"2";"7";"0";"2";"2";"1";"1";""
"202100020035";"165 815";"B01";"1";"7";"0";"2";"1";"16";"1";""
"202100020036";"165 813";"A01";"1";"30";"0";"0";"0";"0";"1";""
"202100020037";"165 812";"A01";"3";"30";"0";"1";"1";"17";"1";""
"202100020038";"165 810";"A01";"3";"7";"15";"0";"1";"15";"1";""
"202100020038";"165 811";"B01";"3";"31";"15";"0";"7";"15";"1";""
"202100020039";"165 808";"B01";"3";"31";"0";"2";"1";"1";"1";""
"202100020039";"165 809";"A01";"3";"10";"0";"2";"8";"1";"1";""
"202100020040";"165 806";"A01";"1";"32";"0";"2";"1";"7";"1";""
"202100020040";"165 807";"B01";"1";"7";"0";"2";"2";"16";"1";""
"202100020041";"165 804";"A01";"2";"10";"0";"9";"5";"26";"1";""
"202100020041";"165 805";"B01";"2";"50";"0";"2";"1";"2";"3";""
"202100020042";"165 802";"B01";"2";"50";"0";"2";"1";"17";"3";""
"202100020042";"165 803";"A01";"2";"1";"0";"2";"8";"15";"5";""
"202100020043";"165 801";"A01";"2";"7";"0";"1";"1";"15";"1";""
"202100020044";"165 799";"A01";"1";"7";"0";"9";"1";"1";"1";""
"202100020044";"165 800";"B01";"3";"99";"0";"2";"0";"19";"5";""
"202100020045";"165 797";"Z01";"1";"60";"0";"2";"0";"0";"5";""
"202100020045";"165 798";"B01";"2";"80";"0";"2";"8";"1";"3";""
"202100020046";"165 795";"B01";"3";"10";"0";"2";"4";"1";"1";""
"202100020046";"165 796";"A01";"3";"10";"0";"2";"1";"2";"1";""
"202100020047";"165 793";"A01";"1";"7";"0";"2";"3";"2";"1";""
"202100020047";"165 794";"B01";"1";"7";"0";"2";"5";"2";"1";""
"202100020048";"165 791";"B01";"1";"7";"0";"2";"8";"20";"1";""
"202100020048";"165 792";"A01";"1";"2";"0";"2";"3";"17";"1";""
"202100020049";"165 789";"B01";"2";"7";"0";"0";"4";"2";"1";""
"202100020049";"165 790";"A01";"2";"10";"0";"2";"1";"2";"1";""
"202100020050";"165 787";"B01";"2";"7";"0";"2";"6";"0";"1";""
"202100020050";"165 788";"A01";"2";"1";"1";"0";"3";"5";"5";""
"202100020051";"165 785";"A01";"3";"7";"0";"2";"1";"1";"1";""
"202100020051";"165 786";"B01";"3";"7";"0";"2";"5";"2";"1";""
"202100020052";"165 784";"A01";"3";"7";"0";"1";"8";"1";"1";""
"202100020053";"165 782";"B01";"3";"2";"0";"2";"2";"17";"1";""
"202100020053";"165 783";"A01";"3";"10";"0";"2";"3";"15";"1";""
"202100020054";"165 779";"A01";"1";"7";"0";"2";"5";"15";"1";""
"202100020054";"165 780";"B01";"2";"33";"0";"2";"7";"1";"1";""
"202100020054";"165 781";"C01";"2";"7";"0";"2";"5";"2";"1";""
"202100020055";"165 778";"A01";"1";"7";"0";"1";"1";"15";"1";""
"202100020056";"165 776";"B01";"2";"7";"0";"2";"0";"0";"1";""
"202100020056";"165 777";"A01";"2";"7";"0";"2";"1";"1";"1";""
"202100020057";"165 774";"A01";"0";"10";"0";"2";"1";"19";"1";""
"202100020057";"165 775";"B01";"0";"10";"0";"2";"1";"1";"1";""
"202100020058";"165 770";"A01";"1";"33";"14";"2";"8";"17";"1";""
"202100020058";"165 771";"B01";"1";"30";"15";"2";"2";"1";"1";""
"202100020059";"165 769";"A01";"1";"30";"0";"0";"0";"26";"1";""
"202100020060";"165 767";"A01";"2";"33";"0";"2";"1";"16";"1";""
"202100020060";"165 768";"B01";"1";"7";"0";"2";"8";"1";"2";""
"202100020061";"165 765";"Z01";"1";"7";"1";"2";"0";"0";"0";""
"202100020061";"165 766";"B01";"2";"33";"1";"2";"1";"1";"1";""
"202100020062";"165 763";"B01";"2";"1";"0";"2";"6";"2";"0";""
"202100020062";"165 764";"A01";"2";"7";"0";"2";"2";"17";"1";""
"202100020063";"165 761";"B01";"2";"7";"0";"2";"3";"15";"1";""
"202100020063";"165 762";"A01";"2";"30";"0";"2";"1";"17";"1";""
"202100020064";"165 760";"A01";"2";"10";"0";"1";"2";"16";"1";""
"202100020065";"165 758";"A01";"1";"7";"0";"2";"3";"15";"0";""
"202100020065";"165 759";"B01";"1";"31";"0";"2";"3";"1";"0";""
"202100020066";"165 757";"A01";"2";"7";"2";"0";"1";"14";"1";""
"202100020067";"165 755";"B01";"3";"33";"9";"2";"1";"1";"1";""
"202100020067";"165 756";"A01";"3";"7";"9";"2";"6";"1";"1";""
"202100020068";"165 754";"A01";"1";"7";"1";"1";"0";"15";"1";""
"202100020069";"165 752";"B01";"2";"33";"0";"2";"2";"1";"1";""
"202100020069";"165 753";"A01";"2";"7";"0";"2";"8";"9";"1";""
"202100020070";"165 751";"A01";"2";"7";"0";"1";"3";"1";"1";""
"202100020071";"165 749";"B01";"1";"1";"0";"2";"1";"1";"0";""
"202100020071";"165 750";"A01";"1";"7";"0";"2";"2";"15";"1";""
"202100020072";"165 748";"A01";"3";"34";"0";"1";"1";"11";"1";""
"202100020073";"165 746";"B01";"0";"31";"0";"2";"8";"15";"1";""
"202100020073";"165 747";"A01";"0";"7";"0";"2";"3";"15";"1";""
"202100020074";"165 744";"B01";"1";"7";"0";"2";"3";"26";"1";""
"202100020074";"165 745";"A01";"1";"10";"0";"2";"2";"16";"1";""
"202100020075";"165 742";"A01";"2";"7";"0";"2";"1";"15";"1";""
"202100020075";"165 743";"B01";"1";"33";"0";"2";"1";"1";"1";""
"202100020076";"165 739";"A01";"3";"50";"0";"0";"0";"26";"3";""
"202100020077";"165 738";"A01";"1";"7";"0";"1";"1";"1";"1";""
"202100020078";"165 736";"B01";"1";"7";"0";"2";"5";"1";"1";""
"202100020078";"165 737";"A01";"1";"7";"0";"2";"1";"1";"1";""
"202100020079";"165 733";"C01";"1";"37";"0";"2";"6";"23";"1";"1"
"202100020079";"165 734";"B01";"1";"7";"0";"2";"4";"23";"1";""
"202100020079";"165 735";"A01";"1";"7";"0";"2";"1";"1";"1";""
"202100020080";"165 730";"A01";"3";"17";"0";"2";"1";"2";"1";""
"202100020080";"165 731";"C01";"3";"7";"0";"2";"4";"23";"1";""
"202100020080";"165 732";"B01";"3";"7";"0";"2";"4";"23";"1";""
"202100020081";"165 729";"A01";"1";"7";"0";"1";"3";"15";"1";""
"202100020082";"165 726";"A01";"0";"7";"3";"0";"1";"1";"1";""
"202100020083";"165 724";"A01";"3";"7";"0";"2";"2";"1";"1";""
"202100020083";"165 725";"B01";"3";"1";"0";"2";"1";"19";"5";""
"202100020084";"165 722";"A01";"1";"7";"0";"2";"1";"15";"1";""
"202100020084";"165 723";"B01";"2";"7";"0";"2";"1";"1";"1";""
"202100020085";"165 720";"A01";"3";"7";"0";"2";"3";"15";"1";""
"202100020085";"165 721";"B01";"3";"2";"0";"2";"1";"17";"0";""
"202100020086";"165 718";"B01";"1";"17";"0";"2";"1";"1";"1";""
"202100020086";"165 719";"A01";"1";"7";"0";"2";"1";"0";"1";""
"202100020087";"165 717";"A01";"1";"10";"0";"1";"6";"25";"0";""
"202100020088";"165 715";"A01";"3";"7";"0";"2";"1";"1";"1";""
"202100020088";"165 716";"B01";"3";"7";"0";"0";"5";"13";"1";""
"202100020089";"165 714";"A01";"0";"7";"9";"0";"2";"1";"1";""
"202100020090";"165 713";"A01";"1";"33";"0";"1";"8";"1";"1";""
"202100020091";"165 712";"A01";"3";"7";"0";"1";"2";"1";"1";""
"202100020092";"165 710";"A01";"3";"7";"0";"2";"7";"15";"1";""
"202100020092";"165 711";"B01";"3";"50";"0";"0";"1";"0";"3";""
"202100020093";"165 709";"A01";"1";"7";"0";"1";"4";"26";"1";""
"202100020094";"165 708";"A01";"2";"7";"2";"0";"7";"14";"1";""
"202100020095";"165 706";"A01";"2";"31";"0";"2";"3";"12";"1";""
"202100020095";"165 707";"B01";"2";"7";"0";"2";"5";"2";"1";""
"202100020096";"165 703";"A01";"3";"32";"0";"2";"2";"13";"1";""
"202100020096";"165 704";"B01";"1";"7";"0";"2";"6";"2";"2";""
"202100020096";"165 705";"C01";"3";"32";"0";"2";"1";"3";"1";""
"202100020097";"165 701";"Z01";"0";"7";"0";"2";"2";"12";"0";""
"202100020097";"165 702";"A01";"3";"31";"0";"2";"5";"3";"1";""
"202100020098";"165 699";"A01";"2";"30";"0";"2";"4";"23";"3";""
"202100020098";"165 700";"B01";"2";"10";"0";"2";"1";"1";"1";""
"202100020099";"165 697";"A01";"2";"32";"0";"2";"1";"2";"1";""
"202100020099";"165 698";"B01";"2";"7";"0";"2";"6";"2";"2";""
"202100020100";"165 695";"A01";"1";"7";"0";"2";"1";"1";"1";""
"202100020100";"165 696";"B01";"2";"1";"0";"2";"1";"13";"5";""
"202100020101";"165 694";"Z01";"1";"7";"0";"1";"0";"1";"0";""
"202100020102";"165 692";"A01";"3";"13";"0";"2";"0";"14";"1";""
"202100020102";"165 693";"B01";"3";"30";"0";"2";"0";"1";"3";""
"202100020103";"165 690";"A01";"0";"33";"0";"2";"1";"16";"1";""
"202100020103";"165 691";"B01";"3";"80";"0";"2";"2";"1";"3";""
"202100020104";"165 689";"A01";"0";"1";"0";"1";"2";"5";"5";""
"202100020105";"165 687";"A01";"2";"1";"0";"2";"3";"1";"5";""
"202100020105";"165 688";"B01";"2";"7";"0";"2";"0";"1";"2";""
"202100020106";"165 685";"Z01";"2";"10";"0";"2";"2";"16";"1";""
"202100020106";"165 686";"A01";"2";"50";"0";"2";"8";"1";"3";""
"202100020107";"165 683";"B01";"1";"7";"0";"0";"5";"9";"1";""
"202100020107";"165 684";"A01";"1";"33";"0";"2";"3";"9";"1";""
"202100020108";"165 681";"Z01";"1";"30";"0";"2";"0";"1";"0";""
"202100020108";"165 682";"A01";"1";"1";"0";"2";"8";"1";"5";""
"202100020109";"165 680";"Z01";"2";"30";"0";"1";"0";"1";"0";""
"202100020110";"165 678";"B01";"2";"80";"0";"2";"1";"1";"3";""
"202100020110";"165 679";"A01";"2";"7";"0";"2";"3";"22";"1";""
"202100020111";"165 676";"Z01";"2";"7";"0";"2";"4";"10";"0";""
"202100020111";"165 677";"A01";"1";"50";"0";"2";"1";"1";"3";""
"202100020112";"165 674";"A01";"2";"31";"0";"2";"1";"18";"3";""
"202100020112";"165 675";"B01";"2";"10";"0";"2";"2";"16";"3";""
"202100020113";"165 673";"A01";"2";"80";"12";"0";"7";"14";"3";""
"202100020114";"165 671";"B01";"1";"7";"0";"2";"2";"16";"1";""
"202100020114";"165 672";"A01";"1";"30";"0";"2";"1";"18";"1";""
"202100020115";"165 670";"A01";"1";"7";"0";"1";"1";"1";"1";""
"202100020116";"165 669";"A01";"2";"32";"1";"0";"2";"21";"1";""
"202100020117";"165 665";"A01";"1";"7";"0";"0";"8";"22";"1";""
"202100020117";"165 666";"B01";"1";"1";"1";"0";"3";"17";"5";""
"202100020118";"165 664";"A01";"3";"10";"0";"1";"0";"0";"1";""
"202100020119";"165 662";"B01";"1";"1";"0";"2";"1";"1";"5";""
"202100020119";"165 663";"A01";"1";"7";"0";"2";"3";"1";"1";""
"202100020120";"165 661";"A01";"3";"7";"0";"1";"1";"1";"1";""
"202100020121";"165 660";"A01";"3";"2";"0";"0";"0";"1";"1";""
"202100020122";"165 658";"B01";"1";"7";"0";"2";"4";"2";"1";""
"202100020122";"165 659";"A01";"1";"7";"0";"2";"1";"1";"1";""
"202100020123";"165 656";"B01";"3";"50";"0";"2";"1";"19";"3";""
"202100020123";"165 657";"A01";"2";"7";"0";"2";"3";"1";"1";""
"202100020124";"165 654";"B01";"1";"7";"0";"2";"1";"1";"1";""
"202100020124";"165 655";"A01";"3";"1";"0";"2";"8";"19";"5";""
"202100020125";"165 652";"A01";"1";"10";"0";"9";"5";"1";"1";""
"202100020125";"165 653";"B01";"1";"7";"0";"2";"1";"1";"3";""
"202100020126";"165 650";"B01";"2";"30";"0";"2";"1";"3";"0";""
"202100020126";"165 651";"A01";"1";"7";"0";"2";"3";"23";"0";""
"202100020127";"165 648";"A01";"2";"7";"1";"0";"1";"17";"0";""
"202100020127";"165 649";"B01";"1";"2";"0";"2";"1";"0";"0";""
"202100020128";"165 646";"A01";"0";"33";"0";"2";"1";"1";"1";""
"202100020128";"165 647";"B01";"0";"33";"0";"2";"4";"2";"1";""
"202100020129";"165 644";"B01";"1";"10";"0";"2";"4";"0";"0";""
"202100020129";"165 645";"A01";"1";"7";"0";"2";"1";"2";"1";""
"202100020130";"165 642";"B01";"1";"7";"0";"2";"2";"15";"1";""
"202100020130";"165 643";"A01";"1";"32";"0";"2";"1";"18";"1";""
"202100020131";"165 640";"A01";"3";"33";"0";"2";"0";"17";"1";""
"202100020131";"165 641";"B01";"3";"7";"0";"2";"1";"9";"1";""
"202100020132";"165 638";"A01";"1";"7";"0";"2";"1";"16";"1";""
"202100020132";"165 639";"B01";"3";"1";"0";"2";"8";"19";"5";""
"202100020133";"165 637";"A01";"1";"7";"1";"0";"7";"1";"0";""
"202100020134";"165 635";"A01";"1";"1";"0";"2";"7";"19";"5";""
"202100020134";"165 636";"B01";"1";"2";"0";"2";"1";"1";"1";""
"202100020135";"165 633";"A01";"1";"33";"0";"2";"1";"26";"1";""
"202100020135";"165 634";"B01";"1";"32";"0";"2";"4";"0";"1";""
"202100020136";"165 632";"A01";"1";"7";"0";"1";"8";"15";"1";""
"202100020137";"165 631";"A01";"2";"7";"0";"1";"2";"1";"1";""
"202100020138";"165 629";"A01";"3";"7";"0";"2";"3";"15";"1";""
"202100020138";"165 630";"B01";"2";"7";"0";"2";"1";"1";"1";""
"202100020139";"165 627";"B01";"2";"7";"0";"2";"1";"1";"1";""
"202100020139";"165 628";"A01";"2";"7";"0";"2";"1";"11";"1";""
"202100020140";"165 626";"A01";"1";"7";"8";"0";"3";"1";"1";""
"202100020141";"165 625";"A01";"1";"10";"2";"0";"1";"0";"1";""
"202100020142";"165 623";"A01";"2";"7";"0";"2";"3";"13";"1";""
"202100020142";"165 624";"B01";"1";"7";"0";"2";"1";"1";"1";""
"202100020143";"165 622";"A01";"2";"7";"0";"0";"9";"9";"1";""
"202100020144";"165 621";"A01";"1";"7";"0";"0";"1";"1";"1";""
"202100020145";"165 619";"B01";"1";"7";"0";"2";"1";"1";"1";""
"202100020145";"165 620";"A01";"2";"7";"0";"2";"3";"15";"1";""
"202100020146";"165 618";"A01";"1";"7";"13";"0";"1";"1";"1";""
"202100020147";"165 617";"A01";"3";"33";"0";"0";"9";"1";"1";""
"202100020148";"165 615";"B01";"2";"7";"0";"2";"3";"1";"1";""
"202100020148";"165 616";"A01";"1";"7";"0";"2";"3";"13";"1";""
"202100020149";"165 614";"A01";"1";"7";"0";"1";"1";"1";"1";""
"202100020150";"165 612";"B01";"0";"7";"0";"0";"1";"1";"1";""
"202100020150";"165 613";"A01";"0";"7";"0";"0";"3";"15";"1";""
"202100020151";"165 611";"A01";"2";"33";"8";"0";"0";"1";"1";""
"202100020152";"165 609";"B01";"2";"7";"0";"2";"1";"1";"1";""
"202100020152";"165 610";"A01";"1";"7";"0";"2";"8";"19";"1";""
"202100020153";"165 608";"A01";"1";"7";"0";"1";"7";"1";"1";""
"202100020154";"165 607";"A01";"3";"7";"0";"1";"1";"1";"1";""
"202100020155";"165 605";"A01";"2";"33";"0";"2";"1";"13";"1";""
"202100020155";"165 606";"B01";"2";"7";"0";"2";"8";"15";"1";""
"202100020156";"165 604";"A01";"1";"7";"0";"1";"8";"1";"1";""
"202100020157";"165 602";"B01";"1";"33";"0";"2";"3";"1";"1";""
"202100020157";"165 603";"A01";"1";"7";"0";"2";"1";"1";"1";""
"202100020158";"165 601";"A01";"3";"7";"2";"0";"8";"1";"1";""
"202100020159";"165 599";"A01";"2";"7";"0";"2";"3";"13";"1";""
"202100020159";"165 600";"B01";"1";"17";"0";"2";"3";"1";"1";""
"202100020160";"165 598";"A01";"2";"2";"7";"0";"1";"0";"1";""
"202100020161";"165 597";"A01";"2";"43";"0";"0";"0";"1";"1";""
"202100020162";"165 595";"A01";"3";"7";"0";"2";"3";"15";"1";""
"202100020162";"165 596";"B01";"1";"33";"0";"2";"1";"1";"1";""
"202100020163";"165 594";"A01";"2";"7";"0";"1";"1";"16";"3";""
"202100020164";"165 592";"A01";"2";"33";"0";"0";"4";"0";"1";""
"202100020164";"165 593";"B01";"2";"7";"0";"2";"4";"0";"1";""
"202100020165";"165 589";"C01";"2";"38";"0";"2";"1";"1";"1";"2"
"202100020165";"165 590";"B01";"2";"15";"0";"2";"6";"1";"0";""
"202100020165";"165 591";"A01";"1";"17";"3";"2";"6";"26";"1";""
"202100020166";"165 587";"B01";"1";"30";"0";"2";"2";"21";"1";""
"202100020166";"165 588";"A01";"3";"38";"0";"2";"3";"16";"1";"1"
"202100020167";"165 586";"A01";"1";"15";"0";"0";"2";"14";"1";""
"202100020168";"165 585";"A01";"1";"7";"3";"0";"2";"1";"1";""
"202100020169";"165 583";"B01";"2";"10";"3";"2";"4";"2";"1";""
"202100020169";"165 584";"A01";"2";"7";"0";"2";"1";"2";"1";""
"202100020170";"165 580";"C01";"1";"15";"0";"2";"7";"2";"1";""
"202100020170";"165 581";"B01";"1";"7";"3";"2";"6";"24";"1";""
"202100020170";"165 582";"A01";"1";"7";"1";"2";"2";"18";"1";""
"202100020171";"165 579";"A01";"1";"17";"16";"0";"7";"1";"1";""
"202100020172";"165 578";"A01";"1";"33";"3";"0";"1";"1";"1";""
"202100020173";"165 576";"A01";"2";"7";"0";"2";"3";"1";"1";""
"202100020173";"165 577";"B01";"1";"30";"0";"2";"1";"5";"1";""
"202100020174";"165 574";"B01";"1";"7";"0";"2";"3";"15";"1";""
"202100020174";"165 575";"A01";"1";"7";"8";"2";"6";"1";"1";""
"202100020175";"165 572";"B01";"1";"2";"0";"2";"8";"19";"1";""
"202100020175";"165 573";"A01";"1";"7";"0";"2";"8";"1";"1";""