"Num_Acc";"id_vehicule";"num_veh";"senc";"catv";"obs";"obsm";"choc";"manv";"motor";"occutc"
"202100020809";"164 448";"A01";"2";"10";"0";"2";"1";"2";"1";""
"202100020809";"164 449";"B01";"2";"7";"0";"2";"4";"2";"2";""
"202100020809";"164 450";"C01";"2";"7";"0";"2";"4";"2";"1";""
"202100020809";"164 451";"D01";"2";"7";"0";"2";"4";"2";"1";""
"202100020810";"164 446";"A01";"1";"7";"0";"2";"2";"2";"1";""
"202100020810";"164 447";"B01";"1";"7";"0";"2";"6";"2";"1";""
"202100020811";"164 444";"A01";"1";"7";"3";"2";"3";"14";"1";""
"202100020811";"164 445";"B01";"1";"7";"0";"2";"5";"1";"1";""
"202100020812";"164 443";"A01";"2";"7";"4";"0";"1";"9";"1";""
"202100020813";"164 442";"A01";"2";"33";"0";"0";"9";"3";"1";""
"202100020814";"164 440";"A01";"2";"7";"0";"2";"1";"2";"1";""
"202100020814";"164 441";"B01";"2";"7";"0";"2";"4";"2";"1";""
"202100020815";"164 438";"B01";"2";"7";"4";"2";"4";"2";"1";""
"202100020815";"164 439";"A01";"2";"43";"4";"2";"1";"2";"1";""
"202100020816";"164 436";"B01";"2";"7";"0";"2";"7";"12";"1";""
"202100020816";"164 437";"A01";"2";"33";"0";"2";"1";"3";"1";""
"202100020817";"164 433";"C01";"2";"7";"0";"2";"6";"2";"1";""
"202100020817";"164 434";"B01";"2";"7";"0";"2";"0";"1";"1";""
"202100020817";"164 435";"A01";"2";"7";"0";"2";"1";"1";"1";""
"202100020818";"164 431";"B01";"2";"7";"0";"2";"6";"1";"1";""
"202100020818";"164 432";"A01";"2";"7";"4";"2";"1";"14";"1";""
"202100020819";"164 430";"A01";"2";"7";"0";"2";"9";"1";"1";""
"202100020820";"164 429";"A01";"1";"7";"4";"0";"2";"1";"1";""
"202100020821";"164 427";"B01";"2";"7";"4";"2";"1";"16";"1";""
"202100020821";"164 428";"A01";"2";"7";"4";"2";"5";"16";"1";""
"202100020822";"164 425";"Z01";"1";"99";"0";"2";"6";"3";"1";""
"202100020822";"164 426";"A01";"1";"7";"0";"2";"2";"2";"1";""
"202100020823";"164 423";"B01";"1";"7";"0";"2";"8";"11";"1";""
"202100020823";"164 424";"A01";"1";"7";"0";"2";"7";"1";"1";""
"202100020824";"164 421";"A01";"2";"32";"8";"2";"7";"1";"1";""
"202100020824";"164 422";"B01";"1";"7";"0";"2";"2";"17";"1";""
"202100020825";"164 420";"A01";"1";"7";"0";"0";"3";"26";"1";""
"202100020826";"164 419";"A01";"1";"33";"4";"0";"1";"1";"1";""
"202100020827";"164 417";"B01";"1";"32";"0";"2";"1";"1";"1";""
"202100020827";"164 418";"A01";"2";"32";"0";"2";"1";"17";"1";""
"202100020828";"164 415";"A01";"1";"7";"0";"9";"1";"14";"1";""
"202100020828";"164 416";"B01";"1";"1";"0";"2";"1";"15";"5";""
"202100020829";"164 413";"B01";"2";"33";"0";"2";"1";"1";"1";""
"202100020829";"164 414";"A01";"1";"7";"0";"2";"8";"15";"1";""
"202100020830";"164 410";"C01";"3";"50";"0";"2";"7";"19";"3";""
"202100020830";"164 411";"B01";"3";"50";"0";"2";"7";"19";"3";""
"202100020830";"164 412";"A01";"1";"99";"0";"2";"1";"26";"6";""
"202100020831";"164 409";"A01";" -1";"10";"0";"1";"3";"15";"1";""
"202100020832";"164 408";"A01";"3";"7";"0";"1";"7";"9";"1";""
"202100020833";"164 406";"A01";"1";"7";"0";"2";"3";"9";"1";""
"202100020833";"164 407";"B01";"1";"10";"0";"2";"2";"1";"1";""
"202100020834";"164 404";"A01";"1";"7";"0";"2";"1";"2";"1";""
"202100020834";"164 405";"B01";"1";"7";"0";"0";"4";"2";"1";""
"202100020835";"164 402";"A01";"1";"3";"0";"2";"1";"13";"1";""
"202100020835";"164 403";"B01";"2";"7";"0";"2";"1";"1";"1";""
"202100020836";"164 398";"A01";"0";"31";"0";"2";"1";"1";"1";""
"202100020836";"164 399";"B01";"0";"7";"0";"2";"8";"1";"1";""
"202100020837";"164 396";"B01";"2";"2";"0";"2";"2";"2";"1";""
"202100020837";"164 397";"A01";"3";"7";"0";"2";"8";"9";"1";""
"202100020838";"164 394";"A01";"1";"7";"0";"2";"3";"23";"1";""
"202100020838";"164 395";"B01";"1";"2";"0";"2";"1";"18";"1";""
"202100020839";"164 393";"A01";"2";"32";"0";"0";"7";"21";"1";""
"202100020840";"164 391";"B01";"2";"7";"0";"2";"2";"16";"1";""
"202100020840";"164 392";"A01";"2";"2";"0";"2";"8";"18";"1";""
"202100020841";"164 389";"B01";"1";"7";"0";"2";"1";"0";"1";""
"202100020841";"164 390";"A01";"1";"7";"0";"2";"0";"5";"1";""
"202100020842";"164 388";"A01";"2";"30";"2";"0";"1";"1";"1";""
"202100020843";"164 387";"A01";"1";"7";"0";"1";"1";"26";"1";""
"202100020844";"164 386";"A01";"1";"7";"0";"1";"0";"15";" -1";""
"202100020845";"164 384";"B01";"2";"33";"0";"2";"7";"1";"1";""
"202100020845";"164 385";"A01";"1";"7";"0";"2";"1";"1";"1";""
"202100020846";"164 383";"A01";"1";"1";"12";"0";"1";"1";"5";""
"202100020847";"164 381";"A01";"1";"1";"0";"2";"3";"15";"5";""
"202100020847";"164 382";"B01";"1";"30";"0";"2";"2";"26";"1";""
"202100020848";"164 380";"A01";"0";"7";"8";"0";"0";"1";"1";""
"202100020849";"164 379";"A01";"0";"37";"0";"1";"1";"0";"1";"1"
"202100020850";"164 378";"A01";"0";"37";"0";"1";"2";"16";"1";"1"
"202100020851";"164 376";"B01";"1";"33";"0";"2";"5";"1";"1";""
"202100020851";"164 377";"A01";"1";"7";"0";"2";"2";"9";"1";""
"202100020852";"164 374";"A01";"0";"7";"0";"2";"1";"15";"1";""
"202100020852";"164 375";"B01";"0";"7";"0";"2";"3";"1";"1";""
"202100020853";"164 373";"A01";"1";"7";"0";"1";"3";"1";"1";""
"202100020854";"164 371";"A01";"3";"7";"0";"9";"3";"2";"1";""
"202100020854";"164 372";"B01";"3";"50";"0";"2";"1";"1";"3";""
"202100020855";"164 369";"B01";"3";"7";"0";"2";"3";"1";"1";""
"202100020855";"164 370";"A01";"2";"50";"0";"2";"1";"1";"3";""
"202100020856";"164 367";"A01";"2";"7";"0";"2";"1";"15";"1";""
"202100020856";"164 368";"B01";"3";"7";"0";"2";"3";"26";"1";""
"202100020857";"164 365";"A01";"2";"32";"0";"2";"8";"1";"1";""
"202100020857";"164 366";"B01";"2";"7";"0";"2";"7";"16";"1";""
"202100020858";"164 363";"A01";"2";"7";"0";"2";"1";"1";"1";""
"202100020858";"164 364";"B01";"2";"7";"0";"2";"4";"15";"1";""
"202100020859";"164 362";"A01";"1";"7";"0";"1";"2";"9";"1";""
"202100020860";"164 360";"A01";"3";"7";"0";"2";"9";"15";"1";""
"202100020860";"164 361";"B01";"3";"7";"0";"2";"1";"1";"1";""
"202100020861";"164 357";"A01";"3";"7";"0";"2";"1";"2";"1";""
"202100020861";"164 358";"B01";"3";"7";"0";"2";"3";"2";"1";""
"202100020861";"164 359";"C01";"3";"7";"0";"2";"4";"26";"1";""
"202100020862";"164 355";"A01";"0";"7";"0";"2";"2";"15";"1";""
"202100020862";"164 356";"B01";"0";"33";"0";"2";"1";"1";"1";""
"202100020863";"164 354";"A01";"2";"7";"6";"0";"1";"0";"1";""
"202100020864";"164 353";"A01";"1";"1";"0";"1";"1";"1";"5";""
"202100020865";"164 352";"A01";"3";"7";"0";"1";"7";"16";"1";""
"202100020866";"164 350";"B01";"1";"33";"0";"2";"1";"1";"1";""
"202100020866";"164 351";"A01";"1";"7";"0";"2";"3";"15";"1";""
"202100020867";"164 347";"A01";"1";"7";"0";"2";"1";"2";"2";""
"202100020867";"164 348";"B01";"1";"7";"0";"2";"6";"1";"1";""
"202100020867";"164 349";"C01";"1";"7";"0";"0";"4";"1";"1";""
"202100020868";"164 345";"A01";"0";"7";"0";"2";"1";"1";"1";""
"202100020868";"164 346";"B01";"0";"7";"0";"2";"4";"1";"1";""
"202100020869";"164 344";"A01";"0";"7";"5";"0";"0";"1";" -1";""
"202100020870";"164 342";"A01";"1";"7";"0";"2";"1";"2";"2";""
"202100020870";"164 343";"B01";"1";"7";"0";"2";"4";"2";"1";""
"202100020871";"164 340";"A01";"2";"7";"0";"2";"5";"4";"1";""
"202100020871";"164 341";"B01";"2";"1";"0";"2";"5";"1";"5";""
"202100020872";"164 338";"B01";"2";"7";"0";"2";"4";"23";"1";""
"202100020872";"164 339";"A01";"2";"2";"0";"2";"1";"2";"1";""
"202100020873";"164 337";"Z01";"3";"1";"0";"1";"0";"0";"5";""
"202100020874";"164 336";"A01";"1";"43";"9";"0";"1";"26";"1";""
"202100020875";"164 335";"A01";"3";"7";"0";"1";"1";"0";"1";""
"202100020876";"164 334";"A01";"1";"30";"0";"0";"1";"1";"1";""
"202100020877";"164 332";"A01";"2";"32";"0";"2";"1";"1";"1";""
"202100020877";"164 333";"B01";"3";"1";"0";"0";"0";"0";"0";""
"202100020878";"164 330";"A01";"1";"3";"0";"2";"0";"0";"0";""
"202100020878";"164 331";"B01";"0";"3";"0";"0";"0";"0";"0";""
"202100020879";"164 328";"A01";"1";"7";"0";"2";"3";"11";"1";""
"202100020879";"164 329";"B01";"1";"7";"0";"2";"5";"1";"1";""
"202100020880";"164 326";"B01";"2";"10";"0";"2";"5";"1";"1";""
"202100020880";"164 327";"A01";"2";"31";"0";"2";"3";"3";"1";""
"202100020881";"164 324";"A01";"3";"7";"0";"2";"7";"1";"1";""
"202100020881";"164 325";"B01";"3";"7";"0";"2";"1";"1";"1";""
"202100020882";"164 322";"Z01";"2";"7";"0";"2";"3";"10";"0";""
"202100020882";"164 323";"A01";"1";"30";"0";"2";"3";"1";"1";""
"202100020883";"164 320";"B01";"1";"80";"0";"2";"1";"18";"3";""
"202100020883";"164 321";"A01";"1";"7";"0";"2";"3";"22";"1";""
"202100020884";"164 319";"A01";"1";"1";"0";"0";"0";"1";"5";""
"202100020885";"164 317";"A01";"2";"10";"0";"2";"7";"14";"1";""
"202100020885";"164 318";"B01";"2";"50";"0";"2";"3";"1";"3";""
"202100020886";"164 316";"A01";"2";"7";"0";"1";"2";"1";"2";""
"202100020887";"164 314";"B01";"1";"33";"0";"2";"3";"18";"1";""
"202100020887";"164 315";"A01";"1";"7";"0";"2";"2";"16";"1";""
"202100020888";"164 312";"B01";"1";"33";"0";"2";"8";"1";"1";""
"202100020888";"164 313";"A01";"1";"7";"0";"2";"1";"9";"1";""
"202100020889";"164 310";"B01";"2";"14";"0";"2";"4";"23";"1";""
"202100020889";"164 311";"A01";"2";"30";"1";"0";"1";"1";"1";""
"202100020890";"164 309";"A01";"3";"7";"0";"1";"2";"15";"1";""
"202100020891";"164 307";"B01";"0";"7";"0";"2";"8";"2";"1";""
"202100020891";"164 308";"A01";"0";"7";"0";"2";"2";"2";"1";""
"202100020892";"164 304";"B01";"2";"33";"0";"2";"4";"26";"1";""
"202100020892";"164 305";"C01";"2";"10";"0";"2";"4";"20";"1";""
"202100020892";"164 306";"A01";"2";"7";"0";"2";"1";"2";"2";""
"202100020893";"164 302";"A01";"1";"34";"0";"2";"8";"1";"1";""
"202100020893";"164 303";"B01";"1";"7";"0";"2";"7";"16";"1";""
"202100020894";"164 300";"A01";"1";"30";"0";"2";"1";"26";"1";""
"202100020894";"164 301";"B01";"1";"50";"0";"2";"2";"0";"3";""
"202100020895";"164 299";"A01";"1";"7";"1";"0";"2";"14";"2";""
"202100020896";"164 298";"A01";"1";"7";"0";"1";"2";"16";"1";""
"202100020897";"164 296";"B01";"2";"7";"0";"2";"4";"1";"1";""
"202100020897";"164 297";"A01";"2";"30";"0";"2";"1";"2";"1";""
"202100020898";"164 294";"A01";"1";"31";"0";"2";"1";"1";"1";""
"202100020898";"164 295";"B01";"1";"30";"0";"2";"4";"15";"1";""
"202100020899";"164 293";"A01";"2";"7";"0";"0";"0";"0";"1";""
"202100020900";"164 291";"B01";"2";"33";"0";"2";"1";"2";"1";""
"202100020900";"164 292";"A01";"1";"7";"0";"2";"5";"2";"1";""
"202100020901";"164 290";"A01";"1";"30";"15";"0";"1";"0";"1";""
"202100020902";"164 287";"C01";"2";"7";"1";"2";"1";"2";"1";""
"202100020902";"164 288";"B01";"2";"7";"4";"0";"7";"23";"1";""
"202100020902";"164 289";"A01";"2";"7";"3";"2";"6";"1";"1";""
"202100020903";"164 285";"A01";"2";"33";"0";"2";"1";"17";"1";""
"202100020903";"164 286";"B01";"2";"7";"0";"2";"3";"15";"1";""
"202100020904";"164 284";"A01";"1";"35";"0";"0";"8";"9";"1";""
"202100020905";"164 282";"A01";"2";"7";"0";"2";"3";"13";"1";""
"202100020905";"164 283";"B01";"1";"7";"0";"2";"8";"1";"2";""
"202100020906";"164 281";"A01";"2";"7";"13";"0";"1";"1";"1";""
"202100020907";"164 279";"A01";"3";"37";"0";"2";"1";"2";"1";"2"
"202100020907";"164 280";"B01";"3";"7";"0";"2";"4";"15";"1";""
"202100020908";"164 278";"A01";"1";"2";"0";"0";"9";"14";"1";""
"202100020909";"164 276";"B01";"1";"7";"0";"2";"3";"13";"1";""
"202100020909";"164 277";"A01";"2";"7";"0";"2";"1";"1";"1";""
"202100020910";"164 275";"A01";"0";"2";"0";"0";"2";"16";"1";""
"202100020911";"164 274";"A01";"1";"33";"15";"0";"1";"0";"1";""
"202100020912";"164 273";"A01";"2";"2";"0";"0";"0";"15";"1";""
"202100020913";"164 271";"A01";"0";"7";"0";"2";"3";"0";"1";""
"202100020913";"164 272";"B01";"1";"7";"0";"2";"2";"1";"1";""
"202100020914";"164 270";"A01";"3";"7";"15";"0";"1";"14";"1";""
"202100020915";"164 268";"A01";"1";"7";"0";"2";"3";"19";"1";""
"202100020915";"164 269";"B01";"1";"31";"0";"2";"1";"1";"1";""
"202100020916";"164 266";"A01";"2";"33";"0";"2";"1";"1";"1";""
"202100020916";"164 267";"B01";"2";"33";"0";"2";"4";"1";"1";""
"202100020917";"164 265";"A01";"3";"7";"2";"0";"0";"1";"1";""
"202100020918";"164 264";"A01";"3";"7";"0";"1";"2";"16";"1";""
"202100020919";"164 263";"A01";"2";"33";"15";"0";"7";"14";"1";""
"202100020920";"164 260";"B01";"1";"2";"0";"0";"4";"1";"1";""
"202100020920";"164 261";"A01";"1";"7";"0";"2";"2";"2";"1";""
"202100020920";"164 262";"C01";"1";"2";"0";"0";"4";"1";"1";""
"202100020921";"164 259";"A01";"1";"7";"2";"0";"1";"0";"1";""
"202100020922";"164 258";"A01";"2";"2";"0";"0";"0";"1";"1";""
"202100020923";"164 256";"A01";"0";"7";"0";"2";"1";"1";"1";""
"202100020923";"164 257";"B01";"0";"1";"0";"2";"1";"1";"5";""
"202100020924";"164 254";"B01";"2";"7";"0";"2";"6";"19";"1";""
"202100020924";"164 255";"A01";"1";"7";"0";"2";"1";"1";"1";""
"202100020925";"164 252";"A01";"1";"33";"0";"2";"3";"1";"1";""
"202100020925";"164 253";"B01";"2";"7";"0";"2";"3";"1";"1";""
"202100020926";"164 251";"A01";"1";"7";"2";"0";"3";"1";"1";""
"202100020927";"164 249";"A01";"2";"7";"0";"0";"6";"17";"1";""
"202100020927";"164 250";"B01";"2";"7";"0";"2";"2";"17";"1";""
"202100020928";"164 247";"B01";"2";"7";"0";"2";"3";"1";"0";""
"202100020928";"164 248";"A01";"1";"7";"0";"2";"3";"13";"0";""
"202100020929";"164 246";"A01";"1";"7";"15";"0";"3";"0";"0";""
"202100020930";"164 245";"A01";"2";"33";"13";"0";"1";"13";"1";""
"202100020931";"164 243";"B01";"3";"7";"0";"2";"2";"1";"1";""
"202100020931";"164 244";"A01";"3";"2";"0";"2";"5";"15";"1";""
"202100020932";"164 242";"A01";"1";"2";"0";"0";"8";"14";"1";""
"202100020933";"164 241";"A01";"1";"1";"0";"0";"1";"0";"5";""
"202100020934";"164 240";"A01";"2";"33";"2";"0";"3";"1";"1";""
"202100020935";"164 239";"A01";"1";"7";"0";"0";"9";"13";"0";""
"202100020936";"164 237";"B01";"1";"30";"0";"2";"1";"1";"1";""
"202100020936";"164 238";"A01";"2";"10";"0";"2";"7";"15";"1";""
"202100020937";"164 236";"A01";"3";"21";"0";"1";"2";"1";"1";""
"202100020938";"164 235";"A01";"0";"7";"0";"1";"1";"0";"1";""
"202100020939";"164 233";"B01";"3";"7";"0";"2";"2";"16";"1";""
"202100020939";"164 234";"A01";"3";"33";"0";"2";"3";"1";"1";""
"202100020940";"164 231";"A01";"1";"43";"12";"2";"2";"26";"1";""
"202100020940";"164 232";"B01";"1";"31";"0";"2";"5";"23";"1";""
"202100020941";"164 230";"A01";"2";"7";"7";"0";"1";"1";"1";""
"202100020942";"164 228";"B01";"3";"1";"0";"2";"0";"1";"6";""
"202100020942";"164 229";"A01";"3";"7";"0";"9";"3";"1";"1";""
"202100020943";"164 227";"A01";"1";"33";"0";"0";"8";"1";"1";""
"202100020944";"164 226";"A01";"1";"7";"12";"0";"9";"26";"1";""
"202100020945";"164 223";"B01";"2";"7";"3";"0";"4";"2";"1";""
"202100020945";"164 224";"A01";"2";"7";"3";"2";"1";"2";"1";""
"202100020945";"164 225";"C01";"1";"7";"0";"0";"1";"1";"1";""
"202100020946";"164 221";"B01";"2";"7";"4";"0";"7";"0";"1";""
"202100020946";"164 222";"A01";"2";"7";"4";"0";"9";"1";"1";""
"202100020947";"164 219";"B01";"1";"7";"0";"2";"1";"2";"1";""
"202100020947";"164 220";"A01";"1";"7";"3";"0";"4";"23";"1";""
"202100020948";"164 217";"B01";"1";"7";"3";"0";"4";"2";"1";""
"202100020948";"164 218";"A01";"1";"7";"3";"2";"1";"2";"1";""
"202100020949";"164 216";"A01";"3";"10";"0";"0";"9";"13";"1";""
"202100020950";"164 214";"B01";"2";"7";"0";"2";"1";"1";"1";""
"202100020950";"164 215";"A01";"1";"7";"0";"2";"1";"13";"1";""
"202100020951";"164 212";"B01";"1";"1";"0";"2";"7";"19";"5";""
"202100020951";"164 213";"A01";"1";"7";"0";"9";"1";"21";"1";""
"202100020952";"164 211";"A01";"2";"7";"13";"0";"1";"2";"1";""
"202100020953";"164 210";"A01";"3";"7";"13";"0";"1";"1";"1";""
"202100020954";"164 208";"B01";"1";"7";"0";"2";"1";"1";"1";""
"202100020954";"164 209";"A01";"1";"7";"0";"2";"1";"13";"1";""
"202100020955";"164 207";"A01";"0";"7";"0";"1";"2";"0";"1";""
"202100020956";"164 205";"B01";"1";"33";"0";"0";"1";"1";"1";""
"202100020956";"164 206";"A01";"2";"33";"0";"2";"1";"1";"1";""
"202100020957";"164 204";"A01";"1";"33";"0";"0";"0";"1";"1";""
"202100020958";"164 203";"A01";"1";"31";"6";"0";"1";"26";"1";""
"202100020959";"164 202";"A01";"2";"1";"13";"0";"0";"1";"5";""
"202100020960";"164 200";"B01";"2";"33";"0";"2";"1";"1";"1";""
"202100020960";"164 201";"A01";"1";"7";"0";"2";"3";"1";"1";""
"202100020961";"164 199";"A01";"1";"7";"11";"0";"1";"1";"1";""
"202100020962";"164 197";"A01";"2";"7";"0";"2";"2";"15";"1";""
"202100020962";"164 198";"B01";"1";"33";"0";"2";"1";"1";"1";""
"202100020963";"164 196";"A01";"2";"33";"8";"0";"2";"21";"1";""
"202100020964";"164 194";"A01";"1";"7";"0";"2";"8";"15";"1";""
"202100020964";"164 195";"B01";"1";"33";"0";"2";"1";"2";"1";""
"202100020965";"164 192";"A01";"2";"33";"0";"2";"1";"17";"1";""
"202100020965";"164 193";"B01";"2";"34";"0";"2";"1";"9";"1";""
"202100020966";"164 190";"A01";"2";"7";"0";"2";"2";"17";"1";""
"202100020966";"164 191";"B01";"2";"30";"0";"2";"3";"15";"3";""
"202100020967";"164 188";"A01";"0";"7";"0";"2";"8";"19";"1";""
"202100020967";"164 189";"B01";"2";"7";"0";"2";"1";"1";"1";""
"202100020968";"164 187";"A01";"1";"7";"0";"1";"3";"1";"1";""
"202100020969";"164 186";"A01";"1";"7";"0";"1";"1";"1";"1";""
"202100020970";"164 185";"A01";"1";"7";"0";"1";"0";"13";"1";""
"202100020971";"164 183";"B01";"2";"33";"0";"2";"2";"1";"1";""
"202100020971";"164 184";"A01";"3";"7";"0";"2";"2";"26";"1";""
"202100020972";"164 182";"A01";"2";"7";"9";"0";"1";"2";"1";""
"202100020973";"164 180";"A01";"1";"10";"0";"2";"1";"2";"1";""
"202100020973";"164 181";"B01";"0";"7";"0";"2";"4";"2";"1";""
"202100020974";"164 177";"C01";"2";"7";"0";"2";"3";"2";"1";""
"202100020974";"164 178";"B01";"2";"7";"0";"2";"1";"2";"1";""
"202100020974";"164 179";"A01";"2";"7";"0";"2";"4";"21";"1";""
"202100020975";"164 174";"A01";"1";"7";"0";"2";"4";"1";"1";""
"202100020975";"164 175";"B01";"1";"7";"0";"2";"4";"2";"1";""
"202100020975";"164 176";"C01";"1";"7";"0";"2";"1";"2";"1";""
"202100020976";"164 173";"A01";"2";"7";"4";"0";"3";"13";"1";""
"202100020977";"164 171";"B01";"2";"7";"0";"2";"4";"2";"1";""
"202100020977";"164 172";"A01";"2";"7";"0";"2";"3";"2";"1";""
"202100020978";"164 169";"A01";"2";"7";"0";"2";"2";"13";"1";""
"202100020978";"164 170";"B01";"2";"7";"0";"2";"5";"10";"1";""
"202100020979";"164 168";"A01";"2";"7";"4";"0";"3";"2";"1";""
"202100020980";"164 167";"A01";"1";"33";"0";"0";"4";"2";"1";""
"202100020981";"164 164";"C01";"1";"7";"0";"2";"4";"2";"1";""
"202100020981";"164 165";"B01";"1";"7";"0";"2";"4";"2";"1";""
"202100020981";"164 166";"A01";"1";"7";"0";"2";"1";"2";"1";""
"202100020982";"164 159";"C01";"2";"7";"0";"2";"4";"1";"2";""
"202100020982";"164 160";"E01";"2";"7";"0";"2";"4";"1";"1";""
"202100020982";"164 161";"D01";"2";"7";"0";"2";"4";"1";"1";""
"202100020982";"164 162";"B01";"2";"7";"0";"2";"4";"1";"1";""
"202100020982";"164 163";"A01";"2";"7";"0";"2";"1";"1";"1";""
"202100020983";"164 158";"A01";"1";"7";"14";"0";"2";"26";"1";""
"202100020984";"164 156";"B01";"2";"7";"0";"2";"4";"1";"1";""
"202100020984";"164 157";"A01";"2";"7";"0";"2";"1";"2";"1";""
"202100020985";"164 154";"B01";"2";"7";"0";"2";"4";"2";"1";""
"202100020985";"164 155";"A01";"2";"10";"0";"2";"1";"1";"1";""
"202100020986";"164 152";"B01";"2";"33";"0";"2";"3";"3";"1";""
"202100020986";"164 153";"A01";"2";"7";"0";"2";"7";"12";"1";""
"202100020987";"164 151";"A01";"2";"7";"0";"1";"1";"1";"0";""
"202100020988";"164 149";"A01";"3";"7";"0";"2";"2";"19";"1";""
"202100020988";"164 150";"B01";"3";"7";"0";"2";"1";"1";"1";""
"202100020989";"164 146";"A01";"2";"7";"0";"1";"1";"1";"1";""
"202100020990";"164 145";"A01";"3";"7";"0";"1";"2";"26";"1";""
"202100020991";"164 143";"B01";"0";"33";"0";"2";"6";"15";"1";""
"202100020991";"164 144";"A01";"0";"2";"0";"2";"7";"1";"1";""
"202100020992";"164 142";"A01";"2";"7";"0";"1";"2";"1";"1";""
"202100020993";"164 140";"A01";"3";"7";"0";"2";"1";"15";"1";""
"202100020993";"164 141";"B01";"0";"1";"0";"2";"1";"16";"6";""
"202100020994";"164 137";"B01";"1";"43";"0";"2";"7";"1";"1";""
"202100020994";"164 138";"C01";"1";"7";"0";"2";"8";"1";"1";""
"202100020994";"164 139";"A01";"1";"7";"0";"2";"8";"11";"1";""
"202100020995";"164 135";"B01";"0";"2";"0";"2";"0";"0";"0";""
"202100020995";"164 136";"A01";"0";"7";"0";"2";"1";"1";"1";""
"202100020996";"164 133";"B01";"2";"7";"0";"2";"8";"1";"1";""
"202100020996";"164 134";"A01";"1";"7";"0";"2";"1";"1";"1";""
"202100020997";"164 131";"B01";"3";"7";"0";"2";"4";"2";"1";""
"202100020997";"164 132";"A01";"3";"30";"0";"2";"1";"2";"1";""
"202100020998";"164 129";"B01";"2";"32";"0";"2";"8";"1";"1";""
"202100020998";"164 130";"A01";"1";"7";"0";"2";"1";"15";"1";""
"202100020999";"164 127";"B01";"0";"50";"0";"2";"1";"1";"3";""
"202100020999";"164 128";"DA01";"1";"1";"0";"2";"1";"1";"5";""
"202100021000";"164 126";"A01";"0";"1";"9";"1";"0";"1";"5";""
"202100021001";"164 124";"B01";"3";"7";"0";"2";"7";"16";"1";""
"202100021001";"164 125";"A01";"3";"7";"0";"2";"8";"2";"1";""
"202100021002";"164 122";"A01";"1";"2";"0";"2";"1";"17";"1";""
"202100021002";"164 123";"B01";"1";"7";"0";"2";"6";"20";"1";""
"202100021003";"164 121";"A01";"2";"7";"0";"1";"1";"1";"1";""
"202100021004";"164 119";"B01";"1";"2";"0";"2";"1";"1";"1";""
"202100021004";"164 120";"A01";"2";"7";"0";"2";"2";"15";"1";""
"202100021005";"164 117";"A01";"2";"7";"0";"1";"8";"24";"1";""
"202100021005";"164 118";"B01";"2";"1";"1";"0";"1";"1";"5";""
"202100021006";"164 115";"A01";"3";"7";"0";"9";"8";"9";"1";""
"202100021006";"164 116";"B01";"0";"1";"0";"2";"1";"0";"5";""
"202100021007";"164 113";"A01";"3";"7";"0";"2";"1";"26";"1";""
"202100021007";"164 114";"B01";"3";"7";"0";"2";"3";"26";"1";""
"202100021008";"164 111";"A01";"1";"7";"0";"2";"7";"10";"1";""
"202100021008";"164 112";"B01";"1";"7";"0";"2";"3";"1";"1";""
"202100021009";"164 108";"A01";"2";"10";"14";"0";"2";"14";"1";""
"202100021009";"164 109";"B01";"2";"14";"0";"2";"8";"23";"0";""
"202100021009";"164 110";"C01";"2";"7";"5";"2";"7";"23";"2";""
"202100021010";"164 106";"B01";"1";"32";"0";"2";"1";"1";"0";""
"202100021010";"164 107";"A01";"1";"7";"0";"2";"7";"15";"0";""
"202100021011";"164 104";"A01";"0";"7";"0";"2";"1";"1";"1";""
"202100021011";"164 105";"B01";"0";"1";"0";"2";"4";"1";"5";""
"202100021012";"164 103";"A01";"2";"7";"9";"2";"2";"14";"1";""
"202100021013";"164 102";"A01";"1";"7";"0";"1";"3";"1";"1";""
"202100021014";"164 100";"A01";"2";"7";"0";"2";"1";"13";"1";""
"202100021014";"164 101";"B01";"1";"30";"0";"2";"1";"1";"1";""
"202100021015";"164 097";"B01";" -1";"33";"0";"0";"0";"2";"1";""
"202100021015";"164 098";"A01";" -1";"33";"0";"9";"0";"2";"1";""
"202100021016";"164 096";"A01";"1";"33";"1";"5";"1";"1";"1";""
"202100021017";"164 095";"A01";"1";"7";"0";"1";"1";"2";"1";""
"202100021018";"164 093";"A01";"3";"7";"0";"2";"1";"1";"1";""
"202100021018";"164 094";"B01";"3";"1";"0";"2";"1";"1";"5";""
"202100021019";"164 091";"A01";"3";"7";"0";"2";"0";"1";"1";""
"202100021019";"164 092";"B01";"3";"1";"0";"2";"0";"1";"5";""
"202100021020";"164 090";"A01";"3";"7";"0";"1";"1";"1";"1";""
"202100021021";"164 088";"A01";"2";"10";"0";"2";"8";"16";"1";""
"202100021021";"164 089";"B01";"1";"7";"0";"2";"2";"1";"1";""
"202100021022";"164 086";"A01";"1";"7";"0";"2";"1";"15";"1";""
"202100021022";"164 087";"B01";"2";"7";"0";"2";"1";"1";"1";""
"202100021023";"164 084";"A01";"1";"7";"0";"2";"3";"9";"1";""
"202100021023";"164 085";"B01";"1";"7";"0";"2";"2";"1";"1";""
"202100021024";"164 081";"C01";"2";"7";"0";"2";"4";"2";"1";""
"202100021024";"164 082";"B01";"2";"7";"0";"2";"6";"1";"1";""
"202100021024";"164 083";"A01";"2";"7";"0";"2";"2";"17";"1";""
"202100021025";"164 079";"B01";"1";"3";"0";"2";"2";"15";"1";""