"Num_Acc";"id_vehicule";"num_veh";"senc";"catv";"obs";"obsm";"choc";"manv";"motor";"occutc"
"202100021025";"164 080";"A01";"2";"30";"0";"2";"1";"18";"1";""
"202100021026";"164 077";"A01";"1";"7";"0";"2";"6";"22";"1";""
"202100021026";"164 078";"B01";"1";"1";"1";"0";"1";"1";"5";""
"202100021027";"164 076";"A01";"1";"7";"14";"0";"1";"1";"1";""
"202100021028";"164 075";"A01";"3";"2";"0";"0";"0";"1";"1";""
"202100021029";"164 073";"B01";"2";"30";"0";"2";"8";"1";"1";""
"202100021029";"164 074";"A01";"2";"7";"0";"2";"2";"12";"2";""
"202100021030";"164 071";"B01";"1";"7";"0";"2";"4";"1";"1";""
"202100021030";"164 072";"A01";"1";"7";"0";"2";"1";"1";"0";""
"202100021031";"164 069";"A01";"3";"7";"0";"2";"2";"9";"2";""
"202100021031";"164 070";"B01";"3";"7";"0";"2";"3";"9";"1";""
"202100021032";"164 067";"A01";"1";"3";"0";"2";"3";"15";"1";""
"202100021032";"164 068";"B01";"1";"50";"0";"2";"0";"2";"3";""
"202100021033";"164 065";"B01";"1";"33";"0";"2";"2";"15";"1";""
"202100021033";"164 066";"A01";"1";"15";"0";"2";"3";"15";"0";""
"202100021034";"164 063";"B01";"2";"1";"0";"2";"1";"1";"5";""
"202100021034";"164 064";"A01";"1";"7";"0";"2";"5";"15";"1";""
"202100021035";"164 061";"B01";"1";"7";"0";"2";"6";"1";"1";""
"202100021035";"164 062";"A01";"1";"33";"0";"2";"2";"2";"1";""
"202100021036";"164 059";"B01";"2";"7";"0";"2";"3";"1";"1";""
"202100021036";"164 060";"A01";"1";"7";"0";"2";"1";"15";"1";""
"202100021037";"164 057";"A01";"2";"7";"0";"2";"1";"15";"1";""
"202100021037";"164 058";"B01";"1";"33";"0";"2";"2";"1";"1";""
"202100021038";"164 055";"A01";"1";"1";"0";"2";"1";"2";"5";""
"202100021038";"164 056";"B01";"1";"7";"0";"2";"4";"1";"1";""
"202100021039";"164 053";"B01";"3";"7";"0";"2";"1";"1";"1";""
"202100021039";"164 054";"A01";"0";"7";"0";"2";"1";"21";"1";""
"202100021040";"164 050";"A01";"3";"7";"1";"1";"2";"1";"0";""
"202100021040";"164 051";"B01";"3";"7";"0";"2";"8";"24";"1";""
"202100021040";"164 052";"D01";"3";"7";"0";"2";"4";"24";"1";""
"202100021041";"164 048";"B01";"1";"37";"0";"9";"7";"26";"1";"1"
"202100021041";"164 049";"A01";"1";"50";"0";"9";"1";"5";"3";""
"202100021042";"164 047";"A01";"1";"7";"0";"1";"1";"26";"1";""
"202100021043";"164 046";"A01";"1";"10";"0";"1";"1";"26";"1";""
"202100021044";"164 044";"B01";"1";"7";"0";"2";"4";"2";"1";""
"202100021044";"164 045";"A01";"1";"7";"0";"2";"1";"2";"1";""
"202100021045";"164 042";"B01";"1";"7";"0";"2";"1";"26";"1";""
"202100021045";"164 043";"A01";"1";"7";"0";"2";"3";"26";"1";""
"202100021046";"164 040";"B01";"1";"1";"9";"0";"4";"1";"5";""
"202100021046";"164 041";"A01";"1";"7";"9";"2";"2";"2";"1";""
"202100021047";"164 038";"B01";"0";"2";"0";"0";"0";"1";"1";""
"202100021047";"164 039";"A01";"0";"7";"0";"2";"1";"9";"1";""
"202100021048";"164 035";"B01";"1";"7";"0";"2";"1";"2";"1";""
"202100021048";"164 036";"C01";"1";"7";"0";"2";"1";"1";"1";""
"202100021048";"164 037";"A01";"1";"7";"0";"2";"2";"2";"1";""
"202100021049";"164 033";"A01";"1";"7";"0";"2";"5";"1";"1";""
"202100021049";"164 034";"B01";"1";"1";"0";"2";"1";"9";"5";""
"202100021050";"164 031";"A01";"1";"7";"0";"2";"1";"1";"1";""
"202100021050";"164 032";"B01";"2";"7";"0";"2";"3";"1";"1";""
"202100021051";"164 030";"A01";"2";"7";"14";"0";"1";"1";"1";""
"202100021052";"164 028";"B01";"3";"7";"0";"2";"2";"9";"2";""
"202100021052";"164 029";"A01";"3";"1";"0";"2";"1";"25";"5";""
"202100021053";"164 026";"A01";"1";"31";"0";"2";"1";"2";"1";""
"202100021053";"164 027";"B01";"1";"7";"0";"2";"4";"1";"1";""
"202100021054";"164 024";"B01";"1";"7";"0";"2";"2";"1";"1";""
"202100021054";"164 025";"A01";"2";"30";"0";"2";"1";"1";"1";""
"202100021055";"164 022";"B01";"2";"1";"0";"2";"1";"1";"5";""
"202100021055";"164 023";"A01";"1";"1";"0";"2";"1";"1";"5";""
"202100021056";"164 020";"A01";"2";"30";"0";"2";"1";"0";"1";""
"202100021056";"164 021";"B01";"1";"7";"0";"2";"2";"19";"1";""
"202100021057";"164 019";"A01";"1";"50";"8";"0";"1";"25";"3";""
"202100021058";"164 018";"A01";"2";"7";"6";"0";"7";"14";"1";""
"202100021059";"164 016";"B01";"1";"99";"0";"2";"3";"1";"0";""
"202100021059";"164 017";"A01";"2";"7";"0";"2";"3";"13";"1";""
"202100021060";"164 014";"A01";"0";"7";"0";"2";"8";"10";"1";""
"202100021060";"164 015";"B01";"0";"33";"0";"2";"0";"1";"1";""
"202100021061";"164 013";"A01";"2";"7";"13";"0";"2";"1";"1";""
"202100021062";"164 011";"A01";"1";"7";"0";"2";"7";"12";"1";""
"202100021062";"164 012";"B01";"1";"14";"0";"2";"0";"1";"1";""
"202100021063";"164 009";"C01";"3";"7";"1";"0";"0";"0";"1";""
"202100021063";"164 010";"A01";"3";"7";"1";"2";"0";"0";"1";""
"202100021064";"164 007";"B01";"0";"1";"0";" -1";" -1";"1";" -1";""
"202100021064";"164 008";"A01";"0";"7";"0";"2";"7";"1";"1";""
"202100021065";"164 005";"A01";"1";"7";"0";"2";"3";"1";"1";""
"202100021065";"164 006";"B01";"1";"33";"0";"2";"4";"23";"1";""
"202100021066";"164 003";"B01";"2";"13";"0";"2";"7";"1";"1";""
"202100021066";"164 004";"A01";"2";"80";"0";"2";"8";"1";"3";""
"202100021067";"164 001";"A01";"2";"7";"0";"2";"7";"15";"1";""
"202100021067";"164 002";"B01";"1";"7";"0";"2";"2";"1";"1";""
"202100021068";"163 999";"B01";"1";"30";"0";"2";"1";"0";"1";""
"202100021068";"164 000";"A01";"1";"7";"0";"2";"5";"1";"0";""
"202100021069";"163 997";"B01";"1";"33";"0";"2";"1";"1";"0";""
"202100021069";"163 998";"A01";"1";"7";"0";"2";"2";"9";"1";""
"202100021070";"163 996";"A01";"1";"7";"0";"1";"0";"1";"1";""
"202100021071";"163 994";"A01";"1";"7";"0";"2";"1";"15";"1";""
"202100021071";"163 995";"B01";"1";"7";"0";"2";"3";"1";"1";""
"202100021072";"163 992";"B01";"3";"7";"0";"2";"0";"16";"1";""
"202100021072";"163 993";"A01";"3";"80";"0";"2";"4";"16";"3";""
"202100021073";"163 990";"B01";"1";"13";"0";"2";"5";"20";"1";""
"202100021073";"163 991";"A01";"1";"30";"0";"2";"1";"1";"1";""
"202100021074";"163 987";"A01";"2";"7";"0";"2";"1";"15";"1";""
"202100021074";"163 988";"B01";"1";"32";"0";"2";"1";"1";"1";""
"202100021074";"163 989";"C01";"1";"32";"0";"2";"1";"1";"1";""
"202100021075";"163 986";"A01";"3";"7";"8";"0";"1";"1";"1";""
"202100021076";"163 984";"B01";"1";"33";"0";"2";"8";"1";"1";""
"202100021076";"163 985";"A01";"2";"7";"0";"2";"2";"19";"1";""
"202100021077";"163 982";"A01";"1";"7";"0";"2";"0";"2";"1";""
"202100021077";"163 983";"B01";"1";"7";"0";"2";"0";"2";"1";""
"202100021078";"163 980";"B01";"2";"7";"0";"2";"8";"1";"1";""
"202100021078";"163 981";"A01";"1";"7";"15";"2";"1";"1";"3";""
"202100021079";"163 978";"B01";"3";"7";"0";"2";"8";"11";"1";""
"202100021079";"163 979";"A01";"3";"30";"0";"2";"1";"11";"1";""
"202100021080";"163 976";"A01";"3";"7";"0";"2";"6";"15";"1";""
"202100021080";"163 977";"B01";"3";"33";"0";"2";"1";"2";"1";""
"202100021081";"163 974";"B01";"1";"33";"0";"2";"4";"23";"1";""
"202100021081";"163 975";"A01";"1";"32";"0";"2";"1";"2";"1";""
"202100021082";"163 972";"B01";"1";"10";"0";"2";"0";"9";"1";""
"202100021082";"163 973";"A01";"1";"32";"0";"2";"7";"1";"1";""
"202100021083";"163 970";"A01";"1";"7";"0";"2";"7";"16";"1";""
"202100021083";"163 971";"B01";"1";"30";"0";"2";"1";"7";"1";""
"202100021084";"163 968";"B01";"1";"33";"0";"2";"8";"1";"1";""
"202100021084";"163 969";"A01";"2";"7";"0";"2";"1";"15";"1";""
"202100021085";"163 966";"B01";"1";"7";"0";"2";"4";"23";"2";""
"202100021085";"163 967";"A01";"1";"1";"0";"2";"1";"2";"5";""
"202100021086";"163 964";"B01";"2";"7";"0";"2";"8";"15";"1";""
"202100021086";"163 965";"A01";"2";"30";"0";"2";"2";"17";"1";""
"202100021087";"163 962";"B01";"1";"1";"0";"2";"2";"1";"5";""
"202100021087";"163 963";"A01";"1";"7";"0";"2";"3";"22";"1";""
"202100021088";"163 960";"A01";"1";"30";"0";"2";"1";"17";"1";""
"202100021088";"163 961";"B01";"1";"7";"0";"2";"3";"15";"2";""
"202100021089";"163 958";"B01";"3";"3";"0";"2";"3";"15";"3";""
"202100021089";"163 959";"A01";"3";"33";"0";"2";"1";"1";"1";""
"202100021090";"163 956";"B01";"1";"1";"0";"2";"1";"1";"5";""
"202100021090";"163 957";"A01";"2";"10";"0";"2";"1";"16";"1";""
"202100021091";"163 955";"A01";"3";"1";"0";"1";"1";"16";"5";""
"202100021092";"163 953";"Z01";"1";"7";"0";"2";"8";"22";"0";""
"202100021092";"163 954";"A01";"1";"1";"0";"2";"7";"1";"5";""
"202100021093";"163 951";"B01";"2";"32";"0";"2";"1";"17";"1";""
"202100021093";"163 952";"A01";"2";"50";"0";"2";"8";"15";"3";""
"202100021094";"163 950";"A01";"2";"32";"0";"1";"1";"16";"1";""
"202100021095";"163 948";"A01";"1";"1";"0";"2";"5";"1";"5";""
"202100021095";"163 949";"B01";"2";"7";"0";"2";"2";"7";"2";""
"202100021096";"163 947";"A01";"1";"1";"0";"1";"1";"7";"5";""
"202100021097";"163 946";"A01";"1";"7";"0";"1";"3";"1";"1";""
"202100021098";"163 944";"B01";"2";"80";"0";"2";"1";"1";"3";""
"202100021098";"163 945";"A01";"2";"7";"0";"2";"7";"22";"2";""
"202100021099";"163 941";"C01";"2";"31";"0";"2";"8";"2";"1";""
"202100021099";"163 942";"A01";"1";"7";"0";"2";"2";"10";"1";""
"202100021099";"163 943";"B01";"2";"10";"0";"2";"8";"2";"1";""
"202100021100";"163 939";"A01";"1";"7";"0";"2";"0";"15";"1";""
"202100021100";"163 940";"B01";"1";"1";"0";"2";"0";"1";"5";""
"202100021101";"163 938";"A01";"1";"7";"0";"1";"8";"15";"1";""
"202100021102";"163 936";"B01";"1";"1";"0";"2";"8";"1";"5";""
"202100021102";"163 937";"A01";"1";"7";"0";"9";"1";"1";"1";""
"202100021103";"163 934";"B01";"2";"50";"0";"2";"1";"1";"3";""
"202100021103";"163 935";"A01";"2";"7";"0";"2";"2";"16";"1";""
"202100021104";"163 932";"A01";"2";"7";"0";"9";"2";"1";"1";""
"202100021104";"163 933";"B01";"1";"60";"0";"2";"1";"1";"5";""
"202100021105";"163 931";"A01";"1";"10";"0";"1";"1";"1";"0";""
"202100021106";"163 930";"A01";"2";"7";"0";"1";"2";"9";"1";""
"202100021107";"163 928";"B01";"1";"50";"0";"2";"1";"2";"3";""
"202100021107";"163 929";"A01";"1";"37";"0";"2";"2";"1";"1";"1"
"202100021108";"163 926";"A01";"3";"7";"1";"2";"1";"1";"1";""
"202100021108";"163 927";"B01";"3";"30";"1";"2";"1";"5";"0";""
"202100021109";"163 924";"A01";"3";"7";"0";"2";"2";"0";"1";""
"202100021109";"163 925";"B01";"3";"33";"0";"2";"1";"0";"1";""
"202100021110";"163 923";"A01";"1";"40";"0";"1";"2";"1";"3";""
"202100021111";"163 921";"B01";"1";"7";"0";"2";"8";"1";"1";""
"202100021111";"163 922";"A01";"2";"10";"0";"2";"8";"15";"1";""
"202100021112";"163 919";"B01";"1";"33";"0";"2";"7";"2";"1";""
"202100021112";"163 920";"A01";"0";"7";"0";"2";"1";"0";"0";""
"202100021113";"163 916";"A01";"1";"7";"0";"2";"4";"2";"1";""
"202100021113";"163 917";"B01";"1";"10";"0";"2";"1";"2";"0";""
"202100021113";"163 918";"C01";"1";"7";"0";"2";"1";"2";"1";""
"202100021114";"163 914";"B01";"1";"31";"0";"2";"8";"1";"1";""
"202100021114";"163 915";"A01";"1";"10";"0";"2";"2";"9";"1";""
"202100021115";"163 912";"B01";"2";"7";"0";"2";"7";"15";"1";""
"202100021115";"163 913";"A01";"1";"32";"0";"2";"1";"1";"1";""
"202100021116";"163 910";"B01";"3";"50";"0";"2";"1";"19";"3";""
"202100021116";"163 911";"A01";"3";"7";"0";"2";"8";"1";"1";""
"202100021117";"163 909";"A01";"2";"32";"0";"1";"1";"1";"1";""
"202100021118";"163 907";"A01";"2";"32";"0";"2";"1";"17";"1";""
"202100021118";"163 908";"B01";"2";"10";"0";"2";"8";"15";"1";""
"202100021119";"163 906";"A01";"2";"37";"1";"0";"2";"1";"3";"1"
"202100021120";"163 905";"A01";"1";"7";"8";"0";"1";"1";"1";""
"202100021121";"163 903";"A01";"1";"1";"0";"2";"1";"1";"5";""
"202100021121";"163 904";"Z01";"1";"7";"0";"2";"5";"26";"1";""
"202100021122";"163 901";"A01";"1";"7";"0";"2";"1";"1";"1";""
"202100021122";"163 902";"B01";"1";"7";"0";"2";"4";"0";"1";""
"202100021123";"163 900";"A01";"3";"7";"0";"1";"2";"9";"1";""
"202100021124";"163 898";"B01";"1";"7";"0";"2";"3";"1";"1";""
"202100021124";"163 899";"A01";"1";"7";"0";"2";"5";"12";"1";""
"202100021125";"163 897";"A01";"1";"10";"16";"0";"9";"1";"1";""
"202100021126";"163 895";"B01";"2";"33";"0";"2";"8";"15";"1";""
"202100021126";"163 896";"A01";"1";"7";"0";"2";"7";"19";"1";""
"202100021127";"163 892";"A01";"1";"7";"4";"0";"3";"13";"1";""
"202100021128";"163 890";"B01";"1";"7";"0";"2";"1";"1";"1";""
"202100021128";"163 891";"A01";"1";"7";"0";"2";"3";"15";"1";""
"202100021129";"163 888";"B01";"1";"7";"0";"2";"2";"1";"1";""
"202100021129";"163 889";"A01";"3";"1";"0";"2";"8";"19";"5";""
"202100021130";"163 887";"A01";"1";"10";"15";"0";"1";"14";"1";""
"202100021131";"163 886";"A01";"2";"7";"0";"0";"2";"1";"1";""
"202100021132";"163 884";"B01";"3";"7";"0";"2";"1";"1";"1";""
"202100021132";"163 885";"A01";"3";"7";"0";"2";"1";"15";"1";""
"202100021133";"163 882";"B01";"1";"20";"0";"0";"4";"1";"1";""
"202100021133";"163 883";"A01";"1";"7";"0";"2";"1";"1";"1";""
"202100021134";"163 880";"A01";"3";"7";"0";"2";"6";"1";"1";""
"202100021134";"163 881";"B01";"3";"37";"0";"2";"3";"1";"6";"3"
"202100021135";"163 878";"A01";"1";"33";"0";"2";"1";"0";"1";""
"202100021135";"163 879";"B01";"2";"7";"0";"2";"1";"1";"2";""
"202100021136";"163 877";"A01";"2";"2";"12";"0";"1";"1";"1";""
"202100021137";"163 876";"A01";"3";"7";"13";"0";"1";"13";"1";""
"202100021138";"163 874";"A01";"1";"10";"13";"2";"2";"13";"1";""
"202100021138";"163 875";"B01";"2";"7";"13";"2";"1";"1";"1";""
"202100021139";"163 873";"A01";"1";"30";"3";"0";"0";"1";"1";""
"202100021140";"163 871";"A01";"2";"33";"0";"2";"7";"17";"1";""
"202100021140";"163 872";"B01";"2";"21";"0";"2";"8";"15";"1";""
"202100021141";"163 869";"B01";"1";"33";"0";"2";"3";"1";"1";""
"202100021141";"163 870";"A01";"3";"7";"0";"2";"1";"19";"1";""
"202100021142";"163 868";"A01";"2";"31";"0";"0";"0";"1";"1";""
"202100021143";"163 867";"A01";"1";"7";"2";"0";"2";"1";"1";""
"202100021144";"163 866";"A01";"0";"7";"0";"0";"0";"0";"1";""
"202100021145";"163 864";"A01";"2";"7";"0";"2";"1";"5";"1";""
"202100021145";"163 865";"B01";"1";"7";"0";"2";"1";"1";"1";""
"202100021146";"163 863";"A01";"2";"7";"3";"0";"1";"1";"1";""
"202100021147";"163 861";"B01";"2";"7";"0";"2";"1";"1";"1";""
"202100021147";"163 862";"A01";"1";"33";"0";"2";"1";"1";"1";""
"202100021148";"163 859";"B01";"2";"21";"0";"2";"3";"1";"1";""
"202100021148";"163 860";"A01";"1";"33";"0";"2";"4";"1";"1";""
"202100021149";"163 857";"B01";"1";"7";"0";"2";"1";"1";"1";""
"202100021149";"163 858";"A01";"2";"7";"9";"2";"8";"1";"1";""
"202100021150";"163 856";"A01";"1";"7";"13";"0";"1";"1";"1";""
"202100021151";"163 853";"C01";"1";"33";"0";"2";"4";"1";"1";""
"202100021151";"163 854";"B01";"1";"34";"0";"2";"8";"15";"1";""
"202100021151";"163 855";"A01";"1";"33";"0";"2";"1";"17";"1";""
"202100021152";"163 852";"A01";"2";"7";"0";"1";"3";"1";"1";""
"202100021153";"163 850";"A01";"1";"7";"0";"2";"1";"13";"1";""
"202100021153";"163 851";"B01";"2";"10";"0";"2";"2";"1";"1";""
"202100021154";"163 848";"B01";"0";"7";"0";"2";"7";"15";"1";""
"202100021154";"163 849";"A01";"0";"2";"0";"2";"1";"1";"1";""
"202100021155";"163 847";"A01";"3";"7";"13";"0";"3";"1";"1";""
"202100021156";"163 846";"A01";"3";"3";"6";"0";"1";"25";"1";""
"202100021157";"163 844";"A01";"1";"33";"1";"0";"7";"13";"1";""
"202100021157";"163 845";"B01";"1";"17";"0";"0";"4";"24";"0";""
"202100021158";"163 842";"B01";"2";"33";"0";"2";"1";"2";"1";""
"202100021158";"163 843";"A01";"2";"7";"0";"0";"6";"2";"1";""
"202100021159";"163 840";"B01";"3";"7";"0";"0";"5";"16";"1";""
"202100021159";"163 841";"A01";"3";"2";"0";"2";"1";"1";"1";""
"202100021160";"163 839";"A01";"3";"2";"2";"0";"1";"14";"1";""
"202100021161";"163 837";"A01";"1";"7";"3";"2";"2";"1";"1";""
"202100021161";"163 838";"B01";"1";"14";"0";"0";"6";"1";"1";""
"202100021162";"163 835";"B01";"2";"7";"0";"2";"3";"1";"1";""
"202100021162";"163 836";"A01";"1";"2";"0";"2";"1";"13";"1";""
"202100021163";"163 833";"A01";"2";"7";"4";"0";"5";"0";"0";""
"202100021163";"163 834";"B01";"2";"7";"4";"2";"3";"2";"1";""
"202100021164";"163 831";"A01";"2";"7";"3";"0";"4";"2";"1";""
"202100021164";"163 832";"B01";"2";"15";"0";"2";"1";"2";"1";""
"202100021165";"163 829";"B01";"2";"7";"0";"2";"1";"1";"1";""
"202100021165";"163 830";"A01";"1";"7";"0";"2";"1";"1";"1";""
"202100021166";"163 827";"A01";"3";"7";"0";"2";"3";"1";"1";""
"202100021166";"163 828";"B01";"3";"30";"0";"2";"1";"5";"0";""
"202100021167";"163 826";"A01";"1";"7";"8";"0";"8";"15";"1";""
"202100021168";"163 825";"A01";"3";"2";"0";"0";"0";"1";"1";""
"202100021169";"163 823";"B01";"1";"2";"0";"2";"1";"2";"1";""
"202100021169";"163 824";"A01";"1";"7";"0";"2";"5";"23";"1";""
"202100021170";"163 822";"A01";"2";"7";"2";"0";"1";"21";"1";""
"202100021171";"163 821";"A01";"1";"33";"13";"0";"9";"2";"1";""
"202100021172";"163 820";"A01";"2";"32";"3";"0";"8";"1";"1";""
"202100021173";"163 817";"C01";"3";"7";"0";"2";"7";"23";"1";""
"202100021173";"163 818";"B01";"1";"10";"0";"2";"7";"19";"1";""
"202100021173";"163 819";"A01";"1";"7";"0";"2";"1";"19";"1";""
"202100021174";"163 815";"A01";"1";"7";"0";"2";"8";"9";"1";""
"202100021174";"163 816";"B01";"1";"33";"0";"2";"1";"1";"1";""
"202100021175";"163 812";"A01";"1";"7";"7";"2";"5";"15";"1";""
"202100021175";"163 813";"C01";"1";"7";"0";"2";"8";"1";"1";""
"202100021175";"163 814";"B01";"1";"7";"0";"2";"3";"1";"2";""
"202100021176";"163 810";"A01";"2";"7";"0";"2";"1";"0";"1";""
"202100021176";"163 811";"B01";"2";"15";"0";"2";"4";"1";"1";""
"202100021177";"163 809";"A01";"2";"33";"4";"0";"1";"1";"1";""
"202100021178";"163 808";"A01";"1";"7";"6";"0";"1";"15";"1";""
"202100021179";"163 806";"A01";"1";"2";"0";"2";"1";"11";"1";""
"202100021179";"163 807";"B01";"1";"7";"0";"2";"5";"11";"1";""
"202100021180";"163 804";"A01";"0";"10";"0";"2";"2";"0";"1";""
"202100021180";"163 805";"B01";"0";"7";"0";"0";"3";"0";"1";""
"202100021181";"163 802";"A01";"2";"43";"13";"0";"9";"17";"1";""
"202100021181";"163 803";"B01";"2";"10";"0";"0";" -1";"2";"1";""
"202100021182";"163 801";"A01";"0";"7";"2";"0";"7";"1";"1";""
"202100021183";"163 800";"A01";"1";"80";"10";"0";"3";"16";"3";""
"202100021184";"163 798";"B01";"3";"7";"0";"2";"2";"1";"3";""
"202100021184";"163 799";"A01";"3";"10";"0";"2";"2";"3";"1";""
"202100021185";"163 796";"A01";"1";"7";"0";"0";"3";"15";"1";""
"202100021185";"163 797";"B01";"1";"2";"0";"2";"1";"17";"1";""
"202100021186";"163 794";"B01";"3";"7";"0";"0";"3";"15";"1";""
"202100021186";"163 795";"A01";"3";"7";"15";"0";"1";"1";"1";""
"202100021187";"163 792";"A01";"2";"7";"0";"0";"8";"19";"1";""
"202100021187";"163 793";"B01";"2";"32";"0";"2";"1";"1";"1";""
"202100021188";"163 791";"A01";"0";"31";"8";"0";"7";"14";"1";""
"202100021189";"163 789";"A01";"1";"33";"0";"2";"1";"2";"1";""
"202100021189";"163 790";"B01";"1";"7";"0";"2";"4";"2";"1";""
"202100021190";"163 787";"A01";"1";"33";"0";"2";"1";"2";"1";""
"202100021190";"163 788";"B01";"1";"10";"0";"0";"6";"2";"1";""
"202100021191";"163 782";"E01";"1";"7";"0";"2";"1";"2";"1";""
"202100021191";"163 783";"D01";"1";"7";"0";"2";"1";"0";"1";""
"202100021191";"163 784";"C01";"1";"7";"0";"2";"1";"2";"1";""
"202100021191";"163 785";"A01";"1";"7";"0";"2";"4";"1";"1";""
"202100021191";"163 786";"B01";"1";"7";"0";"2";"1";"2";"1";""
"202100021192";"163 780";"A01";"2";"7";"0";"2";"4";"1";"1";""
"202100021192";"163 781";"B01";"2";"13";"0";"2";"1";"2";"1";""
"202100021193";"163 778";"B01";"1";"7";"0";"2";"8";"1";"1";""
"202100021193";"163 779";"A01";"1";"7";"0";"2";"2";"12";"1";""
"202100021194";"163 776";"A01";"1";"7";"0";"2";"1";"18";"1";""
"202100021194";"163 777";"B01";"1";"31";"0";"2";"4";"1";"1";""
"202100021195";"163 774";"A01";"1";"33";"0";"2";"1";"3";"1";""
"202100021195";"163 775";"B01";"1";"7";"0";"2";"4";"12";"1";""
"202100021196";"163 770";"D01";"1";"7";"0";"2";"4";"2";"1";""
"202100021196";"163 771";"C01";"1";"7";"0";"2";"4";"2";"1";""
"202100021196";"163 772";"A01";"1";"14";"0";"2";"1";"2";"1";""
"202100021196";"163 773";"B01";"1";"7";"0";"2";"4";"1";"1";""
"202100021197";"163 769";"A01";"2";"33";"0";"0";"0";"26";"1";""
"202100021198";"163 767";"A01";"2";"7";"0";"2";"1";"1";"1";""
"202100021198";"163 768";"B01";"2";"7";"0";"2";"4";"1";"1";""
"202100021199";"163 765";"A01";"2";"7";"0";"2";"1";"2";"1";""
"202100021199";"163 766";"B01";"2";"7";"0";"2";"4";"2";"1";""
"202100021200";"163 764";"A01";"1";"7";"0";"0";"1";"14";"1";""
"202100021201";"163 762";"A01";"1";"33";"0";"2";"1";"21";"1";""
"202100021201";"163 763";"B01";"1";"7";"0";"2";"4";"2";"1";""
"202100021202";"163 760";"B01";"2";"7";"0";"2";"6";"2";"3";""
"202100021202";"163 761";"A01";"2";"7";"0";"2";"2";"2";"1";""
"202100021203";"163 759";"A01";"1";"7";"4";"0";"2";"13";"1";""
"202100021204";"163 757";"B01";"1";"7";"0";"2";"4";"2";"1";""
"202100021204";"163 758";"A01";"1";"7";"0";"2";"1";"2";"1";""
"202100021205";"163 754";"C01";"2";"7";"0";"9";"7";"2";"3";""
"202100021205";"163 755";"B01";"2";"43";"0";"9";"1";"2";"1";""
"202100021205";"163 756";"A01";"2";"10";"0";"9";"0";"26";"1";""
"202100021206";"163 753";"A01";"1";"7";"4";"0";"3";"1";"1";""
"202100021207";"163 751";"B01";"2";"7";"0";"2";"5";"1";"1";""
"202100021207";"163 752";"A01";"2";"7";"0";"2";"2";"1";"1";""
"202100021208";"163 750";"A01";"3";"7";"0";"1";"1";"2";"2";""
"202100021209";"163 748";"B01";"0";"1";"1";"0";"1";"1";"0";""
"202100021209";"163 749";"A01";"0";"7";"0";"2";"8";"22";"1";""
"202100021210";"163 747";"A01";"3";"7";"0";"1";"1";"1";"1";""
"202100021211";"163 745";"A01";"2";"13";"0";"2";"1";"15";"1";""
"202100021211";"163 746";"B01";"1";"7";"0";"0";"3";"1";"1";""
"202100021212";"163 744";"A01";"1";"7";"0";"1";"1";"1";"1";""
"202100021213";"163 743";"A01";"3";"7";"0";"1";"8";"15";"1";""
"202100021214";"163 739";"B01";"1";"7";"0";"2";"3";"1";"1";""
"202100021214";"163 740";"A01";"2";"33";"0";"2";"3";"1";"1";""
"202100021215";"163 738";"A01";"1";"7";"13";"0";"3";"1";"1";""
"202100021216";"163 737";"A01";"0";"10";"0";"1";"1";"1";"1";""
"202100021217";"163 735";"B01";"1";"7";"0";"2";"1";"1";"1";""
"202100021217";"163 736";"A01";"1";"2";"0";"2";"7";"9";"0";""
"202100021218";"163 733";"A01";"1";"32";"0";"2";"3";"9";"1";""
"202100021218";"163 734";"B01";"2";"50";"0";"2";"1";"1";"3";""
"202100021219";"163 731";"A01";"2";"7";"0";"2";"4";"9";"1";""
"202100021219";"163 732";"B01";"2";"10";"0";"2";"1";"9";"1";""
"202100021220";"163 729";"B01";"0";"7";"0";"2";"2";"15";"1";""
"202100021220";"163 730";"A01";"0";"33";"0";"2";"1";"1";"1";""
"202100021221";"163 727";"B01";"1";"7";"0";"2";"2";"1";"1";""
"202100021221";"163 728";"A01";"1";"7";"0";"2";"6";"23";"1";""
"202100021222";"163 725";"B01";"1";"50";"0";"2";"1";"25";"3";""
"202100021222";"163 726";"A01";"1";"7";"0";"9";"2";"15";"1";""
"202100021223";"163 724";"A01";"1";"1";"0";"0";"0";"1";"5";""
"202100021224";"163 723";"A01";"1";"2";"0";"0";"0";"1";"1";""
"202100021225";"163 720";"A01";"1";"7";"0";"2";"1";"1";"1";""
"202100021225";"163 721";"C01";"1";"7";"0";"2";"4";"23";"1";""
"202100021225";"163 722";"B01";"1";"7";"0";"2";"4";"1";"1";""
"202100021226";"163 719";"A01";"2";"7";"1";"0";"2";"14";"1";""
"202100021227";"163 718";"A01";"2";"7";"12";"0";"9";"1";"1";""
"202100021228";"163 716";"A01";"1";"7";"0";"2";"4";"23";"1";""
"202100021228";"163 717";"Z01";"1";"7";"0";"0";"1";"2";"1";""
"202100021229";"163 714";"B01";"2";"7";"0";"2";"4";"2";"2";""
"202100021229";"163 715";"A01";"1";"7";"0";"2";"1";"2";"1";""
"202100021230";"163 709";"A01";"0";"15";"0";"1";"7";"4";"1";""
"202100021231";"163 707";"B01";"3";"33";"0";"2";"1";"1";"1";""
"202100021231";"163 708";"A01";"3";"7";"0";"2";"1";"1";"1";""