"Num_Acc";"id_vehicule";"num_veh";"senc";"catv";"obs";"obsm";"choc";"manv";"motor";"occutc"
"202100021440";"163 320";"B01";"3";"1";"0";"2";"8";"1";"5";""
"202100021441";"163 318";"A01";"1";"30";"0";"1";"1";"17";"1";""
"202100021442";"163 317";"A01";"1";"30";"1";"0";"1";"2";"1";""
"202100021443";"163 316";"BA01";"2";"1";"0";"1";"1";"26";"5";""
"202100021444";"163 314";"A01";"3";"7";"0";"9";"1";"1";"1";""
"202100021444";"163 315";"B01";"3";"1";"0";"2";"8";"0";"5";""
"202100021445";"163 312";"A01";"1";"7";"1";"2";"3";"9";"1";""
"202100021445";"163 313";"B01";"2";"2";"0";"2";"2";"0";"1";""
"202100021446";"163 311";"A01";"1";"3";"0";"1";"1";"1";"3";""
"202100021447";"163 309";"B01";"1";"1";"0";"2";"4";"15";"5";""
"202100021447";"163 310";"A01";"1";"7";"0";"2";"1";"17";"1";""
"202100021448";"163 306";"C01";"2";"7";"0";"2";"4";"1";"1";""
"202100021448";"163 307";"B01";"2";"7";"0";"2";"4";"2";"1";""
"202100021448";"163 308";"A01";"2";"7";"0";"2";"1";"2";"1";""
"202100021449";"163 305";"A01";"2";"7";"0";"6";"1";"1";"1";""
"202100021450";"163 303";"B01";"1";"34";"0";"2";"7";"1";"1";""
"202100021450";"163 304";"A01";"2";"7";"0";"2";"1";"9";"1";""
"202100021451";"163 302";"A01";"0";"7";"0";"1";"2";"1";"1";""
"202100021452";"163 300";"A01";"2";"7";"0";"2";"1";"1";"1";""
"202100021452";"163 301";"B01";"2";"3";"0";"2";"4";"1";"1";""
"202100021453";"163 298";"B01";"2";"50";"0";"2";"3";"10";"3";""
"202100021453";"163 299";"A01";"2";"7";"0";"2";"2";"1";"1";""
"202100021454";"163 296";"B01";"0";"1";"0";"0";"0";"0";"5";""
"202100021454";"163 297";"A01";"0";"7";"0";"2";"8";"26";"1";""
"202100021455";"163 294";"A01";"1";"7";"0";"2";"7";"15";"1";""
"202100021455";"163 295";"B01";"2";"33";"0";"2";"1";"1";"1";""
"202100021456";"163 292";"B01";"3";"7";"0";"2";"1";"1";"1";""
"202100021456";"163 293";"A01";"3";"7";"6";"2";"7";"1";"1";""
"202100021457";"163 290";"B01";"3";"1";"0";"2";"0";"2";"5";""
"202100021457";"163 291";"A01";"3";"7";"0";"2";"0";"0";"1";""
"202100021458";"163 287";"A01";"2";"7";"0";"2";"1";"18";"1";""
"202100021458";"163 288";"B01";"2";"7";"0";"2";"4";"1";"1";""
"202100021458";"163 289";"C01";"2";"7";"0";"2";"4";"1";"1";""
"202100021459";"163 285";"A01";"3";"7";"0";"2";"1";"1";"1";""
"202100021459";"163 286";"B01";"0";"1";"0";"2";"8";"1";"6";""
"202100021460";"163 283";"B01";"0";"32";"0";"0";"0";"0";"1";""
"202100021460";"163 284";"A01";"1";"7";"0";"2";"1";"15";"1";""
"202100021461";"163 281";"B01";"0";"80";"0";"2";"0";"0";"3";""
"202100021461";"163 282";"A01";"0";"7";"0";"2";"0";"9";"1";""
"202100021462";"163 277";"B01";"2";"30";"0";"2";"7";"1";"1";""
"202100021462";"163 278";"A01";"1";"7";"0";"2";"7";"20";"1";""
"202100021463";"163 275";"B01";"3";"7";"0";"2";"3";"9";"1";""
"202100021463";"163 276";"A01";"3";"1";"0";"2";"0";"0";"5";""
"202100021464";"163 274";"A01";"1";"7";"0";"1";"2";"1";"1";""
"202100021465";"163 273";"A01";"2";"43";"0";"1";"2";"1";"1";""
"202100021466";"163 271";"A01";"1";"33";"0";"2";"1";"1";"1";""
"202100021466";"163 272";"B01";"2";"7";"0";"0";"7";"15";"1";""
"202100021467";"163 270";"A01";"1";"7";"0";"1";"1";"1";"1";""
"202100021468";"163 268";"A01";"0";"14";"0";"2";"1";"11";"1";""
"202100021468";"163 269";"B01";"0";"37";"0";"2";"6";"20";"1";"3"
"202100021469";"163 266";"A01";"1";"7";"0";"2";"3";"0";"1";""
"202100021469";"163 267";"B01";"1";"2";"0";"2";"1";"0";"1";""
"202100021470";"163 264";"B01";"3";"37";"0";"2";"2";"1";"1";"1"
"202100021470";"163 265";"A01";"3";"7";"0";"2";"9";"9";"1";""
"202100021471";"163 262";"A01";"1";"7";"0";"2";"0";"9";"1";""
"202100021471";"163 263";"B01";"1";"1";"0";"2";"0";"1";"5";""
"202100021472";"163 260";"B01";"1";"7";"0";"2";"2";"1";"1";""
"202100021472";"163 261";"A01";"2";"7";"0";"2";"8";"10";"1";""
"202100021473";"163 258";"B01";"1";"1";"0";"2";"8";"1";"5";""
"202100021473";"163 259";"A01";"1";"7";"0";"2";"2";"15";"1";""
"202100021474";"163 256";"A01";"1";"7";"1";"0";"0";"4";"1";""
"202100021474";"163 257";"B01";"0";"7";"1";"0";"7";"24";"1";""
"202100021475";"163 254";"B01";"1";"33";"0";"2";"2";"1";"1";""
"202100021475";"163 255";"A01";"2";"10";"0";"2";"3";"15";"1";""
"202100021476";"163 252";"A01";"1";"10";"0";"2";"2";"10";"3";""
"202100021476";"163 253";"B01";"2";"33";"0";"2";"8";"1";"1";""
"202100021477";"163 250";"B01";"1";"10";"0";"2";"5";"15";"3";""
"202100021477";"163 251";"A01";"2";"1";"0";"2";"1";"1";"5";""
"202100021478";"163 248";"A01";"2";"30";"0";"2";"1";"1";"1";""
"202100021478";"163 249";"Z01";"1";"7";"0";"2";"7";"15";"0";""
"202100021479";"163 246";"A01";"2";"1";"0";"2";"8";"17";"5";""
"202100021479";"163 247";"B01";"1";"80";"0";"2";"8";"1";"3";""
"202100021480";"163 245";"A01";"1";"10";"0";"1";"3";"1";"0";""
"202100021481";"163 244";"A01";"1";"1";"0";"0";"1";"1";"5";""
"202100021482";"163 242";"A01";"1";"7";"0";"2";"8";"22";"1";""
"202100021482";"163 243";"B01";"1";"50";"0";"2";"2";"1";"3";""
"202100021483";"163 240";"A01";"1";"30";"0";"2";"3";"15";"1";""
"202100021483";"163 241";"B01";"1";"34";"0";"2";"1";"2";"1";""
"202100021484";"163 238";"A01";"2";"30";"0";"2";"3";"19";"3";""
"202100021484";"163 239";"B01";"1";"33";"1";"2";"3";"1";"1";""
"202100021485";"163 236";"A01";"1";"7";"0";"2";"2";"1";"1";""
"202100021485";"163 237";"B01";"1";"30";"0";"2";"1";"1";"1";""
"202100021486";"163 234";"B01";"2";"80";"0";"2";"2";"1";"3";""
"202100021486";"163 235";"A01";"2";"7";"0";"2";"3";"9";"1";""
"202100021487";"163 232";"A01";"1";"30";"0";"2";"1";"1";"1";""
"202100021487";"163 233";"B01";"1";"14";"0";"2";"3";"16";"6";""
"202100021488";"163 230";"B01";"2";"50";"0";"2";"3";"1";"3";""
"202100021488";"163 231";"A01";"1";"7";"0";"2";"2";"15";"1";""
"202100021489";"163 227";"C01";"1";"7";"0";"0";"0";"0";"2";""
"202100021489";"163 228";"B01";"1";"7";"0";"2";"1";"26";"1";""
"202100021489";"163 229";"A01";"2";"7";"0";"2";"2";"15";"2";""
"202100021490";"163 225";"B01";"2";"31";"0";"2";"1";"1";"1";""
"202100021490";"163 226";"A01";"1";"7";"0";"2";"7";"13";"1";""
"202100021491";"163 222";"A01";"2";"10";"1";"0";"1";"1";"1";""
"202100021491";"163 223";"B01";"2";"7";"1";"0";"4";"23";"1";""
"202100021491";"163 224";"C01";"2";"7";"1";"0";"4";"23";"1";""
"202100021492";"163 220";"A01";"2";"1";"0";"2";"7";"15";"5";""
"202100021492";"163 221";"B01";"1";"7";"0";"2";"2";"1";"1";""
"202100021493";"163 217";"A01";"0";"7";"0";"2";"1";"26";"1";""
"202100021493";"163 218";"B01";"0";"7";"0";"2";"4";"2";"1";""
"202100021493";"163 219";"C01";"0";"10";"0";"2";"1";"2";"1";""
"202100021494";"163 215";"B01";"3";"32";"0";"2";"4";"1";"1";""
"202100021494";"163 216";"A01";"3";"3";"0";"2";"1";"13";"1";""
"202100021495";"163 213";"A01";"2";"7";"0";"2";"3";"23";"0";""
"202100021495";"163 214";"B01";"2";"1";"1";"2";"1";"2";"0";""
"202100021496";"163 211";"A01";"3";"10";"0";"2";"7";"6";"0";""
"202100021496";"163 212";"B01";"1";"43";"0";"2";"1";"0";"0";""
"202100021497";"163 209";"A01";"1";"7";"0";"2";"2";"16";"1";""
"202100021497";"163 210";"B01";"1";"32";"12";"2";"8";"18";"1";""
"202100021498";"163 207";"A01";"0";"33";"0";"2";"0";"15";"1";""
"202100021498";"163 208";"B01";"0";"34";"0";"2";"0";"1";"1";""
"202100021499";"163 205";"A01";"3";"7";"0";"2";"6";"26";"1";""
"202100021499";"163 206";"B01";"3";"2";"0";"2";"1";"26";"1";""
"202100021500";"163 203";"B01";"1";"13";"0";"2";"3";"1";"1";""
"202100021500";"163 204";"A01";"1";"7";"0";"2";"2";"17";"1";""
"202100021501";"163 202";"A01";"1";"33";"1";"0";"2";"14";"1";""
"202100021502";"163 201";"A01";"0";"1";"0";"1";"1";"9";"5";""
"202100021503";"163 200";"A01";"1";"80";"0";"1";"0";"1";"3";""
"202100021504";"163 199";"A01";"1";"80";"1";"0";"7";"26";"3";""
"202100021505";"163 198";"A01";"2";"32";"1";"0";"1";"13";"1";""
"202100021506";"163 197";"A01";"2";"33";"0";"0";"2";"2";"1";""
"202100021507";"163 195";"B01";"1";"1";"0";"2";"4";"1";"5";""
"202100021507";"163 196";"A01";"1";"7";"0";"2";"2";"17";"1";""
"202100021508";"163 194";"A01";"1";"2";"9";"0";"1";"26";"1";""
"202100021509";"163 193";"A01";"1";"7";"2";"0";"1";"1";"1";""
"202100021510";"163 191";"B01";"0";"7";"0";"2";"1";"1";"1";""
"202100021510";"163 192";"A01";"0";"33";"0";"2";"1";"5";"1";""
"202100021511";"163 190";"A01";"1";"7";"2";"0";"1";"0";"1";""
"202100021512";"163 187";"C01";"2";"7";"0";"2";"2";"1";"1";""
"202100021512";"163 188";"B01";"2";"7";"0";"2";"3";"1";"1";""
"202100021512";"163 189";"A01";"1";"7";"0";"2";"3";"13";"1";""
"202100021513";"163 186";"A01";"2";"7";"2";"0";"1";"14";"1";""
"202100021514";"163 184";"B01";"1";"10";"0";"2";"3";"1";"1";""
"202100021514";"163 185";"A01";"2";"10";"0";"2";"3";"5";"1";""
"202100021515";"163 182";"B01";"1";"10";"0";"0";"8";"1";"1";""
"202100021515";"163 183";"A01";"2";"2";"0";"2";"1";"9";"1";""
"202100021516";"163 180";"B01";"3";"10";"0";"2";"3";"1";"1";""
"202100021516";"163 181";"A01";"3";"7";"0";"2";"7";"1";"1";""
"202100021517";"163 178";"B01";"2";"80";"0";"2";"7";"1";"3";""
"202100021517";"163 179";"A01";"2";"7";"0";"9";"3";"9";"1";""
"202100021518";"163 176";"A01";"2";"33";"0";"2";"2";"17";"1";""
"202100021518";"163 177";"B01";"1";"7";"0";"2";"2";"19";"2";""
"202100021519";"163 174";"B01";"2";"33";"0";"2";"1";"1";"1";""
"202100021519";"163 175";"A01";"1";"10";"0";"2";"1";"1";"1";""
"202100021520";"163 173";"A01";"3";"7";"2";"0";"3";"0";"1";""
"202100021521";"163 172";"A01";"2";"32";"0";"0";"1";"14";"1";""
"202100021522";"163 170";"B01";"2";"1";"0";"2";"1";"1";"5";""
"202100021522";"163 171";"A01";"1";"7";"0";"0";"2";"15";"1";""
"202100021523";"163 169";"A01";"1";"7";"2";"0";"1";"1";"3";""
"202100021524";"163 167";"B01";"1";"7";"0";"2";"2";"1";"1";""
"202100021524";"163 168";"A01";"0";"1";"0";"2";"2";"19";"5";""
"202100021525";"163 166";"A01";"2";"33";"16";"0";"9";"1";"1";""
"202100021526";"163 165";"A01";"1";"7";"4";"0";"1";"10";"1";""
"202100021527";"163 163";"B01";"1";"21";"0";"0";"6";"15";"1";""
"202100021527";"163 164";"A01";"1";"33";"0";"0";"7";"21";"1";""
"202100021528";"163 161";"A01";"1";"2";"0";"2";"1";"17";"1";""
"202100021528";"163 162";"B01";"1";"7";"0";"2";"3";"11";"1";""
"202100021529";"163 160";"A01";"2";"7";"16";"0";"0";"1";"1";""
"202100021530";"163 159";"A01";"1";"7";"0";"1";"1";"23";"1";""
"202100021531";"163 156";"C01";"2";"10";"0";"2";"6";"1";"1";""
"202100021531";"163 157";"B01";"1";"7";"0";"2";"3";"1";"1";""
"202100021531";"163 158";"A01";"2";"31";"0";"2";"0";"17";"1";""
"202100021532";"163 154";"A01";"1";"7";"13";"2";"3";"13";"1";""
"202100021532";"163 155";"B01";"2";"14";"3";"2";"3";"1";"1";""
"202100021533";"163 152";"A01";"2";"7";"13";"2";"6";"17";"1";""
"202100021533";"163 153";"B01";"2";"15";"0";"2";"2";"17";"1";""
"202100021534";"163 151";"A01";"2";"7";"13";"0";"1";"1";"1";""
"202100021535";"163 148";"A01";"1";"7";"0";"2";"3";"13";"1";""
"202100021535";"163 149";"B01";"2";"15";"0";"2";"3";"1";"1";""
"202100021535";"163 150";"C01";"2";"7";"0";"2";"1";"1";"1";""
"202100021536";"163 147";"A01";"1";"7";"6";"0";"1";"15";"1";""
"202100021537";"163 144";"C01";"2";"17";"0";"2";"6";"1";"1";""
"202100021537";"163 145";"B01";"2";"17";"0";"2";"2";"1";"1";""
"202100021537";"163 146";"A01";"1";"7";"0";"2";"1";"5";"1";""
"202100021538";"163 142";"A01";"2";"7";"0";"2";"1";"5";"1";""
"202100021538";"163 143";"B01";"0";"33";"0";"2";"1";"21";"1";""
"202100021539";"163 140";"A01";"1";"7";"3";"2";"3";"13";"1";""
"202100021539";"163 141";"B01";"1";"15";"0";"0";"5";"1";"1";""
"202100021540";"163 139";"A01";"1";"7";"1";"0";"1";"1";"1";""
"202100021541";"163 135";"B01";"1";"7";"0";"2";"3";"1";"1";""
"202100021541";"163 136";"A01";"1";"7";"0";"2";"5";"23";"1";""
"202100021542";"163 133";"A01";"1";"7";"0";"2";"8";"1";"1";""
"202100021542";"163 134";"B01";"2";"15";"0";"0";"6";"1";"1";""
"202100021543";"163 131";"A01";"2";"7";"0";"2";"7";"15";"1";""
"202100021543";"163 132";"B01";"2";"2";"0";"2";"1";"15";"1";""
"202100021544";"163 130";"A01";"1";"31";"8";"0";"1";"1";"1";""
"202100021545";"163 128";"A01";"1";"7";"0";"2";"1";"13";"1";""
"202100021545";"163 129";"B01";"2";"7";"0";"2";"1";"1";"1";""
"202100021546";"163 127";"A01";"2";"33";"0";"9";"1";"1";"1";""
"202100021547";"163 123";"B01";"0";"7";"0";"0";"2";"26";"1";""
"202100021547";"163 124";"A01";"0";"32";"0";"2";"1";"25";"1";""
"202100021548";"163 122";"A01";"0";"7";"0";"1";"7";"0";"1";""
"202100021549";"163 121";"A01";"2";"7";"13";"0";"9";"14";"1";""
"202100021550";"163 118";"A01";"1";"31";"0";"0";"3";"1";"1";""
"202100021551";"163 115";"A01";"1";"31";"0";"0";"7";"1";"1";""
"202100021552";"163 113";"B01";"1";"2";"0";"2";"1";"5";"1";""
"202100021552";"163 114";"A01";"2";"7";"0";"2";"1";"1";"1";""
"202100021553";"163 112";"A01";"1";"15";"7";"0";"1";"26";"1";""
"202100021554";"163 110";"A01";"2";"33";"0";"2";"8";"1";"1";""
"202100021554";"163 111";"B01";"2";"7";"0";"2";"7";"12";"1";""
"202100021555";"163 108";"A01";"2";"15";"0";"2";"1";"2";"1";""
"202100021555";"163 109";"B01";"2";"10";"0";"2";"4";"2";"1";""
"202100021556";"163 105";"B01";"2";"10";"0";"2";"4";"2";"1";""
"202100021556";"163 106";"C01";"2";"7";"0";"2";"4";"2";"1";""
"202100021556";"163 107";"A01";"2";"7";"0";"2";"1";"2";"1";""
"202100021557";"163 104";"C01";"1";"17";"0";"0";"0";"1";"1";""
"202100021558";"163 102";"A01";"2";"33";"0";"2";"1";"3";"1";""
"202100021558";"163 103";"B01";"2";"7";"0";"2";"4";"11";"1";""
"202100021559";"163 101";"A01";"2";"33";"0";"0";"5";"1";"1";""
"202100021560";"163 099";"A01";"1";"7";"0";"2";"8";"1";"1";""
"202100021560";"163 100";"Z01";"1";"13";"0";"2";"7";"9";"0";""
"202100021561";"163 097";"A01";"2";"7";"0";"2";"1";"2";"1";""
"202100021561";"163 098";"B01";"2";"10";"0";"2";"5";"2";"1";""
"202100021562";"163 095";"A01";"1";"15";"1";"2";"4";"24";"1";""
"202100021562";"163 096";"B01";"1";"33";"1";"0";"1";"2";"1";""
"202100021563";"163 093";"B01";"1";"10";"4";"2";"5";"1";"1";""
"202100021563";"163 094";"A01";"1";"32";"4";"2";"1";"3";"1";""
"202100021564";"163 090";"A01";"1";"7";"0";"2";"4";"23";"1";""
"202100021564";"163 091";"B01";"1";"7";"0";"2";"0";"0";"1";""
"202100021564";"163 092";"C01";"1";"7";"0";"2";"0";"26";"1";""
"202100021565";"163 088";"B01";"2";"31";"0";"2";"0";"2";"1";""
"202100021565";"163 089";"A01";"2";"7";"0";"2";"5";"2";"1";""
"202100021566";"163 086";"B01";"1";"7";"0";"2";"4";"2";"1";""
"202100021566";"163 087";"A01";"1";"33";"0";"2";"1";"2";"1";""
"202100021567";"163 084";"B01";"2";"7";"0";"2";"1";"2";"1";""
"202100021567";"163 085";"A01";"2";"7";"0";"2";"4";"2";"0";""
"202100021568";"163 082";"A01";"1";"10";"0";"2";"3";"1";"1";""
"202100021568";"163 083";"B01";"1";"13";"0";"2";"2";"14";"1";""
"202100021569";"163 080";"A01";"2";"7";"0";"2";"0";"1";"1";""
"202100021569";"163 081";"B01";"2";"7";"0";"2";"5";"1";"1";""
"202100021570";"163 079";"A01";"1";"3";"0";"9";"9";"9";"1";""
"202100021571";"163 077";"A01";"2";"7";"0";"2";"2";"12";"1";""
"202100021571";"163 078";"B01";"2";"33";"0";"2";"3";"3";"1";""
"202100021572";"163 075";"B01";"1";"7";"0";"2";"3";"1";"1";""
"202100021572";"163 076";"A01";"2";"1";"4";"2";"1";"1";"5";""
"202100021573";"163 073";"A01";"2";"7";"0";"2";"2";"9";"1";""
"202100021573";"163 074";"B01";"1";"1";"0";"2";"1";"15";"5";""
"202100021574";"163 072";"A01";"3";"7";"1";"0";"2";"20";"1";""
"202100021575";"163 067";"B01";"1";"7";"0";"2";"3";"16";"1";""
"202100021575";"163 068";"A01";"2";"7";"8";"2";"1";"19";"1";""
"202100021576";"163 065";"A01";"1";"7";"0";"2";"7";"12";"1";""
"202100021576";"163 066";"B01";"1";"34";"0";"2";"1";"2";"1";""
"202100021577";"163 064";"A01";"1";"7";"0";"1";"1";"1";"1";""
"202100021578";"163 062";"B01";"3";"1";"0";"2";"8";"19";"0";""
"202100021578";"163 063";"A01";"3";"30";"0";"2";"1";"18";"1";""
"202100021579";"163 060";"A01";"1";"7";"0";"2";"2";"16";"1";""
"202100021579";"163 061";"B01";"2";"50";"0";"2";"1";"1";"3";""
"202100021580";"163 058";"B01";"1";"33";"0";"2";"7";"1";"1";""
"202100021580";"163 059";"A01";"2";"7";"0";"2";"1";"1";"1";""
"202100021581";"163 057";"A01";"1";"7";"9";"0";"2";"21";"1";""
"202100021582";"163 054";"C01";"1";"33";"1";"2";"1";"2";"1";""
"202100021582";"163 055";"B01";"1";"7";"1";"2";"1";"2";"1";""
"202100021582";"163 056";"A01";"1";"7";"4";"2";"4";"23";"1";""
"202100021583";"163 053";"A01";"1";"21";"0";"0";"8";"0";"1";""
"202100021584";"163 051";"A01";"1";"34";"0";"2";"1";"15";"1";""
"202100021584";"163 052";"B01";"2";"7";"0";"2";"2";"1";"1";""
"202100021585";"163 049";"A01";"1";"38";"0";"2";"2";"19";"1";"1"
"202100021585";"163 050";"B01";"2";"31";"0";"2";"3";"1";"1";""
"202100021586";"163 047";"B01";"1";"7";"0";"2";"1";"1";"1";""
"202100021586";"163 048";"AA01";"2";"7";"0";"2";"5";"15";"1";""
"202100021587";"163 045";"A01";"3";"33";"0";"2";"1";"1";"1";""
"202100021587";"163 046";"B01";"3";"7";"0";"2";"3";"10";"1";""
"202100021588";"163 043";"B01";"1";"2";"0";"2";"6";"17";"1";""
"202100021588";"163 044";"A01";"1";"7";"0";"0";"6";"26";"1";""
"202100021589";"163 042";"A01";"2";"10";"1";"0";"2";"1";"1";""
"202100021590";"163 040";"A01";"1";"10";"0";"9";"3";"15";"1";""
"202100021590";"163 041";"B01";"2";"1";"0";"2";"1";"1";"5";""
"202100021591";"163 038";"B01";"2";"7";"0";"2";"6";"13";"1";""
"202100021591";"163 039";"A01";"2";"33";"0";"2";"1";"13";"1";""
"202100021592";"163 036";"B01";"3";"7";"0";"9";"3";"1";"2";""
"202100021592";"163 037";"A01";"3";"50";"0";"2";"3";"5";"3";""
"202100021593";"163 034";"B01";"0";"7";"0";"2";"1";"1";"1";""
"202100021593";"163 035";"A01";"0";"7";"0";"2";"1";"13";"1";""
"202100021594";"163 033";"A01";"0";"7";"1";"0";"1";"1";"1";""
"202100021595";"163 030";"B01";"1";"7";"0";"2";"4";"23";"1";""
"202100021595";"163 031";"A01";"1";"1";"0";"2";"1";"2";"5";""
"202100021596";"163 028";"B01";"3";"1";"0";"2";"1";"1";"0";""
"202100021596";"163 029";"A01";"3";"7";"0";"9";"2";"15";"1";""
"202100021597";"163 026";"B01";"3";"7";"0";"2";"6";"1";"1";""
"202100021597";"163 027";"A01";"3";"7";"1";"2";"2";"13";"1";""
"202100021598";"163 024";"A01";"1";"7";"0";"2";"1";"2";"1";""
"202100021598";"163 025";"B01";"1";"7";"0";"2";"4";"2";"1";""
"202100021599";"163 022";"B01";"1";"7";"0";"0";"4";"2";"1";""
"202100021599";"163 023";"A01";"1";"7";"0";"2";"1";"2";"1";""
"202100021600";"163 020";"A01";"0";"7";"0";"2";"8";"15";"1";""
"202100021600";"163 021";"B01";"1";"50";"0";"2";"1";"1";"3";""
"202100021601";"163 018";"B01";"2";"7";"4";"2";"1";"17";"1";""
"202100021601";"163 019";"A01";"1";"7";"0";"2";"1";"5";"1";""
"202100021602";"163 016";"B01";"2";"7";"0";"2";"5";"2";"1";""
"202100021602";"163 017";"A01";"2";"2";"1";"2";"1";"2";"1";""
"202100021603";"163 014";"B01";"2";"33";"0";"2";"1";"17";"1";""
"202100021603";"163 015";"A01";"2";"7";"0";"2";"6";"15";"1";""
"202100021604";"163 013";"A01";"2";"7";"0";"1";"1";"1";"1";""
"202100021605";"163 012";"A01";"1";"7";"1";"0";"9";"1";"1";""
"202100021606";"163 010";"A01";"2";"7";"0";"2";"5";"15";"1";""
"202100021606";"163 011";"B01";"1";"33";"0";"2";"1";"2";"1";""
"202100021607";"163 009";"A01";"3";"7";"0";"1";"4";"26";"3";""
"202100021608";"163 008";"A01";"1";"43";"0";"0";"0";"1";"1";""
"202100021609";"163 007";"A01";"1";"10";"0";"1";"1";"1";"1";""
"202100021610";"163 005";"B01";"2";"1";"0";"2";"4";"1";"5";""
"202100021610";"163 006";"A01";"2";"7";"0";"2";"1";"2";"1";""
"202100021611";"163 003";"B01";"2";"17";"0";"2";"1";"17";"1";""
"202100021611";"163 004";"A01";"2";"7";"0";"2";"4";"9";"1";""
"202100021612";"163 001";"A01";"2";"10";"0";"2";"1";"15";"1";""
"202100021612";"163 002";"B01";"1";"1";"0";"2";"7";"1";"5";""
"202100021613";"163 000";"A01";"1";"1";"0";"0";"7";"26";"5";""
"202100021614";"162 998";"B01";"1";"7";"0";"2";"4";"2";"1";""
"202100021614";"162 999";"A01";"1";"10";"0";"2";"1";"2";"1";""
"202100021615";"162 996";"B01";"3";"7";"0";"2";"3";"1";"1";""
"202100021615";"162 997";"A01";"3";"7";"0";"2";"1";"13";"1";""
"202100021616";"162 994";"B01";"1";"33";"0";"2";"1";"2";"1";""
"202100021616";"162 995";"A01";"1";"7";"0";"2";"3";"15";"1";""
"202100021617";"162 992";"B01";"1";"7";"0";"2";"1";"1";"1";""
"202100021617";"162 993";"A01";"1";"50";"0";"2";"7";"19";"3";""
"202100021618";"162 990";"A01";"3";"7";"0";"2";"1";"1";"1";""
"202100021618";"162 991";"B01";"3";"7";"0";"2";"7";"1";"1";""
"202100021619";"162 987";"B01";"3";"7";"0";"2";"1";"1";"1";""
"202100021619";"162 988";"A01";"3";"7";"0";"2";"4";"1";"1";""
"202100021619";"162 989";"C01";"3";"7";"0";"2";"1";"1";"0";""
"202100021620";"162 985";"B01";"3";"33";"0";"2";"1";"1";"1";""
"202100021620";"162 986";"A01";"3";"10";"0";"2";"8";"1";"1";""
"202100021621";"162 983";"A01";"2";"7";"0";"2";"2";"16";"1";""
"202100021621";"162 984";"B01";"2";"50";"0";"2";"1";"1";"3";""
"202100021622";"162 981";"B01";"2";"1";"0";"2";"8";"15";"5";""
"202100021622";"162 982";"A01";"2";"7";"0";"2";"2";"17";"1";""
"202100021623";"162 979";"A01";"2";"32";"0";"2";"1";"15";"1";""
"202100021623";"162 980";"B01";"1";"7";"0";"2";"3";"1";"1";""
"202100021624";"162 977";"A01";"1";"7";"6";"1";"1";"19";"3";""
"202100021624";"162 978";"B01";"1";"7";"0";"0";"6";"2";"1";""
"202100021625";"162 973";"D01";"1";"7";"0";"2";"4";"2";"1";""
"202100021625";"162 974";"C01";"1";"7";"0";"2";"4";"2";"1";""
"202100021625";"162 975";"B01";"1";"7";"0";"2";"4";"2";"1";""
"202100021625";"162 976";"A01";"1";"10";"0";"2";"1";"2";"1";""
"202100021626";"162 972";"A01";"0";"7";" -1";" -1";" -1";"1";" -1";""
"202100021627";"162 969";"B01";"1";"7";"0";"2";"4";"2";"1";""
"202100021627";"162 970";"A01";"1";"7";"0";"2";"1";"2";"1";""
"202100021628";"162 965";"A01";"1";"10";"0";"2";"1";"2";"1";""
"202100021628";"162 966";"B01";"1";"7";"3";"2";"4";"2";"1";""
"202100021628";"162 967";"C01";"1";"7";"0";"2";"4";"2";"1";""
"202100021628";"162 968";"D01";"1";"7";"0";"2";"4";"0";"1";""
"202100021629";"162 963";"B01";"1";"33";"0";"2";"1";"1";"1";""
"202100021629";"162 964";"A01";"1";"7";"0";"2";"1";"9";"1";""
"202100021630";"162 962";"A01";"1";"33";"0";"0";"8";"21";"1";""
"202100021631";"162 960";"A01";"1";"7";"1";"0";"1";"0";"1";""
"202100021631";"162 961";"B01";"1";"7";"12";"0";"6";"0";"1";""
"202100021632";"162 958";"B01";"2";"32";"0";"0";"1";"2";"1";""
"202100021632";"162 959";"A01";"2";"7";"0";"0";"3";"10";"1";""
"202100021633";"162 957";"A01";"0";"32";"0";"1";"1";"1";"1";""
"202100021634";"162 955";"Z01";"1";"7";"0";"2";"7";"1";"1";""
"202100021634";"162 956";"B01";"1";"1";"0";"2";"8";"0";"0";""
"202100021635";"162 953";"A01";"2";"33";"0";"2";"1";"1";"1";""
"202100021635";"162 954";"B01";"1";"7";"0";"2";"5";"15";"1";""
"202100021636";"162 951";"A01";"2";"7";"0";"2";"2";"15";"1";""
"202100021636";"162 952";"B01";"0";"2";"0";"2";"1";"1";"1";""
"202100021637";"162 949";"B01";"3";"1";"0";"2";"8";"19";"0";""
"202100021637";"162 950";"A01";"3";"7";"0";"2";"1";"17";"1";""
"202100021638";"162 948";"A01";"0";"7";"0";"1";"4";"20";"2";""
"202100021639";"162 947";"A01";"2";"7";"0";"1";"2";"1";"1";""
"202100021640";"162 946";"A01";"1";"7";"2";"0";"2";"14";"1";""
"202100021641";"162 945";"A01";"0";"7";"0";"1";"3";"1";"1";""
"202100021642";"162 943";"A01";"1";"32";"0";"2";"7";"13";"1";""
"202100021642";"162 944";"B01";"1";"7";"0";"2";"8";"9";"1";""
"202100021643";"162 941";"A01";"2";"33";"0";"2";"1";"3";" -1";""
"202100021643";"162 942";"B01";"2";"7";"12";"2";"3";"15";"1";""
"202100021644";"162 939";"B01";"2";"7";"0";"2";"5";"2";"1";""
"202100021644";"162 940";"A01";"2";"31";"0";"2";"3";"2";"1";""