"Num_Acc";"id_vehicule";"num_veh";"senc";"catv";"obs";"obsm";"choc";"manv";"motor";"occutc"
"202100021645";"162 938";"A01";"1";"7";"0";"1";"1";"1";"1";""
"202100021646";"162 936";"A01";"1";"7";"0";"2";"3";"1";"1";""
"202100021646";"162 937";"Z01";"2";"30";"0";"2";"1";"1";"1";""
"202100021647";"162 935";"A01";"2";"30";"14";"0";"1";"17";"1";""
"202100021648";"162 933";"A01";"2";"7";"0";"2";"4";"23";"1";""
"202100021648";"162 934";"B01";"2";"7";"0";"2";"1";"1";"1";""
"202100021649";"162 932";"A01";"1";"32";"0";"1";"1";"1";"1";""
"202100021650";"162 930";"B01";"2";"30";"0";"2";"8";"1";"1";""
"202100021650";"162 931";"A01";"2";"10";"0";"2";"1";"1";"1";""
"202100021651";"162 929";"A01";"1";"50";"0";"0";"0";"1";"3";""
"202100021652";"162 927";"A01";"2";"7";"0";"2";"1";"16";"1";""
"202100021652";"162 928";"B01";"2";"50";"0";"2";"3";"1";"3";""
"202100021653";"162 925";"A01";"0";"50";"0";"2";"1";"1";"3";""
"202100021653";"162 926";"B01";"2";"7";"0";"2";"2";"1";"1";""
"202100021654";"162 923";"Z01";"2";"7";"0";"2";"1";"14";"0";""
"202100021654";"162 924";"A01";"2";"31";"0";"2";"4";"16";"1";""
"202100021655";"162 922";"A01";"2";"50";"0";"1";"7";"25";"3";""
"202100021656";"162 921";"A01";"2";"7";"0";"1";"3";"15";"1";""
"202100021657";"162 919";"B01";"2";"32";"0";"2";"2";"1";"1";""
"202100021657";"162 920";"A01";"2";"10";"0";"2";"3";"10";"1";""
"202100021658";"162 918";"A01";"0";"30";"0";"0";"1";"1";"1";""
"202100021659";"162 916";"B01";"2";"7";"0";"2";"4";"2";"1";""
"202100021659";"162 917";"A01";"2";"7";"0";"2";"0";"0";"1";""
"202100021660";"162 914";"B01";"1";"33";"0";"2";"1";"1";"1";""
"202100021660";"162 915";"A01";"1";"10";"0";"2";"2";"15";"1";""
"202100021661";"162 912";"B01";"1";"32";"0";"2";"4";"23";"1";""
"202100021661";"162 913";"A01";"1";"7";"0";"2";"1";"2";"1";""
"202100021662";"162 910";"A01";"0";"7";"0";"2";"1";"26";"1";""
"202100021662";"162 911";"B01";"0";"7";"0";"2";"4";"26";"1";""
"202100021663";"162 908";"A01";"0";"99";"0";"2";"3";"9";"1";""
"202100021663";"162 909";"B01";"0";"2";"0";"2";"1";"26";"1";""
"202100021664";"162 907";"A01";"2";"50";"15";"0";"1";"25";"3";""
"202100021665";"162 906";"A01";"1";"7";"0";"1";"1";"15";"1";""
"202100021666";"162 904";"A01";"2";"7";"0";"2";"1";"21";"1";""
"202100021666";"162 905";"B01";"3";"7";"0";"2";"8";"9";"1";""
"202100021667";"162 902";"B01";"2";"7";"0";"2";"1";"15";"1";""
"202100021667";"162 903";"A01";"1";"7";"2";"2";"6";"1";"1";""
"202100021668";"162 901";"A01";"1";"7";"0";"1";"8";"0";"1";""
"202100021669";"162 899";"A01";"1";"7";"1";"2";"3";"13";"1";""
"202100021669";"162 900";"B01";"2";"37";"0";"2";"3";"1";"2";"1"
"202100021670";"162 897";"B01";"1";"1";"0";"2";"1";"1";"5";""
"202100021670";"162 898";"A01";"1";"7";"0";"2";"5";"15";"2";""
"202100021671";"162 895";"A01";"1";"7";"0";"2";"0";"0";"1";""
"202100021671";"162 896";"B01";"1";"1";"0";"2";"1";"1";"5";""
"202100021672";"162 894";"A01";"1";"7";"0";"1";"3";"15";"1";""
"202100021673";"162 892";"A01";"2";"7";"0";"2";"7";"17";"1";""
"202100021673";"162 893";"B01";"2";"2";"0";"2";"8";"15";"1";""
"202100021674";"162 890";"B01";"2";"33";"0";"2";"1";"1";"1";""
"202100021674";"162 891";"A01";"2";"7";"0";"2";"3";"19";"1";""
"202100021675";"162 888";"A01";"3";"7";"0";"2";"3";"26";"1";""
"202100021675";"162 889";"B01";"3";"7";"0";"2";"2";"1";"1";""
"202100021676";"162 887";"A01";"1";"17";"0";"0";"9";"1";"1";""
"202100021677";"162 886";"A01";"3";"32";"0";"1";"0";"26";"1";""
"202100021678";"162 884";"B01";"2";"7";"0";"2";"1";"1";"1";""
"202100021678";"162 885";"A01";"1";"7";"0";"2";"2";"15";"1";""
"202100021679";"162 883";"A01";"1";"7";"7";"0";"1";"1";"1";""
"202100021680";"162 881";"B01";"2";"7";"4";"2";"3";"1";"1";""
"202100021680";"162 882";"A01";"1";"7";"0";"2";"1";"1";"1";""
"202100021681";"162 879";"A01";"1";"7";"0";"2";"1";"2";"1";""
"202100021681";"162 880";"B01";"1";"15";"0";"0";"4";"2";"1";""
"202100021682";"162 877";"A01";"1";"7";"0";"2";"1";"0";"1";""
"202100021682";"162 878";"B01";"1";"33";"0";"2";"5";"9";"1";""
"202100021683";"162 875";"B01";"1";"10";"0";"0";"8";"15";"1";""
"202100021683";"162 876";"A01";"1";"33";"0";"2";"1";"17";"1";""
"202100021684";"162 872";"A01";"1";"7";"0";"2";"6";"13";"1";""
"202100021684";"162 873";"B01";"1";"33";"0";"2";"3";"21";"1";""
"202100021684";"162 874";"C01";"2";"7";"0";"2";"1";"26";"2";""
"202100021685";"162 871";"A01";"3";"1";"0";"0";"0";"0";"5";""
"202100021686";"162 870";"A01";"1";"7";"3";"0";"8";"1";"1";""
"202100021687";"162 869";"A01";"0";"33";"4";"0";"1";"1";"1";""
"202100021688";"162 868";"A01";"2";"7";"3";"0";"9";"14";"1";""
"202100021689";"162 866";"B01";"2";"7";"0";"2";"3";"16";"0";""
"202100021689";"162 867";"A01";"1";"7";"0";"2";"2";"1";"1";""
"202100021690";"162 864";"B01";"1";"33";"0";"2";"1";"1";"1";""
"202100021690";"162 865";"A01";"2";"7";"0";"2";"3";"13";"1";""
"202100021691";"162 862";"A01";"3";"7";"0";"2";"1";"1";"1";""
"202100021691";"162 863";"B01";"3";"7";"0";"2";"3";"13";"1";""
"202100021692";"162 861";"A01";"3";"33";"16";"0";"1";"1";"1";""
"202100021693";"162 859";"B01";"2";"7";"0";"2";"8";"1";"1";""
"202100021693";"162 860";"A01";"1";"33";"0";"2";"3";"13";"1";""
"202100021694";"162 857";"A01";"1";"7";"0";"2";"1";"5";"1";""
"202100021694";"162 858";"B01";"2";"7";"0";"2";"1";"1";"1";""
"202100021695";"162 855";"B01";"2";"15";"0";"0";"7";"15";"1";""
"202100021695";"162 856";"A01";"1";"2";"0";"2";"1";"1";"1";""
"202100021696";"162 854";"A01";"2";"10";"2";"0";"1";"1";"1";""
"202100021697";"162 853";"A01";"2";"33";"0";"0";"8";"1";"1";""
"202100021698";"162 851";"B01";"2";"7";"0";"2";"2";"17";"1";""
"202100021698";"162 852";"A01";"2";"7";"0";"0";"6";"1";"1";""
"202100021699";"162 850";"A01";"1";"7";"13";"0";"1";"0";"1";""
"202100021700";"162 848";"B01";"2";"33";"0";"2";"1";"1";"1";""
"202100021700";"162 849";"A01";"0";"7";"0";"2";"8";"9";"1";""
"202100021701";"162 847";"A01";"1";"21";"3";"0";"8";"2";"1";""
"202100021702";"162 846";"A01";"1";"33";"0";"0";"1";"1";"1";""
"202100021703";"162 845";"A01";"2";"32";"12";"0";"1";"17";"1";""
"202100021704";"162 843";"A01";"2";"7";"13";"0";"1";"14";"2";""
"202100021705";"162 842";"A01";"0";"7";"0";"1";"1";"1";"1";""
"202100021706";"162 840";"B01";"2";"7";"0";"2";"1";"1";"1";""
"202100021706";"162 841";"A01";"1";"7";"0";"2";"1";"3";"1";""
"202100021707";"162 838";"B01";"2";"7";"0";"2";"1";"1";"1";""
"202100021707";"162 839";"A01";"1";"7";"0";"2";"3";"13";"1";""
"202100021708";"162 836";"A01";"3";"2";"0";"0";"8";"16";"1";""
"202100021708";"162 837";"B01";"3";"7";"0";"2";"2";"1";"1";""
"202100021709";"162 834";"A01";"2";"7";"0";"2";"7";"19";"1";""
"202100021709";"162 835";"B01";"1";"7";"0";"2";"1";"15";"1";""
"202100021710";"162 832";"B01";"1";"33";"0";"2";"1";"1";"1";""
"202100021710";"162 833";"A01";"1";"7";"0";"0";"2";"15";"1";""
"202100021711";"162 831";"A01";"2";"33";"15";"0";"1";"1";"1";""
"202100021712";"162 830";"A01";"1";"33";"16";"0";"7";"16";"1";""
"202100021713";"162 825";"E01";"1";"33";"0";"2";"1";"1";"1";""
"202100021713";"162 826";"A01";"2";"10";"5";"2";"3";"13";"1";""
"202100021713";"162 827";"B01";"1";"33";"3";"2";"3";"1";"1";""
"202100021713";"162 828";"C01";"1";"33";"0";"2";"1";"1";"1";""
"202100021713";"162 829";"D01";"1";"33";"0";"2";"2";"1";"1";""
"202100021714";"162 823";"B01";"1";"7";"0";"9";"3";"1";"2";""
"202100021714";"162 824";"A01";"2";"17";"6";"0";"3";"6";"1";""
"202100021715";"162 822";"A01";"1";"2";"6";"0";"7";"1";"1";""
"202100021716";"162 820";"A01";"1";"7";"0";"2";"3";"17";"2";""
"202100021716";"162 821";"B01";"2";"31";"0";"2";"1";"1";"1";""
"202100021717";"162 818";"B01";"2";"17";"0";"0";"4";"2";"1";""
"202100021717";"162 819";"A01";"2";"10";"0";"2";"1";"2";"1";""
"202100021718";"162 817";"A01";"0";"7";"0";"1";"3";"15";"1";""
"202100021719";"162 815";"B01";"1";"7";"0";"2";"2";"15";"1";""
"202100021719";"162 816";"A01";"2";"33";"0";"0";"7";"21";"1";""
"202100021720";"162 813";"B01";"2";"33";"0";"2";"1";"1";"1";""
"202100021720";"162 814";"A01";"2";"7";"0";"9";"8";"15";"1";""
"202100021721";"162 812";"A01";"2";"33";"9";"0";"1";"0";"1";""
"202100021722";"162 811";"A01";"1";"33";"6";"0";"1";"1";"1";""
"202100021723";"162 810";"A01";"2";"33";"14";"0";"1";"2";"1";""
"202100021724";"162 808";"B01";"3";"80";"0";"2";"1";"19";"3";""
"202100021724";"162 809";"A01";"3";"7";"0";"9";"2";"19";"1";""
"202100021725";"162 805";"C01";"1";"7";"0";"2";"3";"1";"1";""
"202100021725";"162 806";"B01";"2";"7";"0";"2";"4";"15";"1";""
"202100021725";"162 807";"A01";"2";"10";"0";"2";"1";"1";"1";""
"202100021726";"162 803";"A01";"2";"10";"0";"0";"8";"15";"1";""
"202100021726";"162 804";"B01";"2";"33";"1";"2";"7";"17";"1";""
"202100021727";"162 801";"A01";"1";"7";"0";"0";"5";"1";"1";""
"202100021727";"162 802";"B01";"1";"33";"0";"2";"1";"1";"1";""
"202100021728";"162 799";"A01";"2";"7";"0";"2";"3";"1";"1";""
"202100021728";"162 800";"B01";"1";"7";"13";"2";"2";"1";"1";""
"202100021729";"162 796";"A01";"1";"10";"0";"2";"3";"13";"1";""
"202100021729";"162 797";"C01";"2";"33";"0";"2";"1";"1";"1";""
"202100021729";"162 798";"B01";"2";"33";"0";"2";"1";"1";"1";""
"202100021730";"162 795";"A01";"0";"7";"2";"0";"3";"0";"1";""
"202100021731";"162 793";"A01";"2";"7";"0";"2";"2";"19";"1";""
"202100021731";"162 794";"B01";"2";"50";"0";"2";"1";"1";"3";""
"202100021732";"162 791";"B01";"0";"33";"0";"2";"3";"0";"1";""
"202100021732";"162 792";"A01";"1";"7";"0";"2";"4";"2";"1";""
"202100021733";"162 789";"A01";"1";"7";"0";"2";"6";"1";"1";""
"202100021733";"162 790";"B01";"1";"7";"0";"2";"2";"12";"1";""
"202100021734";"162 788";"A01";"1";"32";"0";"9";"7";"2";"1";""
"202100021735";"162 785";"C01";"2";"43";"0";"2";"2";"1";"1";""
"202100021735";"162 786";"A01";"2";"7";"0";"2";"6";"1";"1";""
"202100021735";"162 787";"B01";"2";"7";"0";"2";"6";"1";"1";""
"202100021736";"162 782";"Z01";"1";"10";"0";"2";"1";"2";"1";""
"202100021736";"162 783";"B01";"1";"7";"0";"2";"4";"2";"1";""
"202100021736";"162 784";"A01";"1";"7";"0";"2";"3";"26";"1";""
"202100021737";"162 779";"A01";"2";"7";"3";"2";"1";"2";"1";""
"202100021737";"162 780";"B01";"2";"7";"3";"2";"4";"1";"1";""
"202100021737";"162 781";"C01";"2";"17";"0";"2";"8";"1";"1";""
"202100021738";"162 777";"A01";"2";"14";"0";"2";"3";"13";"1";""
"202100021738";"162 778";"B01";"2";"7";"0";"2";"2";"1";"1";""
"202100021739";"162 774";"A01";"1";"14";"0";"2";"3";"2";"1";""
"202100021739";"162 775";"B01";"1";"7";"0";"2";"1";"2";"1";""
"202100021739";"162 776";"C01";"1";"15";"1";"2";"4";"2";"1";""
"202100021740";"162 772";"A01";"2";"33";"0";"2";"1";"3";"1";""
"202100021740";"162 773";"B01";"2";"7";"0";"2";"4";"1";"1";""
"202100021741";"162 770";"B01";"2";"7";"0";"2";"5";"1";"1";""
"202100021741";"162 771";"A01";"2";"33";"0";"2";"5";"3";"1";""
"202100021742";"162 768";"A01";"2";"7";"0";"2";"1";"1";"1";""
"202100021742";"162 769";"B01";"2";"7";"0";"2";"4";"2";"1";""
"202100021743";"162 766";"B01";"1";"10";"0";"2";"4";"1";"1";""
"202100021743";"162 767";"A01";"1";"7";"0";"2";"1";"1";"1";""
"202100021744";"162 763";"A01";"2";"7";"0";"2";"2";"1";"1";""
"202100021744";"162 764";"B01";"2";"13";"0";"2";"0";"14";"1";""
"202100021744";"162 765";"Z01";"2";"0";"0";"2";"0";"12";"0";""
"202100021745";"162 761";"B01";"1";"7";"0";"2";"8";"1";"1";""
"202100021745";"162 762";"A01";"1";"31";"0";"2";"1";"3";"1";""
"202100021746";"162 760";"A01";"2";"7";"0";"0";"1";"12";"1";""
"202100021747";"162 758";"B01";"1";"7";"0";"2";"4";"0";"1";""
"202100021747";"162 759";"A01";"1";"7";"0";"2";"1";"0";"1";""
"202100021748";"162 756";"A01";"1";"31";"0";"2";"1";"3";"1";""
"202100021748";"162 757";"B01";"1";"7";"0";"2";"5";"1";"1";""
"202100021749";"162 755";"A01";"2";"33";"0";"1";"0";"1";"1";""
"202100021750";"162 754";"A01";"2";"7";"0";"1";"1";"1";"1";""
"202100021751";"162 753";"A01";"1";"7";"0";"1";"1";"1";"1";""
"202100021752";"162 747";"A01";"2";"7";"0";"1";"2";"19";"1";""
"202100021753";"162 745";"A01";"1";"30";"0";"2";"1";"1";"1";""
"202100021753";"162 746";"B01";"1";"7";"0";"2";"5";"1";"0";""
"202100021754";"162 743";"B01";"1";"7";"0";"2";"4";"2";"1";""
"202100021754";"162 744";"A01";"1";"7";"0";"0";"1";"2";"1";""
"202100021755";"162 741";"B01";"1";"7";"0";"2";"8";"15";"1";""
"202100021755";"162 742";"A01";"3";"7";"0";"2";"1";"1";"1";""
"202100021756";"162 739";"A01";"2";"1";"0";"2";"1";"1";"5";""
"202100021756";"162 740";"B01";"2";"7";"1";"0";"4";"23";"1";""
"202100021757";"162 736";"C01";"1";"7";"0";"2";"1";"1";"1";""
"202100021757";"162 737";"B01";"1";"7";"0";"2";"1";"2";"1";""
"202100021757";"162 738";"A01";"1";"10";"0";"2";"1";"2";"1";""
"202100021758";"162 734";"C01";"1";"17";"0";"0";"8";"1";"0";""
"202100021758";"162 735";"A01";"1";"7";"0";"0";"3";"13";"1";""
"202100021759";"162 732";"A01";"2";"3";"0";"2";"1";"2";"1";""
"202100021759";"162 733";"B01";"2";"7";"0";"2";"4";"1";"1";""
"202100021760";"162 730";"A01";"2";"7";"0";"2";"1";"13";"1";""
"202100021760";"162 731";"B01";"1";"7";"0";"2";"1";"1";"1";""
"202100021761";"162 729";"A01";"1";"7";"0";"1";"1";"1";"1";""
"202100021762";"162 727";"A01";"1";"30";"0";"2";"1";"2";"1";""
"202100021762";"162 728";"B01";"3";"7";"16";"0";"2";"2";"1";""
"202100021763";"162 725";"A01";"2";"7";"0";"2";"1";"1";"1";""
"202100021763";"162 726";"B01";"2";"7";"0";"9";"4";"1";"1";""
"202100021764";"162 723";"B01";"2";"33";"0";"2";"1";"3";"1";""
"202100021764";"162 724";"GA01";"1";"7";"0";"2";"2";"15";"1";""
"202100021765";"162 721";"A01";" -1";"7";"0";"2";"3";"16";"1";""
"202100021765";"162 722";"B01";"2";"7";"0";"2";"3";"26";"1";""
"202100021766";"162 720";"A01";"1";"7";"0";"1";"3";"1";"1";""
"202100021767";"162 718";"A01";"2";"7";"0";"2";"1";"15";"1";""
"202100021767";"162 719";"B01";"0";"50";"0";"2";"1";"1";"3";""
"202100021768";"162 717";"A01";"2";"7";"9";"0";"8";"1";"1";""
"202100021769";"162 715";"B01";"1";"10";"0";"2";"8";"15";"1";""
"202100021769";"162 716";"A01";"1";"2";"0";"2";"7";"17";"1";""
"202100021770";"162 714";"A01";"1";"7";"0";"1";"1";"1";"1";""
"202100021771";"162 712";"A01";"1";"30";"0";"2";"1";"1";"1";""
"202100021771";"162 713";"B01";"3";"7";"0";"2";"3";"1";"1";""
"202100021772";"162 709";"A01";"2";"7";"0";"9";"2";"15";"1";""
"202100021772";"162 710";"T01";"2";"7";"0";"2";"0";"23";"1";""
"202100021772";"162 711";"B01";"1";"1";"0";"2";"1";"1";"5";""
"202100021773";"162 707";"A01";"2";"13";"0";"2";"1";"17";"1";""
"202100021773";"162 708";"B01";"2";"50";"0";"2";"4";"15";"3";""
"202100021774";"162 702";"E01";"2";"7";"0";"2";"4";"1";"1";""
"202100021774";"162 703";"D01";"2";"7";"0";"2";"4";"2";"1";""
"202100021774";"162 704";"C01";"2";"7";"0";"2";"4";"2";"1";""
"202100021774";"162 705";"B01";"2";"7";"0";"2";"4";"2";"1";""
"202100021774";"162 706";"A01";"2";"10";"0";"2";"1";"2";"1";""
"202100021775";"162 701";"A01";"2";"7";"6";"0";"2";"14";"1";""
"202100021776";"162 700";"A01";"3";"7";"0";"1";"1";"26";"1";""
"202100021777";"162 698";"B01";"2";"7";"0";"2";"8";"15";"1";""
"202100021777";"162 699";"A01";"2";"7";"0";"2";"1";"5";"1";""
"202100021778";"162 696";"A01";"1";"7";"0";"2";"7";"1";"1";""
"202100021778";"162 697";"B01";"1";"60";"0";"2";"8";"1";"5";""
"202100021779";"162 694";"B01";"0";"7";"0";"2";"3";"1";"1";""
"202100021779";"162 695";"A01";"0";"7";"1";"2";"1";"1";"1";""
"202100021780";"162 692";"A01";"2";"7";"0";"2";"7";"9";"1";""
"202100021780";"162 693";"B01";"2";"17";"0";"2";"3";"9";"1";""
"202100021781";"162 691";"A01";"2";"33";"0";"0";"7";"1";"1";""
"202100021782";"162 690";"A01";"1";"50";"0";"0";"1";"26";"3";""
"202100021783";"162 689";"A01";"1";"10";"0";"1";"1";"19";"1";""
"202100021784";"162 687";"A01";"2";"7";"0";"2";"4";"23";"1";""
"202100021784";"162 688";"B01";"2";"7";"0";"2";"1";"2";"0";""
"202100021785";"162 685";"A01";"3";"7";"0";"2";"6";"19";"1";""
"202100021785";"162 686";"B01";"1";"10";"0";"2";"1";"1";"1";""
"202100021786";"162 683";"A01";"3";"7";"0";"2";"7";"9";"1";""
"202100021786";"162 684";"B01";"3";"31";"0";"2";"1";"1";"1";""
"202100021787";"162 681";"A01";"2";"7";"0";"2";"1";"1";"1";""
"202100021787";"162 682";"B01";"2";"7";"0";"2";"4";"1";"1";""
"202100021788";"162 679";"B01";"2";"10";"1";"0";"2";"1";"1";""
"202100021788";"162 680";"A01";"2";"7";"0";"2";"8";"22";"1";""
"202100021789";"162 677";"B01";"0";"7";"0";"2";"4";"1";"0";""
"202100021789";"162 678";"A01";"0";"31";"0";"2";"1";"1";"1";""
"202100021790";"162 675";"B01";"1";"31";"0";"2";"1";"17";"1";""
"202100021790";"162 676";"A01";"2";"7";"0";"2";"8";"15";"1";""
"202100021791";"162 674";"A01";"1";"33";"6";"0";"0";"26";"0";""
"202100021792";"162 673";"A01";"0";"7";"4";"0";"1";"1";"1";""
"202100021793";"162 672";"A01";"3";"7";"0";"1";"4";"26";"1";""
"202100021794";"162 670";"A01";"3";"7";"0";"2";"1";"1";"1";""
"202100021794";"162 671";"B01";"3";"10";"0";"2";"8";"1";"1";""
"202100021795";"162 667";"A01";"3";"7";"0";"2";"2";"2";"1";""
"202100021795";"162 668";"B01";"3";"7";"0";"2";"6";"2";"1";""
"202100021795";"162 669";"C01";"3";"7";"0";"2";"4";"2";"1";""
"202100021796";"162 664";"A01";"1";"10";"0";"2";"1";"2";"1";""
"202100021796";"162 665";"B01";"1";"10";"0";"2";"1";"2";"1";""
"202100021796";"162 666";"C01";"1";"10";"0";"2";"1";"2";"1";""
"202100021797";"162 662";"B01";"1";"60";"0";"2";"1";"19";"5";""
"202100021797";"162 663";"A01";"1";"7";"0";"2";"3";"1";"1";""
"202100021798";"162 658";"A01";"1";"7";"0";"2";"1";"12";"2";""
"202100021798";"162 659";"B01";"1";"7";"0";"2";"4";"1";"1";""
"202100021798";"162 660";"C01";"1";"7";"0";"2";"4";"1";"1";""
"202100021798";"162 661";"D01";"1";"7";"0";"2";"4";"1";"1";""
"202100021799";"162 656";"A01";"2";"7";"0";"2";"4";"2";"1";""
"202100021799";"162 657";"Z01";"2";"10";"0";"2";"1";"2";"0";""
"202100021800";"162 653";"C01";"2";"30";"0";"2";"4";"1";"1";""
"202100021800";"162 654";"B01";"1";"7";"0";"2";"2";"15";"1";""
"202100021800";"162 655";"A01";"2";"7";"0";"2";"3";"1";"1";""
"202100021801";"162 651";"B01";"2";"1";"0";"2";"1";"1";"5";""
"202100021801";"162 652";"A01";"2";"7";"0";"2";"8";"22";"1";""
"202100021802";"162 649";"A01";"0";"10";"0";"2";"1";"1";"1";""
"202100021802";"162 650";"B01";"0";"7";"0";"2";"4";"1";"1";""
"202100021803";"162 648";"A01";"0";"7";"0";"1";"3";"15";"2";""
"202100021804";"162 646";"B01";"1";"50";"0";"2";"8";"1";"3";""
"202100021804";"162 647";"A01";"2";"7";"0";"2";"8";"16";"1";""
"202100021805";"162 644";"B01";"3";"34";"0";"2";"7";"17";"1";""
"202100021805";"162 645";"A01";"3";"7";"0";"2";"0";"1";"1";""
"202100021806";"162 643";"A01";"2";"7";"1";"0";"3";"14";"1";""
"202100021807";"162 641";"Z01";"1";"50";"0";"2";"1";"13";"3";""
"202100021807";"162 642";"A01";"2";"50";"0";"2";"1";"1";"3";""
"202100021808";"162 639";"B01";"1";"7";"0";"2";"5";"1";"1";""
"202100021808";"162 640";"A01";"1";"7";"0";"2";"3";"13";"1";""
"202100021809";"162 637";"A01";"1";"7";"0";"2";"8";"5";"1";""
"202100021809";"162 638";"B01";"1";"7";"0";"2";"1";"1";"1";""
"202100021810";"162 635";"B01";"2";"7";"0";"2";"3";"1";"1";""
"202100021810";"162 636";"A01";"1";"50";"0";"2";"2";"1";"3";""
"202100021811";"162 634";"Z01";"1";"37";"0";"1";"7";"1";"0";"1"
"202100021812";"162 633";"A01";"1";"7";"1";"1";"2";"17";"1";""
"202100021813";"162 631";"B01";"0";"32";"0";"2";"7";"26";"1";""
"202100021813";"162 632";"A01";"0";"7";"14";"2";"7";"5";"1";""
"202100021814";"162 630";"A01";"3";"1";"8";"0";"1";"1";"0";""
"202100021815";"162 628";"B01";"1";"7";"0";"2";"6";"15";"1";""
"202100021815";"162 629";"A01";"1";"32";"0";"2";"1";"13";"1";""
"202100021816";"162 627";"A01";"2";"33";"1";"0";"1";"1";"1";""
"202100021817";"162 626";"A01";"1";"7";"12";"0";"1";"16";"1";""
"202100021818";"162 624";"A01";"0";"7";"0";"2";"1";"9";"1";""
"202100021818";"162 625";"B01";"0";"7";"0";"2";"3";"19";"1";""
"202100021819";"162 623";"A01";"1";"7";"9";"0";"9";"0";"1";""
"202100021820";"162 621";"B01";"1";"7";"0";"0";"8";"15";"1";""
"202100021820";"162 622";"A01";"1";"50";"0";"2";"1";"1";"3";""
"202100021821";"162 619";"A01";"2";"7";"1";"0";"2";"9";"1";""
"202100021821";"162 620";"B01";"1";"31";"0";"2";"7";"1";"1";""
"202100021822";"162 617";"B01";"1";"33";"1";"0";"7";"2";"1";""
"202100021822";"162 618";"A01";"1";"7";"16";"0";"3";"26";"1";""
"202100021823";"162 616";"Y01";"1";"1";"0";"0";"1";"1";"5";""
"202100021824";"162 614";"B01";"2";"7";"0";"2";"5";"15";"1";""
"202100021824";"162 615";"A01";"1";"34";"0";"2";"1";"1";"1";""
"202100021825";"162 613";"A01";"3";"30";"0";"0";"8";"26";"1";""
"202100021826";"162 612";"A01";"1";"7";"0";"1";"1";"1";"1";""
"202100021827";"162 610";"B01";"1";"7";"0";"2";"1";"0";"1";""
"202100021827";"162 611";"A01";"1";"7";"0";"2";"1";"1";"1";""
"202100021828";"162 608";"Z01";"2";"7";"9";"2";"0";"11";"1";""
"202100021828";"162 609";"B01";"1";"2";"0";"2";"0";"21";"1";""
"202100021829";"162 607";"A01";"2";"80";"0";"0";"3";"0";"3";""
"202100021830";"162 605";"B01";"2";"7";"0";"2";"2";"17";"1";""
"202100021830";"162 606";"A01";"2";"7";"16";"2";"6";"1";"1";""
"202100021831";"162 604";"A01";"3";"7";"13";"0";"1";"1";"1";""
"202100021832";"162 603";"A01";"1";"7";"4";"0";"1";"0";"1";""
"202100021833";"162 601";"B01";"2";"7";"0";"2";"7";"17";"1";""
"202100021833";"162 602";"A01";"2";"7";"0";"2";"8";"13";"1";""
"202100021834";"162 599";"A01";"1";"2";"0";"2";"1";"18";"1";""
"202100021834";"162 600";"B01";"1";"7";"0";"2";"2";"16";"1";""
"202100021835";"162 597";"B01";"2";"2";"0";"2";"1";"1";"1";""
"202100021835";"162 598";"A01";"2";"7";"0";"0";"3";"15";"1";""
"202100021836";"162 595";"A01";"2";"7";"0";"2";"8";"15";"1";""
"202100021836";"162 596";"B01";"1";"30";"0";"2";"8";"0";"1";""
"202100021837";"162 593";"B01";"0";"33";"0";"2";"1";"1";"1";""
"202100021837";"162 594";"A01";"0";"7";"0";"2";"2";"19";"2";""
"202100021838";"162 591";"B01";"2";"7";"3";"2";"1";"2";"1";""
"202100021838";"162 592";"A01";"2";"7";"3";"0";"4";"12";"1";""
"202100021839";"162 590";"A01";"1";"2";"0";"6";"2";"2";"1";""
"202100021840";"162 589";"A01";"2";"7";"13";"0";"2";"0";"1";""
"202100021841";"162 587";"B01";"0";"7";"0";"2";"2";"19";"1";""
"202100021841";"162 588";"A01";"2";"33";"0";"2";"1";"1";"1";""
"202100021842";"162 586";"A01";"1";"7";"8";"0";"6";"1";"1";""
"202100021843";"162 584";"A01";"2";"10";"0";"2";"2";"15";"1";""
"202100021843";"162 585";"B01";"1";"99";"0";"0";"8";"1";"5";""
"202100021844";"162 583";"A01";"1";"7";"13";"0";"2";"14";"1";""
"202100021845";"162 581";"A01";"1";"7";"0";"2";"1";"13";"1";""
"202100021845";"162 582";"B01";"2";"7";"0";"2";"1";"1";"1";""
"202100021846";"162 579";"A01";"1";"33";"0";"2";"2";"17";"1";""
"202100021846";"162 580";"B01";"1";"7";"0";"0";"3";"15";"1";""
"202100021847";"162 578";"A01";"3";"33";"0";"0";"2";"1";"1";""
"202100021848";"162 576";"B01";"3";"7";"0";"2";"3";"1";"1";""
"202100021848";"162 577";"A01";"3";"33";"0";"2";"3";"1";"1";""
"202100021849";"162 574";"B01";"0";"7";"0";"2";"1";"1";"1";""
"202100021849";"162 575";"A01";"0";"7";"0";"2";"7";"15";"1";""
"202100021850";"162 573";"A01";"2";"7";"2";"0";"8";"13";"1";""
"202100021851";"162 571";"B01";"1";"33";"0";"2";"6";"15";"1";""
"202100021851";"162 572";"A01";"1";"7";"0";"2";"2";"2";"1";""
"202100021852";"162 570";"A01";"2";"33";"13";"0";"0";"1";"1";""
"202100021853";"162 568";"B01";"1";"33";"0";"2";"1";"1";"1";""
"202100021853";"162 569";"A01";"2";"7";"0";"2";"1";"15";"1";""