"Num_Acc";"id_vehicule";"num_veh";"senc";"catv";"obs";"obsm";"choc";"manv";"motor";"occutc"
"202100022279";"161 810";"B01";"1";"32";"0";"2";"1";"1";"1";""
"202100022279";"161 811";"A01";"1";"7";"0";"2";"6";"10";"1";""
"202100022280";"161 808";"B01";"2";"7";"0";"1";"3";"1";"1";""
"202100022280";"161 809";"A01";"1";"7";"0";"1";"1";"1";"1";""
"202100022281";"161 806";"B01";"2";"7";"0";"2";"1";"1";"1";""
"202100022281";"161 807";"A01";"2";"7";"0";"2";"1";"13";"1";""
"202100022282";"161 804";"B01";"3";"7";"0";"2";"0";"0";"1";""
"202100022282";"161 805";"A01";"3";"33";"0";"2";"0";"0";"1";""
"202100022283";"161 802";"A01";"0";"10";"0";"2";"3";"1";"1";""
"202100022283";"161 803";"B01";"0";"7";"0";"2";"3";"5";"1";""
"202100022284";"161 800";"B01";"0";"7";"0";"2";"3";"0";"1";""
"202100022284";"161 801";"A01";"0";"32";"0";"2";"0";"0";"1";""
"202100022285";"161 798";"B01";"3";"41";"0";"2";"8";"1";"3";""
"202100022285";"161 799";"A01";"3";"7";"0";"2";"7";"17";"0";""
"202100022286";"161 796";"A01";"1";"7";"0";"2";"8";"15";"1";""
"202100022286";"161 797";"B01";"1";"33";"0";"2";"1";"1";"1";""
"202100022287";"161 795";"A01";"2";"1";"0";"0";"1";"1";"5";""
"202100022288";"161 794";"A01";"3";"33";"0";"1";"1";"1";"1";""
"202100022289";"161 792";"B01";"3";"32";"0";"2";"1";"2";"1";""
"202100022289";"161 793";"A01";"3";"7";"14";"2";"8";"9";"1";""
"202100022290";"161 790";"B01";"3";"7";"0";"2";"4";"1";"1";""
"202100022290";"161 791";"A01";"3";"7";"0";"2";"1";"1";"1";""
"202100022291";"161 788";"A01";"2";"30";"0";"2";"1";"2";"1";""
"202100022291";"161 789";"B01";"2";"7";"0";"2";"5";"23";"1";""
"202100022292";"161 786";"A01";"2";"10";"0";"2";"2";"12";"1";""
"202100022292";"161 787";"B01";"2";"7";"3";"2";"6";"7";"2";""
"202100022293";"161 784";"A01";"1";"7";"0";"2";"3";"16";"1";""
"202100022293";"161 785";"C01";"0";"50";"0";"2";"8";"1";"3";""
"202100022294";"161 782";"A01";"1";"7";"0";"2";"3";"20";"1";""
"202100022294";"161 783";"Z01";"1";"30";"0";"0";"1";"1";"1";""
"202100022295";"161 781";"A01";"2";"7";"0";"1";"1";"1";"2";""
"202100022296";"161 780";"A01";"2";"10";"0";"1";"6";"20";"1";""
"202100022297";"161 777";"A01";"0";"30";"0";"2";"3";"2";"1";""
"202100022297";"161 778";"Y01";"0";"10";"0";"0";"5";"23";"1";""
"202100022298";"161 775";"B01";"2";"33";"0";"2";"1";"1";"1";""
"202100022298";"161 776";"A01";"2";"7";"0";"2";"3";"10";"1";""
"202100022299";"161 773";"B01";"1";"1";"0";"2";"1";"1";"5";""
"202100022299";"161 774";"A01";"1";"7";"0";"2";"7";"22";"1";""
"202100022300";"161 772";"A01";"1";"7";"0";"1";"1";"1";"1";""
"202100022301";"161 771";"A01";"1";"10";"0";"1";"8";"1";"1";""
"202100022302";"161 770";"A01";"1";"50";"8";"0";"1";"25";"3";""
"202100022303";"161 768";"A01";"1";"1";"0";"9";"8";"1";"5";""
"202100022303";"161 769";"Z01";"2";"1";"0";"2";"8";"5";"5";""
"202100022304";"161 766";"B01";"2";"14";"0";"2";"1";"2";"1";""
"202100022304";"161 767";"A01";"2";"7";"0";"2";"4";"23";"2";""
"202100022305";"161 764";"B01";"2";"34";"0";"2";"3";"1";"1";""
"202100022305";"161 765";"A01";"1";"7";"0";"2";"2";"10";"2";""
"202100022306";"161 762";"B01";"1";"7";"0";"2";"3";"1";"1";""
"202100022306";"161 763";"A01";"3";"1";"0";"2";"1";"15";"0";""
"202100022307";"161 761";"A01";"1";"50";"0";"0";"0";"25";"3";""
"202100022308";"161 759";"B01";"2";"33";"0";"2";"4";"1";"1";""
"202100022308";"161 760";"A01";"2";"7";"0";"2";"1";"1";"1";""
"202100022309";"161 758";"A01";"1";"7";"0";"1";"8";"1";"1";""
"202100022310";"161 756";"B01";"0";"7";"0";"2";"8";"15";"1";""
"202100022310";"161 757";"A01";"1";"99";"0";"2";"1";"1";"1";""
"202100022311";"161 754";"A01";"1";"7";"0";"2";"2";"1";"1";""
"202100022311";"161 755";"B01";"1";"30";"0";"2";"8";"15";"1";""
"202100022312";"161 752";"A01";"1";"7";"0";"2";"1";"15";"1";""
"202100022312";"161 753";"B01";"2";"33";"0";"2";"1";"1";"1";""
"202100022313";"161 751";"A01";"1";"20";"0";"0";"0";"19";"1";""
"202100022314";"161 749";"B01";"1";"37";"0";"2";"3";"1";"1";"4"
"202100022314";"161 750";"A01";"2";"7";"0";"2";"1";"13";"2";""
"202100022315";"161 747";"B01";"1";"1";"0";"2";"8";"15";"5";""
"202100022315";"161 748";"A01";"1";"34";"0";"2";"1";"26";"1";""
"202100022316";"161 745";"A01";"3";"33";"0";"2";"1";"3";"1";""
"202100022316";"161 746";"B01";"3";"7";"0";"2";"4";"1";"1";""
"202100022317";"161 743";"A01";"2";"7";"0";"2";"1";"1";"1";""
"202100022317";"161 744";"B01";"1";"1";"0";"2";"8";"19";"5";""
"202100022318";"161 742";"A01";"1";"7";"8";"0";"1";"13";"1";""
"202100022319";"161 740";"A01";"0";"7";"0";"2";"8";"22";"1";""
"202100022319";"161 741";"B01";"0";"2";"1";"0";"0";"1";"1";""
"202100022320";"161 738";"B01";"1";"33";"0";"2";"7";"1";"1";""
"202100022320";"161 739";"A01";"2";"7";"0";"2";"5";"15";"1";""
"202100022321";"161 736";"A01";"1";"7";"0";"2";"1";"17";"1";""
"202100022321";"161 737";"B01";"1";"1";"0";"2";"8";"13";"5";""
"202100022322";"161 735";"A01";"1";"7";"13";"0";"3";"16";"1";""
"202100022323";"161 733";"B01";"3";"1";"0";"0";"2";"26";"5";""
"202100022323";"161 734";"A01";"2";"7";"0";"0";"3";"9";"1";""
"202100022324";"161 731";"A01";"2";"7";"0";"2";"1";"2";"1";""
"202100022324";"161 732";"B01";"2";"33";"0";"2";"3";"10";"1";""
"202100022325";"161 729";"B01";"2";"33";"8";"2";"3";"1";"1";""
"202100022325";"161 730";"A01";"1";"7";"0";"2";"3";"15";"1";""
"202100022326";"161 727";"A01";"1";"7";"5";"9";"2";"26";"1";""
"202100022327";"161 726";"A01";"2";"7";"13";"0";"7";"13";"1";""
"202100022328";"161 725";"A01";"1";"33";"13";"0";"0";"15";"1";""
"202100022329";"161 724";"A01";"0";"7";"0";"0";"1";"13";"1";""
"202100022330";"161 722";"B01";"2";"1";"0";"2";"8";"1";"5";""
"202100022330";"161 723";"A01";"2";"7";"0";"2";"7";"2";"3";""
"202100022331";"161 719";"C01";"1";"7";"0";"2";"8";"1";"1";""
"202100022331";"161 720";"B01";"1";"7";"5";"2";"3";"0";"1";""
"202100022331";"161 721";"A01";"2";"7";"0";"2";"3";"0";"1";""
"202100022332";"161 718";"A01";"1";"10";"0";"1";"2";"1";"1";""
"202100022333";"161 717";"A01";"2";"7";"13";"0";"3";"1";"1";""
"202100022334";"161 715";"A01";"2";"7";"0";"9";"1";"9";"2";""
"202100022334";"161 716";"B01";"2";"1";"0";"0";"7";"2";"5";""
"202100022335";"161 714";"A01";"2";"7";"2";"0";"2";"1";"1";""
"202100022336";"161 713";"A01";"2";"7";"2";"0";"9";"14";"1";""
"202100022337";"161 711";"B01";"1";"7";"0";"2";"3";"13";"1";""
"202100022337";"161 712";"A01";"2";"7";"0";"2";"1";"2";"1";""
"202100022338";"161 710";"A01";"2";"2";"8";"0";"1";"1";"1";""
"202100022339";"161 709";"A01";"1";"33";"2";"0";"0";"1";"1";""
"202100022340";"161 708";"A01";"1";"7";"0";"1";"3";"1";"1";""
"202100022341";"161 707";"A01";"1";"7";"0";"0";"0";"1";"1";""
"202100022342";"161 705";"A01";"1";"7";"0";"2";"1";"1";"1";""
"202100022342";"161 706";"B01";"1";"7";"0";"2";"1";"0";"1";""
"202100022343";"161 704";"A01";"2";"7";"6";"0";"0";"0";"1";""
"202100022344";"161 703";"A01";"2";"33";"12";"0";"1";"1";"1";""
"202100022345";"161 702";"A01";"2";"7";"3";"0";"8";"26";"1";""
"202100022346";"161 701";"A01";"3";"34";"0";"0";"0";"1";"1";""
"202100022347";"161 699";"B01";"2";"7";"0";"2";"3";"1";"1";""
"202100022347";"161 700";"A01";"1";"7";"0";"2";"3";"1";"1";""
"202100022348";"161 698";"A01";"1";"7";"14";"0";"3";"1";"1";""
"202100022349";"161 696";"A01";"2";"10";"0";"2";"1";"19";"1";""
"202100022349";"161 697";"B01";"2";"33";"0";"0";"7";"1";"1";""
"202100022350";"161 694";"A01";"2";"7";"0";"2";"1";"17";"1";""
"202100022350";"161 695";"B01";"1";"1";"0";"2";"1";"1";"5";""
"202100022351";"161 693";"A01";"0";"7";"0";"0";"1";"1";"1";""
"202100022352";"161 692";"A01";"2";"33";"13";"0";"1";"1";"1";""
"202100022353";"161 691";"A01";"2";"32";"7";"0";"1";"2";"1";""
"202100022354";"161 690";"A01";"3";"7";"0";"0";"0";"1";"0";""
"202100022355";"161 688";"A01";"1";"7";"0";"2";"1";"1";"1";""
"202100022355";"161 689";"B01";"2";"7";"0";"2";"1";"13";"1";""
"202100022356";"161 683";"A01";"1";"17";"0";"2";"2";"17";"1";""
"202100022356";"161 684";"B01";"1";"17";"0";"2";"6";"1";"1";""
"202100022356";"161 685";"C01";"2";"7";"0";"2";"8";"1";"1";""
"202100022356";"161 686";"D01";"1";"7";"0";"2";"2";"1";"1";""
"202100022356";"161 687";"E01";"2";"7";"0";"0";"0";"1";"1";""
"202100022357";"161 682";"A01";"1";"7";"13";"0";"1";"1";"1";""
"202100022358";"161 681";"A01";"0";"7";"0";"1";"1";"1";"0";""
"202100022359";"161 680";"A01";"3";"7";"15";"0";"1";"0";"1";""
"202100022360";"161 679";"A01";"1";"33";"0";"0";"7";"1";"1";""
"202100022361";"161 678";"A01";"1";"21";"0";"0";"0";"1";"1";""
"202100022362";"161 676";"A01";"3";"7";"0";"2";"1";"15";"1";""
"202100022362";"161 677";"B01";"1";"33";"10";"2";"7";"21";"1";""
"202100022363";"161 674";"B01";"3";"2";"0";"2";"1";"13";"1";""
"202100022363";"161 675";"A01";"3";"7";"0";"0";"5";"1";"1";""
"202100022364";"161 671";"B01";"2";"7";"0";"2";"2";"1";"2";""
"202100022364";"161 672";"C01";"2";"7";"0";"2";"8";"1";"1";""
"202100022364";"161 673";"A01";"1";"7";"0";"2";"1";"13";"1";""
"202100022365";"161 670";"A01";"1";"7";"2";"0";"7";"0";"1";""
"202100022366";"161 668";"B01";"2";"33";"0";"0";"8";"1";"1";""
"202100022366";"161 669";"A01";"2";"7";"0";"2";"5";"14";"1";""
"202100022367";"161 667";"A01";"1";"33";"4";"0";"3";"1";"1";""
"202100022368";"161 665";"B01";"1";"38";"0";"2";"3";"1";"1";"3"
"202100022368";"161 666";"A01";"2";"7";"0";"2";"3";"13";"1";""
"202100022369";"161 664";"A01";"1";"7";"8";"0";"1";"13";"1";""
"202100022370";"161 663";"A01";"2";"33";"0";"1";"1";"1";"1";""
"202100022371";"161 660";"C01";"2";"1";"0";"0";"4";"2";"5";""
"202100022371";"161 661";"A01";"2";"10";"0";"0";"2";"1";"1";""
"202100022371";"161 662";"B01";"2";"1";"0";"0";"4";"2";"5";""
"202100022372";"161 658";"B01";"1";"32";"0";"2";"1";"18";"1";""
"202100022372";"161 659";"A01";"1";"7";"0";"2";"2";"16";"1";""
"202100022373";"161 656";"B01";"1";"7";"0";"2";"1";"0";"0";""
"202100022373";"161 657";"A01";"1";"2";"0";"2";"0";"0";"0";""
"202100022374";"161 654";"A01";"1";"7";"0";"0";"4";"23";"1";""
"202100022374";"161 655";"B01";"1";"7";"14";"2";"1";"1";"1";""
"202100022375";"161 653";"A01";"1";"33";"0";"0";"7";"1";"1";""
"202100022376";"161 651";"B01";"2";"7";"0";"2";"1";"2";"1";""
"202100022376";"161 652";"A01";"0";"7";"0";"2";"8";"2";"1";""
"202100022377";"161 650";"A01";"2";"33";"16";"0";"0";"1";"1";""
"202100022378";"161 649";"A01";"3";"33";"13";"0";"1";"0";"1";""
"202100022379";"161 647";"B01";"1";"7";"0";"2";"1";"1";"1";""
"202100022379";"161 648";"A01";"2";"2";"0";"2";"1";"17";"1";""
"202100022380";"161 645";"B01";"2";"33";"0";"2";"1";"1";"1";""
"202100022380";"161 646";"A01";"3";"7";"0";"2";"8";"19";"1";""
"202100022381";"161 643";"B01";"1";"7";"0";"0";"2";"1";"1";""
"202100022381";"161 644";"A01";"1";"2";"0";"2";"1";"19";"1";""
"202100022382";"161 641";"A01";"1";"32";"0";"2";"1";"2";"1";""
"202100022382";"161 642";"B01";"1";"7";"0";"0";"4";"2";"1";""
"202100022383";"161 639";"B01";"2";"33";"0";"2";"1";"1";"1";""
"202100022383";"161 640";"A01";"1";"7";"0";"2";"2";"15";"1";""
"202100022384";"161 637";"B01";"1";"7";"0";"0";"3";"1";"1";""
"202100022384";"161 638";"A01";"2";"7";"0";"0";"1";"11";"1";""
"202100022385";"161 636";"A01";"2";"7";"0";"0";"0";"26";"1";""
"202100022386";"161 635";"A01";"1";"7";"13";"0";"9";"1";"1";""
"202100022387";"161 634";"A01";"1";"7";"3";"0";"7";"1";"1";""
"202100022388";"161 633";"A01";"1";"7";"0";"1";"2";"16";"1";""
"202100022389";"161 631";"B01";"1";"7";"0";"2";"4";"0";"1";""
"202100022389";"161 632";"A01";"1";"7";"0";"2";"1";"2";"1";""
"202100022390";"161 630";"A01";"3";"7";"14";"0";"9";"26";"1";""
"202100022391";"161 628";"A01";"2";"7";"0";"2";"1";"2";"1";""
"202100022391";"161 629";"B01";"2";"7";"0";"2";"4";"2";"1";""
"202100022392";"161 626";"A01";"2";"7";"0";"2";"1";"26";"1";""
"202100022392";"161 627";"B01";"2";"7";"0";"2";"4";"26";"1";""
"202100022393";"161 625";"A01";"2";"33";"3";"0";"0";"1";"1";""
"202100022394";"161 622";"A01";"1";"13";"0";"2";"1";"1";"1";""
"202100022394";"161 623";"B01";"1";"7";"0";"2";"7";"1";"1";""
"202100022394";"161 624";"C01";"1";"14";"0";"2";"4";"1";"1";""
"202100022395";"161 619";"C01";"1";"7";"0";"2";"7";"1";"1";""
"202100022395";"161 620";"B01";"1";"7";"0";"2";"1";"3";"1";""
"202100022395";"161 621";"A01";"1";"31";"0";"2";"1";"3";"1";""
"202100022396";"161 617";"A01";"1";"10";"0";"2";"1";"1";"1";""
"202100022396";"161 618";"B01";"1";"10";"0";"2";"4";"1";"1";""
"202100022397";"161 613";"B01";"2";"7";"0";"2";"3";"15";"1";""
"202100022397";"161 614";"A01";"2";"1";"0";"2";"2";"17";"5";""
"202100022398";"161 611";"A01";"1";"7";"0";"2";"3";"1";"1";""
"202100022398";"161 612";"B01";"1";"30";"0";"2";"1";"17";"1";""
"202100022399";"161 609";"B01";"1";"7";"0";"2";"3";"0";"1";""
"202100022399";"161 610";"A01";"2";"30";"0";"2";" -1";"19";"0";""
"202100022400";"161 607";"A01";"2";"7";"0";"2";"3";"15";"1";""
"202100022400";"161 608";"B01";"2";"33";"0";"2";"1";"1";"1";""
"202100022401";"161 605";"A01";"1";"10";"0";"2";"2";"16";"1";""
"202100022401";"161 606";"B01";"1";"33";"0";"2";"3";"1";"1";""
"202100022402";"161 601";"B01";"1";"7";"1";"2";"4";"0";"1";""
"202100022402";"161 602";"A01";"1";"7";"1";"2";"1";"14";"1";""
"202100022403";"161 599";"A01";"2";"7";"0";"2";"3";"11";"1";""
"202100022403";"161 600";"B01";"2";"7";"0";"2";"5";"23";"1";""
"202100022404";"161 597";"A01";"3";"7";"0";"2";"3";"15";"1";""
"202100022404";"161 598";"B01";"3";"33";"0";"2";"9";"1";"1";""
"202100022405";"161 595";"B01";"3";"7";"0";"2";"1";"1";"1";""
"202100022405";"161 596";"A01";"3";"7";"0";"2";"7";"15";"1";""
"202100022406";"161 594";"A01";"3";"7";"14";"0";"3";"14";"1";""
"202100022407";"161 592";"A01";"1";"30";"1";"0";"1";"1";"1";""
"202100022407";"161 593";"B01";"1";"7";"0";"2";"4";"23";"1";""
"202100022408";"161 590";"B01";"3";"33";"0";"2";"1";"1";"1";""
"202100022408";"161 591";"A01";"3";"7";"0";"2";"3";"19";"1";""
"202100022409";"161 587";"A01";"2";"7";"0";"1";"1";"15";"1";""
"202100022410";"161 586";"A01";"0";"30";"8";"0";"0";"1";"1";""
"202100022411";"161 583";"B01";"0";"7";"0";"2";"8";"1";"1";""
"202100022411";"161 584";"C01";"0";"7";"0";"2";"8";"1";"1";""
"202100022411";"161 585";"A01";"0";"7";"0";"2";"1";"1";"1";""
"202100022412";"161 579";"B01";"2";"7";"0";"2";"4";"1";"1";""
"202100022412";"161 580";"A01";"2";"7";"0";"2";"1";"2";"0";""
"202100022413";"161 577";"A01";"0";"7";"0";"2";"2";"15";"1";""
"202100022413";"161 578";"B01";"0";"33";"0";"2";"1";"1";"1";""
"202100022414";"161 575";"B01";"0";"7";"0";"2";"8";"0";"1";""
"202100022414";"161 576";"A01";"0";"7";"0";"2";"1";"1";"1";""
"202100022415";"161 573";"B01";"1";"7";"0";"2";"3";"0";"1";""
"202100022415";"161 574";"A01";"0";"10";"0";"2";"4";"1";"1";""
"202100022416";"161 570";"A01";"1";"10";"0";"2";"2";"26";"1";""
"202100022416";"161 571";"B01";"2";"1";"0";"2";"0";"1";"5";""
"202100022417";"161 568";"A01";"1";"7";"0";"2";"4";"23";"1";""
"202100022417";"161 569";"B01";"1";"7";"0";"2";"1";"2";"1";""
"202100022418";"161 566";"B01";"2";"7";"0";"2";"2";"16";"1";""
"202100022418";"161 567";"A01";"1";"50";"0";"2";"1";"25";"3";""
"202100022419";"161 564";"B01";"2";"7";"14";"2";"7";"16";"1";""
"202100022419";"161 565";"A01";"2";"7";"1";"2";"1";"1";"1";""
"202100022420";"161 562";"B01";"2";"1";"0";"2";"7";"1";"5";""
"202100022420";"161 563";"A01";"1";"7";"0";"2";"1";"15";"1";""
"202100022421";"161 561";"A01";"2";"10";"15";"0";"1";"14";"1";""
"202100022422";"161 560";"A01";"1";"31";"0";"0";"0";"26";"1";""
"202100022423";"161 558";"B01";"1";"7";"0";"2";"8";"15";"1";""
"202100022423";"161 559";"A01";"1";"30";"0";"2";"1";"17";"1";""
"202100022424";"161 555";"C01";"2";"7";"0";"2";"4";"23";"1";""
"202100022424";"161 556";"B01";"2";"7";"0";"2";"4";"23";"1";""
"202100022424";"161 557";"A01";"2";"7";"0";"2";"1";"1";"1";""
"202100022425";"161 553";"A01";"2";"60";"0";"2";"1";"1";"5";""
"202100022425";"161 554";"B01";"3";"7";"0";"2";"1";"19";"1";""
"202100022426";"161 551";"B01";"1";"33";"0";"2";"1";"1";"1";""
"202100022426";"161 552";"A01";"1";"7";"0";"2";"3";"19";"1";""
"202100022427";"161 549";"B01";"1";"31";"0";"2";"1";"2";"1";""
"202100022427";"161 550";"A01";"1";"7";"0";"2";"4";"23";"1";""
"202100022428";"161 548";"A01";"1";"7";"0";"1";"1";"16";"1";""
"202100022429";"161 547";"A01";"1";"33";"0";"5";"1";"1";"1";""
"202100022430";"161 545";"A01";"1";"7";"0";"2";"3";"1";"1";""
"202100022430";"161 546";"B01";"2";"7";"0";"2";"3";"19";"1";""
"202100022431";"161 543";"B01";"1";"30";"0";"2";"3";"1";"1";""
"202100022431";"161 544";"A01";"1";"7";"0";"2";"2";"16";"1";""
"202100022432";"161 541";"B01";"2";"7";"0";"2";"2";"14";"1";""
"202100022432";"161 542";"A01";"1";"30";"0";"2";"6";"9";"1";""
"202100022433";"161 539";"B01";"3";"7";"0";"9";"2";"9";"1";""
"202100022433";"161 540";"A01";"3";"50";"0";"2";"1";"5";"3";""
"202100022434";"161 538";"A01";"1";"7";"0";"1";"2";"26";"1";""
"202100022435";"161 537";"A01";"1";"2";"0";"0";"7";"26";"1";""
"202100022436";"161 536";"A01";"2";"7";"0";"1";"5";"26";"1";""
"202100022437";"161 533";"C01";"2";"7";"0";"2";"4";"2";"1";""
"202100022437";"161 534";"B01";"2";"7";"0";"2";"4";"2";"1";""
"202100022437";"161 535";"A01";"2";"7";"0";"2";"1";"2";"1";""
"202100022438";"161 530";"C01";"2";"7";"0";"2";"4";"2";"1";""
"202100022438";"161 531";"B01";"2";"7";"0";"2";"4";"2";"1";""
"202100022438";"161 532";"A01";"2";"15";"0";"2";"1";"2";"1";""
"202100022439";"161 528";"Z01";"1";"7";"0";"2";"2";"0";"1";""
"202100022439";"161 529";"B01";"1";"1";"0";"2";"4";"1";"5";""
"202100022440";"161 527";"A01";"3";"7";"2";"0";"8";"13";"1";""
"202100022441";"161 524";"A01";"1";"7";"0";"2";"8";"24";"1";""
"202100022441";"161 525";"B01";"1";"1";"1";"0";"1";"1";"5";""
"202100022442";"161 522";"A01";"1";"7";"0";"2";"1";"2";"1";""
"202100022442";"161 523";"B01";"1";"7";"0";"2";"4";"1";"1";""
"202100022443";"161 520";"A01";"0";"7";"0";"2";"5";"16";"1";""
"202100022443";"161 521";"B01";"3";"7";"4";"2";"1";"12";"1";""
"202100022444";"161 518";"Z01";"0";"7";"0";"0";"0";"0";"0";""
"202100022444";"161 519";"B01";"2";"31";"0";"2";"2";"0";"0";""
"202100022445";"161 516";"B01";"1";"30";"0";"2";"1";"1";"1";""
"202100022445";"161 517";"Z01";"2";"7";"0";"2";"0";"15";"1";""
"202100022446";"161 514";"B01";"2";"7";"0";"2";"1";"1";"1";""
"202100022446";"161 515";"A01";"1";"33";"0";"2";"1";"1";"1";""
"202100022447";"161 513";"A01";"3";"38";"6";"0";"1";"1";"1";"1"
"202100022448";"161 511";"B01";"2";"32";"0";"2";"8";"1";"3";""
"202100022448";"161 512";"A01";"2";"7";"0";"2";"4";"15";"1";""
"202100022449";"161 510";"A01";"1";"33";"0";"1";"1";"1";"1";""
"202100022450";"161 509";"A01";"1";"7";"3";"0";"0";"16";"1";""
"202100022451";"161 507";"Z01";"3";"7";"0";"2";"1";"26";"1";""
"202100022451";"161 508";"A01";"3";"1";"0";"2";"0";"0";"5";""
"202100022452";"161 505";"B01";"1";"33";"0";"0";"0";"0";"0";""
"202100022452";"161 506";"A01";"1";"99";"0";"2";"3";"26";"1";""
"202100022453";"161 503";"B01";"1";"43";"0";"2";"1";"1";"1";""
"202100022453";"161 504";"A01";"1";"7";"0";"2";"5";"15";"1";""
"202100022454";"161 502";"AA01";"2";"7";"9";"0";"7";"14";"1";""
"202100022455";"161 500";"B01";"3";"50";"0";"2";"1";"1";"3";""
"202100022455";"161 501";"A01";"3";"7";"0";"2";"5";"16";"1";""
"202100022456";"161 496";"A01";"2";"30";"0";"0";"0";"1";"1";""
"202100022457";"161 494";"Z01";"2";"7";"0";"2";"0";"11";"1";""
"202100022457";"161 495";"B01";"2";"31";"0";"2";"2";"2";"1";""
"202100022458";"161 492";"B01";"0";"7";"0";"0";"0";"0";"1";""
"202100022458";"161 493";"A01";"1";"32";"0";"1";"1";"21";"1";""
"202100022459";"161 490";"A01";"3";"7";"0";"9";"1";"9";"1";""
"202100022459";"161 491";"B01";"2";"1";"0";"0";"0";"0";"5";""
"202100022460";"161 488";"A01";"3";"7";"0";"2";"1";"19";"1";""
"202100022460";"161 489";"B01";"1";"10";"0";"2";"5";"19";"1";""
"202100022461";"161 486";"B01";"3";"37";"0";"2";"7";"19";"1";"1"
"202100022461";"161 487";"A01";"2";"32";"0";"2";"1";"1";"1";""
"202100022462";"161 485";"A01";"1";"10";"0";"1";"1";"1";"1";""
"202100022463";"161 482";"C01";"1";"7";"0";"2";"1";"1";"1";""
"202100022463";"161 483";"B01";"1";"7";"0";"2";"1";"1";"1";""
"202100022463";"161 484";"A01";"1";"7";"0";"5";"4";"1";"1";""
"202100022464";"161 480";"B01";"1";"7";"0";"2";"4";"2";"1";""
"202100022464";"161 481";"A01";"1";"7";"0";"2";"1";"2";"1";""
"202100022465";"161 478";"B01";"2";"33";"2";"2";"1";"17";"1";""
"202100022465";"161 479";"A01";"2";"1";"0";"2";"8";"15";"6";""
"202100022466";"161 476";"B01";"2";"7";"0";"2";"8";"26";"1";""
"202100022466";"161 477";"A01";"2";"7";"0";"2";"7";"26";"1";""
"202100022467";"161 474";"B01";"2";"7";"0";"2";"5";"12";"1";""
"202100022467";"161 475";"A01";"2";"43";"0";"2";"1";"3";"1";""
"202100022468";"161 472";"A01";"1";"7";"0";"2";"2";"12";"1";""
"202100022468";"161 473";"B01";"1";"31";"5";"2";"6";"1";"1";""
"202100022469";"161 469";"A01";"2";"10";"0";"2";"3";"2";"1";""
"202100022469";"161 470";"C01";"2";"32";"0";"2";"1";"2";"1";""
"202100022469";"161 471";"B01";"2";"7";"0";"2";"5";"2";"1";""
"202100022470";"161 467";"B01";"2";"7";"0";"2";"4";"2";"1";""
"202100022470";"161 468";"A01";"2";"7";"0";"2";"1";"2";"1";""
"202100022471";"161 465";"B01";"2";"31";"0";"2";"5";"1";"1";""
"202100022471";"161 466";"A01";"1";"43";"0";"2";"1";"1";"1";""
"202100022472";"161 464";"A01";"1";"50";"14";"0";"1";"13";"3";""
"202100022473";"161 463";"A01";"2";"1";"0";"1";"3";"1";"5";""
"202100022474";"161 461";"B01";"2";"33";"0";"2";"2";"1";"1";""
"202100022474";"161 462";"A01";"2";"7";"0";"2";"6";"15";"1";""
"202100022475";"161 460";"A01";"1";"30";"0";"0";"8";"26";"1";""
"202100022476";"161 458";"B01";"1";"1";"0";"2";"1";"1";"5";""
"202100022476";"161 459";"A01";"1";"15";"0";"2";"7";"16";"1";""
"202100022477";"161 456";"A01";"1";"7";"0";"2";"2";"11";"1";""
"202100022477";"161 457";"B01";"2";"10";"0";"2";"1";"1";"1";""
"202100022478";"161 453";"C01";"2";"7";"0";"2";"0";"1";"1";""
"202100022478";"161 454";"B01";"2";"7";"0";"2";"1";"1";"1";""
"202100022478";"161 455";"A01";"1";"30";"0";"2";"8";"3";"1";""
"202100022479";"161 452";"A01";"3";"7";"8";"0";"1";"0";"1";""
"202100022480";"161 450";"A01";"1";"2";"0";"2";"4";"2";"3";""
"202100022480";"161 451";"Z01";"1";"10";"0";"2";"1";"2";"1";""
"202100022481";"161 448";"A01";"1";"7";"1";"0";"0";"0";"0";""
"202100022481";"161 449";"B01";"1";"1";"1";"0";"0";"0";"0";""
"202100022482";"161 446";"B01";"3";"13";"0";"2";"0";"0";"1";""
"202100022482";"161 447";"A01";"3";"7";"1";"2";"0";"9";"1";""
"202100022483";"161 444";"A01";"2";"33";"0";"2";"1";"15";"1";""
"202100022483";"161 445";"B01";"0";"7";"0";"2";"3";"15";"1";""
"202100022484";"161 441";"A01";"3";"10";"1";"0";"1";"1";"1";""
"202100022485";"161 439";"A01";"1";"7";"0";"2";"1";"15";"1";""
"202100022485";"161 440";"B01";"1";"30";"0";"2";"1";"1";"1";""
"202100022486";"161 437";"B01";"2";"1";"0";"2";"8";"1";"5";""
"202100022486";"161 438";"A01";"2";"10";"0";"2";"2";"17";"1";""
"202100022487";"161 435";"B01";"2";"15";"0";"2";"2";"1";"0";""
"202100022487";"161 436";"A01";"2";"7";"0";"2";"6";"11";"1";""
"202100022488";"161 432";"A01";"2";"7";"8";"2";"1";"17";"1";""
"202100022488";"161 433";"B01";"2";"3";"0";"2";"3";"15";"1";""
"202100022489";"161 431";"A01";"3";"31";"8";"0";"7";"1";"1";""
"202100022490";"161 429";"A01";"1";"7";"5";"2";"6";"1";"1";""
"202100022490";"161 430";"B01";"1";"7";"0";"2";"2";"1";"1";""