"Num_Acc";"id_vehicule";"num_veh";"senc";"catv";"obs";"obsm";"choc";"manv";"motor";"occutc"
"202100022491";"161 428";"A01";"1";"7";"4";"0";"1";"1";"1";""
"202100022492";"161 426";"B01";"1";"33";"0";"2";"1";"17";"1";""
"202100022492";"161 427";"A01";"1";"7";"0";"2";"6";"15";"1";""
"202100022493";"161 425";"A01";"1";"7";"5";"0";"1";"14";"1";""
"202100022494";"161 423";"A01";"2";"7";"0";"2";"7";"15";"1";""
"202100022494";"161 424";"B01";"1";"33";"0";"2";"1";"1";"1";""
"202100022495";"161 421";"B01";"1";"7";"0";"0";"6";"26";"1";""
"202100022495";"161 422";"A01";"1";"7";"0";"2";"2";"13";"1";""
"202100022496";"161 419";"A01";"2";"7";"0";"2";"3";"15";"1";""
"202100022496";"161 420";"B01";"2";"33";"0";"2";"2";"17";"1";""
"202100022497";"161 416";"C01";"1";"7";"0";"9";"2";"26";"1";""
"202100022497";"161 417";"B01";"1";"1";"0";"2";"3";"1";"5";""
"202100022497";"161 418";"A01";"1";"7";"0";"2";"2";"15";"1";""
"202100022498";"161 414";"B01";"1";"7";"0";"2";"3";"15";"1";""
"202100022498";"161 415";"A01";"1";"33";"0";"2";"1";"17";"1";""
"202100022499";"161 413";"A01";"1";"7";"13";"0";"1";"1";"1";""
"202100022500";"161 411";"B01";"3";"2";"0";"2";"1";"1";"1";""
"202100022500";"161 412";"A01";"3";"7";"0";"2";"3";"1";"1";""
"202100022501";"161 410";"A01";"2";"7";"2";"0";"3";"0";"1";""
"202100022502";"161 407";"C01";"1";"7";"4";"0";"2";"1";"1";""
"202100022502";"161 408";"B01";"2";"7";"0";"2";"3";"1";"1";""
"202100022502";"161 409";"A01";"1";"33";"0";"2";"1";"17";"1";""
"202100022503";"161 405";"B01";"0";"7";"0";"2";"3";"15";"1";""
"202100022503";"161 406";"A01";"1";"33";"0";"2";"1";"1";"1";""
"202100022504";"161 404";"A01";"1";"33";"0";"0";"0";"1";"1";""
"202100022505";"161 403";"A01";"3";"7";"0";"1";"1";"15";"1";""
"202100022506";"161 400";"B01";"1";"10";"0";"2";"3";"1";"1";""
"202100022506";"161 401";"C01";"2";"15";"0";"2";"6";"1";"1";""
"202100022506";"161 402";"A01";"2";"7";"0";"2";"1";"17";"1";""
"202100022507";"161 399";"A01";"1";"7";"9";"0";"9";"1";"1";""
"202100022508";"161 396";"A01";"1";"7";"0";"2";"8";"9";"1";""
"202100022508";"161 397";"B01";"2";"15";"0";"2";"1";"1";"1";""
"202100022509";"161 394";"A01";"2";"7";"0";"2";"3";"1";"1";""
"202100022509";"161 395";"B01";"1";"33";"0";"2";"1";"13";"1";""
"202100022510";"161 392";"A01";"3";"2";"0";"2";"1";"13";"1";""
"202100022510";"161 393";"B01";"3";"7";"0";"2";"2";"1";"1";""
"202100022511";"161 390";"B01";"2";"33";"0";"2";"2";"1";"1";""
"202100022511";"161 391";"A01";"1";"10";"0";"2";"1";"9";"1";""
"202100022512";"161 389";"A01";"2";"2";"12";"0";"0";"14";"1";""
"202100022513";"161 388";"A01";"3";"36";"12";"0";"1";"1";"1";""
"202100022514";"161 387";"A01";"2";"2";"8";"0";"7";"0";"1";""
"202100022515";"161 385";"A01";"1";"33";"0";"0";"8";"1";"1";""
"202100022515";"161 386";"B01";"2";"7";"0";"2";"1";"1";"1";""
"202100022516";"161 383";"B01";"0";"7";"0";"2";"4";"2";"1";""
"202100022516";"161 384";"A01";"0";"7";"0";"2";"1";"2";"1";""
"202100022517";"161 381";"A01";"1";"1";"0";"0";"4";"2";"5";""
"202100022517";"161 382";"B01";"1";"1";"0";"2";"1";"2";"5";""
"202100022518";"161 379";"A01";"2";"33";"0";"2";"1";"1";"1";""
"202100022518";"161 380";"B01";"2";"7";"0";"2";"2";"15";"1";""
"202100022519";"161 377";"B01";"2";"33";"0";"2";"1";"1";"1";""
"202100022519";"161 378";"A01";"1";"7";"0";"2";"7";"15";"1";""
"202100022520";"161 375";"A01";"2";"7";"0";"1";"2";"1";"1";""
"202100022520";"161 376";"B01";"1";"80";"0";"2";"1";"24";"3";""
"202100022521";"161 374";"A01";"3";"3";"6";"0";"1";"0";"1";""
"202100022522";"161 372";"B01";"1";"7";"0";"2";"7";"19";"1";""
"202100022522";"161 373";"A01";"2";"33";"0";"2";"1";"1";"1";""
"202100022523";"161 370";"B01";"1";"7";"0";"2";"1";"26";"1";""
"202100022523";"161 371";"A01";"2";"7";"0";"0";"2";"1";"1";""
"202100022524";"161 368";"B01";"2";"1";"0";"2";"3";"1";"5";""
"202100022524";"161 369";"A01";"2";"13";"0";"2";"5";"17";"0";""
"202100022525";"161 367";"A01";"2";"33";"13";"0";"1";"1";"1";""
"202100022526";"161 366";"A01";"1";"30";"13";"0";"7";"1";"1";""
"202100022527";"161 364";"A01";"3";"14";"0";"2";"3";"1";"1";""
"202100022527";"161 365";"B01";"3";"1";"0";"2";"8";"15";"5";""
"202100022528";"161 361";"C01";"2";"1";"0";"2";"1";"1";"5";""
"202100022528";"161 362";"B01";"2";"50";"0";"2";"1";"1";"3";""
"202100022528";"161 363";"A01";"1";"2";"0";"2";"1";"1";"1";""
"202100022529";"161 359";"A01";"1";"2";"0";"2";"7";"15";"1";""
"202100022529";"161 360";"B01";"2";"7";"0";"2";"2";"1";"1";""
"202100022530";"161 358";"A01";"0";"33";"0";"6";"1";"1";"1";""
"202100022531";"161 356";"B01";"2";"33";"0";"2";"1";"1";"1";""
"202100022531";"161 357";"A01";"1";"7";"0";"2";"2";"15";"1";""
"202100022532";"161 354";"A01";"2";"1";"0";"2";"3";"13";"5";""
"202100022532";"161 355";"B01";"1";"99";"0";"2";"6";"1";"1";""
"202100022533";"161 353";"A01";"1";"10";"8";"0";"1";"14";"1";""
"202100022534";"161 352";"A01";"1";"7";"15";"0";"1";"2";"1";""
"202100022535";"161 350";"B01";"3";"10";"0";"2";"2";"1";"1";""
"202100022535";"161 351";"A01";"3";"1";"0";"2";"1";"19";"5";""
"202100022536";"161 346";"B01";"1";"33";"0";"2";"1";"1";"1";""
"202100022536";"161 347";"A01";"1";"7";"0";"0";"4";"9";"1";""
"202100022537";"161 345";"A01";"1";"33";"13";"0";"1";"1";"1";""
"202100022538";"161 343";"B01";"1";"7";"0";"2";"1";"1";"1";""
"202100022538";"161 344";"A01";"2";"7";"0";"2";"1";"13";"1";""
"202100022539";"161 342";"A01";"2";"17";"4";"0";"3";"1";"1";""
"202100022540";"161 338";"B01";"2";"7";"0";"2";"1";"2";"1";""
"202100022540";"161 339";"A01";"2";"7";"0";"0";"4";"2";"1";""
"202100022540";"161 340";"C01";"2";"7";"0";"2";"1";"2";"1";""
"202100022540";"161 341";"D01";"2";"7";"0";"2";"1";"2";"1";""
"202100022541";"161 336";"B01";"3";"7";"0";"2";"2";"12";"1";""
"202100022541";"161 337";"A01";"3";"33";"0";"2";"6";"11";"1";""
"202100022542";"161 335";"A01";"1";"7";"4";"9";"1";"6";"1";""
"202100022543";"161 333";"A01";"3";"7";"0";"2";"2";"1";"1";""
"202100022543";"161 334";"B01";"3";"10";"0";"2";"5";"15";"1";""
"202100022544";"161 332";"A01";"2";"7";"0";"1";"3";"1";"1";""
"202100022545";"161 330";"B01";"0";"7";"0";"2";"3";"15";"1";""
"202100022545";"161 331";"A01";"1";"7";"0";"2";"1";"16";"1";""
"202100022546";"161 329";"A01";"0";"2";"0";"0";"8";"0";"1";""
"202100022547";"161 325";"D01";"2";"7";"0";"2";"1";"1";"1";""
"202100022547";"161 326";"C01";"1";"1";"0";"2";"1";"5";"5";""
"202100022547";"161 327";"A01";"1";"1";"0";"2";"1";"13";"5";""
"202100022547";"161 328";"B01";"1";"1";"0";"2";"1";"13";"5";""
"202100022548";"161 323";"B01";"2";"1";"0";"2";"1";"9";"5";""
"202100022548";"161 324";"A01";"1";"7";"0";"9";"8";"9";"1";""
"202100022549";"161 321";"B01";"0";"7";"0";"2";"3";"19";"6";""
"202100022549";"161 322";"A01";"0";"7";"0";"9";"2";"21";"6";""
"202100022550";"161 319";"A01";"1";"7";"0";"2";"3";"15";"1";""
"202100022550";"161 320";"B01";"1";"7";"0";"2";"2";"1";"1";""
"202100022551";"161 317";"B01";"2";"33";"0";"2";"2";"17";"1";""
"202100022551";"161 318";"A01";"2";"7";"0";"0";"6";"15";"1";""
"202100022552";"161 315";"A01";"1";"7";"0";"2";"1";"10";"1";""
"202100022552";"161 316";"B01";"2";"33";"15";"2";"1";"1";"1";""
"202100022553";"161 314";"A01";"0";"7";"6";"0";"1";"0";"1";""
"202100022554";"161 313";"A01";"2";"7";"0";"1";"8";"1";"1";""
"202100022555";"161 311";"B01";"2";"7";"0";"2";"3";"0";"1";""
"202100022555";"161 312";"A01";"1";"33";"0";"2";"1";"5";"1";""
"202100022556";"161 310";"A01";"3";"1";"0";"0";"0";"0";"5";""
"202100022557";"161 309";"A01";"1";"7";"2";"0";"1";"1";"1";""
"202100022558";"161 306";"A01";"1";"7";"0";"2";"2";"1";"1";""
"202100022558";"161 307";"B01";"1";"33";"0";"2";"1";"19";"1";""
"202100022559";"161 304";"A01";"2";"7";"0";"2";"2";"15";"1";""
"202100022559";"161 305";"B01";"1";"1";"0";"2";"0";"2";"5";""
"202100022560";"161 302";"B01";"2";"33";"0";"2";"3";"1";"1";""
"202100022560";"161 303";"A01";"1";"10";"0";"2";"3";"15";"1";""
"202100022561";"161 301";"A01";"1";"33";"0";"0";"7";"1";"1";""
"202100022562";"161 299";"B01";"1";"7";"0";"0";"2";"1";"1";""
"202100022562";"161 300";"A01";"2";"7";"0";"2";"2";"19";"1";""
"202100022563";"161 296";"B01";"2";"7";"0";"2";"1";"1";"1";""
"202100022563";"161 297";"C01";"2";"10";"0";"2";"8";"21";"1";""
"202100022563";"161 298";"A01";"1";"10";"0";"2";"1";"13";"1";""
"202100022564";"161 294";"B01";"2";"33";"0";"2";"1";"12";"1";""
"202100022564";"161 295";"A01";"2";"7";"0";"2";"6";"1";"1";""
"202100022565";"161 289";"D01";"2";"7";"14";"0";"0";"1";"1";""
"202100022565";"161 290";"E01";"2";"7";"14";"0";"1";"1";"1";""
"202100022565";"161 291";"C01";"2";"7";"0";"2";"1";"1";"1";""
"202100022565";"161 292";"B01";"2";"7";"0";"2";"1";"1";"1";""
"202100022565";"161 293";"A01";"2";"30";"0";"2";"9";"0";"1";""
"202100022566";"161 287";"A01";"2";"7";"0";"2";"6";"11";"1";""
"202100022566";"161 288";"B01";"2";"33";"0";"0";"5";"1";"1";""
"202100022567";"161 285";"A01";"1";"10";"0";"2";"1";"2";"1";""
"202100022567";"161 286";"B01";"1";"10";"0";"2";"4";"2";"1";""
"202100022568";"161 283";"A01";"2";"7";"0";"2";"1";"1";"1";""
"202100022568";"161 284";"B01";"2";"10";"0";"2";"5";"1";"1";""
"202100022569";"161 281";"A01";"2";"7";"0";"2";"7";"12";"0";""
"202100022569";"161 282";"B01";"2";"7";"0";"2";"1";"3";"0";""
"202100022570";"161 278";"C01";"2";"7";"0";"0";"4";"2";"1";""
"202100022570";"161 279";"B01";"2";"7";"0";"2";"1";"2";"2";""
"202100022570";"161 280";"A01";"2";"7";"0";"2";"1";"2";"1";""
"202100022571";"161 276";"A01";"1";"33";"0";"2";"2";"12";"1";""
"202100022571";"161 277";"B01";"1";"7";"0";"2";"6";"1";"1";""
"202100022572";"161 271";"D01";"1";"14";"0";"2";"1";"0";"1";""
"202100022572";"161 272";"C01";"1";"14";"0";"2";"1";"0";"1";""
"202100022572";"161 273";"A01";"1";"7";"1";"0";"3";"9";"1";""
"202100022572";"161 274";"B01";"1";"99";"0";"2";"4";"0";"1";""
"202100022572";"161 275";"Z01";"1";"20";"0";"2";"0";"0";"0";""
"202100022573";"161 270";"A01";"2";"7";"4";"0";"1";"1";"1";""
"202100022574";"161 268";"Z01";"1";"7";"0";"2";"8";"11";"0";""
"202100022574";"161 269";"A01";"1";"33";"0";"2";"7";"1";"1";""
"202100022575";"161 266";"A01";"2";"14";"0";"2";"2";"12";"1";""
"202100022575";"161 267";"B01";"2";"7";"0";"2";"8";"1";"1";""
"202100022576";"161 265";"A01";"2";"33";"3";"0";"8";"1";"1";""
"202100022577";"161 261";"B01";"1";"7";"0";"2";"8";"1";"1";""
"202100022577";"161 262";"D01";"1";"7";"0";"2";"6";"1";"1";""
"202100022577";"161 263";"A01";"1";"33";"0";"2";"1";"3";"1";""
"202100022577";"161 264";"C01";"1";"7";"0";"2";"7";"1";"1";""
"202100022578";"161 259";"B01";"1";"7";"0";"2";"6";"1";"1";""
"202100022578";"161 260";"A01";"1";"17";"0";"2";"2";"12";"1";""
"202100022579";"161 257";"B01";"1";"7";"0";"2";"4";"2";"1";""
"202100022579";"161 258";"A01";"1";"7";"0";"2";"1";"2";"1";""
"202100022580";"161 255";"A01";"1";"33";"0";"2";"8";"3";"1";""
"202100022580";"161 256";"B01";"1";"7";"0";"2";"7";"12";"1";""
"202100022581";"161 254";"A01";"2";"7";"0";"0";"0";"1";" -1";""
"202100022582";"161 253";"A01";"1";"7";"4";"0";"1";"17";"1";""
"202100022583";"161 252";"A01";"1";"33";"0";"2";"1";"20";"1";""
"202100022584";"161 250";"B01";"3";"7";"0";"2";"0";"0";"1";""
"202100022584";"161 251";"A01";"1";"33";"0";"2";"2";"1";"1";""
"202100022585";"161 248";"B01";"2";"32";"0";"2";"3";"1";"1";""
"202100022585";"161 249";"A01";"1";"33";"0";"2";"2";"15";"1";""
"202100022586";"161 246";"A01";"1";"7";"0";"2";"7";"13";"1";""
"202100022586";"161 247";"B01";"1";"7";"0";"2";"3";"0";"0";""
"202100022587";"161 244";"A01";"2";"7";"0";"2";"1";"15";"1";""
"202100022587";"161 245";"B01";"1";"2";"0";"2";"1";"1";"1";""
"202100022588";"161 240";"D01";"3";"7";"1";"2";"4";"0";"1";""
"202100022588";"161 241";"A01";"1";"7";"0";"2";"1";"18";"1";""
"202100022588";"161 242";"B01";"1";"7";"0";"2";"3";"9";"1";""
"202100022588";"161 243";"C01";"3";"7";"1";"2";"4";"0";"1";""
"202100022589";"161 238";"A01";"2";"7";"0";"2";"2";"2";"1";""
"202100022589";"161 239";"B01";"1";"50";"0";"2";"0";"11";"3";""
"202100022590";"161 237";"A01";"2";"50";"0";"1";"1";"1";"3";""
"202100022591";"161 235";"A01";"0";"7";"0";"2";"1";"1";"1";""
"202100022591";"161 236";"B01";"0";"10";"0";"2";"7";"0";"1";""
"202100022592";"161 232";"C01";"1";"80";"0";"2";"7";"23";"3";""
"202100022592";"161 233";"B01";"2";"7";"0";"2";"4";"1";"2";""
"202100022592";"161 234";"A01";"1";"10";"0";"2";"3";"1";"1";""
"202100022593";"161 230";"B01";"1";"7";"0";"2";"2";"3";"1";""
"202100022593";"161 231";"A01";"1";"33";"0";"2";"6";"1";"1";""
"202100022594";"161 228";"B01";"0";"7";"0";"2";"0";"0";"1";""
"202100022594";"161 229";"A01";"0";"7";"0";"2";"1";"0";"1";""
"202100022595";"161 225";"C01";"1";"7";"0";"2";"1";"1";"1";""
"202100022595";"161 226";"A01";"1";"7";"0";"2";"6";"1";"1";""
"202100022595";"161 227";"B01";"1";"7";"0";"2";"1";"21";"1";""
"202100022596";"161 223";"B01";"2";"33";"0";"2";"1";"0";"0";""
"202100022596";"161 224";"A01";"1";"7";"0";"2";"5";"15";"1";""
"202100022597";"161 221";"B01";"2";"7";"0";"2";"1";"1";"1";""
"202100022597";"161 222";"A01";"2";"7";"0";"2";"3";"1";"1";""
"202100022598";"161 220";"A01";"2";"10";"0";"1";"5";"4";"1";""
"202100022599";"161 218";"A01";"1";"7";"0";"2";"3";"9";"1";""
"202100022599";"161 219";"B01";"1";"33";"0";"2";"1";"1";"1";""
"202100022600";"161 217";"A01";"1";"7";"0";"1";"1";"15";"1";""
"202100022601";"161 215";"D01";"1";"7";"0";"2";"1";"5";"0";""
"202100022601";"161 216";"A01";"1";"30";"0";"2";"1";"1";"1";""
"202100022602";"161 213";"B01";"2";"0";"0";"2";"8";"13";"0";""
"202100022602";"161 214";"A01";"1";"30";"0";"2";"8";"1";"1";""
"202100022603";"161 211";"B01";"1";"7";"0";"2";"6";"15";"1";""
"202100022603";"161 212";"A01";"1";"33";"0";"2";"1";"5";"1";""
"202100022604";"161 209";"B01";"0";"7";"0";"2";"3";"1";"1";""
"202100022604";"161 210";"A01";"3";"7";"0";"2";"3";"13";"1";""
"202100022605";"161 207";"B01";"0";"1";"0";"2";"2";"1";"0";""
"202100022605";"161 208";"A01";"0";"7";"0";"0";"0";"0";"0";""
"202100022606";"161 205";"B01";"2";"7";"0";"2";"4";"1";"1";""
"202100022606";"161 206";"A01";"2";"10";"0";"2";"1";"2";"1";""
"202100022607";"161 204";"A01";"1";"0";"0";"1";"1";"9";"0";""
"202100022608";"161 202";"B01";"2";"7";"0";"2";"2";"20";"1";""
"202100022608";"161 203";"A01";"1";"7";"0";"2";"2";"1";"1";""
"202100022609";"161 201";"A01";"1";"7";"0";"1";"1";"1";"1";""
"202100022610";"161 200";"A01";"1";"7";"0";"1";"1";"1";"1";""
"202100022611";"161 198";"A01";"2";"1";"0";"2";"7";"1";"5";""
"202100022611";"161 199";"B01";"2";"10";"0";"2";"1";"9";"1";""
"202100022612";"161 196";"Z01";"1";"7";"0";"2";"3";"1";"0";""
"202100022612";"161 197";"B01";"1";"2";"0";"2";"8";"1";"1";""
"202100022613";"161 195";"A01";"2";"32";"0";"0";"8";"1";"1";""
"202100022614";"161 192";"C01";"3";"7";"0";"2";"0";"21";"1";""
"202100022614";"161 193";"B01";"3";"7";"0";"2";"1";"21";"1";""
"202100022614";"161 194";"A01";"3";"7";"8";"2";"1";"13";"1";""
"202100022615";"161 191";"A01";"1";"33";"0";"0";"1";"19";"1";""
"202100022616";"161 189";"B01";"2";"7";"0";"2";"1";"1";"1";""
"202100022616";"161 190";"A01";"0";"7";"0";"2";"1";"1";"1";""
"202100022617";"161 187";"A01";"2";"7";"0";"2";"1";"1";"1";""
"202100022617";"161 188";"B01";"2";"2";"0";"2";"4";"1";"1";""
"202100022618";"161 185";"B01";"1";"7";"0";"2";"5";"16";"2";""
"202100022618";"161 186";"A01";"1";"7";"0";"2";"4";"21";"1";""
"202100022619";"161 183";"A01";"3";"7";"0";"2";"3";"5";"1";""
"202100022619";"161 184";"B01";"3";"7";"0";"2";"3";"5";"1";""
"202100022620";"161 181";"B01";"1";"7";"0";"2";"4";"2";"0";""
"202100022620";"161 182";"A01";"1";"7";"0";"2";"1";"2";"1";""
"202100022621";"161 179";"A01";"1";"10";"0";"2";"1";"1";"1";""
"202100022621";"161 180";"B01";"1";"7";"0";"2";"6";"1";"1";""
"202100022622";"161 178";"A01";"1";"10";"0";"1";"1";"15";"1";""
"202100022623";"161 176";"B01";"1";"33";"0";"2";"4";"2";"1";""
"202100022623";"161 177";"A01";"1";"7";"0";"2";"2";"2";"1";""
"202100022624";"161 175";"A01";"1";"50";"0";"9";"1";"26";"3";""
"202100022625";"161 173";"B01";"1";"7";"0";"2";"4";"1";"1";""
"202100022625";"161 174";"A01";"1";"7";"0";"2";"1";"2";"1";""
"202100022626";"161 171";"A01";"0";"7";"0";"2";"7";"26";"1";""
"202100022626";"161 172";"B01";"0";"7";"0";"2";"7";"0";"2";""
"202100022627";"161 169";"B01";"3";"3";"0";"2";"1";"13";"1";""
"202100022627";"161 170";"A01";"3";"7";"0";"2";"1";"1";"1";""
"202100022628";"161 168";"A01";"1";"31";"13";"0";"1";"1";"1";""
"202100022629";"161 167";"Z01";"3";"34";"0";"1";"1";"1";"1";""
"202100022630";"161 166";"A01";"3";"1";"0";"0";"8";"15";"5";""
"202100022631";"161 165";"A01";"3";"10";"0";"1";"4";"4";"1";""
"202100022632";"161 163";"A01";"2";"7";"0";"2";"5";"15";"1";""
"202100022632";"161 164";"B01";"1";"2";"0";"2";"1";"1";"1";""
"202100022633";"161 161";"A01";"0";"10";"0";"2";"1";"2";"1";""
"202100022633";"161 162";"B01";"0";"7";"0";"2";"4";"1";"1";""
"202100022634";"161 159";"B01";"1";"33";"0";"2";"3";"1";"1";""
"202100022634";"161 160";"A01";"1";"7";"0";"2";"2";"15";"1";""
"202100022635";"161 157";"A01";"2";"7";"7";"2";"1";"1";"1";""
"202100022635";"161 158";"B01";"1";"7";"0";"2";"7";"15";"1";""
"202100022636";"161 156";"A01";"1";"7";"2";"0";"1";"1";"1";""
"202100022637";"161 154";"B01";"2";"7";"0";"2";"2";"1";"1";""
"202100022637";"161 155";"A01";"2";"20";"0";"2";"3";"1";"1";""
"202100022638";"161 152";"A01";"2";"30";"0";"2";"1";"1";"1";""
"202100022638";"161 153";"B01";"2";"7";"0";"2";"7";"1";"1";""
"202100022639";"161 151";"A01";"3";"33";"0";"1";"0";"1";"1";""
"202100022640";"161 150";"A01";"1";"30";"0";"0";"0";"1";"1";""
"202100022641";"161 149";"A01";"1";"7";"6";"0";"1";"1";"1";""
"202100022642";"161 147";"B01";"3";"7";"0";"2";"2";"1";"1";""
"202100022642";"161 148";"A01";"3";"10";"0";"2";"7";"17";"1";""
"202100022643";"161 145";"Z01";"0";"7";"9";"2";"1";"11";"1";""
"202100022643";"161 146";"A01";"0";"7";"0";"2";"5";"23";"1";""
"202100022644";"161 143";"B01";"1";"7";"0";"2";"5";"26";"1";""
"202100022644";"161 144";"A01";"1";"7";"0";"2";"1";"9";"1";""
"202100022645";"161 141";"Z01";"2";"7";"0";"2";"3";"1";"1";""
"202100022645";"161 142";"A01";"1";"10";"0";"2";"6";"15";"1";""
"202100022646";"161 139";"B01";"1";"7";"0";"2";"1";"1";"1";""
"202100022646";"161 140";"A01";"2";"7";"0";"2";"4";"16";"1";""
"202100022647";"161 138";"A01";"0";"7";"13";"0";"2";"0";"1";""
"202100022648";"161 137";"A01";"3";"7";"0";"1";"1";"1";"2";""
"202100022649";"161 135";"B01";"1";"7";"0";"9";"1";"26";"1";""
"202100022649";"161 136";"A01";"3";"1";"0";"2";"7";"19";"5";""
"202100022650";"161 134";"A01";"1";"7";"3";"0";"1";"1";"1";""
"202100022651";"161 132";"A01";"1";"7";"0";"2";"4";"20";"1";""
"202100022651";"161 133";"B01";"1";"2";"0";"2";"1";"1";"1";""
"202100022652";"161 129";"C01";"3";"7";"0";"2";"2";"23";"1";""
"202100022652";"161 130";"B01";"3";"7";"0";"2";"6";"23";"1";""
"202100022652";"161 131";"A01";"3";"30";"14";"0";"1";"26";"1";""
"202100022653";"161 126";"A01";"1";"7";"0";"2";"1";"2";"1";""
"202100022653";"161 127";"B01";"1";"7";"0";"2";"4";"2";"1";""
"202100022653";"161 128";"C01";"1";"7";"0";"2";"4";"2";"1";""
"202100022654";"161 124";"B01";"1";"7";"0";"2";"1";"1";"1";""
"202100022654";"161 125";"A01";"1";"7";"0";"2";"8";"1";"1";""
"202100022655";"161 123";"A01";"2";"7";"1";"0";"3";"14";"1";""
"202100022656";"161 121";"A01";"1";"7";"0";"2";"2";"15";"2";""
"202100022656";"161 122";"B01";"1";"33";"0";"2";"0";"1";"1";""
"202100022657";"161 120";"A01";"1";"10";"7";"0";"1";"14";"1";""
"202100022658";"161 118";"B01";"3";"10";"0";"0";"3";"16";"1";""
"202100022658";"161 119";"A01";"3";"50";"0";"2";"1";"9";"3";""
"202100022659";"161 116";"A01";"1";"50";"0";"2";"1";"5";"3";""
"202100022659";"161 117";"B01";"1";"1";"0";"2";"1";"1";"5";""
"202100022660";"161 114";"B01";"2";"13";"0";"2";"0";"23";"6";""
"202100022660";"161 115";"A01";"2";"7";"0";"2";"2";"1";"1";""
"202100022661";"161 113";"A01";"2";"30";"0";"0";"0";"21";"1";""
"202100022662";"161 111";"B01";"2";"37";"0";"2";"3";"1";"2";"5"
"202100022662";"161 112";"A01";"2";"7";"0";"2";"5";"15";"1";""
"202100022663";"161 110";"Z01";"2";"1";"0";"1";"1";"25";"5";""
"202100022664";"161 108";"A01";"3";"7";"0";"2";"1";"2";"1";""
"202100022664";"161 109";"B01";"3";"7";"0";"2";"0";"23";"1";""
"202100022665";"161 106";"A01";"1";"10";"0";"2";"3";"9";"1";""
"202100022665";"161 107";"B01";"1";"33";"0";"2";"2";"1";"1";""
"202100022666";"161 103";"C01";"1";"7";"1";"0";"4";"1";"1";""
"202100022666";"161 104";"B01";"1";"7";"0";"2";"4";"2";"1";""
"202100022666";"161 105";"A01";"1";"7";"0";"2";"1";"2";"2";""
"202100022667";"161 102";"A01";"2";"32";"0";"0";"0";"9";"1";""
"202100022668";"161 100";"A01";"1";"38";"0";"2";"1";"1";"0";"1"
"202100022668";"161 101";"B01";"1";"38";"0";"2";"1";"5";"1";"1"
"202100022669";"161 098";"A01";"1";"7";"0";"2";"2";"16";"1";""
"202100022669";"161 099";"B01";"1";"33";"0";"0";"3";"16";"1";""
"202100022670";"161 096";"B01";"2";"32";"0";"2";"1";"1";"1";""
"202100022670";"161 097";"A01";"3";"7";"0";"2";"1";"9";"1";""
"202100022671";"161 094";"A01";"2";"7";"0";"2";"3";"20";"1";""
"202100022671";"161 095";"B01";"2";"31";"0";"2";"1";"1";"1";""
"202100022672";"161 092";"A01";"2";"7";"0";"2";"1";"9";"1";""
"202100022672";"161 093";"B01";"2";"37";"0";"2";"7";"2";"1";"1"
"202100022673";"161 091";"A01";"1";"10";"0";"1";"0";"0";"0";""
"202100022674";"161 089";"A01";"1";"3";"1";"0";"2";"1";"1";""
"202100022674";"161 090";"B01";"0";"3";"0";"2";"6";"24";"1";""
"202100022675";"161 087";"A01";"3";"7";"0";"2";"3";"16";"1";""
"202100022675";"161 088";"B01";"3";"7";"0";"2";"2";"1";"1";""
"202100022676";"161 085";"A01";"3";"7";"0";"2";"2";"12";"1";""
"202100022676";"161 086";"B01";"3";"7";"0";"2";"3";"0";"1";""
"202100022677";"161 083";"B01";"2";"50";"0";"2";"8";"1";"3";""
"202100022677";"161 084";"A01";"2";"37";"0";"2";"2";"1";"0";"1"
"202100022678";"161 079";"A01";"1";"10";"0";"2";"0";"2";"1";""
"202100022678";"161 080";"B01";"1";"7";"0";"9";"1";"2";"1";""
"202100022678";"161 081";"C01";"1";"33";"0";"9";"8";"2";"1";""
"202100022678";"161 082";"D01";"1";"33";"0";"2";"1";"2";"1";""
"202100022679";"161 077";"A01";"1";"10";"0";"2";"2";"2";"1";""
"202100022679";"161 078";"B01";"1";"7";"0";"2";"4";"2";"1";""
"202100022680";"161 073";"A01";"2";"7";"0";"2";"1";"1";"1";""
"202100022680";"161 074";"B01";"2";"7";"0";"2";"4";"1";"1";""
"202100022680";"161 075";"C01";"2";"7";"0";"2";"4";"1";"1";""
"202100022680";"161 076";"D01";"2";"7";"0";"2";"4";"1";"1";""
"202100022681";"161 071";"A01";"2";"15";"0";"2";"7";"14";"1";""
"202100022681";"161 072";"B01";"2";"10";"3";"2";"6";"1";"1";""
"202100022682";"161 070";"A01";"1";"7";"0";"0";"2";"1";"1";""
"202100022683";"161 067";"C01";"2";"7";"0";"2";"7";"1";"1";""
"202100022683";"161 068";"B01";"2";"7";"0";"2";"9";"1";"1";""
"202100022683";"161 069";"A01";"2";"17";"0";"2";"2";"12";"1";""
"202100022684";"161 065";"B01";"2";"7";"0";"2";"7";"12";"1";""
"202100022684";"161 066";"A01";"2";"34";"0";"2";"8";"9";"1";""
"202100022685";"161 064";"A01";"1";"34";"0";"1";"1";"1";"1";""
"202100022686";"161 062";"A01";"3";"32";"0";"1";"1";"2";"1";""
"202100022686";"161 063";"Y01";"3";"60";"0";"2";"0";"19";"0";""
"202100022687";"161 059";"B01";"2";"7";"0";"2";"4";"2";"1";""
"202100022687";"161 060";"A01";"2";"7";"0";"2";"1";"2";"1";""
"202100022687";"161 061";"C01";"2";"10";"0";"2";"4";"2";"1";""