"Num_Acc";"id_vehicule";"num_veh";"senc";"catv";"obs";"obsm";"choc";"manv";"motor";"occutc"
"202100022688";"161 057";"A01";"3";"7";"0";"2";"1";"26";"1";""
"202100022688";"161 058";"B01";"3";"7";"0";"2";"4";"15";"1";""
"202100022689";"161 055";"B01";"1";"1";"0";"2";"8";"0";"5";""
"202100022689";"161 056";"A01";"1";"7";"0";"2";"3";"15";"1";""
"202100022690";"161 053";"A01";"1";"10";"0";"2";"1";"19";"0";""
"202100022690";"161 054";"B01";"2";"10";"0";"2";"3";"15";"0";""
"202100022691";"161 052";"A01";"2";"7";"0";"0";"1";"1";"1";""
"202100022692";"161 048";"A01";"3";"7";"0";"2";"1";"5";"0";""
"202100022692";"161 049";"B01";"3";"10";"0";"2";"1";"0";"0";""
"202100022692";"161 050";"C01";"3";"33";"3";"2";"1";"5";"0";""
"202100022692";"161 051";"D01";"3";"33";"4";"2";"1";"5";"0";""
"202100022693";"161 047";"A01";"2";"32";"0";"0";"8";"1";"1";""
"202100022694";"161 046";"A01";"2";"1";"12";"0";"1";"1";"5";""
"202100022695";"161 042";"D01";"1";"7";"0";"2";"2";"1";"1";""
"202100022695";"161 043";"C01";"1";"7";"0";"2";"8";"1";"1";""
"202100022695";"161 044";"B01";"1";"2";"0";"2";"1";"3";"1";""
"202100022695";"161 045";"A01";"1";"7";"0";"2";"1";"1";"1";""
"202100022696";"161 036";"B01";"1";"7";"0";"2";"0";"2";"1";""
"202100022696";"161 037";"A01";"1";"7";"0";"2";"1";"2";"1";""
"202100022697";"161 034";"A01";"3";"14";"0";"2";"4";"4";"1";""
"202100022697";"161 035";"B01";"3";"2";"0";"2";"9";"1";"1";""
"202100022698";"161 033";"A01";"3";"7";"0";"1";"1";"1";"1";""
"202100022699";"161 031";"B01";"1";"33";"0";"2";"3";"26";"1";""
"202100022699";"161 032";"A01";"2";"33";"0";"1";"1";"13";"1";""
"202100022700";"161 029";"A01";"2";"7";"0";"2";"1";"1";"1";""
"202100022700";"161 030";"B01";"1";"7";"0";"2";"1";"2";"1";""
"202100022701";"161 022";"A01";"0";"7";"0";"2";"1";"1";"1";""
"202100022701";"161 023";"B01";"0";"1";"0";"2";"8";"1";"5";""
"202100022702";"161 019";"B01";"2";"7";"0";"2";"3";"1";"1";""
"202100022702";"161 020";"C01";"2";"7";"0";"2";"1";"1";"1";""
"202100022702";"161 021";"A01";"1";"7";"0";"2";"1";"13";"1";""
"202100022703";"161 018";"A01";"2";"7";"0";"1";"1";"15";"1";""
"202100022704";"161 016";"A01";"0";"7";"0";"2";"2";"1";"1";""
"202100022704";"161 017";"B01";"0";"50";"0";"2";"1";"15";"3";""
"202100022705";"161 014";"B01";"1";"7";"0";"2";"6";"9";"1";""
"202100022705";"161 015";"A01";"1";"30";"0";"2";"1";"26";"3";""
"202100022706";"161 012";"A01";"3";"1";"0";"2";"1";"19";"5";""
"202100022706";"161 013";"B01";"1";"7";"0";"2";"1";"1";"1";""
"202100022707";"161 010";"A01";"3";"10";"0";"2";"7";"16";"1";""
"202100022707";"161 011";"B01";"3";"34";"0";"2";"8";"16";"1";""
"202100022708";"161 008";"A01";"2";"3";"0";"2";"1";"19";"1";""
"202100022708";"161 009";"B01";"2";"7";"0";"2";"1";"19";"1";""
"202100022709";"161 006";"A01";"3";"7";"0";"2";"1";"1";"1";""
"202100022709";"161 007";"B01";"3";"1";"0";"2";"7";"19";"5";""
"202100022710";"161 004";"B01";"2";"50";"0";"2";"8";"1";"3";""
"202100022710";"161 005";"A01";"1";"7";"0";"2";"3";"15";"1";""
"202100022711";"161 003";"A01";"1";"7";"1";"0";"1";"26";"1";""
"202100022712";"161 001";"B01";"2";"1";"0";"2";"7";"1";"5";""
"202100022712";"161 002";"A01";"2";"7";"0";"2";"8";"22";"1";""
"202100022713";"161 000";"A01";"1";"7";"4";"0";"3";"1";"1";""
"202100022714";"160 998";"B01";"1";"7";"0";"2";"6";"2";"1";""
"202100022714";"160 999";"A01";"1";"7";"0";"2";"2";"17";"1";""
"202100022715";"160 996";"B01";"1";"7";"0";"2";"4";"1";"1";""
"202100022715";"160 997";"A01";"1";"7";"0";"2";"1";"2";"2";""
"202100022716";"160 994";"A01";"1";"33";"0";"2";"1";"16";"1";""
"202100022716";"160 995";"B01";"1";"7";"0";"2";"3";"16";"3";""
"202100022717";"160 992";"A01";"1";"10";"0";"2";"1";"2";"1";""
"202100022717";"160 993";"B01";"1";"7";"0";"2";"6";"1";"1";""
"202100022718";"160 991";"A01";"1";"7";"4";"0";"3";"13";"1";""
"202100022719";"160 989";"B01";"3";"1";"0";"2";"7";"19";"0";""
"202100022719";"160 990";"A01";"1";"7";"0";"2";"1";"1";"1";""
"202100022720";"160 988";"A01";"3";"7";"0";"1";"1";"9";"1";""
"202100022721";"160 986";"A01";"1";"2";"0";"2";"1";"13";"1";""
"202100022721";"160 987";"B01";"1";"7";"0";"2";"3";"1";"1";""
"202100022722";"160 984";"B01";"1";"1";"0";"2";"1";"1";"5";""
"202100022722";"160 985";"A01";"2";"30";"0";"2";"1";"1";"1";""
"202100022723";"160 982";"A01";"2";"60";"0";"2";"1";"1";"5";""
"202100022723";"160 983";"B01";"1";"7";"0";"0";"7";"0";"1";""
"202100022724";"160 981";"A01";"1";"7";"0";"1";"1";"26";"1";""
"202100022725";"160 979";"A01";"1";"33";"0";"2";"2";"17";"1";""
"202100022725";"160 980";"B01";"1";"7";"0";"2";"3";"15";"1";""
"202100022726";"160 977";"A01";"1";"33";"0";"2";"3";"1";"1";""
"202100022726";"160 978";"B01";"2";"7";"0";"2";"3";"15";"1";""
"202100022727";"160 975";"B01";"1";"7";"0";"2";"6";"1";"2";""
"202100022727";"160 976";"A01";"1";"7";"0";"2";"3";"1";"1";""
"202100022728";"160 973";"B01";"3";"33";"0";"2";"9";"1";"1";""
"202100022728";"160 974";"A01";"3";"7";"0";"2";"6";"15";"1";""
"202100022729";"160 972";"A01";"1";"7";"0";"1";"0";"15";"0";""
"202100022730";"160 970";"A01";"3";"1";"0";"2";"4";"25";"5";""
"202100022730";"160 971";"B01";"3";"7";"0";"2";"1";"1";"1";""
"202100022731";"160 968";"B01";"1";"2";"0";"2";"0";"0";"1";""
"202100022731";"160 969";"A01";"1";"7";"0";"2";"6";"16";"1";""
"202100022732";"160 967";"A01";"0";"40";"0";"1";"2";"1";"3";""
"202100022733";"160 965";"A01";"3";"32";"0";"2";"1";"13";"1";""
"202100022733";"160 966";"B01";"3";"7";"0";"2";"0";"0";"1";""
"202100022734";"160 963";"B01";"2";"7";"0";"2";"3";"1";"1";""
"202100022734";"160 964";"A01";"1";"7";"0";"2";"3";"13";"1";""
"202100022735";"160 961";"A01";"2";"7";"0";"2";"3";"13";"1";""
"202100022735";"160 962";"B01";"1";"7";"0";"2";"3";"1";"1";""
"202100022736";"160 959";"B01";"3";"7";"0";"2";"3";"1";"1";""
"202100022736";"160 960";"A01";"2";"7";"0";"2";"2";"1";"1";""
"202100022737";"160 957";"A01";"3";"30";"0";"2";"8";"15";"1";""
"202100022737";"160 958";"B01";"3";"30";"0";"2";"1";"13";"1";""
"202100022738";"160 955";"A01";"3";"7";"0";"2";"3";"16";"1";""
"202100022738";"160 956";"B01";"3";"7";"0";"2";"4";"0";"0";""
"202100022739";"160 953";"A01";"1";"7";"0";"2";"1";"26";"1";""
"202100022739";"160 954";"B01";"2";"7";"0";"2";"2";"26";"1";""
"202100022740";"160 952";"A01";"1";"7";"13";"0";"1";"19";"1";""
"202100022741";"160 949";"A01";"2";"31";"0";"2";"1";"2";"1";""
"202100022741";"160 950";"B01";"2";"7";"0";"2";"5";"23";"1";""
"202100022741";"160 951";"C01";"2";"7";"0";"2";"6";"23";"1";""
"202100022742";"160 948";"A01";"1";"7";"6";"0";"2";"14";"0";""
"202100022743";"160 947";"A01";"2";"32";"0";"0";"0";"3";"3";""
"202100022744";"160 946";"Z01";"2";"7";"4";"0";"2";"14";"1";""
"202100022745";"160 944";"A01";"3";"7";"0";"2";"3";"1";"1";""
"202100022745";"160 945";"B01";"3";"30";"0";"2";"7";"1";"1";""
"202100022746";"160 942";"A01";"2";"43";"0";"2";"3";"1";"1";""
"202100022746";"160 943";"B01";"3";"80";"0";"2";"1";"19";"3";""
"202100022747";"160 940";"Z01";"2";"7";"0";"2";"0";"18";"0";""
"202100022747";"160 941";"A01";"2";"30";"0";"2";"0";"1";"1";""
"202100022748";"160 938";"Z01";"1";"30";"0";"2";"3";"15";"0";""
"202100022748";"160 939";"A01";"2";"30";"0";"0";"8";"1";"1";""
"202100022749";"160 936";"B01";"1";"1";"0";"2";"1";"1";"5";""
"202100022749";"160 937";"A01";"1";"10";"0";"2";"6";"4";"3";""
"202100022750";"160 934";"A01";"2";"7";"0";"2";"3";"22";"1";""
"202100022750";"160 935";"B01";"2";"50";"0";"2";"1";"1";"3";""
"202100022751";"160 932";"A01";"2";"10";"0";"2";"3";"13";"1";""
"202100022751";"160 933";"B01";"2";"1";"0";"2";"2";"17";"5";""
"202100022752";"160 930";"A01";"2";"31";"0";"2";"4";"2";"1";""
"202100022752";"160 931";"B01";"2";"33";"0";"2";"4";"15";"1";""
"202100022753";"160 928";"B01";"1";"32";"0";"2";"2";"1";"1";""
"202100022753";"160 929";"A01";"1";"7";"0";"2";"3";"11";"0";""
"202100022754";"160 927";"A01";"3";"99";"0";"0";"0";"1";"3";""
"202100022755";"160 926";"A01";"2";"7";"0";"1";"2";"1";"1";""
"202100022756";"160 924";"A01";"0";"10";"0";"2";"1";"0";"1";""
"202100022756";"160 925";"B01";"0";"7";"0";"2";"1";"0";"1";""
"202100022757";"160 923";"A01";"1";"7";"0";"1";"1";"19";"1";""
"202100022758";"160 921";"A01";"2";"10";"0";"2";"1";"17";"1";""
"202100022758";"160 922";"B01";"2";"7";"0";"2";"8";"15";"1";""
"202100022759";"160 919";"A01";"2";"7";"0";"2";"3";"2";"2";""
"202100022759";"160 920";"B01";"1";"30";"0";"2";"6";"1";"1";""
"202100022760";"160 917";"B01";"2";"1";"0";"2";"1";"2";"5";""
"202100022760";"160 918";"A01";"2";"7";"0";"2";"5";"20";"1";""
"202100022761";"160 915";"A01";"2";"7";"0";"9";"2";"16";"1";""
"202100022761";"160 916";"B01";"2";"50";"0";"2";"0";"0";"3";""
"202100022762";"160 913";"A01";"2";"3";"0";"2";"3";"20";"6";""
"202100022762";"160 914";"B01";"2";"2";"0";"2";"1";"17";"0";""
"202100022763";"160 909";"D01";"2";"33";"0";"2";"1";"1";"1";""
"202100022763";"160 910";"C01";"2";"7";"0";"2";"1";"1";"1";""
"202100022763";"160 911";"B01";"2";"7";"0";"2";"4";"1";"1";""
"202100022763";"160 912";"A01";"2";"7";"0";"2";"4";"1";"1";""
"202100022764";"160 907";"A01";"1";"7";"0";"2";"6";"2";"1";""
"202100022764";"160 908";"B01";"1";"7";"0";"2";"2";"2";"1";""
"202100022765";"160 906";"A01";"2";"7";"4";"0";"9";"26";"1";""
"202100022766";"160 904";"A01";"1";"7";"4";"0";"1";"1";"1";""
"202100022766";"160 905";"B01";"1";"10";"0";"2";"2";"23";"1";""
"202100022767";"160 903";"A01";"1";"10";"1";"0";"2";"14";"1";""
"202100022768";"160 900";"B01";"2";"7";"3";"0";"5";"0";"1";""
"202100022768";"160 901";"Z01";"2";"7";"0";"2";"1";"1";"1";""
"202100022768";"160 902";"C01";"1";"7";"3";"0";"3";"1";"1";""
"202100022769";"160 899";"A01";"1";"7";"2";"0";"1";"26";"1";""
"202100022770";"160 898";"A01";"1";"33";"4";"2";"1";"9";"1";""
"202100022771";"160 896";"A01";"1";"7";"0";"2";"7";"12";"1";""
"202100022771";"160 897";"B01";"1";"31";"0";"2";"6";"11";"1";""
"202100022772";"160 894";"B01";"1";"7";"0";"2";"4";"1";"1";""
"202100022772";"160 895";"A01";"1";"7";"0";"2";"1";"9";"1";""
"202100022773";"160 892";"A01";"1";"7";"0";"2";"4";"1";"1";""
"202100022773";"160 893";"B01";"1";"10";"0";"2";"1";"1";"1";""
"202100022774";"160 890";"A01";"2";"7";"0";"2";"3";"2";"1";""
"202100022774";"160 891";"B01";"0";"7";"0";"2";"5";"2";"2";""
"202100022775";"160 889";"A01";"2";"7";"3";"0";"3";"1";"1";""
"202100022776";"160 888";"A01";"1";"33";"0";"0";"7";"15";"1";""
"202100022777";"160 887";"A01";"1";"7";"0";"1";"1";"1";"1";""
"202100022778";"160 885";"X01";"2";"7";"0";"2";"1";"12";"0";""
"202100022778";"160 886";"A01";"2";"43";"0";"2";"3";"9";"1";""
"202100022779";"160 883";"B01";"3";"30";"0";"2";"1";"21";"1";""
"202100022779";"160 884";"A01";"3";"32";"0";"2";"8";"17";"1";""
"202100022780";"160 882";"A01";"1";"7";"0";"0";"1";"14";"1";""
"202100022781";"160 880";"A01";"2";"43";"0";"2";"2";"17";"1";""
"202100022781";"160 881";"B01";"2";"7";"0";"2";"8";"15";"1";""
"202100022782";"160 878";"A01";"0";"7";"0";"2";"1";"1";"1";""
"202100022782";"160 879";"B01";"1";"2";"0";"2";"4";"1";"1";""
"202100022783";"160 876";"A01";"1";"7";"0";"2";"1";"26";"0";""
"202100022783";"160 877";"B01";"1";"2";"0";"2";"0";"0";"1";""
"202100022784";"160 874";"A01";"1";"7";"0";"2";"2";"1";"1";""
"202100022784";"160 875";"B01";"2";"32";"0";"2";"1";"13";"1";""
"202100022785";"160 873";"A01";"1";"7";"0";"1";"5";"20";"1";""
"202100022786";"160 872";"A01";"0";"30";"8";"0";"1";"1";"1";""
"202100022787";"160 871";"A01";"2";"17";"2";"0";"2";"14";"1";""
"202100022788";"160 870";"A01";"0";"41";"0";"0";"0";"26";"1";""
"202100022789";"160 869";"A01";"1";"7";"3";"0";"2";"9";"1";""
"202100022790";"160 867";"A01";"2";"7";"0";"2";"8";"10";"1";""
"202100022790";"160 868";"B01";"3";"33";"0";"2";"2";"17";"1";""
"202100022791";"160 865";"B01";"1";"7";"0";"2";"6";"15";"1";""
"202100022791";"160 866";"A01";"1";"32";"0";"2";"2";"17";"1";""
"202100022792";"160 863";"B01";"1";"33";"0";"2";"1";"1";"1";""
"202100022792";"160 864";"A01";"1";"7";"0";"2";"6";"10";"1";""
"202100022793";"160 861";"A01";"0";"1";"0";"2";"1";"1";"5";""
"202100022793";"160 862";"B01";"0";"7";"0";"2";"5";"26";"2";""
"202100022794";"160 860";"A01";"2";"10";"0";"1";"4";"4";"1";""
"202100022795";"160 859";"A01";"1";"7";"0";"1";"3";"1";"1";""
"202100022796";"160 857";"B01";"2";"7";"0";"2";"1";"1";"1";""
"202100022796";"160 858";"A01";"1";"7";"0";"2";"0";"15";"1";""
"202100022797";"160 855";"Z01";"1";"7";"0";"2";"0";"20";"1";""
"202100022797";"160 856";"B01";"1";"30";"0";"2";"0";"1";"1";""
"202100022798";"160 853";"B01";"2";"1";"0";"2";"5";"19";"5";""
"202100022798";"160 854";"A01";"1";"30";"0";"2";"1";"18";"1";""
"202100022799";"160 851";"B01";"1";"10";"6";"2";"6";"1";"1";""
"202100022799";"160 852";"A01";"2";"7";"6";"2";"3";"19";"1";""
"202100022800";"160 849";"B01";"2";"2";"0";"2";"1";"19";"1";""
"202100022800";"160 850";"A01";"2";"7";"0";"2";"2";"15";"1";""
"202100022801";"160 848";"A01";"1";"3";"0";"0";"9";"26";"1";""
"202100022802";"160 846";"B01";"1";"30";"0";"2";"1";"1";"1";""
"202100022802";"160 847";"A01";"1";"7";"0";"2";"2";"1";"1";""
"202100022803";"160 845";"A01";"1";"7";"2";"0";"1";"14";"1";""
"202100022804";"160 843";"B01";"2";"7";"0";"2";"1";"1";"1";""
"202100022804";"160 844";"A01";"1";"7";"0";"2";"1";"13";"1";""
"202100022805";"160 842";"A01";"2";"7";"12";"0";"0";"13";"1";""
"202100022806";"160 841";"A01";"1";"33";"0";"0";"1";"26";"1";""
"202100022807";"160 839";"A01";"3";"30";"0";"2";"1";"18";"1";""
"202100022807";"160 840";"B01";"3";"7";"0";"0";"7";"16";"1";""
"202100022808";"160 837";"A01";"1";"7";"1";"2";"1";"26";"1";""
"202100022808";"160 838";"B01";"0";"30";"0";"0";"0";"0";"3";""
"202100022809";"160 836";"A01";"3";"33";"0";"0";"0";"1";"1";""
"202100022810";"160 834";"A01";"1";"7";"0";"2";"7";"15";"1";""
"202100022810";"160 835";"B01";"2";"2";"0";"2";"1";"1";"1";""
"202100022811";"160 832";"A01";"3";"7";"0";"2";"8";"26";"1";""
"202100022811";"160 833";"B01";"3";"33";"0";"2";"7";"1";"1";""
"202100022812";"160 831";"A01";"1";"7";"0";"1";"1";"26";"1";""
"202100022813";"160 830";"A01";"0";"7";"13";"0";"1";"0";"1";""
"202100022814";"160 828";"B01";"1";"32";"0";"2";"1";"1";"1";""
"202100022814";"160 829";"A01";"1";"7";"0";"2";"5";"10";"1";""
"202100022815";"160 826";"A01";"2";"7";"0";"2";"2";"15";"1";""
"202100022815";"160 827";"B01";"1";"33";"0";"2";"3";"1";"1";""
"202100022816";"160 824";"A01";"2";"7";"0";"2";"1";"1";"1";""
"202100022816";"160 825";"B01";"1";"10";"0";"2";"3";"1";"1";""
"202100022817";"160 823";"A01";"1";"32";"0";"1";"1";"1";"1";""
"202100022818";"160 821";"B01";"3";"50";"0";"2";"0";"0";"3";""
"202100022818";"160 822";"A01";"3";"7";"0";"2";"1";"26";"1";""
"202100022819";"160 819";"B01";"2";"7";"0";"9";"8";"1";"1";""
"202100022819";"160 820";"A01";"1";"50";"0";"2";"3";"13";"3";""
"202100022820";"160 817";"A01";"1";"30";"0";"2";"4";"1";"1";""
"202100022820";"160 818";"Z01";"1";"7";"0";"2";"1";"14";"0";""
"202100022821";"160 816";"A01";"1";"7";"4";"0";"1";"14";"1";""
"202100022822";"160 815";"A01";"1";"7";"4";"0";"1";"12";"1";""
"202100022823";"160 814";"Z01";"2";"1";"0";"1";"1";"1";"5";""
"202100022824";"160 812";"B01";"1";"7";"0";"2";"5";"2";"1";""
"202100022824";"160 813";"A01";"1";"33";"0";"2";"1";"2";"1";""
"202100022825";"160 811";"A01";"2";"7";"14";"0";"1";"13";"1";""
"202100022826";"160 809";"A01";"1";"2";"0";"2";"2";"19";"1";""
"202100022826";"160 810";"B01";"1";"7";"0";"2";"3";"15";"1";""
"202100022827";"160 808";"A01";"3";"7";"9";"0";"1";"21";"1";""
"202100022828";"160 806";"B01";"0";"7";"0";"2";"7";"11";"1";""
"202100022828";"160 807";"A01";"0";"10";"0";"2";"1";"1";"1";""
"202100022829";"160 804";"B01";"1";"7";"1";"0";"0";"0";"0";""
"202100022829";"160 805";"A01";"0";"7";"1";"2";"4";"24";"1";""
"202100022830";"160 802";"A01";"0";"7";"0";"2";"1";"1";"1";""
"202100022830";"160 803";"B01";"1";"30";"0";"2";"1";"1";"1";""
"202100022831";"160 801";"A01";"2";"30";"2";"0";"0";"21";"3";""
"202100022832";"160 799";"B01";"0";"30";"0";"2";"1";"1";"1";""
"202100022832";"160 800";"A01";"1";"7";"0";"2";"1";"1";"1";""
"202100022833";"160 798";"A01";"1";"14";"0";"1";"4";"20";"1";""
"202100022834";"160 797";"A01";"3";"2";"0";"0";"7";"1";"1";""
"202100022835";"160 794";"A01";"3";"33";"1";"2";"3";"1";"1";""
"202100022835";"160 795";"B01";"3";"7";"0";"2";"3";"15";"1";""
"202100022835";"160 796";"C01";"0";"7";"0";"9";"3";"23";"1";""
"202100022836";"160 792";"A01";"2";"7";"3";"2";"2";"17";"1";""
"202100022836";"160 793";"B01";"2";"7";"3";"2";"6";"1";"1";""
"202100022837";"160 790";"B01";"2";"7";"0";"2";"1";"1";"1";""
"202100022837";"160 791";"A01";"2";"7";"13";"2";"2";"14";"1";""
"202100022838";"160 788";"A01";"1";"7";"0";"2";"3";"1";"1";""
"202100022838";"160 789";"B01";"2";"7";"0";"2";"3";"1";"1";""
"202100022839";"160 787";"A01";"2";"15";"0";"1";"2";"26";"1";""
"202100022840";"160 786";"A01";"2";"33";"5";"0";"8";"1";"1";""
"202100022841";"160 784";"B01";"1";"7";"0";"2";"3";"1";"1";""
"202100022841";"160 785";"A01";"2";"7";"0";"2";"5";"16";"1";""
"202100022842";"160 783";"A01";"0";"33";"3";"0";"8";"0";"1";""
"202100022843";"160 782";"A01";"1";"7";"13";"0";"1";"1";"1";""
"202100022844";"160 781";"A01";"2";"33";"6";"0";"1";"15";"1";""
"202100022845";"160 780";"A01";"1";"33";"2";"0";"1";"13";"1";""
"202100022846";"160 779";"A01";"1";"36";"0";"6";"2";"1";"1";""
"202100022847";"160 778";"A01";"1";"7";"6";"0";"3";"13";"1";""
"202100022848";"160 777";"A01";"2";"7";"2";"0";"3";"17";"1";""
"202100022849";"160 775";"A01";"1";"33";"0";"2";"3";"13";"1";""
"202100022849";"160 776";"B01";"2";"7";"0";"9";"3";"13";"1";""
"202100022850";"160 771";"A01";"1";"7";"0";"2";"6";"1";"1";""
"202100022850";"160 772";"B01";"2";"33";"0";"2";"8";"13";"1";""
"202100022851";"160 769";"A01";"2";"7";"0";"2";"2";"1";"1";""
"202100022851";"160 770";"B01";"2";"1";"0";"0";"4";"1";"5";""
"202100022852";"160 767";"B01";"1";"7";"0";"2";"4";"23";"1";""
"202100022852";"160 768";"A01";"1";"3";"0";"2";"1";"2";"1";""
"202100022853";"160 766";"A01";"1";"33";"0";"0";"8";"1";"1";""
"202100022854";"160 764";"A01";"1";"7";"13";"0";"3";"15";"1";""
"202100022854";"160 765";"B01";"1";"7";"15";"0";"2";"2";"1";""
"202100022855";"160 763";"A01";"1";"7";"2";"0";"2";"1";"2";""
"202100022856";"160 761";"A01";"1";"33";"0";"2";"1";"1";"1";""
"202100022856";"160 762";"B01";"2";"99";"0";"2";"3";"19";"1";""
"202100022857";"160 760";"A01";"1";"1";"6";"0";"1";"2";"5";""
"202100022858";"160 758";"A01";"1";"14";"0";"2";"3";"21";"1";""
"202100022858";"160 759";"B01";"2";"14";"0";"2";"3";"13";"1";""
"202100022859";"160 756";"A01";"1";"7";"0";"0";"3";"15";"1";""
"202100022859";"160 757";"B01";"1";"33";"0";"2";"1";"17";"1";""
"202100022860";"160 754";"B01";"2";"7";"0";"2";"9";"11";"1";""
"202100022860";"160 755";"A01";"2";"7";"0";"2";"1";"2";"1";""
"202100022861";"160 753";"A01";"1";"14";"6";"0";"1";"13";"1";""
"202100022862";"160 751";"A01";"2";"15";"3";"2";"2";"13";"1";""
"202100022862";"160 752";"B01";"2";"7";"0";"2";"7";"2";"1";""
"202100022863";"160 750";"A01";"3";"7";"0";"1";"2";"26";"1";""
"202100022864";"160 749";"A01";"1";"7";"0";"1";"2";"21";"1";""
"202100022865";"160 748";"A01";"3";"0";"0";"1";"0";"0";"0";""
"202100022866";"160 746";"A01";"1";"1";"0";"2";"6";"1";"5";""
"202100022866";"160 747";"B01";"2";"7";"0";"9";"1";"15";"1";""
"202100022867";"160 744";"A01";"2";"33";"0";"2";"1";"17";"1";""
"202100022867";"160 745";"B01";"2";"7";"0";"2";"8";"15";"1";""
"202100022868";"160 742";"A01";"1";"10";"0";"2";"3";"5";"1";""
"202100022868";"160 743";"B01";"2";"14";"0";"2";"3";"1";"0";""
"202100022869";"160 741";"A01";"2";"10";"8";"0";"3";"14";"1";""
"202100022870";"160 739";"B01";"1";"7";"0";"2";"6";"1";"1";""
"202100022870";"160 740";"A01";"1";"7";"0";"2";"2";"1";"1";""
"202100022871";"160 735";"B01";"1";"2";"0";"2";"8";"1";"1";""
"202100022871";"160 736";"A01";"2";"7";"0";"2";"3";"15";"1";""
"202100022872";"160 734";"A01";"1";"31";"0";"0";"7";"1";"1";""
"202100022873";"160 731";"A01";"3";"7";"6";"0";"1";"17";"1";""
"202100022874";"160 729";"A01";"2";"1";"0";"2";"1";"0";"5";""
"202100022874";"160 730";"B01";"1";"13";"0";"9";"3";"13";"1";""
"202100022875";"160 728";"A01";"3";"7";"2";"0";"3";"1";"1";""
"202100022876";"160 726";"B01";"1";"15";"0";"2";"1";"1";"1";""
"202100022876";"160 727";"A01";"2";"7";"0";"2";"1";"13";"1";""
"202100022877";"160 725";"A01";"1";"10";"0";"1";"1";"1";"1";""
"202100022878";"160 724";"A01";"3";"7";"0";"0";"9";"1";"1";""
"202100022879";"160 722";"B01";"3";"7";"0";"2";"3";"1";"1";""
"202100022879";"160 723";"A01";"3";"1";"0";"2";"3";"5";"5";""
"202100022880";"160 721";"A01";"3";"2";"0";"0";"7";"0";"1";""
"202100022881";"160 720";"A01";"2";"7";"0";"2";"8";"1";"1";""
"202100022882";"160 718";"B01";"2";"32";"0";"2";"1";"12";"1";""
"202100022882";"160 719";"A01";"2";"7";"0";"2";"6";"1";"1";""
"202100022883";"160 716";"B01";"2";"99";"0";"2";"0";"1";"1";""
"202100022883";"160 717";"A01";"2";"10";"0";"2";"8";"1";"1";""
"202100022884";"160 715";"A01";"1";"7";"13";"5";"1";"1";"1";""
"202100022885";"160 714";"A01";"2";"34";"0";"0";"0";"1";"1";""
"202100022886";"160 712";"B01";"1";"7";"0";"2";"4";"2";"1";""
"202100022886";"160 713";"A01";"1";"7";"0";"2";"1";"2";"1";""
"202100022887";"160 710";"B01";"2";"7";"0";"2";"2";"1";"1";""
"202100022887";"160 711";"A01";"2";"7";"4";"2";"3";"1";"1";""
"202100022888";"160 708";"B01";"1";"7";"0";"2";"3";"1";"1";""
"202100022888";"160 709";"A01";"1";"14";"0";"2";"2";"14";"1";""
"202100022889";"160 706";"A01";"1";"43";"0";"2";"8";"3";"1";""
"202100022889";"160 707";"B01";"2";"7";"0";"2";"7";"1";"1";""
"202100022890";"160 704";"B01";"1";"7";"0";"2";"4";"2";"1";""
"202100022890";"160 705";"A01";"1";"7";"0";"2";"1";"1";"1";""
"202100022891";"160 702";"A01";"3";"7";"0";"2";"1";"9";"1";""
"202100022891";"160 703";"B01";"3";"32";"0";"2";"7";"1";"1";""
"202100022892";"160 700";"B01";"3";"1";"0";"2";"8";"1";"5";""
"202100022892";"160 701";"A01";"3";"7";"0";"2";"1";"15";"1";""
"202100022893";"160 699";"A01";"1";"7";"0";"1";"3";"1";"1";""
"202100022894";"160 697";"B01";"1";"7";"0";"2";"8";"24";"1";""
"202100022894";"160 698";"A01";"2";"7";"1";"0";"1";"1";"3";""
"202100022895";"160 696";"Z01";"2";"0";"0";"1";"1";"25";"0";""
"202100022896";"160 695";"A01";"1";"2";"1";"0";"4";"1";"1";""
"202100022897";"160 694";"A01";"1";"7";"2";"0";"1";"1";"1";""
"202100022898";"160 692";"B01";"2";"7";"0";"2";"3";"1";"1";""
"202100022898";"160 693";"A01";"1";"7";"0";"2";"2";"1";"1";""
"202100022899";"160 691";"A01";"1";"7";"8";"9";"1";"26";"1";""
"202100022900";"160 690";"A01";"1";"7";"0";"1";"3";"1";"1";""
"202100022901";"160 688";"B01";"1";"7";"0";"2";"5";"1";"1";""
"202100022901";"160 689";"A01";"1";"33";"0";"2";"1";"1";"1";""
"202100022902";"160 686";"B01";"3";"1";"0";"2";"7";"1";"5";""
"202100022902";"160 687";"A01";"3";"7";"0";"2";"3";"1";"1";""
"202100022903";"160 684";"A01";"1";"7";"0";"2";"6";"15";"1";""
"202100022903";"160 685";"B01";"1";"2";"0";"2";"1";"2";"1";""
"202100022904";"160 683";"Z01";"1";"99";"0";"9";"7";"17";"0";""
"202100022905";"160 680";"A01";"0";"7";"9";"0";"1";"1";"1";""
"202100022906";"160 678";"B01";"1";"7";"0";"2";"6";"15";"1";""
"202100022906";"160 679";"A01";"1";"2";"0";"2";"1";"17";"1";""
"202100022907";"160 676";"B01";"2";"33";"0";"2";"1";"1";"1";""
"202100022907";"160 677";"A01";"1";"7";"0";"2";"2";"9";"1";""