"Num_Acc";"id_vehicule";"num_veh";"senc";"catv";"obs";"obsm";"choc";"manv";"motor";"occutc"
"202100023553";"159 541";"B01";"1";"7";"0";"2";"4";"2";"1";""
"202100023554";"159 538";"A01";"1";"7";"0";"2";"4";"12";"1";""
"202100023554";"159 539";"B01";"1";"14";"0";"2";"1";"2";"1";""
"202100023555";"159 536";"B01";"1";"7";"0";"2";"4";"1";"1";""
"202100023555";"159 537";"A01";"1";"7";"0";"2";"1";"1";"1";""
"202100023556";"159 534";"B01";"1";"17";"0";"2";"2";"2";"1";""
"202100023556";"159 535";"A01";"1";"7";"0";"2";"4";"1";"1";""
"202100023557";"159 531";"A01";"1";"33";"0";"2";"1";"1";"1";""
"202100023557";"159 532";"B01";"1";"7";"0";"2";"3";"23";"1";""
"202100023558";"159 529";"B01";"1";"50";"0";"2";"1";"15";"3";""
"202100023558";"159 530";"A01";"2";"7";"0";"2";"3";"9";"1";""
"202100023559";"159 527";"B01";"1";"43";"0";"0";"4";"0";"1";""
"202100023559";"159 528";"A01";"1";"7";"0";"0";"3";"26";"1";""
"202100023560";"159 526";"A01";"2";"14";"0";"1";"8";"1";"1";""
"202100023561";"159 524";"B01";"1";"7";"0";"2";"4";"23";"1";""
"202100023561";"159 525";"A01";"1";"2";"0";"2";"1";"0";"1";""
"202100023562";"159 522";"B01";"2";"7";"0";"2";"8";"2";"1";""
"202100023562";"159 523";"A01";"2";"33";"0";"2";"8";"2";"1";""
"202100023563";"159 520";"B01";"2";"7";"0";"2";"6";"15";"1";""
"202100023563";"159 521";"A01";"2";"7";"0";"2";"1";"17";"1";""
"202100023564";"159 518";"B01";"3";"1";"0";"2";"5";"15";"5";""
"202100023564";"159 519";"A01";"3";"7";"0";"2";"3";"1";"1";""
"202100023565";"159 516";"A01";"2";"7";"0";"2";"1";"1";"1";""
"202100023565";"159 517";"B01";"2";"7";"0";"2";"4";"23";"1";""
"202100023566";"159 514";"B01";"1";"7";"0";"2";"3";"15";"1";""
"202100023566";"159 515";"A01";"1";"7";"0";"2";"2";"17";"1";""
"202100023567";"159 512";"B01";"3";"2";"0";"2";"8";"1";"1";""
"202100023567";"159 513";"A01";"3";"1";"0";"2";"7";"15";"5";""
"202100023568";"159 511";"A01";"3";"30";"0";"0";"7";"26";"1";""
"202100023569";"159 510";"A01";"1";"31";"0";"2";"4";"23";"1";""
"202100023570";"159 504";"F01";"0";"7";"0";"2";"8";"1";"1";""
"202100023570";"159 505";"E01";"1";"10";"0";"2";"0";"1";"1";""
"202100023570";"159 506";"D01";"1";"7";"0";"2";"0";"1";"1";""
"202100023570";"159 507";"C01";"1";"7";"0";"2";"7";"1";"1";""
"202100023570";"159 508";"B01";"1";"7";"0";"2";"1";"1";"1";""
"202100023570";"159 509";"A01";"2";"7";"0";"2";"3";"5";"1";""
"202100023571";"159 503";"A01";"1";"7";"15";"0";"2";"26";"1";""
"202100023572";"159 502";"A01";"0";"7";"1";"0";"9";"0";"1";""
"202100023573";"159 501";"A01";"1";"30";"5";"0";"1";"0";"1";""
"202100023574";"159 500";"A01";"3";"99";"1";"0";"1";"26";"1";""
"202100023575";"159 497";"B01";"1";"7";"0";"2";"4";"1";"1";""
"202100023575";"159 498";"C01";"1";"3";"0";"2";"4";"1";"1";""
"202100023575";"159 499";"A01";"1";"7";"0";"2";"1";"1";"1";""
"202100023576";"159 496";"A01";"3";"30";"0";"0";"8";"1";"1";""
"202100023577";"159 494";"B01";"1";"33";"0";"2";"1";"1";"1";""
"202100023577";"159 495";"A01";"2";"7";"0";"2";"6";"15";"1";""
"202100023578";"159 492";"A01";"2";"7";"0";"2";"2";"2";"1";""
"202100023578";"159 493";"B01";"2";"7";"0";"2";"6";"2";"2";""
"202100023579";"159 490";"A01";"3";"7";"0";"2";"7";"1";"1";""
"202100023579";"159 491";"B01";"3";"7";"0";"2";"1";"1";"1";""
"202100023580";"159 488";"A01";"1";"7";"0";"2";"1";"2";"1";""
"202100023580";"159 489";"B01";"1";"7";"0";"2";"4";"2";"1";""
"202100023581";"159 486";"B01";"3";"33";"0";"2";"8";"1";"1";""
"202100023581";"159 487";"A01";"3";"7";"0";"2";"3";"26";"1";""
"202100023582";"159 485";"A01";"0";"34";"1";"0";"1";"2";"1";""
"202100023583";"159 483";"B01";"1";"7";"0";"2";"6";"6";"1";""
"202100023583";"159 484";"A01";"1";"33";"0";"2";"1";"1";"1";""
"202100023584";"159 481";"B01";"2";"7";"1";"2";"3";"9";"1";""
"202100023584";"159 482";"A01";"2";"33";"0";"2";"1";"3";"1";""
"202100023585";"159 479";"A01";"1";"3";"0";"2";"1";"1";"1";""
"202100023585";"159 480";"B01";"2";"7";"0";"2";"7";"15";"3";""
"202100023586";"159 477";"B01";"1";"7";"0";"2";"3";"1";"1";""
"202100023586";"159 478";"A01";"3";"1";"0";"2";"1";"19";"5";""
"202100023587";"159 475";"A01";"1";"7";"0";"2";"1";"16";"1";""
"202100023587";"159 476";"B01";"2";"14";"0";"2";"2";"1";"1";""
"202100023588";"159 474";"A01";"3";"99";"0";"0";"7";"15";"5";""
"202100023589";"159 473";"A01";"2";"10";"13";"0";"0";"0";"0";""
"202100023590";"159 472";"A01";"2";"7";"9";"0";"8";"13";"1";""
"202100023591";"159 470";"A01";"3";"7";"0";"2";"3";"26";"1";""
"202100023591";"159 471";"B01";"2";"1";"0";"2";"1";"1";"0";""
"202100023592";"159 468";"A01";"1";"7";"0";"2";"2";"1";"1";""
"202100023592";"159 469";"B01";"1";"33";"0";"2";"5";"10";"1";""
"202100023593";"159 466";"B01";"2";"7";"0";"2";"1";"1";"1";""
"202100023593";"159 467";"A01";"1";"7";"0";"2";"1";"15";"1";""
"202100023594";"159 464";"B01";"1";"33";"0";"2";"1";"1";"1";""
"202100023594";"159 465";"A01";"2";"10";"0";"2";"2";"15";"1";""
"202100023595";"159 463";"A01";"2";"7";"6";"0";"1";"21";"1";""
"202100023596";"159 458";"B01";"2";"7";"0";"2";"1";"1";"1";""
"202100023596";"159 459";"A01";"2";"7";"0";"2";"1";"1";"1";""
"202100023596";"159 460";"C01";"1";"7";"0";"2";"1";"1";"1";""
"202100023596";"159 461";"D01";"2";"7";"0";"2";"1";"1";"1";""
"202100023597";"159 457";"Z01";"3";"7";"0";"1";"7";"1";"0";""
"202100023598";"159 455";"A01";"3";"7";"0";"2";"1";"1";"1";""
"202100023598";"159 456";"B01";"3";"7";"8";"2";"7";"1";"2";""
"202100023599";"159 451";"B01";"2";"99";"0";"2";"1";"5";"3";""
"202100023599";"159 452";"A01";"1";"7";"0";"9";"2";"12";"1";""
"202100023600";"159 450";"A01";"1";"30";"0";"0";"0";"1";"3";""
"202100023601";"159 449";"A01";"1";"7";"0";"2";"3";"1";"1";""
"202100023602";"159 447";"A01";"1";"7";"0";"2";"1";"1";"1";""
"202100023602";"159 448";"B01";"1";"7";"0";"2";"4";"23";"1";""
"202100023603";"159 445";"A01";"2";"7";"0";"2";"3";"15";"1";""
"202100023603";"159 446";"B01";"1";"32";"0";"2";"1";"1";"1";""
"202100023604";"159 443";"B01";"3";"7";"0";"2";"6";"24";"1";""
"202100023604";"159 444";"A01";"2";"7";"1";"0";"2";"14";"1";""
"202100023605";"159 441";"A01";"2";"7";"0";"2";"0";"0";"0";""
"202100023605";"159 442";"B01";"2";"37";"0";"2";"3";"1";"1";"2"
"202100023606";"159 440";"A01";"1";"7";"0";"1";"3";"1";"1";""
"202100023607";"159 438";"B01";"3";"7";"0";"2";"4";"1";"1";""
"202100023607";"159 439";"A01";"3";"1";"0";"2";"1";"1";"5";""
"202100023608";"159 436";"A01";"3";"7";"1";"0";"1";"14";"1";""
"202100023608";"159 437";"B01";"0";"7";"0";"0";"6";"24";"1";""
"202100023609";"159 434";"B01";"3";"1";"0";"2";"8";"19";"5";""
"202100023609";"159 435";"A01";"3";"7";"0";"2";"1";"1";"1";""
"202100023610";"159 432";"A01";"2";"7";"0";"2";"2";"1";"1";""
"202100023610";"159 433";"B01";"2";"33";"0";"2";"8";"1";"1";""
"202100023611";"159 421";"C01";"2";"7";"0";"2";"8";"1";"1";""
"202100023611";"159 422";"B01";"2";"10";"0";"2";"2";"1";"1";""
"202100023611";"159 423";"A01";"2";"7";"0";"2";"3";"11";"1";""
"202100023611";"159 424";"I01";"2";"7";"0";"2";"5";"1";"3";""
"202100023611";"159 425";"H01";"2";"7";"0";"2";"2";"1";"1";""
"202100023611";"159 426";"G01";"2";"7";"0";"2";"5";"1";"2";""
"202100023611";"159 427";"K01";"2";"10";"0";"2";"6";"1";"1";""
"202100023611";"159 428";"E01";"2";"7";"0";"2";"6";"1";"1";""
"202100023611";"159 429";"F01";"2";"7";"0";"2";"6";"1";"1";""
"202100023611";"159 430";"J01";"2";"7";"0";"2";"6";"1";"1";""
"202100023611";"159 431";"D01";"2";"7";"0";"2";"5";"1";"1";""
"202100023612";"159 419";"B01";"1";"1";"0";"2";"0";"1";"5";""
"202100023612";"159 420";"A01";"1";"10";"0";"2";"2";"16";"1";""
"202100023613";"159 417";"A01";"1";"1";"0";"2";"2";"9";"5";""
"202100023613";"159 418";"B01";"1";"1";"0";"2";"1";"1";"5";""
"202100023614";"159 415";"B01";"1";"1";"0";"2";"7";"1";"5";""
"202100023614";"159 416";"A01";"1";"7";"0";"2";"8";"22";"1";""
"202100023615";"159 413";"A01";"1";"7";"0";"2";"8";"22";"1";""
"202100023615";"159 414";"B01";"1";"1";"0";"2";"1";"1";"5";""
"202100023616";"159 412";"A01";"2";"30";"0";"1";"7";"1";"1";""
"202100023617";"159 410";"A01";"2";"7";"0";"2";"2";"15";"1";""
"202100023617";"159 411";"B01";"1";"32";"0";"2";"1";"1";"1";""
"202100023618";"159 408";"B01";"1";"7";"0";"2";"0";"0";"1";""
"202100023618";"159 409";"A01";"1";"7";"0";"2";"1";"1";"1";""
"202100023619";"159 407";"A01";"2";"7";"1";"0";"2";"14";"1";""
"202100023620";"159 405";"A01";"2";"7";"0";"2";"2";"26";"1";""
"202100023620";"159 406";"B01";"2";"1";"0";"2";"3";"26";"5";""
"202100023621";"159 403";"A01";"0";"7";"0";"2";"4";"10";"0";""
"202100023621";"159 404";"B01";"0";"33";"0";"2";"1";"1";"0";""
"202100023622";"159 401";"A01";"3";"7";"0";"2";"3";"1";"1";""
"202100023622";"159 402";"B01";"3";"33";"0";"2";"4";"1";"1";""
"202100023623";"159 399";"A01";"1";"7";"0";"2";"3";"9";"1";""
"202100023623";"159 400";"B01";"1";"32";"0";"2";"1";"1";"1";""
"202100023624";"159 395";"B01";"2";"33";"0";"2";"1";"1";"1";""
"202100023624";"159 396";"A01";"1";"7";"0";"2";"5";"15";"1";""
"202100023625";"159 393";"A01";"2";"7";"0";"2";"3";"15";"1";""
"202100023625";"159 394";"B01";"2";"14";"0";"2";"3";"1";"1";""
"202100023626";"159 392";"A01";"3";"7";"0";"1";"1";"2";"1";""
"202100023627";"159 390";"B01";"1";"7";"0";"2";"1";"16";"1";""
"202100023627";"159 391";"A01";"1";"1";"0";"2";"7";"19";"5";""
"202100023628";"159 388";"B01";"2";"33";"0";"2";"6";"1";"1";""
"202100023628";"159 389";"A01";"1";"7";"0";"2";"3";"15";"1";""
"202100023629";"159 386";"A01";"1";"7";"0";"2";"1";"5";"1";""
"202100023629";"159 387";"B01";"2";"15";"0";"2";"1";"1";"1";""
"202100023630";"159 381";"A01";"2";"10";"4";"0";"1";"1";"1";""
"202100023631";"159 380";"A01";"2";"7";"8";"0";"1";"0";"1";""
"202100023632";"159 379";"A01";"1";"36";"0";"0";"7";"0";"1";""
"202100023633";"159 378";"A01";"1";"7";"0";"0";"3";"2";"1";""
"202100023634";"159 376";"A01";"1";"1";"0";"2";"0";"5";"5";""
"202100023634";"159 377";"B01";"2";"14";"0";"2";"1";"1";"1";""
"202100023635";"159 375";"A01";"0";"36";"2";"0";"1";"14";"1";""
"202100023636";"159 374";"A01";"3";"7";"2";"9";"1";"0";"1";""
"202100023637";"159 373";"A01";"2";"33";"0";"0";"3";"21";"1";""
"202100023638";"159 371";"A01";"3";"1";"0";"2";"1";"1";"0";""
"202100023638";"159 372";"B01";"3";"21";"0";"2";"1";"1";"1";""
"202100023639";"159 369";"B01";"1";"15";"0";"2";"3";"1";"1";""
"202100023639";"159 370";"A01";"2";"33";"0";"2";"3";"17";"1";""
"202100023640";"159 367";"B01";"2";"7";"0";"0";"6";"1";"1";""
"202100023640";"159 368";"A01";"1";"7";"8";"2";"3";"1";"1";""
"202100023641";"159 366";"A01";"1";"7";"0";"0";"9";"1";"1";""
"202100023642";"159 364";"A01";"2";"31";"0";"2";"7";"3";"1";""
"202100023642";"159 365";"B01";"2";"7";"0";"2";"8";"15";"1";""
"202100023643";"159 362";"A01";"1";"7";"0";"0";"1";"1";"1";""
"202100023643";"159 363";"B01";"2";"7";"0";"0";"1";"11";"1";""
"202100023644";"159 360";"A01";"0";"7";"0";"2";"8";"19";"1";""
"202100023644";"159 361";"B01";"0";"7";"0";"2";"1";"1";"1";""
"202100023645";"159 358";"A01";"1";"7";"0";"2";"3";"13";"1";""
"202100023645";"159 359";"B01";"2";"33";"0";"2";"8";"1";"1";""
"202100023646";"159 357";"A01";"1";"33";"12";"0";"1";"2";"1";""
"202100023647";"159 356";"A01";"2";"7";"0";"1";"1";"1";"1";""
"202100023648";"159 353";"C01";"2";"7";"0";"2";"1";"2";"1";""
"202100023648";"159 354";"B01";"2";"2";"0";"0";"1";"1";"1";""
"202100023648";"159 355";"A01";"1";"7";"0";"2";"1";"15";"1";""
"202100023649";"159 351";"B01";"1";"33";"0";"2";"8";"1";"1";""
"202100023649";"159 352";"A01";"2";"7";"0";"2";"3";"13";"1";""
"202100023650";"159 349";"A01";"1";"7";"0";"2";"2";"13";"1";""
"202100023650";"159 350";"B01";"2";"15";"0";"2";"1";"1";"1";""
"202100023651";"159 348";"A01";"1";"10";"1";"1";"1";"2";"1";""
"202100023652";"159 346";"B01";"2";"7";"0";"2";"4";"1";"1";""
"202100023652";"159 347";"A01";"2";"13";"0";"2";"1";"2";"0";""
"202100023653";"159 344";"B01";"2";"33";"0";"2";"1";"1";"1";""
"202100023653";"159 345";"A01";"1";"14";"0";"0";"7";"26";"1";""
"202100023654";"159 343";"A01";"2";"7";"0";"0";"1";"19";"1";""
"202100023655";"159 341";"B01";"3";"7";"0";"2";"6";"15";"1";""
"202100023655";"159 342";"A01";"3";"33";"0";"2";"1";"1";"1";""
"202100023656";"159 340";"A01";"2";"7";"14";"0";"1";"1";"1";""
"202100023657";"159 338";"B01";"1";"7";"0";"2";"3";"1";"1";""
"202100023657";"159 339";"A01";"2";"2";"0";"2";"1";"13";"1";""
"202100023658";"159 337";"A01";"2";"10";"0";"1";"3";"1";"1";""
"202100023659";"159 336";"A01";"2";"7";"0";"1";"1";"1";"1";""
"202100023660";"159 335";"A01";"2";"60";"0";"0";"0";"1";"5";""
"202100023661";"159 333";"B01";"2";"2";"0";"2";"1";"1";"1";""
"202100023661";"159 334";"A01";"2";"7";"0";"2";"8";"15";"3";""
"202100023662";"159 331";"A01";"3";"7";"0";"2";"4";"4";"1";""
"202100023662";"159 332";"B01";"3";"50";"0";"2";"1";"1";"3";""
"202100023663";"159 329";"B01";"1";"2";"0";"2";"1";"17";"1";""
"202100023663";"159 330";"A01";"1";"99";"0";"0";"8";"15";"1";""
"202100023664";"159 326";"A01";"1";"7";"0";"2";"2";"17";"1";""
"202100023664";"159 327";"B01";"1";"7";"0";"2";"8";"11";"1";""
"202100023664";"159 328";"C01";"1";"7";"0";"2";"6";"1";"1";""
"202100023665";"159 324";"A01";"1";"7";"0";"2";"3";"1";"1";""
"202100023665";"159 325";"B01";"2";"7";"0";"2";"3";"1";"1";""
"202100023666";"159 321";"B01";"1";"7";"0";"2";"2";"3";"1";""
"202100023666";"159 322";"A01";"1";"7";"3";"2";"6";"1";"1";""
"202100023666";"159 323";"C01";"1";"7";"0";"9";"1";"1";"1";""
"202100023667";"159 320";"A01";"2";"7";"6";"0";"1";"1";"1";""
"202100023668";"159 318";"A01";"2";"7";"0";"2";"0";"0";"1";""
"202100023668";"159 319";"B01";"2";"7";"0";"2";"4";"2";"1";""
"202100023669";"159 316";"B01";"2";"10";"0";"2";"4";"2";"1";""
"202100023669";"159 317";"A01";"2";"7";"0";"2";"1";"2";"1";""
"202100023670";"159 313";"B01";"1";"7";"0";"0";"0";"0";"1";""
"202100023670";"159 314";"C01";"1";"32";"0";"2";"1";"2";"1";""
"202100023670";"159 315";"A01";"1";"7";"0";"2";"1";"2";"1";""
"202100023671";"159 312";"A01";"2";"10";"4";"0";"6";"21";"1";""
"202100023672";"159 304";"A01";"1";"7";"1";"0";"4";"23";"1";""
"202100023672";"159 305";"B01";"1";"7";"1";"0";"9";"2";"1";""
"202100023672";"159 306";"C01";"1";"7";"14";"2";"9";"1";"1";""
"202100023672";"159 307";"D01";"1";"32";"14";"2";"9";"2";"1";""
"202100023673";"159 302";"B01";"3";"32";"0";"2";"1";"1";"1";""
"202100023673";"159 303";"A01";"3";"7";"0";"2";"1";"1";"1";""
"202100023674";"159 300";"B01";"1";"2";"0";"2";"7";"1";"1";""
"202100023674";"159 301";"A01";"1";"10";"0";"2";"1";"1";"1";""
"202100023675";"159 299";"A01";"1";"7";"0";"1";"1";"2";"1";""
"202100023676";"159 297";"A01";"2";"7";"2";"2";"1";"21";"1";""
"202100023676";"159 298";"B01";"2";"7";"0";"2";"4";"1";"1";""
"202100023677";"159 296";"A01";"3";"33";"0";"0";"7";"1";"1";""
"202100023678";"159 294";"A01";"1";"7";"0";"2";"3";"0";"1";""
"202100023678";"159 295";"B01";"1";"7";"0";"2";"1";"0";"1";""
"202100023679";"159 293";"A01";"2";"33";"0";"2";"0";"1";"1";""
"202100023680";"159 292";"A01";"1";"7";"8";"0";"1";"1";"1";""
"202100023681";"159 290";"A01";"3";"7";"0";"2";"7";"16";"1";""
"202100023681";"159 291";"B01";"3";"80";"0";"2";"1";"2";"3";""
"202100023682";"159 289";"A01";"3";"7";"0";"1";"2";"1";"1";""
"202100023683";"159 288";"A01";"1";"7";"7";"0";"7";"14";"1";""
"202100023684";"159 286";"A01";"2";"7";"0";"2";"1";"15";"1";""
"202100023684";"159 287";"B01";"1";"30";"0";"2";"0";"1";"1";""
"202100023685";"159 284";"B01";"1";"7";"0";"2";"2";"0";"1";""
"202100023685";"159 285";"A01";"1";"7";"0";"2";"1";"1";"3";""
"202100023686";"159 282";"B01";"3";"7";"0";"2";"4";"2";"1";""
"202100023686";"159 283";"A01";"3";"30";"0";"2";"1";"2";"1";""
"202100023687";"159 279";"C01";"0";"7";"0";"2";"4";"23";"1";""
"202100023687";"159 280";"B01";"0";"7";"0";"2";"4";"23";"1";""
"202100023687";"159 281";"A01";"0";"7";"0";"2";"1";"2";"1";""
"202100023688";"159 274";"B01";"3";"7";"0";"2";"1";"1";"0";""
"202100023688";"159 275";"A01";"3";"1";"0";"2";"8";"19";"0";""
"202100023689";"159 273";"A01";"3";"10";"0";"1";"1";"1";"1";""
"202100023690";"159 270";"C01";"3";"7";"0";"2";"6";"1";"1";""
"202100023690";"159 271";"B01";"3";"36";"0";"2";"2";"1";"1";""
"202100023690";"159 272";"A01";"3";"1";"0";"2";"8";"9";"5";""
"202100023691";"159 269";"A01";"2";"7";"2";"0";"2";"14";"1";""
"202100023692";"159 267";"B01";"1";"1";"0";"2";"7";"16";"5";""
"202100023692";"159 268";"A01";"1";"7";"0";"2";"3";"9";"1";""
"202100023693";"159 265";"A01";"2";"80";"0";"2";"3";"11";"3";""
"202100023693";"159 266";"Z01";"2";"7";"0";"2";"2";"13";"0";""
"202100023694";"159 263";"A01";"1";"33";"0";"2";"3";"18";"1";""
"202100023694";"159 264";"B01";"1";"7";"0";"2";"2";"16";"1";""
"202100023695";"159 261";"B01";"2";"7";"0";"2";"4";"2";"1";""
"202100023695";"159 262";"A01";"2";"7";"0";"2";"1";"2";"1";""
"202100023696";"159 260";"A01";"2";"7";"1";"0";"2";"14";"1";""
"202100023697";"159 258";"A01";"2";"10";"0";"2";"1";"15";"1";""
"202100023697";"159 259";"B01";"1";"30";"0";"2";"1";"1";"1";""
"202100023698";"159 257";"Z01";"2";"0";"0";"1";"0";"0";"0";""
"202100023699";"159 255";"A01";"2";"7";"0";"2";"1";"9";"1";""
"202100023699";"159 256";"B01";"2";"80";"0";"2";"7";"1";"3";""
"202100023700";"159 253";"B01";"3";"1";"0";"2";"3";"9";"5";""
"202100023700";"159 254";"A01";"3";"7";"0";"9";"3";"26";"1";""
"202100023701";"159 251";"A01";"3";"7";"0";"9";"1";"1";"1";""
"202100023701";"159 252";"B01";"3";"1";"0";"2";"0";"0";"5";""
"202100023702";"159 249";"B01";"2";"7";"0";"2";"3";"15";"1";""
"202100023702";"159 250";"A01";"2";"2";"0";"2";"7";"1";"1";""
"202100023703";"159 247";"A01";"2";"2";"0";"2";"0";"2";"3";""
"202100023703";"159 248";"B01";"2";"2";"0";"2";"0";"2";"3";""
"202100023704";"159 245";"B01";"3";"7";"0";"9";"2";"1";"1";""
"202100023704";"159 246";"A01";"3";"1";"0";"2";"1";"1";"5";""
"202100023705";"159 243";"B01";"1";"7";"0";"9";"4";"2";"1";""
"202100023705";"159 244";"A01";"1";"1";"0";"2";"1";"2";"5";""
"202100023706";"159 241";"A01";"1";"2";"0";"2";"1";"1";"1";""
"202100023706";"159 242";"B01";"1";"7";"0";"9";"8";"15";"1";""
"202100023707";"159 239";"B01";"3";"7";"0";"2";"5";"2";"1";""
"202100023707";"159 240";"A01";"3";"7";"0";"2";"1";"2";"1";""
"202100023708";"159 237";"A01";"2";"7";"0";"2";"8";"26";"1";""
"202100023708";"159 238";"B01";"1";"7";"0";"2";"2";"1";"1";""
"202100023709";"159 236";"A01";"1";"7";"0";"1";"1";"1";"1";""
"202100023710";"159 235";"A01";"3";"2";"0";"0";"1";"9";"1";""
"202100023711";"159 233";"A01";"3";"7";"0";"2";"1";"2";"1";""
"202100023711";"159 234";"B01";"3";"7";"0";"2";"4";"2";"1";""
"202100023712";"159 231";"B01";"2";"7";"0";"2";"4";"23";"1";""
"202100023712";"159 232";"A01";"2";"7";"14";"0";"1";"1";"1";""
"202100023713";"159 230";"A01";"2";"7";"2";"0";"6";"1";"1";""
"202100023714";"159 228";"B01";"2";"1";"0";"2";"1";"7";"5";""
"202100023714";"159 229";"A01";"2";"7";"0";"2";"3";"22";"1";""
"202100023715";"159 226";"B01";"2";"7";"0";"2";"1";"1";"1";""
"202100023715";"159 227";"A01";"1";"7";"0";"2";"3";"15";"1";""
"202100023716";"159 225";"A01";"2";"30";"0";"0";"0";"1";"1";""
"202100023717";"159 223";"A01";"1";"10";"0";"2";"2";"0";"1";""
"202100023717";"159 224";"B01";"2";"33";"0";"2";"7";"0";"1";""
"202100023718";"159 221";"B01";"3";"1";"1";"0";"1";"1";"5";""
"202100023718";"159 222";"A01";"3";"7";"0";"2";"8";"24";"1";""
"202100023719";"159 219";"A01";"1";"7";"0";"2";"2";"1";"1";""
"202100023719";"159 220";"B01";"3";"7";"0";"2";"3";"15";"1";""
"202100023720";"159 217";"A01";"3";"7";"0";"2";"7";"1";"1";""
"202100023720";"159 218";"B01";"2";"7";"12";"2";"7";"19";"1";""
"202100023721";"159 215";"A01";"2";"7";"0";"2";"3";"20";"1";""
"202100023721";"159 216";"B01";"2";"1";"0";"2";"1";"1";"5";""
"202100023722";"159 213";"B01";"1";"7";"0";"0";"4";"23";"1";""
"202100023722";"159 214";"A01";"1";"10";"0";"2";"1";"1";"1";""
"202100023723";"159 212";"A01";"3";"7";"1";"0";"1";"20";"1";""
"202100023724";"159 210";"B01";"1";"7";"0";"2";"1";"1";"1";""
"202100023724";"159 211";"A01";"1";"7";"0";"2";"3";"13";"1";""
"202100023725";"159 208";"A01";"1";"7";"0";"2";"2";"1";"1";""
"202100023725";"159 209";"B01";"1";"1";"0";"2";"8";"19";"5";""
"202100023726";"159 207";"Z01";"3";"7";"0";"1";"0";"0";"1";""
"202100023727";"159 205";"B01";"0";"31";"12";"2";"0";"21";"1";""
"202100023727";"159 206";"A01";"0";"7";"0";"2";"0";"9";"1";""
"202100023728";"159 203";"B01";"1";"10";"0";"2";"6";"13";"1";""
"202100023728";"159 204";"A01";"2";"32";"0";"2";"1";"1";"1";""
"202100023729";"159 202";"A01";"0";"43";"11";"0";"8";"26";"1";""
"202100023730";"159 201";"A01";"3";"7";"0";"1";"1";"26";"1";""
"202100023731";"159 199";"A01";"1";"7";"0";"2";"3";"15";"1";""
"202100023731";"159 200";"B01";"2";"7";"0";"2";"1";"1";"1";""
"202100023732";"159 198";"A01";"3";"33";"0";"0";"8";"15";"1";""
"202100023733";"159 197";"A01";"3";"30";"6";"0";"1";"26";"1";""
"202100023734";"159 194";"A01";"1";"7";"0";"2";"1";"5";"1";""
"202100023734";"159 195";"B01";"2";"7";"0";"2";"0";"0";"1";""
"202100023734";"159 196";"C01";"2";"7";"0";"2";"1";"2";"1";""
"202100023735";"159 192";"B01";"2";"7";"0";"2";"2";"1";"1";""
"202100023735";"159 193";"A01";"2";"10";"0";"2";"6";"11";"1";""
"202100023736";"159 191";"A01";"1";"7";"4";"0";"2";"14";"1";""
"202100023737";"159 190";"A01";"0";"32";"11";"0";"1";"13";"1";""
"202100023738";"159 187";"A01";"2";"10";"0";"2";"1";"2";"1";""
"202100023738";"159 188";"B01";"2";"10";"0";"2";"4";"2";"1";""
"202100023738";"159 189";"C01";"2";"10";"0";"2";"4";"2";"1";""
"202100023739";"159 185";"B01";"1";"34";"0";"2";"2";"1";"1";""
"202100023739";"159 186";"A01";"1";"7";"0";"2";"8";"22";"1";""
"202100023740";"159 183";"B01";"1";"7";"0";"2";"3";"1";"1";""
"202100023740";"159 184";"A01";"1";"7";"0";"2";"1";"1";"1";""
"202100023741";"159 180";"A01";"1";"7";"0";"2";"6";"2";"1";""
"202100023741";"159 181";"B01";"1";"7";"0";"2";"4";"23";"1";""
"202100023741";"159 182";"Z01";"1";"7";"0";"2";"1";"2";"0";""
"202100023742";"159 178";"A01";"1";"7";"0";"2";"1";"13";"2";""
"202100023742";"159 179";"B01";"2";"7";"0";"2";"1";"1";"2";""
"202100023743";"159 176";"B01";"2";"33";"0";"2";"1";"1";"1";""
"202100023743";"159 177";"A01";"2";"7";"0";"2";"5";"1";"3";""
"202100023744";"159 175";"A01";"0";"50";"12";"0";"0";"13";"3";""
"202100023745";"159 173";"A01";"2";"33";"0";"2";"7";"1";"1";""
"202100023745";"159 174";"B01";"2";"10";"0";"2";"1";"1";"1";""
"202100023746";"159 171";"B01";"2";"1";"0";"2";"2";"1";"5";""
"202100023746";"159 172";"A01";"1";"7";"0";"2";"1";"1";"1";""
"202100023747";"159 170";"A01";"3";"7";"4";"0";"1";"1";"1";""
"202100023748";"159 168";"B01";"2";"7";"0";"2";"6";"1";"1";""
"202100023748";"159 169";"A01";"1";"7";"0";"2";"3";"15";"1";""
"202100023749";"159 166";"A01";"2";"7";"1";"2";"1";"9";"1";""
"202100023749";"159 167";"B01";"2";"7";"1";"2";"8";"20";"1";""
"202100023750";"159 164";"A01";"1";"7";"0";"9";"7";"24";"1";""
"202100023750";"159 165";"B01";"1";"99";"1";"0";"0";"0";"0";""
"202100023751";"159 162";"B01";"2";"10";"0";"2";"2";"16";"1";""
"202100023751";"159 163";"A01";"2";"37";"0";"2";"3";"2";"1";"2"
"202100023752";"159 160";"A01";"3";"50";"0";"2";"7";"1";"3";""
"202100023752";"159 161";"B01";"3";"3";"0";"2";"1";"1";"1";""
"202100023753";"159 158";"B01";"3";"7";"0";"0";"6";"2";"1";""
"202100023753";"159 159";"A01";"3";"7";"9";"2";"0";"17";"1";""