"Num_Acc";"id_vehicule";"num_veh";"senc";"catv";"obs";"obsm";"choc";"manv";"motor";"occutc"
"202100023754";"159 157";"A01";"3";"7";"0";"1";"0";"26";"1";""
"202100023755";"159 155";"A01";"3";"50";"0";"2";"7";"19";"3";""
"202100023755";"159 156";"B01";"2";"7";"0";"2";"3";"1";"1";""
"202100023756";"159 153";"B01";"3";"7";"0";"2";"2";"1";"1";""
"202100023756";"159 154";"A01";"3";"10";"14";"2";"6";"13";"1";""
"202100023757";"159 152";"A01";"2";"1";"0";"0";"0";"1";"5";""
"202100023758";"159 150";"A01";"1";"7";"0";"2";"3";"2";"1";""
"202100023758";"159 151";"B01";"2";"7";"0";"2";"3";"2";"1";""
"202100023759";"159 149";"A01";"1";"7";"16";"0";"1";"1";"1";""
"202100023760";"159 146";"A01";"1";"7";"0";"2";"3";"17";"2";""
"202100023760";"159 147";"B01";"2";"1";"0";"2";"1";"1";"5";""
"202100023760";"159 148";"C01";"2";"1";"0";"2";"1";"1";"5";""
"202100023761";"159 144";"B01";"1";"7";"0";"2";"3";"9";"1";""
"202100023761";"159 145";"A01";"1";"1";"0";"2";"7";"1";"5";""
"202100023762";"159 143";"A01";"2";"14";"0";"0";"8";"13";"1";""
"202100023763";"159 141";"B01";"2";"7";"0";"2";"3";"1";"1";""
"202100023763";"159 142";"A01";"1";"7";"0";"2";"3";"13";"1";""
"202100023764";"159 139";"A01";"1";"1";"0";"9";"1";"5";"5";""
"202100023764";"159 140";"B01";"2";"1";"0";"9";"1";"1";"5";""
"202100023765";"159 138";"A01";"1";"7";"17";"0";"1";"1";"1";""
"202100023766";"159 136";"A01";"1";"7";"0";"0";"6";"15";"1";""
"202100023766";"159 137";"B01";"1";"33";"0";"2";"1";"13";"1";""
"202100023767";"159 133";"C01";"3";"7";"0";"2";"5";"1";"1";""
"202100023767";"159 134";"B01";"3";"7";"0";"2";"2";"13";"1";""
"202100023767";"159 135";"A01";"3";"7";"0";"2";"6";"1";"1";""
"202100023768";"159 132";"A01";"1";"33";"6";"0";"8";"1";"1";""
"202100023769";"159 131";"A01";"2";"33";"13";"0";"1";"14";"1";""
"202100023770";"159 128";"A01";"1";"1";"0";"0";"2";"16";"5";""
"202100023771";"159 127";"A01";"0";"7";"8";"0";"1";"6";"1";""
"202100023772";"159 125";"A01";"1";"7";"0";"2";"2";"2";"1";""
"202100023772";"159 126";"B01";"1";"1";"0";"2";"4";"2";"5";""
"202100023773";"159 123";"B01";"2";"2";"0";"2";"1";"15";"1";""
"202100023773";"159 124";"A01";"2";"2";"0";"0";"8";"10";"1";""
"202100023774";"159 122";"A01";"2";"10";"2";"0";"8";"1";"1";""
"202100023775";"159 121";"A01";"3";"2";"0";"0";"8";"1";"1";""
"202100023776";"159 120";"A01";"2";"33";"0";"0";"0";"1";"0";""
"202100023777";"159 118";"B01";"1";"7";"0";"2";"2";"1";"1";""
"202100023777";"159 119";"A01";"0";"1";"0";"0";"9";"9";"5";""
"202100023778";"159 117";"A01";"3";"99";"12";"0";"0";"0";"3";""
"202100023779";"159 116";"A01";"2";"7";"13";"0";"1";"1";"1";""
"202100023780";"159 115";"A01";"1";"7";"13";"0";"0";"1";"1";""
"202100023781";"159 114";"A01";"2";"2";"0";"0";"8";"2";"1";""
"202100023782";"159 112";"A01";"1";"7";"15";"2";"5";"15";"1";""
"202100023782";"159 113";"B01";"2";"7";"0";"2";"8";"1";"1";""
"202100023783";"159 110";"A01";"1";"10";"0";"2";"3";"1";"1";""
"202100023783";"159 111";"B01";"2";"10";"0";"2";"3";"1";"1";""
"202100023784";"159 109";"A01";"2";"7";"0";"1";"1";"1";"1";""
"202100023785";"159 107";"B01";"2";"17";"0";"0";"0";"26";"1";""
"202100023785";"159 108";"A01";"2";"1";"6";"0";"3";"2";"5";""
"202100023786";"159 105";"A01";"3";"7";"0";"2";"1";"1";"1";""
"202100023786";"159 106";"B01";"3";"50";"0";"2";"8";"19";"3";""
"202100023787";"159 103";"B01";"2";"7";"0";"2";"1";"1";"1";""
"202100023787";"159 104";"A01";"1";"10";"0";"2";"1";"13";"1";""
"202100023788";"159 102";"A01";"2";"7";"2";"0";"3";"0";"1";""
"202100023789";"159 101";"A01";"2";"14";"13";"0";"7";"1";"1";""
"202100023790";"159 100";"A01";"1";"7";"7";"0";"2";"1";"1";""
"202100023791";"159 098";"A01";"2";"7";"0";"2";"2";"9";"1";""
"202100023791";"159 099";"B01";"2";"1";"0";"2";"3";"1";"5";""
"202100023792";"159 096";"A01";"1";"38";"0";"0";"0";"1";"1";"1"
"202100023792";"159 097";"B01";"1";"1";"0";"0";"0";"17";"5";""
"202100023793";"159 092";"A01";"2";"21";"0";"0";"4";"2";"1";""
"202100023793";"159 093";"C01";"2";"7";"0";"2";"1";"2";"1";""
"202100023794";"159 090";"A01";"1";"33";"9";"2";"3";"2";"1";""
"202100023794";"159 091";"B01";"1";"15";"0";"2";"2";"16";"1";""
"202100023795";"159 088";"B01";"0";"33";"0";"2";"1";"0";"1";""
"202100023795";"159 089";"A01";"0";"7";"0";"2";"5";"0";"1";""
"202100023796";"159 086";"A01";"1";"33";"0";"2";"1";"16";"1";""
"202100023796";"159 087";"B01";"2";"7";"0";"2";"1";"15";"1";""
"202100023797";"159 083";"C01";"2";"1";"0";"2";"8";"19";"0";""
"202100023797";"159 084";"B01";"1";"7";"0";"2";"1";"1";"1";""
"202100023797";"159 085";"A01";"1";"7";"0";"9";"4";"23";"1";""
"202100023798";"159 082";"A01";"1";"33";"0";"0";"0";"1";"1";""
"202100023799";"159 080";"B01";"2";"10";"0";"0";"4";"1";"1";""
"202100023799";"159 081";"A01";"2";"10";"0";"2";"1";"0";"1";""
"202100023800";"159 078";"A01";"2";"7";"0";"2";"1";"13";"1";""
"202100023800";"159 079";"B01";"1";"15";"0";"2";"1";"1";"1";""
"202100023801";"159 076";"B01";"0";"33";"0";"2";"1";"1";"1";""
"202100023801";"159 077";"A01";"0";"7";"0";"2";"1";"15";"1";""
"202100023802";"159 073";"A01";"2";"7";"0";"2";"0";"0";"0";""
"202100023802";"159 074";"B01";"2";"7";"3";"0";"5";"1";"1";""
"202100023802";"159 075";"C01";"2";"7";"0";"0";"6";"1";"1";""
"202100023803";"159 072";"A01";"2";"7";"4";"0";"3";"0";"1";""
"202100023804";"159 071";"A01";"1";"2";"0";"0";"1";"0";"1";""
"202100023805";"159 069";"A01";"3";"7";"0";"2";"2";"15";"1";""
"202100023805";"159 070";"B01";"3";"33";"0";"2";"1";"1";"1";""
"202100023806";"159 068";"A01";"3";"14";"0";"0";"0";"1";"1";""
"202100023807";"159 067";"A01";"3";"2";"0";"0";"0";"1";"1";""
"202100023808";"159 065";"B01";"2";"33";"0";"2";"2";"17";"1";""
"202100023808";"159 066";"A01";"2";"10";"0";"2";"8";"10";"1";""
"202100023809";"159 063";"B01";"2";"7";"0";"0";"4";"26";"1";""
"202100023809";"159 064";"A01";"2";"7";"0";"2";"1";"2";"1";""
"202100023810";"159 061";"B01";"3";"1";"0";"2";"1";"0";"5";""
"202100023810";"159 062";"A01";"3";"7";"0";"9";"2";"1";"1";""
"202100023811";"159 060";"A01";"0";"7";"2";"0";"2";"1";"1";""
"202100023812";"159 058";"B01";"2";"2";"8";"2";"1";"17";"1";""
"202100023812";"159 059";"A01";"2";"10";"0";"2";"3";"15";"1";""
"202100023813";"159 056";"A01";"2";"7";"0";"2";"5";"15";"1";""
"202100023813";"159 057";"B01";"1";"33";"0";"2";"1";"1";"1";""
"202100023814";"159 055";"A01";"2";"7";"0";"1";"3";"1";"1";""
"202100023815";"159 054";"A01";"2";"33";"0";"0";"0";"1";"1";""
"202100023816";"159 053";"A01";"3";"7";"2";"0";"7";"1";"1";""
"202100023817";"159 052";"A01";"1";"7";"6";"0";"3";"1";"1";""
"202100023818";"159 051";"A01";"3";"2";"0";"0";"0";"15";"1";""
"202100023819";"159 049";"A01";"2";"7";"0";"2";"1";"1";"1";""
"202100023819";"159 050";"B01";"2";"1";"0";"0";"4";"1";"5";""
"202100023820";"159 048";"A01";"0";"33";"0";"0";"2";"2";"1";""
"202100023821";"159 046";"B01";"3";"1";"0";"2";"8";"26";"5";""
"202100023821";"159 047";"A01";"3";"10";"0";"2";"7";"17";"1";""
"202100023822";"159 044";"B01";"1";"7";"0";"2";"1";"1";"1";""
"202100023822";"159 045";"A01";"1";"7";"0";"2";"4";"1";"1";""
"202100023823";"159 042";"A01";"1";"7";"0";"2";"4";"1";"1";""
"202100023823";"159 043";"B01";"1";"7";"0";"2";"1";"1";"1";""
"202100023824";"159 041";"A01";"1";"7";"4";"0";"2";"1";"1";""
"202100023825";"159 040";"A01";"1";"7";"4";"0";"9";"14";"1";""
"202100023826";"159 038";"A01";"2";"7";"0";"2";"4";"2";"1";""
"202100023826";"159 039";"B01";"2";"7";"0";"2";"1";"2";"1";""
"202100023827";"159 037";"A01";"1";"33";"0";"0";"8";"0";"1";""
"202100023828";"159 035";"B01";"1";"10";"0";"2";"4";"1";"1";""
"202100023828";"159 036";"A01";"2";"7";"0";"2";"1";"2";"1";""
"202100023829";"159 034";"A01";"2";"7";"15";"0";"1";"14";"1";""
"202100023830";"159 032";"A01";"1";"33";"0";"2";"8";"11";"1";""
"202100023830";"159 033";"B01";"1";"7";"0";"2";"2";"0";"1";""
"202100023831";"159 030";"B01";"1";"7";"0";"2";"4";"2";"1";""
"202100023831";"159 031";"A01";"1";"10";"0";"2";"1";"2";"1";""
"202100023832";"159 028";"A01";"2";"43";"0";"2";"1";"2";"1";""
"202100023832";"159 029";"B01";"2";"30";"0";"2";"4";"2";"1";""
"202100023833";"159 026";"B01";"1";"7";"4";"2";"3";"1";"1";""
"202100023833";"159 027";"A01";"1";"13";"0";"2";"2";"12";"1";""
"202100023834";"159 024";"A01";"1";"7";"0";"2";"9";"1";"1";""
"202100023834";"159 025";"B01";"1";"17";"0";"2";"6";"12";"1";""
"202100023835";"159 023";"A01";"2";"33";"4";"0";"1";"26";"1";""
"202100023836";"159 020";"C01";"2";"7";"0";"2";"4";"1";"1";""
"202100023836";"159 021";"B01";"2";"7";"0";"2";"4";"1";"1";""
"202100023836";"159 022";"A01";"2";"10";"0";"2";"1";"1";"1";""
"202100023837";"159 019";"A01";"1";"7";"0";"0";"9";"2";"1";""
"202100023838";"159 018";"A01";"2";"50";"1";"1";"7";"3";"3";""
"202100023839";"159 014";"Z01";"2";"7";"0";"2";"1";"26";"0";""
"202100023839";"159 015";"B01";"2";"7";"0";"2";"4";"1";"1";""
"202100023840";"159 013";"A01";"0";"7";"1";"1";"1";"1";"1";""
"202100023841";"159 011";"B01";"1";"33";"0";"2";"4";"1";"1";""
"202100023841";"159 012";"A01";"1";"7";"0";"2";"1";"1";"1";""
"202100023842";"159 009";"B01";"3";"7";"0";"2";"4";"23";"1";""
"202100023842";"159 010";"A01";"3";"30";"0";"2";"1";"23";"1";""
"202100023843";"159 007";"A01";"1";"7";"0";"2";"3";"1";"1";""
"202100023843";"159 008";"B01";"1";"2";"0";"2";"8";"1";"1";""
"202100023844";"159 006";"A01";"1";"33";"0";"0";"7";"9";"1";""
"202100023845";"159 004";"B01";"1";"7";"0";"2";"2";"16";"1";""
"202100023845";"159 005";"A01";"1";"2";"12";"2";"3";"18";"1";""
"202100023846";"159 002";"A01";"1";"7";"0";"2";"2";"16";"3";""
"202100023846";"159 003";"B01";"1";"1";"0";"2";"3";"1";"5";""
"202100023847";"159 000";"A01";"3";"7";"0";"2";"0";"0";"0";""
"202100023847";"159 001";"B01";"3";"50";"0";"2";"3";"0";"3";""
"202100023848";"158 998";"B01";"1";"50";"0";"2";"0";"19";"3";""
"202100023848";"158 999";"A01";"2";"7";"0";"2";"2";"15";"1";""
"202100023849";"158 996";"A01";"1";"7";"0";"2";"3";"13";"1";""
"202100023849";"158 997";"B01";"1";"43";"12";"2";"4";"15";"1";""
"202100023850";"158 995";"A01";"3";"32";"1";"0";"1";"13";"3";""
"202100023851";"158 993";"A01";"3";"7";"1";"0";"2";"14";"1";""
"202100023851";"158 994";"B01";"3";"10";"1";"0";"4";"0";"1";""
"202100023852";"158 991";"B01";"1";"7";"0";"2";"1";"1";"1";""
"202100023852";"158 992";"A01";"3";"7";"0";"2";"8";"1";"1";""
"202100023853";"158 990";"A01";"3";"7";"0";"1";"1";"1";"1";""
"202100023854";"158 989";"A01";"3";"30";"8";"0";"7";"21";"1";""
"202100023855";"158 987";"A01";"2";"10";"0";"2";"2";"5";"1";""
"202100023855";"158 988";"B01";"2";"7";"0";"2";"1";"1";"1";""
"202100023856";"158 986";"A01";"2";"7";"0";"1";"3";"1";"2";""
"202100023857";"158 984";"B01";"2";"7";"0";"2";"5";"1";"1";""
"202100023857";"158 985";"A01";"2";"30";"0";"2";"8";"11";"1";""
"202100023858";"158 981";"A01";"3";"7";"0";"2";"1";"1";"1";""
"202100023858";"158 982";"B01";"3";"7";"0";"2";"8";"1";"1";""
"202100023858";"158 983";"C01";"3";"7";"0";"2";"8";"1";"1";""
"202100023859";"158 979";"Z01";"3";"7";"0";"2";"1";"15";"0";""
"202100023859";"158 980";"B01";"3";"7";"0";"2";"1";"1";"1";""
"202100023860";"158 977";"B01";"3";"7";"0";"2";"3";"19";"1";""
"202100023860";"158 978";"A01";"1";"10";"0";"2";"1";"1";"1";""
"202100023861";"158 975";"C01";"2";"7";"0";"2";" -1";"17";" -1";""
"202100023861";"158 976";"A01";"1";"7";"9";"0";"1";"14";"1";""
"202100023862";"158 973";"B01";"1";"31";"0";"2";"7";"1";"1";""
"202100023862";"158 974";"A01";"2";"7";"0";"2";"1";"15";"1";""
"202100023863";"158 971";"B01";"0";"7";"0";"2";"8";"1";"1";""
"202100023863";"158 972";"A01";"0";"7";"0";"2";"1";"1";"1";""
"202100023864";"158 970";"A01";"2";"7";"0";"1";"3";"15";"1";""
"202100023865";"158 966";"B01";"2";"7";"0";"2";"1";"1";"1";""
"202100023865";"158 967";"C01";"2";"7";"0";"2";"1";"1";"1";""
"202100023865";"158 968";"D01";"1";"7";"0";"2";"4";"1";"1";""
"202100023865";"158 969";"A01";"1";"7";"16";"2";"1";"13";"1";""
"202100023866";"158 965";"A01";"1";"30";"0";"0";"0";"1";"3";""
"202100023867";"158 963";"B01";"2";"30";"0";"2";"0";"0";"1";""
"202100023867";"158 964";"A01";"2";"7";"0";"2";"1";"1";"1";""
"202100023868";"158 961";"B01";"2";"1";"0";"2";"0";"1";"5";""
"202100023868";"158 962";"A01";"3";"7";"0";"2";"3";"15";"1";""
"202100023869";"158 959";"B01";"3";"50";"0";"2";"1";"25";"3";""
"202100023869";"158 960";"A01";"3";"7";"0";"2";"2";"9";"1";""
"202100023870";"158 958";"Z01";"1";"30";"0";"1";"1";"25";"1";""
"202100023871";"158 957";"A01";"1";"30";"1";"0";"3";"13";"1";""
"202100023872";"158 956";"A01";"1";"31";"8";"0";"3";"14";"1";""
"202100023873";"158 954";"A01";"1";"7";"0";"2";"2";"22";"1";""
"202100023873";"158 955";"B01";"1";"1";"0";"2";"1";"1";"5";""
"202100023874";"158 953";"A01";"1";"7";"2";"0";"1";"13";"1";""
"202100023875";"158 952";"A01";"2";"7";"0";"1";"2";"1";"1";""
"202100023876";"158 950";"A01";"2";"10";"0";"2";"3";"13";"1";""
"202100023876";"158 951";"B01";"2";"33";"0";"2";"8";"1";"1";""
"202100023877";"158 948";"A01";"1";"10";"0";"2";"1";"16";"1";""
"202100023877";"158 949";"B01";"2";"1";"0";"2";"7";"1";"5";""
"202100023878";"158 947";"A01";"2";"7";"2";"0";"7";"1";"1";""
"202100023879";"158 946";"A01";"3";"7";"6";"0";"1";"1";"1";""
"202100023880";"158 945";"Z01";"3";"99";"0";"1";"2";"26";"0";""
"202100023881";"158 943";"Z01";"2";"7";"0";"0";"0";"11";"1";""
"202100023881";"158 944";"A01";"1";"30";"0";"0";"0";"21";"1";""
"202100023882";"158 942";"A01";"2";"7";"0";"1";"1";"1";"1";""
"202100023883";"158 941";"A01";"1";"7";"0";"1";"4";"4";"1";""
"202100023884";"158 939";"B01";"1";"7";"0";"0";"4";"2";"1";""
"202100023884";"158 940";"A01";"1";"7";"0";"2";"1";"2";"1";""
"202100023885";"158 938";"A01";"1";"30";"0";"0";"8";"26";"1";""
"202100023886";"158 937";"A01";"2";"7";"2";"0";"1";"1";"1";""
"202100023887";"158 935";"B01";"1";"7";"0";"2";"6";"2";"1";""
"202100023887";"158 936";"A01";"1";"1";"0";"2";"1";"2";"5";""
"202100023888";"158 934";"A01";"2";"7";"0";"0";"9";"1";"1";""
"202100023889";"158 932";"B01";"2";"7";"0";"2";"3";"15";"1";""
"202100023889";"158 933";"A01";"1";"7";"0";"2";"1";"1";"1";""
"202100023890";"158 930";"B01";"1";"7";"0";"2";"3";"1";"1";""
"202100023890";"158 931";"A01";"0";"80";"0";"2";"3";"19";"3";""
"202100023891";"158 928";"A01";"0";"2";"0";"2";"8";"19";"1";""
"202100023891";"158 929";"B01";"0";"10";"0";"2";"3";"1";"1";""
"202100023892";"158 926";"B01";"3";"50";"0";"2";"3";"19";"3";""
"202100023892";"158 927";"A01";"1";"10";"0";"9";"1";"1";"1";""
"202100023893";"158 925";"Z01";"2";"7";"0";"1";"8";"1";"0";""
"202100023894";"158 923";"B01";"3";"7";"0";"2";"8";"26";"1";""
"202100023894";"158 924";"A01";"3";"7";"0";"2";"1";"0";"1";""
"202100023895";"158 921";"B01";"0";"7";"0";"2";"3";"1";"1";""
"202100023895";"158 922";"A01";"3";"7";"0";"2";"3";"13";"1";""
"202100023896";"158 919";"B01";"2";"7";"0";"2";"1";"1";"1";""
"202100023896";"158 920";"A01";"1";"7";"0";"2";"1";"5";"1";""
"202100023897";"158 918";"A01";"3";"30";"0";"0";"0";"26";"0";""
"202100023898";"158 917";"A01";"1";"7";"13";"0";"2";"14";"1";""
"202100023899";"158 915";"B01";"3";"7";"0";"2";"5";"20";"0";""
"202100023899";"158 916";"A01";"1";"7";"1";"0";"8";"24";"1";""
"202100023900";"158 913";"Z01";"2";"7";"0";"2";"1";"1";"1";""
"202100023900";"158 914";"B01";"2";"33";"0";"2";"7";"16";"1";""
"202100023901";"158 911";"B01";"1";"80";"0";"2";"4";"19";"3";""
"202100023901";"158 912";"A01";"1";"7";"0";"2";"3";"9";"1";""
"202100023902";"158 910";"A01";"3";"7";"0";"1";"4";"4";"3";""
"202100023903";"158 908";"B01";"1";"7";"0";"2";"2";"2";"1";""
"202100023903";"158 909";"A01";"1";"7";"0";"2";"1";"16";"1";""
"202100023904";"158 906";"B01";"3";"7";"0";"2";"1";"1";"0";""
"202100023904";"158 907";"A01";"3";"7";"0";"2";"3";"26";"1";""
"202100023905";"158 904";"B01";"1";"33";"0";"2";"0";"17";"1";""
"202100023905";"158 905";"A01";"1";"7";"0";"2";"1";"15";"1";""
"202100023906";"158 902";"B01";"1";"7";"0";"2";"3";"1";"1";""
"202100023906";"158 903";"A01";"2";"7";"0";"2";"3";"13";"1";""
"202100023907";"158 900";"A01";"1";"7";"0";"2";"1";"2";"1";""
"202100023907";"158 901";"B01";"1";"7";"0";"2";"4";"2";"1";""
"202100023908";"158 898";"A01";"2";"7";"0";"2";"3";"13";"1";""
"202100023908";"158 899";"B01";"2";"33";"0";"2";"5";"3";"1";""
"202100023909";"158 896";"A01";"1";"7";"0";"2";"6";"1";"1";""
"202100023909";"158 897";"B01";"1";"7";"0";"2";"3";"1";"1";""
"202100023910";"158 895";"A01";"1";"7";"1";"0";"1";"13";"1";""
"202100023911";"158 893";"B01";"1";"33";"0";"2";"3";"1";"1";""
"202100023911";"158 894";"A01";"2";"50";"0";"2";"3";"13";"3";""
"202100023912";"158 891";"B01";"2";"30";"0";"2";"3";"1";"1";""
"202100023912";"158 892";"A01";"2";"10";"0";"2";"7";"16";"1";""
"202100023913";"158 889";"B01";"1";"30";"0";"2";"3";"18";"1";""
"202100023913";"158 890";"A01";"1";"7";"0";"2";"1";"16";"1";""
"202100023914";"158 888";"A01";"1";"7";"8";"0";"2";"1";"1";""
"202100023915";"158 886";"A01";"1";"7";"0";"2";"5";"26";"6";""
"202100023915";"158 887";"B01";"1";"2";"0";"2";"1";"1";"1";""
"202100023916";"158 884";"B01";"2";"41";"0";"2";"7";"25";"3";""
"202100023916";"158 885";"A01";"1";"7";"0";"2";"1";"20";"3";""
"202100023917";"158 882";"A01";"2";"30";"0";"2";"1";"16";"1";""
"202100023917";"158 883";"B01";"2";"7";"0";"2";"5";"1";"1";""
"202100023918";"158 880";"B01";"3";"7";"0";"2";"2";"9";"1";""
"202100023918";"158 881";"A01";"3";"7";"0";"2";"7";"1";"1";""
"202100023919";"158 878";"Z01";"2";"7";"0";"2";"1";"1";"0";""
"202100023919";"158 879";"A01";"1";"99";"0";"2";"1";"5";"6";""
"202100023920";"158 877";"A01";"1";"7";"0";"1";"2";"19";"1";""
"202100023921";"158 876";"A01";"3";"1";"0";"1";"1";"1";"5";""
"202100023922";"158 874";"B01";"3";"7";"0";"2";"0";"23";"1";""
"202100023922";"158 875";"A01";"3";"30";"0";"2";"1";"23";"1";""
"202100023923";"158 872";"A01";"1";"7";"0";"2";"2";"16";"1";""
"202100023923";"158 873";"SB01";"1";"30";"0";"2";"1";"0";"1";""
"202100023924";"158 870";"B01";"0";"30";"0";"2";"1";"17";"1";""
"202100023924";"158 871";"A01";"0";"7";"0";"2";"3";"15";"1";""
"202100023925";"158 866";"A01";"2";"7";"0";"2";"7";"21";"1";""
"202100023925";"158 867";"B01";"2";"2";"0";"2";"4";"1";"1";""
"202100023926";"158 864";"B01";"1";"7";"0";"2";"4";"23";"1";""
"202100023926";"158 865";"A01";"1";"7";"0";"2";"1";"2";"1";""
"202100023927";"158 863";"A01";"1";"50";"0";"1";"1";"1";"3";""
"202100023928";"158 861";"B01";"1";"7";"0";"2";"3";"0";"1";""
"202100023928";"158 862";"A01";"2";"7";"0";"2";"3";"13";"1";""
"202100023929";"158 859";"A01";"1";"7";"0";"0";"4";"2";"1";""
"202100023929";"158 860";"B01";"1";"33";"0";"2";"1";"2";"1";""
"202100023930";"158 857";"A01";"1";"15";"0";"2";"3";"1";"1";""
"202100023930";"158 858";"B01";"2";"7";"0";"0";"3";"0";"1";""
"202100023931";"158 855";"B01";"3";"14";"0";"2";"3";"1";"1";""
"202100023931";"158 856";"A01";"3";"7";"4";"2";"2";"1";"1";""
"202100023932";"158 853";"A01";"1";"7";"0";"2";"3";"26";"1";""
"202100023932";"158 854";"B01";"2";"7";"0";"2";"6";"1";"0";""
"202100023933";"158 852";"A01";"1";"7";"13";"0";"1";"2";"1";""
"202100023934";"158 850";"A01";"1";"33";"0";"2";"1";"13";"1";""
"202100023934";"158 851";"B01";"2";"14";"0";"2";"3";"1";"1";""
"202100023935";"158 848";"B01";"2";"2";"8";"0";"1";"1";"1";""
"202100023935";"158 849";"A01";"3";"7";"0";"0";"0";"15";"1";""
"202100023936";"158 847";"A01";"1";"7";"2";"0";"0";"1";"1";""
"202100023937";"158 846";"A01";"1";"7";"6";"0";"1";"1";"1";""
"202100023938";"158 843";"A01";"2";"7";"0";"2";"1";"13";"1";""
"202100023938";"158 844";"B01";"1";"7";"0";"2";"3";"1";"1";""
"202100023938";"158 845";"C01";"1";"7";"0";"2";"8";"1";"1";""
"202100023939";"158 842";"A01";"2";"43";"13";"0";"2";"1";"1";""
"202100023940";"158 839";"A01";"2";"10";"0";"2";"3";"13";"1";""
"202100023940";"158 840";"C01";"1";"15";"0";"2";"1";"1";"1";""
"202100023940";"158 841";"B01";"1";"10";"0";"2";"3";"1";"1";""
"202100023941";"158 838";"A01";"2";"10";"13";"0";"1";"1";"1";""
"202100023942";"158 836";"B01";"2";"7";"0";"2";"2";"1";"1";""
"202100023942";"158 837";"A01";"3";"7";"6";"2";"7";"19";"1";""
"202100023943";"158 835";"A01";"1";"33";"0";"0";"1";"9";"1";""
"202100023944";"158 833";"B01";"0";"7";"0";"9";"6";"1";"1";""
"202100023944";"158 834";"A01";"0";"1";"0";"2";"3";"13";"5";""
"202100023945";"158 832";"A01";"1";"7";"0";"0";"9";"1";"1";""
"202100023946";"158 830";"B01";"3";"7";"0";"2";"1";"1";"1";""
"202100023946";"158 831";"A01";"3";"7";"0";"2";"1";"5";"1";""
"202100023947";"158 828";"B01";"3";"1";"0";"2";"7";"17";"5";""
"202100023947";"158 829";"A01";"3";"1";"0";"2";"8";"13";"5";""
"202100023948";"158 826";"B01";"1";"7";"0";"2";"1";"1";"1";""
"202100023948";"158 827";"A01";"2";"7";"0";"2";"2";"17";"1";""
"202100023949";"158 824";"A01";"2";"1";"12";"0";"0";"1";"5";""
"202100023949";"158 825";"B01";"2";"38";"0";"0";"0";"17";"0";"1"
"202100023950";"158 822";"C01";"2";"10";"0";"9";"4";"1";"1";""
"202100023950";"158 823";"A01";"1";"1";"6";"2";"1";"0";"5";""
"202100023951";"158 820";"A01";"0";"2";"0";"2";"1";"5";"1";""
"202100023951";"158 821";"B01";"0";"7";"0";"2";"3";"1";"1";""
"202100023952";"158 818";"A01";"2";"7";"0";"2";"3";"10";"1";""
"202100023952";"158 819";"B01";"2";"33";"0";"2";"1";"1";"1";""
"202100023953";"158 816";"B01";"3";"7";"0";"2";"3";"19";"2";""
"202100023953";"158 817";"A01";"2";"7";"0";"2";"1";"1";"1";""
"202100023954";"158 815";"A01";"2";"32";"10";"0";"3";"17";"1";""
"202100023955";"158 814";"A01";"2";"7";"0";"0";"2";"1";"1";""
"202100023956";"158 813";"A01";"2";"7";"6";"0";"2";"1";"1";""
"202100023957";"158 811";"B01";"3";"80";"0";"2";"8";"1";"3";""
"202100023957";"158 812";"A01";"3";"7";"0";"2";"7";"17";"0";""
"202100023958";"158 809";"B01";"2";"7";"0";"2";"8";"15";"1";""
"202100023958";"158 810";"A01";"2";"7";"0";"2";"1";"1";"1";""
"202100023959";"158 807";"B01";"1";"2";"0";"2";"8";"24";"1";""
"202100023959";"158 808";"A01";"1";"10";"1";"0";"1";"1";"1";""
"202100023960";"158 806";"A01";"1";"7";"0";"0";"0";"14";"1";""
"202100023961";"158 805";"A01";"1";"10";"3";"0";"2";"0";"1";""
"202100023962";"158 804";"A01";"3";"7";"14";"9";"0";"1";"1";""
"202100023963";"158 799";"C01";"2";"7";"3";"0";"2";"1";"1";""
"202100023963";"158 800";"B01";"2";"7";"3";"2";"6";"1";"1";""
"202100023963";"158 801";"A01";"2";"7";"3";"2";"2";"17";"1";""
"202100023964";"158 798";"A01";"2";"7";"0";"1";"3";"0";"1";""
"202100023965";"158 797";"A01";"2";"7";"0";"0";"0";"1";"1";""
"202100023966";"158 796";"A01";"3";"7";"0";"1";"3";"15";"1";""
"202100023967";"158 795";"A01";"0";"7";"0";"1";"2";"21";"1";""
"202100023968";"158 793";"A01";"1";"7";"0";"2";"3";"13";"1";""
"202100023968";"158 794";"B01";"2";"33";"0";"2";"1";"21";"1";""
"202100023969";"158 792";"A01";"2";"7";"0";"1";"7";"1";"1";""
"202100023970";"158 791";"A01";"3";"7";"6";"0";"2";"1";"1";""
"202100023971";"158 790";"A01";"2";"34";"0";"0";"0";"0";"1";""
"202100023972";"158 788";"B01";"2";"33";"13";"2";"9";"0";"1";""
"202100023972";"158 789";"A01";"1";"13";"0";"9";"6";"17";"1";""
"202100023973";"158 786";"B01";"1";"7";"0";"2";"8";"2";"1";""
"202100023973";"158 787";"A01";"1";"1";"0";"2";"7";"1";"5";""
"202100023974";"158 783";"C01";"1";"7";"0";"2";"1";"1";"1";""
"202100023974";"158 784";"B01";"2";"7";"0";"2";"4";"23";"1";""
"202100023974";"158 785";"A01";"2";"7";"0";"0";"4";"23";"1";""
"202100023975";"158 782";"A01";"2";"7";"2";"0";"1";"14";"1";""