"Num_Acc";"id_vehicule";"num_veh";"senc";"catv";"obs";"obsm";"choc";"manv";"motor";"occutc"
"202100024205";"158 408";"A01";"2";"7";"2";"0";"1";"1";"1";""
"202100024206";"158 406";"A01";"1";"34";"0";"2";"1";"2";"1";""
"202100024206";"158 407";"B01";"1";"7";"0";"2";"4";"15";"2";""
"202100024207";"158 404";"B01";"1";"7";"0";"2";"3";"1";"1";""
"202100024207";"158 405";"A01";"1";"33";"0";"2";"2";"9";"1";""
"202100024208";"158 403";"A01";"2";"7";"13";"0";"1";"1";"1";""
"202100024209";"158 401";"A01";"1";"10";"0";"2";"7";"15";"1";""
"202100024209";"158 402";"B01";"2";"33";"0";"2";"1";"1";"1";""
"202100024210";"158 400";"A01";"2";"33";"7";"0";"3";"1";"1";""
"202100024211";"158 398";"A01";"2";"7";"0";"9";"1";"13";"1";""
"202100024211";"158 399";"B01";"1";"1";"0";"2";"1";"1";"5";""
"202100024212";"158 395";"A01";"3";"7";"0";"2";"1";"13";"1";""
"202100024212";"158 396";"B01";"3";"7";"0";"2";"3";"1";"1";""
"202100024212";"158 397";"C01";"3";"7";"0";"2";"1";"1";"1";""
"202100024213";"158 394";"A01";"2";"7";"10";"0";"2";"1";"1";""
"202100024214";"158 391";"B01";"2";"7";"0";"0";"3";"1";"1";""
"202100024214";"158 392";"A01";"1";"7";"0";"2";"2";"1";"1";""
"202100024214";"158 393";"C01";"2";"7";"0";"2";"3";"1";"2";""
"202100024215";"158 390";"A01";"3";"7";"2";"0";"3";"14";"1";""
"202100024216";"158 388";"A01";"2";"7";"13";"0";"2";"17";"1";""
"202100024216";"158 389";"B01";"2";"21";"0";"0";"0";"15";"1";""
"202100024217";"158 386";"B01";"2";"7";"0";"2";"7";"1";"1";""
"202100024217";"158 387";"A01";"2";"1";"0";"2";"1";"1";"5";""
"202100024218";"158 384";"B01";"2";"7";"0";"2";"3";"1";"1";""
"202100024218";"158 385";"A01";"1";"7";"0";"2";"1";"13";"3";""
"202100024219";"158 382";"A01";"2";"10";"0";"2";"1";"1";"1";""
"202100024219";"158 383";"B01";"2";"33";"0";"0";"4";"1";"1";""
"202100024220";"158 379";"A01";"2";"7";"0";"2";"4";"1";"1";""
"202100024220";"158 380";"B01";"2";"7";"0";"2";"4";"1";"1";""
"202100024220";"158 381";"C01";"2";"7";"0";"2";"1";"1";"1";""
"202100024221";"158 378";"A01";"1";"33";"0";"0";"0";"1";"1";""
"202100024222";"158 373";"A01";"1";"7";"0";"2";"1";"26";"0";""
"202100024222";"158 374";"B01";"1";"7";"0";"2";"4";"0";"1";""
"202100024222";"158 375";"C01";"1";"7";"0";"2";"4";"0";"1";""
"202100024222";"158 376";"D01";"1";"7";"0";"2";"4";"0";"1";""
"202100024222";"158 377";"E01";"1";"33";"0";"2";"1";"0";"1";""
"202100024223";"158 372";"A01";"2";"7";"3";"0";"1";"12";"1";""
"202100024224";"158 370";"A01";"2";"7";"0";"2";"8";"3";"1";""
"202100024224";"158 371";"B01";"2";"33";"0";"2";"7";"1";"1";""
"202100024225";"158 369";"A01";"1";"7";"4";"2";"7";"14";"1";""
"202100024226";"158 368";"A01";"3";"7";"0";"1";"1";"0";"1";""
"202100024227";"158 365";"C01";"1";"7";"0";"2";"4";"23";"1";""
"202100024227";"158 366";"B01";"1";"7";"0";"2";"4";"23";"1";""
"202100024227";"158 367";"A01";"3";"7";"0";"2";"3";"2";"1";""
"202100024228";"158 363";"B01";"1";"7";"0";"2";"6";"1";"1";""
"202100024228";"158 364";"A01";"1";"7";"0";"2";"2";"14";"1";""
"202100024229";"158 361";"A01";"2";"7";"0";"2";"1";"9";"1";""
"202100024229";"158 362";"B01";"1";"2";"0";"2";"7";"0";"1";""
"202100024230";"158 359";"A01";"3";"30";"0";"2";"6";"1";"1";""
"202100024230";"158 360";"B01";"3";"7";"0";"2";"8";"1";"3";""
"202100024231";"158 357";"B01";"1";"7";"0";"2";"4";"23";"1";""
"202100024231";"158 358";"A01";"1";"7";"0";"2";"1";"1";"1";""
"202100024232";"158 355";"A01";"1";"7";"0";"2";"1";"2";"1";""
"202100024232";"158 356";"B01";"1";"7";"0";"2";"4";"2";"1";""
"202100024233";"158 353";"B01";"1";"30";"0";"2";"1";"1";"1";""
"202100024233";"158 354";"A01";"1";"7";"0";"2";"4";"9";"1";""
"202100024234";"158 351";"B01";"2";"2";"0";"2";"1";"1";"6";""
"202100024234";"158 352";"A01";"1";"7";"0";"2";"3";"15";"1";""
"202100024235";"158 349";"B01";"1";"7";"0";"2";"0";"0";"0";""
"202100024235";"158 350";"A01";"3";"7";"0";"2";"1";"26";"1";""
"202100024236";"158 348";"A01";"0";"7";"0";"0";"9";"0";"1";""
"202100024237";"158 346";"A01";"2";"7";"0";"2";"3";"15";"1";""
"202100024237";"158 347";"B01";"1";"32";"0";"2";"1";"1";"1";""
"202100024238";"158 343";"A01";"1";"1";"0";"0";"0";"26";"5";""
"202100024239";"158 341";"A01";"3";"7";"0";"2";"8";"19";"1";""
"202100024239";"158 342";"B01";"3";"7";"0";"2";"1";"19";"1";""
"202100024240";"158 340";"A01";"2";"7";"9";"0";"1";"6";"1";""
"202100024241";"158 338";"A01";"1";"30";"0";"2";"7";"1";"0";""
"202100024241";"158 339";"B01";"1";"7";"0";"2";"8";"11";"1";""
"202100024242";"158 336";"A01";"0";"7";"0";"2";"1";"1";"1";""
"202100024242";"158 337";"B01";"0";"7";"0";"2";"8";"1";"1";""
"202100024243";"158 335";"A01";"2";"1";"0";"0";"8";"1";"5";""
"202100024244";"158 332";"C01";"1";"7";"0";"2";"4";"1";"1";""
"202100024244";"158 333";"B01";"1";"7";"0";"2";"6";"1";"1";""
"202100024244";"158 334";"A01";"1";"3";"0";"2";"2";"1";"1";""
"202100024245";"158 330";"A01";"1";"7";"0";"2";"3";"15";"1";""
"202100024245";"158 331";"B01";"2";"31";"0";"2";"2";"12";"1";""
"202100024246";"158 328";"A01";"1";"2";"0";"2";"1";"13";"1";""
"202100024246";"158 329";"B01";"2";"7";"0";"2";"3";"23";"1";""
"202100024247";"158 326";"B01";"2";"7";"0";"0";"0";"0";"1";""
"202100024247";"158 327";"A01";"1";"33";"9";"2";"3";"17";"1";""
"202100024248";"158 325";"A01";"0";"7";"12";"0";"9";"15";"1";""
"202100024249";"158 322";"A01";"0";"7";"0";"1";"1";"1";"1";""
"202100024250";"158 321";"A01";"2";"7";"0";"1";"1";"1";"0";""
"202100024251";"158 319";"A01";"3";"37";"0";"1";"2";"26";"0";"1"
"202100024252";"158 318";"A01";"1";"7";"0";"1";"1";"1";"1";""
"202100024253";"158 316";"A01";"3";"7";"0";"2";"3";"1";"1";""
"202100024253";"158 317";"B01";"3";"7";"0";"2";"5";"15";"1";""
"202100024254";"158 314";"A01";"1";"7";"0";"2";"3";"20";"1";""
"202100024254";"158 315";"B01";"1";"33";"0";"2";"7";"1";"1";""
"202100024255";"158 313";"A01";"2";"32";"0";"0";"7";"26";"1";""
"202100024256";"158 311";"B01";"2";"50";"0";"2";"0";"1";"3";""
"202100024256";"158 312";"A01";"1";"7";"0";"2";"2";"15";"1";""
"202100024257";"158 309";"A01";"1";"31";"0";"2";"8";"1";"1";""
"202100024257";"158 310";"B01";"1";"1";"0";"2";"0";"11";"5";""
"202100024258";"158 307";"B01";"1";"32";"0";"2";"4";"1";"1";""
"202100024258";"158 308";"A01";"1";"7";"0";"2";"1";"1";"1";""
"202100024259";"158 304";"B01";"2";"10";"0";"2";"3";"1";"1";""
"202100024259";"158 305";"C01";"2";"7";"0";"2";"1";"1";"1";""
"202100024259";"158 306";"A01";"1";"7";"0";"2";"1";"1";"1";""
"202100024260";"158 303";"A01";"3";"7";"0";"1";"7";"1";"1";""
"202100024261";"158 301";"B01";"1";"7";"0";"2";"6";"1";"1";""
"202100024261";"158 302";"A01";"1";"30";"0";"2";"1";"1";"1";""
"202100024262";"158 300";"A01";"1";"30";"0";"0";"0";"26";"1";""
"202100024263";"158 298";"B01";"3";"7";"0";"2";"8";"15";"1";""
"202100024263";"158 299";"A01";"3";"30";"0";"2";"3";"17";"1";""
"202100024264";"158 296";"A01";"2";"7";"0";"2";"1";"19";"1";""
"202100024264";"158 297";"B01";"3";"2";"0";"2";"7";"1";"1";""
"202100024265";"158 294";"B01";"3";"1";"0";"2";"1";"18";"5";""
"202100024265";"158 295";"A01";"3";"21";"0";"2";"6";"23";"1";""
"202100024266";"158 293";"A01";"1";"7";"0";"1";"1";"15";"1";""
"202100024267";"158 291";"B01";"1";"7";"0";"2";"2";"1";"1";""
"202100024267";"158 292";"A01";"1";"7";"0";"2";"3";"1";"1";""
"202100024268";"158 290";"A01";"3";"7";"0";"1";"4";"26";"1";""
"202100024269";"158 288";"A01";"3";"7";"0";"2";"1";"1";"1";""
"202100024269";"158 289";"B01";"1";"7";"0";"2";"4";"1";"1";""
"202100024270";"158 287";"A01";"0";"7";"0";"1";"1";"15";"1";""
"202100024271";"158 285";"A01";"2";"7";"0";"2";"1";"15";"1";""
"202100024271";"158 286";"B01";"1";"33";"0";"2";"1";"2";"1";""
"202100024272";"158 283";"B01";"1";"50";"0";"0";"0";"0";"3";""
"202100024272";"158 284";"A01";"0";"7";"0";"2";"1";"15";"1";""
"202100024273";"158 282";"A01";"2";"2";"0";"0";"1";"1";"1";""
"202100024274";"158 280";"B01";"0";"7";"0";"0";"0";"0";"1";""
"202100024274";"158 281";"A01";"0";"10";"0";"2";"1";"26";"1";""
"202100024275";"158 279";"A01";"1";"7";"0";"1";"3";"1";"1";""
"202100024276";"158 278";"A01";"2";"80";"0";"0";"0";"1";"3";""
"202100024277";"158 276";"B01";"1";"50";"0";"2";"8";"2";"3";""
"202100024277";"158 277";"A01";"2";"7";"0";"2";"1";"15";"1";""
"202100024278";"158 274";"B01";"1";"32";"0";"2";"0";"1";"1";""
"202100024278";"158 275";"A01";"1";"7";"0";"2";"0";"1";"1";""
"202100024279";"158 272";"A01";"2";"1";"0";"2";"1";"1";"5";""
"202100024279";"158 273";"B01";"3";"10";"0";"2";"3";"15";"1";""
"202100024280";"158 270";"A01";"3";"33";"0";"2";"0";"1";"1";""
"202100024280";"158 271";"B01";"3";"15";"0";"2";"0";"1";"1";""
"202100024281";"158 268";"B01";"1";"80";"0";"2";"1";"1";"3";""
"202100024281";"158 269";"A01";"1";"7";"0";"2";"3";"1";"1";""
"202100024282";"158 266";"A01";"1";"7";"0";"2";"2";"10";"1";""
"202100024282";"158 267";"B01";"1";"33";"0";"2";"0";"1";"1";""
"202100024283";"158 265";"A01";"0";"7";"1";"0";"0";"1";"1";""
"202100024284";"158 263";"A01";"1";"7";"0";"2";"3";"15";"1";""
"202100024284";"158 264";"B01";"1";"7";"7";"2";"2";"1";"1";""
"202100024285";"158 262";"A01";"1";"7";"3";"0";"1";"1";"1";""
"202100024286";"158 260";"B01";"1";"7";"0";"2";"1";"13";"1";""
"202100024286";"158 261";"A01";"2";"7";"0";"2";"1";"15";"1";""
"202100024287";"158 258";"A01";"2";"33";"0";"2";"3";"2";"1";""
"202100024287";"158 259";"B01";"2";"7";"0";"2";"4";"2";"1";""
"202100024288";"158 256";"Z01";"3";"1";"0";"2";"8";"19";"5";""
"202100024288";"158 257";"A01";"3";"7";"0";"9";"3";"0";"1";""
"202100024289";"158 254";"A01";"3";"7";"0";"2";"1";"16";"2";""
"202100024289";"158 255";"B01";"3";"1";"0";"2";"3";"1";"5";""
"202100024290";"158 252";"A01";"1";"7";"3";"0";"1";"14";"1";""
"202100024291";"158 250";"B01";"3";"7";"0";"2";"7";"15";"1";""
"202100024291";"158 251";"A01";"3";"7";"0";"2";"1";"9";"1";""
"202100024292";"158 248";"B01";"0";"7";"0";"2";"8";"1";"1";""
"202100024292";"158 249";"A01";"0";"7";"0";"2";"1";"26";"1";""
"202100024293";"158 247";"Z01";"1";"7";"0";"1";"3";"2";"1";""
"202100024294";"158 245";"B01";"2";"7";"0";"2";"2";"5";"1";""
"202100024294";"158 246";"A01";"1";"7";"0";"2";"3";"15";"1";""
"202100024295";"158 243";"B01";"1";"7";"0";"2";"3";"1";"1";""
"202100024295";"158 244";"A01";"2";"7";"0";"2";"1";"5";"1";""
"202100024296";"158 242";"A01";"2";"7";"2";"0";"1";"1";"1";""
"202100024297";"158 240";"A01";"3";"7";"0";"2";"1";"16";"1";""
"202100024297";"158 241";"B01";"3";"1";"0";"2";"7";"25";"0";""
"202100024298";"158 239";"A01";"3";"7";"0";"1";"3";"1";"1";""
"202100024299";"158 238";"A01";"2";"31";"16";"1";"1";"15";"1";""
"202100024300";"158 234";"B01";"1";"7";"0";"2";"3";"1";"1";""
"202100024300";"158 235";"C01";"2";"7";"0";"2";"3";"1";"1";""
"202100024300";"158 236";"D01";"2";"7";"0";"2";"1";"1";"1";""
"202100024300";"158 237";"A01";"1";"7";"0";"2";"1";"17";"1";""
"202100024301";"158 233";"A01";"3";"7";"4";"0";"1";"2";"1";""
"202100024302";"158 230";"C01";"3";"7";"0";"2";"4";"0";"1";""
"202100024302";"158 231";"B01";"3";"7";"0";"2";"4";"0";"1";""
"202100024302";"158 232";"A01";"3";"7";"0";"2";"1";"26";"1";""
"202100024303";"158 228";"B01";"1";"33";"0";"2";"1";"1";"1";""
"202100024303";"158 229";"A01";"1";"7";"0";"2";"7";"15";"1";""
"202100024304";"158 226";"A01";"2";"7";"0";"2";"3";"15";"1";""
"202100024304";"158 227";"B01";"3";"10";"0";"2";"3";"1";"1";""
"202100024305";"158 224";"A01";"2";"7";"0";"2";"6";"11";"1";""
"202100024305";"158 225";"B01";"2";"33";"0";"2";"2";"1";"1";""
"202100024306";"158 219";"E01";"2";"7";"0";"2";"1";"2";"1";""
"202100024306";"158 220";"D01";"2";"7";"0";"2";"1";"2";"2";""
"202100024306";"158 221";"C01";"2";"7";"0";"2";"2";"2";"1";""
"202100024306";"158 222";"A01";"1";"14";"0";"2";"3";"11";"1";""
"202100024306";"158 223";"B01";"2";"7";"0";"2";"5";"1";"1";""
"202100024307";"158 217";"A01";"1";"33";"0";"2";"1";"18";"1";""
"202100024307";"158 218";"B01";"1";"7";"0";"2";"2";"20";"1";""
"202100024308";"158 216";"A01";"3";"31";"4";"0";"0";"14";"1";""
"202100024309";"158 215";"A01";"1";"1";"1";"0";"1";"1";"5";""
"202100024310";"158 213";"B01";"1";"33";"0";"2";"1";"1";"1";""
"202100024310";"158 214";"A01";"1";"7";"0";"2";"0";"1";"1";""
"202100024311";"158 211";"B01";"1";"33";"0";"2";"1";"1";"1";""
"202100024311";"158 212";"A01";"3";"7";"0";"2";"7";"15";"1";""
"202100024312";"158 210";"A01";"1";"7";"0";"1";"1";"1";"2";""
"202100024313";"158 208";"A01";"1";"30";"0";"2";"1";"13";"1";""
"202100024313";"158 209";"B01";"2";"7";"0";"2";"3";"1";"1";""
"202100024314";"158 206";"A01";"1";"7";"0";"2";"4";"2";"1";""
"202100024314";"158 207";"B01";"1";"7";"0";"2";"1";"2";"1";""
"202100024315";"158 205";"A01";"2";"32";"0";"0";"7";"1";"1";""
"202100024316";"158 203";"A01";"2";"7";"0";"2";"7";"22";"1";""
"202100024316";"158 204";"B01";"2";"50";"0";"2";"1";"18";"3";""
"202100024317";"158 201";"B01";"1";"10";"0";"2";"4";"1";"1";""
"202100024317";"158 202";"A01";"3";"33";"0";"2";"1";"2";"1";""
"202100024318";"158 200";"A01";"1";"1";"0";"1";"1";"1";"5";""
"202100024319";"158 199";"A01";"3";"30";"0";"0";"8";"16";"1";""
"202100024320";"158 197";"Z01";"1";"7";"0";"2";"7";"1";"1";""
"202100024320";"158 198";"A01";"1";"50";"0";"2";"8";"1";"3";""
"202100024321";"158 196";"A01";"2";"10";"1";"0";"2";"1";"1";""
"202100024322";"158 194";"A01";"1";"7";"0";"2";"1";"1";"1";""
"202100024322";"158 195";"B01";"2";"43";"0";"2";"4";"24";"1";""
"202100024323";"158 193";"A01";"2";"7";"8";"0";"1";"1";"0";""
"202100024324";"158 191";"B01";"0";"7";"0";"2";"3";"1";"1";""
"202100024324";"158 192";"A01";"0";"7";"0";"2";"5";"9";"1";""
"202100024325";"158 189";"A01";"3";"7";"12";"2";"5";"1";"1";""
"202100024325";"158 190";"B01";"3";"7";"0";"2";"3";"1";"1";""
"202100024326";"158 187";"B01";"3";"1";"0";"2";"1";"1";"0";""
"202100024326";"158 188";"A01";"3";"37";"1";"0";"8";"15";"2";"1"
"202100024327";"158 185";"B01";"3";"7";"14";"0";"1";"1";"1";""
"202100024327";"158 186";"A01";"0";"7";"0";"1";"1";"9";"1";""
"202100024328";"158 184";"Y01";"0";"1";"4";"0";"1";"1";"5";""
"202100024329";"158 182";"A01";"2";"50";"0";"2";"7";"5";"3";""
"202100024329";"158 183";"B01";"1";"7";"0";"2";"3";"16";"1";""
"202100024330";"158 180";"B01";"1";"7";"0";"2";"2";"2";"1";""
"202100024330";"158 181";"A01";"2";"30";"0";"2";"3";"0";"1";""
"202100024331";"158 179";"A01";"3";"30";"0";"0";"0";"1";"1";""
"202100024332";"158 178";"A01";"2";"7";"4";"0";"3";"1";"1";""
"202100024333";"158 176";"B01";"1";"7";"0";"2";"8";"1";"1";""
"202100024333";"158 177";"A01";"2";"33";"0";"2";"1";"1";"1";""
"202100024334";"158 173";"A01";"2";"33";"0";"2";"0";"2";"1";""
"202100024334";"158 174";"B01";"1";"7";"0";"2";"3";"1";"1";""
"202100024334";"158 175";"C01";"1";"7";"0";"2";"6";"1";"1";""
"202100024335";"158 171";"B01";"2";"7";"0";"2";"2";"0";"1";""
"202100024335";"158 172";"A01";"1";"7";"0";"2";"1";"0";"1";""
"202100024336";"158 170";"A01";"2";"2";"0";"0";"7";"1";"1";""
"202100024337";"158 169";"A01";"2";"10";"2";"0";"1";"13";"1";""
"202100024338";"158 168";"A01";"3";"7";"0";"1";"2";"20";"1";""
"202100024339";"158 166";"B01";"2";"7";"0";"2";"3";"1";"1";""
"202100024339";"158 167";"A01";"2";"33";"0";"2";"1";"1";"1";""
"202100024340";"158 165";"A01";"2";"7";"0";"0";"1";"1";"1";""
"202100024341";"158 164";"A01";"2";"33";"15";"1";"0";"26";"1";""
"202100024342";"158 163";"A01";"1";"7";"15";"0";"1";"1";"1";""
"202100024343";"158 162";"A01";"1";"7";"4";"0";"3";"1";"1";""
"202100024344";"158 161";"A01";"3";"33";"8";"0";"1";"1";"1";""
"202100024345";"158 160";"A01";"3";"33";"0";"0";"8";"1";"1";""
"202100024346";"158 159";"A01";"3";"16";"0";"0";"3";"1";"1";""
"202100024347";"158 158";"A01";"2";"33";"7";"0";"1";"14";"1";""
"202100024348";"158 156";"A01";"2";"43";"0";"0";"4";"0";"1";""
"202100024348";"158 157";"B01";"2";"7";"0";"2";"1";"2";"1";""
"202100024349";"158 154";"B01";"2";"7";"0";"9";"3";"21";"1";""
"202100024349";"158 155";"A01";"2";"1";"0";"2";"8";"10";"5";""
"202100024350";"158 153";"A01";"1";"7";"8";"5";"3";"13";"1";""
"202100024351";"158 151";"A01";"1";"7";"0";"9";"2";"1";"1";""
"202100024351";"158 152";"B01";"2";"60";"0";"2";"2";"19";"5";""
"202100024352";"158 150";"A01";"1";"7";"8";"0";"3";"19";"1";""
"202100024353";"158 149";"A01";"1";"7";"2";"0";"3";"1";"1";""
"202100024354";"158 147";"A01";"1";"7";"0";"2";"1";"0";"1";""
"202100024354";"158 148";"B01";"2";"7";"0";"2";"1";"1";"1";""
"202100024355";"158 146";"A01";"2";"31";"0";"0";"0";"14";"1";""
"202100024356";"158 144";"A01";"1";"7";"0";"2";"2";"1";"1";""
"202100024356";"158 145";"B01";"3";"99";"0";"2";"3";"1";"5";""
"202100024357";"158 142";"B01";"1";"7";"0";"2";"3";"13";"1";""
"202100024357";"158 143";"A01";"2";"7";"0";"2";"3";"1";"1";""
"202100024358";"158 140";"A01";"2";"7";"0";"2";"1";"9";"1";""
"202100024358";"158 141";"B01";"2";"7";"0";"2";"7";"15";"1";""
"202100024359";"158 138";"A01";"2";"7";"0";"0";"3";"18";"1";""
"202100024359";"158 139";"B01";"2";"1";"0";"0";"2";"15";"5";""
"202100024360";"158 136";"B01";"2";"7";"0";"2";"3";"13";"1";""
"202100024360";"158 137";"A01";"1";"7";"0";"2";"3";"1";"1";""
"202100024361";"158 135";"A01";"1";"31";"7";"0";"7";"14";"1";""
"202100024362";"158 133";"B01";"2";"7";"0";"2";"3";"1";"2";""
"202100024362";"158 134";"A01";"1";"7";"0";"2";"1";"13";"1";""
"202100024363";"158 131";"A01";"1";"7";"0";"0";"9";"13";"1";""
"202100024363";"158 132";"B01";"1";"7";"0";"0";"0";"1";"1";""
"202100024364";"158 129";"A01";"1";"7";"5";"2";"3";"1";"1";""
"202100024364";"158 130";"B01";"1";"7";"0";"2";"2";"1";"1";""
"202100024365";"158 127";"A01";"3";"1";"0";"2";"8";"1";"5";""
"202100024365";"158 128";"B01";"3";"7";"0";"9";"3";"13";"1";""
"202100024366";"158 126";"A01";"0";"7";"0";"1";"3";"15";"2";""
"202100024367";"158 125";"A01";"3";"7";"0";"1";"1";"1";"1";""
"202100024368";"158 122";"A01";"2";"10";"13";"0";"2";"14";"1";""
"202100024369";"158 121";"A01";"3";"1";"0";"0";"0";"0";"5";""
"202100024370";"158 120";"A01";"1";"7";"3";"0";"7";"1";"1";""
"202100024371";"158 119";"A01";"1";"33";"0";"0";"7";"16";"1";""
"202100024372";"158 117";"A01";"1";"7";"0";"2";"1";"15";"1";""
"202100024372";"158 118";"B01";"2";"33";"0";"2";"1";"1";"1";""
"202100024373";"158 116";"A01";"1";"7";"0";"0";"1";"14";"1";""
"202100024374";"158 114";"B01";"2";"10";"0";"2";"8";"1";"1";""
"202100024374";"158 115";"A01";"1";"7";"3";"2";"3";"13";"1";""
"202100024375";"158 112";"B01";"2";"7";"0";"2";"1";"1";"1";""
"202100024375";"158 113";"A01";"3";"7";"0";"2";"7";"19";"1";""
"202100024376";"158 110";"A01";"1";"7";"0";"0";"5";"2";"1";""
"202100024376";"158 111";"B01";"1";"33";"0";"2";"1";"2";"1";""
"202100024377";"158 109";"A01";"2";"2";"12";"0";"0";"0";"1";""
"202100024378";"158 107";"A01";"2";"7";"0";"2";"1";"15";"1";""
"202100024378";"158 108";"B01";"3";"7";"0";"2";"8";"9";"1";""
"202100024379";"158 106";"A01";"2";"7";"0";"0";"1";"14";"1";""
"202100024380";"158 104";"A01";"1";"7";"0";"2";"2";"13";"1";""
"202100024380";"158 105";"B01";"3";"30";"0";"2";"1";"15";"1";""
"202100024381";"158 102";"B01";"1";"7";"0";"2";"4";"1";"1";""
"202100024381";"158 103";"A01";"1";"7";"0";"2";"1";"1";"3";""
"202100024382";"158 101";"A01";"3";"2";"6";"0";"0";"1";"1";""
"202100024383";"158 100";"A01";"1";"7";"13";"0";"2";"1";"1";""
"202100024384";"158 099";"A01";"1";"2";"0";"0";"7";"1";"1";""
"202100024385";"158 095";"C01";"2";"7";"8";"2";"3";"1";"1";""
"202100024385";"158 096";"B01";"1";"2";"0";"2";"1";"1";"1";""
"202100024385";"158 097";"A01";"2";"7";"0";"2";"3";"17";"1";""
"202100024386";"158 093";"A01";"1";"80";"0";"2";"1";"9";"3";""
"202100024386";"158 094";"B01";"2";"10";"0";"2";"7";"1";"1";""
"202100024387";"158 091";"A01";"1";"21";"0";"2";"1";"15";"1";""
"202100024387";"158 092";"B01";"2";"30";"0";"2";"8";"1";"1";""
"202100024388";"158 089";"B01";"3";"7";"0";"2";"1";"1";"1";""
"202100024388";"158 090";"A01";"3";"7";"0";"2";"1";"1";"1";""
"202100024389";"158 088";"A01";"2";"7";"6";"0";"1";"13";"1";""
"202100024390";"158 087";"A01";"1";"43";"11";"0";"0";"1";"1";""
"202100024391";"158 085";"B01";"1";"21";"0";"2";"3";"15";"1";""
"202100024391";"158 086";"A01";"1";"7";"0";"2";"2";"17";"1";""
"202100024392";"158 084";"A01";"1";"33";"14";"0";"1";"1";"1";""
"202100024393";"158 082";"A01";"2";"7";"0";"2";"7";"2";"1";""
"202100024393";"158 083";"B01";"2";"33";"0";"2";"8";"2";"1";""
"202100024394";"158 081";"A01";"1";"7";"13";"0";"1";"1";"1";""
"202100024395";"158 080";"A01";"1";"33";"0";"0";"9";"26";"1";""
"202100024396";"158 079";"A01";"2";"33";"3";"0";"1";"1";"1";""
"202100024397";"158 077";"B01";"1";"33";"0";"2";"7";"17";"1";""
"202100024397";"158 078";"A01";"1";"33";"0";"2";"8";"15";"1";""
"202100024398";"158 074";"B01";"3";"1";"0";"2";"1";"1";"5";""
"202100024398";"158 075";"A01";"3";"7";"0";"9";"2";"1";"1";""
"202100024399";"158 072";"A01";"1";"7";"0";"2";"3";"13";"1";""
"202100024399";"158 073";"B01";"2";"7";"0";"2";"6";"1";"1";""
"202100024400";"158 069";"B01";"2";"7";"0";"2";"1";"1";"1";""
"202100024400";"158 070";"A01";"1";"7";"0";"2";"1";"11";"1";""
"202100024401";"158 067";"A01";"2";"7";"0";"2";"2";"9";"1";""
"202100024401";"158 068";"B01";"2";"1";"0";"2";"8";"15";"5";""
"202100024402";"158 066";"A01";"1";"33";"13";"0";"1";"16";"1";""
"202100024403";"158 064";"A01";"3";"10";"0";"2";"1";"9";"1";""
"202100024403";"158 065";"B01";"2";"1";"0";"2";"7";"1";"5";""
"202100024404";"158 062";"A01";"1";"7";"0";"2";"8";"16";"1";""
"202100024404";"158 063";"B01";"1";"7";"0";"2";"1";"1";"1";""
"202100024405";"158 060";"A01";"1";"3";"0";"2";"1";"1";"1";""
"202100024405";"158 061";"B01";"1";"7";"0";"2";"7";"1";"1";""
"202100024406";"158 058";"A01";"1";"7";"0";"2";"2";"15";"1";""
"202100024406";"158 059";"B01";"2";"2";"0";"2";"1";"1";"1";""
"202100024407";"158 056";"B01";"2";"21";"0";"0";"6";"6";"1";""
"202100024407";"158 057";"A01";"1";"33";"0";"2";"1";"1";"1";""
"202100024408";"158 055";"A01";"2";"15";"3";"0";"2";"1";"1";""
"202100024409";"158 053";"A01";"3";"7";"0";"0";"7";"16";"1";""
"202100024409";"158 054";"B01";"3";"21";"0";"2";"1";"0";"0";""
"202100024410";"158 052";"A01";"1";"7";"2";"0";"2";"2";"1";""
"202100024411";"158 051";"A01";"2";"33";"0";"0";"0";"1";"1";""
"202100024412";"158 049";"B01";"1";"7";"0";"2";"1";"1";"1";""
"202100024412";"158 050";"A01";"2";"2";"0";"2";"1";"1";"1";""
"202100024413";"158 046";"B01";"1";"7";"0";"2";"6";"1";"1";""
"202100024413";"158 047";"C01";"1";"7";"0";"2";"1";"1";"1";""
"202100024413";"158 048";"A01";"2";"7";"0";"2";"3";"13";"1";""
"202100024414";"158 043";"C01";"1";"7";"0";"2";"3";"1";"1";""
"202100024414";"158 044";"B01";"2";"7";"0";"2";"6";"1";"1";""
"202100024414";"158 045";"A01";"2";"33";"0";"2";"1";"17";"1";""
"202100024415";"158 042";"A01";"1";"7";"13";"0";"3";"1";"1";""
"202100024416";"158 040";"B01";"1";"33";"0";"2";"1";"1";"1";""
"202100024416";"158 041";"A01";"2";"7";"0";"2";"3";"15";"1";""
"202100024417";"158 038";"A01";"3";"7";"0";"2";"3";"1";"1";""
"202100024417";"158 039";"B01";"3";"33";"0";"2";"8";"1";"1";""
"202100024418";"158 035";"A01";"2";"2";"7";"0";"1";"0";"1";""
"202100024419";"158 034";"A01";"1";"33";"11";"0";"1";"1";"1";""
"202100024420";"158 033";"A01";"1";"2";"6";"0";"2";"1";"1";""
"202100024421";"158 031";"A01";"1";"7";"0";"2";"3";"19";"1";""
"202100024421";"158 032";"B01";"2";"7";"0";"2";"2";"1";"1";""
"202100024422";"158 029";"A01";"1";"7";"6";"0";"4";"1";"1";""