"Num_Acc";"id_vehicule";"num_veh";"senc";"catv";"obs";"obsm";"choc";"manv";"motor";"occutc"
"202100024422";"158 030";"B01";"1";"7";"0";"9";"1";"1";"1";""
"202100024423";"158 026";"A01";"2";"7";"0";"2";"2";"1";"1";""
"202100024423";"158 027";"B01";"2";"1";"0";"0";"4";"1";"5";""
"202100024424";"158 025";"A01";"1";"33";"0";"0";"9";"1";"1";""
"202100024425";"158 023";"A01";"1";"7";"0";"2";"7";"15";"1";""
"202100024425";"158 024";"B01";"2";"33";"0";"2";"1";"1";"1";""
"202100024426";"158 021";"A01";"2";"10";"0";"2";"1";"2";"1";""
"202100024426";"158 022";"B01";"2";"15";"0";"0";"4";"2";"1";""
"202100024427";"158 019";"B01";"1";"31";"0";"2";"4";"23";"1";""
"202100024427";"158 020";"A01";"1";"7";"0";"2";"3";"1";"1";""
"202100024428";"158 017";"B01";"1";"7";"0";"2";"2";"1";"1";""
"202100024428";"158 018";"A01";"3";"7";"0";"2";"3";"9";"1";""
"202100024429";"158 015";"B01";"1";"7";"15";"2";"1";"1";"1";""
"202100024429";"158 016";"A01";"2";"7";"0";"2";"1";"15";"1";""
"202100024430";"158 013";"B01";"2";"7";"0";"2";"3";"1";"1";""
"202100024430";"158 014";"A01";"1";"7";"0";"2";"3";"1";"1";""
"202100024431";"158 011";"A01";"2";"33";"0";"2";"1";"2";"6";""
"202100024431";"158 012";"B01";"2";"10";"0";"2";"6";"1";"6";""
"202100024432";"158 009";"B01";"2";"14";"0";"0";"4";"1";"1";""
"202100024432";"158 010";"A01";"2";"7";"0";"2";"1";"1";"1";""
"202100024433";"158 007";"A01";"1";"7";"0";"2";"1";"1";"1";""
"202100024433";"158 008";"B01";"1";"7";"0";"2";"4";"1";"1";""
"202100024434";"158 004";"B01";"0";"7";"0";"2";"8";"15";"1";""
"202100024434";"158 005";"A01";"0";"33";"6";"2";"1";"26";"1";""
"202100024435";"158 002";"B01";"1";"15";"0";"2";"6";"1";"1";""
"202100024435";"158 003";"A01";"1";"10";"3";"2";"2";"17";"1";""
"202100024436";"158 001";"A01";"2";"7";"0";"1";"2";"1";"1";""
"202100024437";"157 999";"A01";"2";"7";"0";"2";"3";"15";"0";""
"202100024437";"158 000";"B01";"1";"2";"0";"2";"1";"17";"0";""
"202100024438";"157 998";"A01";"1";"7";"2";"0";"1";"1";"1";""
"202100024439";"157 996";"B01";"1";"10";"0";"2";"7";"15";"1";""
"202100024439";"157 997";"A01";"2";"33";"0";"2";"1";"1";"1";""
"202100024440";"157 994";"B01";"2";"80";"0";"0";"4";"1";"3";""
"202100024440";"157 995";"A01";"2";"7";"0";"2";"3";"16";"1";""
"202100024441";"157 993";"A01";"2";"7";"2";"0";"1";"26";"1";""
"202100024442";"157 992";"A01";"1";"2";"9";"0";"7";"1";"1";""
"202100024443";"157 990";"A01";"2";"33";"0";"2";"1";"2";"1";""
"202100024443";"157 991";"B01";"2";"7";"0";"0";"4";"2";"1";""
"202100024444";"157 986";"D01";"1";"10";"0";"2";"1";"2";"1";""
"202100024444";"157 987";"C01";"1";"7";"0";"0";"4";"2";"0";""
"202100024444";"157 988";"B01";"1";"7";"0";"2";"1";"2";"0";""
"202100024444";"157 989";"A01";"1";"7";"0";"0";"4";"1";"1";""
"202100024445";"157 982";"A01";"3";"7";"0";"2";"8";"15";"1";""
"202100024445";"157 983";"B01";"1";"32";"0";"2";"1";"1";"1";""
"202100024446";"157 980";"A01";"1";"7";"0";"0";"4";"0";"1";""
"202100024446";"157 981";"B01";"1";"33";"0";"2";"1";"2";"1";""
"202100024447";"157 977";"C01";"2";"7";"0";"2";"1";"1";"1";""
"202100024447";"157 978";"B01";"1";"7";"0";"2";"1";"17";"1";""
"202100024447";"157 979";"A01";"1";"7";"0";"0";"3";"1";"1";""
"202100024448";"157 976";"A01";"1";"2";"1";"0";"1";"1";"1";""
"202100024449";"157 975";"A01";"1";"7";"13";"0";"1";"1";"1";""
"202100024450";"157 973";"B01";"2";"7";"0";"2";"3";"1";"1";""
"202100024450";"157 974";"A01";"1";"7";"1";"2";"6";"1";"1";""
"202100024451";"157 972";"A01";"1";"33";"14";"0";"8";"1";"1";""
"202100024452";"157 969";"A01";"3";"10";"0";"2";"7";"15";"1";""
"202100024452";"157 970";"B01";"2";"33";"0";"2";"1";"1";"1";""
"202100024453";"157 966";"C01";"2";"7";"0";"0";"6";"1";"1";""
"202100024453";"157 967";"B01";"2";"7";"0";"2";"1";"1";"1";""
"202100024453";"157 968";"A01";"0";"7";"0";"2";"1";"17";"1";""
"202100024454";"157 965";"A01";"1";"1";"0";"0";"0";"1";"5";""
"202100024455";"157 963";"B01";"3";"7";"0";"2";"3";"15";"1";""
"202100024455";"157 964";"A01";"1";"1";"0";"2";"2";"1";"5";""
"202100024456";"157 961";"A01";"2";"1";"0";"2";"2";"1";"5";""
"202100024456";"157 962";"B01";"2";"1";"0";"2";"4";"1";"5";""
"202100024457";"157 959";"B01";"0";"50";"0";"0";"1";"0";"3";""
"202100024457";"157 960";"A01";"0";"7";"0";"0";"3";"26";"1";""
"202100024458";"157 957";"A01";"1";"7";"0";"2";"1";"13";"1";""
"202100024458";"157 958";"B01";"2";"7";"0";"2";"1";"1";"1";""
"202100024459";"157 956";"A01";"0";"7";"15";"0";"9";"26";"1";""
"202100024460";"157 954";"B01";"1";"33";"0";"2";"6";"1";"1";""
"202100024460";"157 955";"A01";"2";"33";"0";"2";"2";"1";"1";""
"202100024461";"157 952";"A01";"2";"7";"0";"0";"3";"1";"1";""
"202100024461";"157 953";"B01";"1";"7";"0";"0";"3";"13";"1";""
"202100024462";"157 948";"A01";"1";"7";"0";"2";"4";"15";"1";""
"202100024462";"157 949";"B01";"1";"7";"0";"2";"1";"2";"1";""
"202100024463";"157 944";"A01";"1";"7";"0";"2";"3";"13";"1";""
"202100024463";"157 945";"B01";"2";"7";"0";"2";"3";"1";"1";""
"202100024464";"157 942";"B01";"2";"1";"0";"2";"8";"13";"5";""
"202100024464";"157 943";"A01";"2";"7";"0";"0";"7";"17";"1";""
"202100024465";"157 939";"A01";"2";"7";"0";"2";"1";"5";"1";""
"202100024465";"157 940";"B01";"1";"7";"0";"2";"1";"17";"1";""
"202100024465";"157 941";"C01";"1";"7";"0";"0";"1";"26";"1";""
"202100024466";"157 937";"B01";"1";"33";"0";"2";"8";"1";"1";""
"202100024466";"157 938";"A01";"2";"7";"0";"2";"3";"15";"1";""
"202100024467";"157 936";"A01";"2";"33";"0";"6";"1";"1";"1";""
"202100024468";"157 935";"A01";"0";"7";"0";"0";"2";"1";"1";""
"202100024469";"157 934";"A01";"3";"80";"0";"0";"1";"1";"3";""
"202100024470";"157 933";"A01";"0";"10";"0";"0";"3";"13";"0";""
"202100024471";"157 931";"A01";"1";"7";"0";"2";"2";"15";"1";""
"202100024471";"157 932";"B01";"2";"33";"0";"2";"1";"1";"1";""
"202100024472";"157 928";"A01";"3";"33";"0";"0";"7";"1";"1";""
"202100024473";"157 925";"B01";"2";"7";"0";"0";"4";"23";"1";""
"202100024473";"157 926";"A01";"2";"7";"0";"0";"4";"23";"1";""
"202100024473";"157 927";"C01";"2";"10";"0";"2";"1";"2";"1";""
"202100024474";"157 924";"A01";"0";"7";"1";"0";"2";"1";"1";""
"202100024475";"157 919";"D01";"1";"10";"0";"2";"4";"1";"1";""
"202100024475";"157 920";"C01";"1";"7";"0";"2";"4";"1";"1";""
"202100024475";"157 921";"B01";"1";"7";"0";"2";"4";"1";"1";""
"202100024475";"157 922";"A01";"1";"7";"0";"2";"6";"1";"1";""
"202100024475";"157 923";"E01";"1";"37";"0";"2";"1";"1";"1";"1"
"202100024476";"157 917";"B01";"2";"7";"0";"2";"4";"1";"1";""
"202100024476";"157 918";"A01";"2";"7";"0";"2";"1";"2";"1";""
"202100024477";"157 915";"B01";"2";"7";"0";"2";"4";"0";"1";""
"202100024477";"157 916";"A01";"2";"7";"0";"2";"1";"21";"1";""
"202100024478";"157 913";"A01";"2";"7";"0";"2";"0";"9";"1";""
"202100024478";"157 914";"B01";"2";"17";"0";"2";"2";"1";"1";""
"202100024479";"157 910";"A01";"1";"33";"0";"2";"1";"1";"1";""
"202100024479";"157 911";"C01";"1";"33";"0";"2";"0";"1";"1";""
"202100024479";"157 912";"B01";"1";"33";"0";"2";"0";"1";"1";""
"202100024480";"157 908";"A01";"2";"7";"0";"2";"0";"0";"1";""
"202100024480";"157 909";"B01";"2";"17";"0";"2";"4";"1";"1";""
"202100024481";"157 906";"A01";"1";"7";"1";"2";"1";"2";"1";""
"202100024481";"157 907";"B01";"1";"17";"1";"2";"0";"0";"1";""
"202100024482";"157 903";"Z01";"1";"7";"0";"2";"1";"1";"1";""
"202100024482";"157 904";"C01";" -1";"99";"0";"2";"4";"0";"1";""
"202100024482";"157 905";"B01";"1";"7";"7";"0";"6";"26";"1";""
"202100024483";"157 901";"A01";"1";"7";"0";"2";"4";"26";"1";""
"202100024483";"157 902";"Z01";"1";"7";"1";"2";"1";"2";"1";""
"202100024484";"157 899";"A01";"1";"17";"0";"2";"7";"12";"1";""
"202100024484";"157 900";"B01";"1";"7";"0";"2";"0";"1";"1";""
"202100024485";"157 897";"B01";"1";"7";"0";"2";"8";"0";"1";""
"202100024485";"157 898";"A01";"1";"7";"0";"2";"9";"1";"1";""
"202100024486";"157 896";"A01";"1";"7";"0";"0";"0";"2";"1";""
"202100024487";"157 894";"A01";"3";"7";"0";"2";"3";"19";"1";""
"202100024487";"157 895";"B01";"3";"99";"0";"2";"1";"1";"0";""
"202100024488";"157 892";"A01";"1";"33";"0";"2";"1";"1";"1";""
"202100024488";"157 893";"B01";"1";"10";"0";"0";"4";"1";"1";""
"202100024489";"157 890";"B01";"1";"7";"0";"2";"4";"23";"1";""
"202100024489";"157 891";"A01";"1";"30";"0";"2";"1";"17";"1";""
"202100024490";"157 888";"B01";"3";"7";"0";"2";"6";"15";"1";""
"202100024490";"157 889";"A01";"3";"30";"0";"2";"1";"1";"0";""
"202100024491";"157 887";"A01";"1";"31";"6";"0";"1";"26";"1";""
"202100024492";"157 886";"A01";"0";"0";"0";"1";"4";"20";"0";""
"202100024493";"157 884";"A01";"0";"7";"15";"0";"0";"15";"1";""
"202100024493";"157 885";"B01";"1";"7";"0";"2";"0";"0";"1";""
"202100024494";"157 882";"A01";"3";"30";"0";"2";"7";"1";"3";""
"202100024494";"157 883";"B01";"3";"7";"0";"2";"1";"1";"1";""
"202100024495";"157 880";"B01";"1";"1";"0";"2";"7";"0";"5";""
"202100024495";"157 881";"A01";"1";"7";"0";"2";"1";"9";"1";""
"202100024496";"157 876";"D01";"1";"7";"1";"0";"1";"26";"1";""
"202100024496";"157 877";"C01";"1";"10";"1";"0";"4";"1";"1";""
"202100024496";"157 878";"B01";"1";"10";"1";"0";"1";"0";"1";""
"202100024496";"157 879";"A01";"1";"7";"0";"2";"1";"26";"0";""
"202100024497";"157 874";"A01";"2";"31";"0";"2";"1";"26";"1";""
"202100024497";"157 875";"B01";"1";"10";"0";"2";"5";"15";"1";""
"202100024498";"157 873";"A01";"1";"7";"15";"1";"2";"25";"1";""
"202100024499";"157 871";"A01";"2";"7";"0";"2";"3";"13";"1";""
"202100024499";"157 872";"B01";"1";"7";"0";"2";"8";"26";"1";""
"202100024500";"157 869";"A01";"2";"34";"0";"2";"7";"17";"1";""
"202100024500";"157 870";"B01";"2";"7";"0";"2";"7";"11";"1";""
"202100024501";"157 865";"A01";"0";"2";"0";"2";"1";"1";"1";""
"202100024501";"157 866";"B01";"0";"7";"0";"2";"4";"1";"1";""
"202100024502";"157 863";"B01";"3";"7";"0";"2";"6";"1";"1";""
"202100024502";"157 864";"A01";"3";"7";"0";"2";"7";"14";"1";""
"202100024503";"157 860";"A01";"1";"33";"0";"2";"1";"2";"1";""
"202100024503";"157 861";"B01";"1";"10";"0";"2";"4";"2";"1";""
"202100024504";"157 859";"A01";"3";"7";"1";"0";"2";"14";"1";""
"202100024505";"157 857";"B01";"2";"30";"0";"2";"1";"0";"1";""
"202100024505";"157 858";"A01";"1";"7";"0";"2";"2";"0";"1";""
"202100024506";"157 855";"B01";"0";"7";"0";"2";"2";"1";"1";""
"202100024506";"157 856";"A01";"0";"1";"0";"2";"1";"5";"5";""
"202100024507";"157 853";"A01";"1";"33";"0";"2";"1";"7";"1";""
"202100024507";"157 854";"B01";"1";"10";"0";"2";"4";"15";"1";""
"202100024508";"157 851";"B01";"1";"33";"0";"2";"7";"1";"1";""
"202100024508";"157 852";"A01";"2";"7";"0";"2";"2";"15";"1";""
"202100024509";"157 850";"A01";"2";"2";"0";" -1";"0";"21";"1";""
"202100024510";"157 848";"B01";"1";"7";"0";"2";"7";"1";"1";""
"202100024510";"157 849";"Z01";"2";"7";"0";"2";"1";"17";"1";""
"202100024511";"157 846";"B01";"1";"33";"0";"2";"3";"1";"0";""
"202100024511";"157 847";"A01";"2";"21";"0";"2";"1";"19";"0";""
"202100024512";"157 844";"A01";"1";"7";"0";"2";"8";"17";"1";""
"202100024512";"157 845";"B01";"1";"32";"0";"2";"0";"0";"1";""
"202100024513";"157 842";"A01";"1";"7";"0";"2";"2";"15";"1";""
"202100024513";"157 843";"B01";"1";"7";"0";"2";"3";"1";"1";""
"202100024514";"157 840";"B01";"1";"2";"0";"2";"1";"1";"1";""
"202100024514";"157 841";"A01";"1";"7";"0";"2";"1";"15";"1";""
"202100024515";"157 839";"Z01";"1";"0";"0";"1";"2";"26";"0";""
"202100024516";"157 837";"A01";"1";"10";"0";"2";"1";"13";"1";""
"202100024516";"157 838";"B01";"2";"7";"0";"2";"1";"1";"1";""
"202100024517";"157 835";"A01";"2";"7";"0";"2";"4";"1";"1";""
"202100024517";"157 836";"B01";"2";"7";"0";"2";"1";"2";"1";""
"202100024518";"157 833";"B01";"1";"7";"0";"2";"1";"1";"1";""
"202100024518";"157 834";"A01";"1";"7";"0";"2";"8";"10";"1";""
"202100024519";"157 831";"B01";"1";"50";"0";"2";"4";"2";"3";""
"202100024519";"157 832";"A01";"1";"7";"0";"9";"3";"2";"1";""
"202100024520";"157 830";"A01";"0";"33";"0";"0";"0";"1";"1";""
"202100024521";"157 828";"B01";"3";"7";"0";"2";"5";"16";"1";""
"202100024521";"157 829";"A01";"3";"30";"0";"2";"1";"1";"6";""
"202100024522";"157 826";"A01";"1";"7";"0";"2";"7";"15";"1";""
"202100024522";"157 827";"B01";"2";"10";"0";"2";"1";"1";"1";""
"202100024523";"157 823";"A01";"3";"33";"0";"2";"1";"1";"1";""
"202100024523";"157 824";"B01";"3";"3";"0";"2";"5";"16";"1";""
"202100024524";"157 821";"B01";"3";"40";"0";"2";"3";"1";"3";""
"202100024524";"157 822";"A01";"3";"7";"0";"4";"2";"1";"1";""
"202100024525";"157 820";"A01";" -1";"7";"0";"1";"4";"20";"1";""
"202100024526";"157 819";"A01";"2";"7";"0";"1";"1";"1";"1";""
"202100024527";"157 817";"A01";"2";"7";"14";"0";"1";"19";"1";""
"202100024528";"157 816";"A01";"1";"7";"0";"1";"2";"1";"1";""
"202100024529";"157 815";"A01";"2";"33";"0";"0";"1";"1";"1";""
"202100024530";"157 813";"A01";"1";"7";"0";"2";"3";"26";"1";""
"202100024530";"157 814";"B01";"2";"50";"0";"2";"1";"21";"3";""
"202100024531";"157 812";"A01";"1";"32";"7";"0";"1";"1";"1";""
"202100024532";"157 810";"B01";"2";"33";"0";"2";"1";"1";"1";""
"202100024532";"157 811";"A01";"1";"7";"0";"2";"1";"15";"1";""
"202100024533";"157 808";"B01";"3";"7";"0";"2";"7";"1";"1";""
"202100024533";"157 809";"A01";"3";"7";"0";"2";"1";"26";"1";""
"202100024534";"157 806";"A01";"2";"7";"0";"2";"1";"2";"1";""
"202100024534";"157 807";"B01";"2";"33";"0";"2";"4";"2";"1";""
"202100024535";"157 804";"B01";"2";"99";"0";"2";"7";"1";"5";""
"202100024535";"157 805";"A01";"1";"7";"0";"2";"1";"15";"1";""
"202100024536";"157 802";"B01";"1";"33";"0";"2";"1";"1";"1";""
"202100024536";"157 803";"A01";"1";"7";"0";"2";"3";"15";"1";""
"202100024537";"157 801";"A01";"1";"33";"14";"0";"1";"26";"1";""
"202100024538";"157 800";"A01";"2";"32";"14";"0";"1";"1";"1";""
"202100024539";"157 798";"B01";"2";"2";"0";"2";"7";"21";"1";""
"202100024539";"157 799";"A01";"1";"10";"0";"2";"1";"13";"1";""
"202100024540";"157 796";"B01";"1";"33";"0";"2";"1";"1";"1";""
"202100024540";"157 797";"A01";"2";"7";"0";"2";"2";"15";"1";""
"202100024541";"157 794";"B01";"1";"7";"0";"0";"6";"15";"1";""
"202100024541";"157 795";"A01";"1";"32";"0";"2";"1";"3";"1";""
"202100024542";"157 792";"A01";"1";"37";"0";"1";"1";"20";"1";"1"
"202100024543";"157 790";"B01";"2";"10";"0";"2";"5";"2";"1";""
"202100024543";"157 791";"A01";"2";"7";"0";"2";"1";"2";"1";""
"202100024544";"157 789";"A01";"1";"2";"0";"0";"7";"1";"1";""
"202100024545";"157 787";"A01";"2";"60";"0";"2";"3";"19";"5";""
"202100024545";"157 788";"B01";"2";"7";"0";"2";"3";"1";"1";""
"202100024546";"157 785";"B01";"2";"7";"0";"2";"5";"12";"1";""
"202100024546";"157 786";"A01";"2";"31";"0";"2";"3";"3";"1";""
"202100024547";"157 783";"A01";"2";"14";"0";"2";"1";"1";"1";""
"202100024547";"157 784";"B01";"2";"7";"0";"2";"8";"1";"1";""
"202100024548";"157 781";"B01";"2";"7";"0";"2";"8";"1";"1";""
"202100024548";"157 782";"A01";"2";"43";"0";"2";"2";"3";"1";""
"202100024549";"157 779";"B01";"2";"10";"0";"2";"5";"2";"1";""
"202100024549";"157 780";"A01";"2";"33";"0";"2";"3";"2";"1";""
"202100024550";"157 777";"A01";"1";"32";"0";"2";"2";"2";"1";""
"202100024550";"157 778";"B01";"1";"7";"0";"2";"6";"2";"1";""
"202100024551";"157 775";"Z01";"1";"7";"0";"2";"3";"11";"0";""
"202100024551";"157 776";"A01";"1";"7";"0";"2";"2";"1";"1";""
"202100024552";"157 773";"B01";"3";"1";"0";"2";"1";"2";"5";""
"202100024552";"157 774";"A01";"3";"1";"0";"2";"4";"2";"5";""
"202100024553";"157 771";"A01";"1";"50";"0";"2";"1";"13";"3";""
"202100024553";"157 772";"B01";"1";"1";"0";"2";"1";"1";"5";""
"202100024554";"157 769";"A01";"1";"33";"0";"2";"1";"2";"1";""
"202100024554";"157 770";"B01";"1";"33";"0";"2";"4";"23";"1";""
"202100024555";"157 767";"A01";"3";"50";"0";"2";"7";"19";"3";""
"202100024555";"157 768";"Z01";"1";"7";"0";"2";"4";"4";"0";""
"202100024556";"157 765";"A01";"1";"7";"0";"2";"2";"12";"1";""
"202100024556";"157 766";"B01";"2";"7";"0";"2";"6";"1";"1";""
"202100024557";"157 764";"A01";"1";"13";"0";"1";"7";"2";"0";""
"202100024558";"157 762";"B01";"2";"7";"0";"2";"3";"23";"1";""
"202100024558";"157 763";"A01";"2";"30";"0";"2";"1";"1";"1";""
"202100024559";"157 760";"B01";"1";"7";"0";"2";"3";"1";"1";""
"202100024559";"157 761";"Z01";"1";"7";"9";"2";"5";"6";"1";""
"202100024560";"157 759";"A01";"3";"33";"0";"0";"0";"2";"1";""
"202100024561";"157 757";"B01";"0";"1";"0";"2";"1";"19";"0";""
"202100024561";"157 758";"A01";"3";"10";"0";"9";"0";"0";"1";""
"202100024562";"157 755";"B01";"1";"3";"0";"2";"1";"0";"1";""
"202100024562";"157 756";"A01";"1";"10";"0";"2";"4";"10";"1";""
"202100024563";"157 753";"A01";"1";"33";"0";"2";"1";"1";"0";""
"202100024563";"157 754";"B01";"1";"10";"0";"2";"3";"15";"0";""
"202100024564";"157 751";"B01";"1";"30";"0";"2";"4";"0";"0";""
"202100024564";"157 752";"A01";"1";"7";"0";"2";"1";"0";"0";""
"202100024565";"157 750";"A01";"1";"7";"0";"1";"2";"1";"1";""
"202100024566";"157 748";"A01";"2";"10";"0";"0";"2";"0";"1";""
"202100024566";"157 749";"B01";"2";"7";"0";"0";"1";"1";"1";""
"202100024567";"157 747";"A01";"3";"7";"0";"1";"4";"26";"1";""
"202100024568";"157 745";"A01";"3";"7";"1";"0";"3";"23";"1";""
"202100024568";"157 746";"B01";"3";"1";"1";"2";"2";"0";"0";""
"202100024569";"157 744";"A01";"1";"30";"0";"1";"1";"0";"1";""
"202100024570";"157 742";"A01";"2";"7";"0";"2";"0";"15";"1";""
"202100024570";"157 743";"B01";"1";"2";"0";"2";"1";"1";"1";""
"202100024571";"157 740";"B01";"1";"1";"0";"2";"8";"15";"5";""
"202100024571";"157 741";"A01";"1";"10";"0";"2";"1";"16";"1";""
"202100024572";"157 738";"B01";"3";"7";"0";"2";"1";"1";"1";""
"202100024572";"157 739";"A01";"3";"7";"0";"2";"1";"10";"1";""
"202100024573";"157 736";"A01";"1";"7";"0";"2";"2";"1";"1";""
"202100024573";"157 737";"Z01";"1";"7";"0";"2";"1";"0";"0";""
"202100024574";"157 733";"A01";"1";"10";"0";"2";"4";"23";"1";""
"202100024574";"157 734";"B01";"1";"7";"0";"2";"4";"23";"1";""
"202100024574";"157 735";"C01";"1";"7";"0";"2";"1";"2";"1";""
"202100024575";"157 730";"C01";"1";"7";"0";"2";"1";"2";"1";""
"202100024575";"157 731";"B01";"1";"7";"0";"2";"4";"2";"1";""
"202100024575";"157 732";"A01";"1";"7";"0";"2";"4";"1";"1";""
"202100024576";"157 728";"B01";"1";"15";"0";"2";"3";"1";"1";""
"202100024576";"157 729";"A01";"1";"7";"0";"2";"0";"11";"1";""
"202100024577";"157 727";"A01";"1";"7";"4";"0";"9";"2";"1";""
"202100024578";"157 725";"B01";"2";"33";"0";"2";"7";"3";"1";""
"202100024578";"157 726";"A01";"2";"7";"0";"2";"3";"11";"1";""
"202100024579";"157 723";"B01";"2";"7";"0";"0";"0";"0";"1";""
"202100024579";"157 724";"A01";"2";"7";"0";"0";"0";"26";"1";""
"202100024580";"157 721";"B01";"2";"10";"0";"2";"5";"1";"1";""
"202100024580";"157 722";"A01";"1";"31";"0";"2";"1";"2";"1";""
"202100024581";"157 720";"A01";"1";"7";"0";"9";"1";"21";"1";""
"202100024582";"157 718";"B01";"1";"7";"0";"2";"2";"12";"1";""
"202100024582";"157 719";"A01";"1";"33";"0";"2";"8";"1";"1";""
"202100024583";"157 716";"B01";"2";"7";"0";"2";"1";"16";"1";""
"202100024583";"157 717";"A01";"1";"7";"0";"2";"9";"13";"1";""
"202100024584";"157 715";"A01";"1";"7";"3";"0";"1";"2";"1";""
"202100024585";"157 713";"B01";"2";"7";"0";"2";"4";"2";"1";""
"202100024585";"157 714";"A01";"2";"2";"0";"2";"1";"2";"1";""
"202100024586";"157 711";"Z01";"2";"32";"0";"2";"1";"5";"0";""
"202100024586";"157 712";"A01";"1";"2";"0";"2";"1";"1";"1";""
"202100024587";"157 709";"B01";"1";"34";"0";"2";"1";"1";"1";""
"202100024587";"157 710";"C01";"1";"1";"0";"2";"1";"9";" -1";""
"202100024588";"157 707";"A01";"1";"7";"0";"2";"1";"1";"1";""
"202100024588";"157 708";"B01";"1";"31";"0";"2";"4";"1";"1";""
"202100024589";"157 705";"A01";"1";"7";"0";"2";"1";"1";"1";""
"202100024589";"157 706";"B01";"1";"30";"0";"2";"7";"19";"1";""
"202100024590";"157 703";"B01";"3";"7";"0";"2";"0";"1";"1";""
"202100024590";"157 704";"A01";"1";"7";"0";"2";"1";"1";"1";""
"202100024591";"157 702";"A01";"2";"60";"0";"0";"1";"1";"5";""
"202100024592";"157 701";"A01";"1";"80";"0";"0";"8";"1";"3";""
"202100024593";"157 699";"A01";"1";"7";"0";"2";"1";"9";"1";""
"202100024593";"157 700";"B01";"1";"10";"0";"2";"2";"9";"1";""
"202100024594";"157 697";"A01";"3";"7";"0";"1";"1";"16";"1";""
"202100024595";"157 693";"A01";"3";"50";"0";"2";"1";"0";"3";""
"202100024595";"157 694";"B01";"3";"7";"0";"2";"0";"0";"1";""
"202100024596";"157 691";"A01";"2";"7";"0";"2";"4";"26";"1";""
"202100024596";"157 692";"Z01";"2";"15";"0";"2";"1";"26";"0";""
"202100024597";"157 688";"A01";"2";"31";"0";"2";"2";"15";"1";""
"202100024597";"157 689";"B01";"2";"7";"0";"2";"1";"2";"1";""
"202100024597";"157 690";"C01";"2";"7";"0";"2";"3";"23";"1";""
"202100024598";"157 687";"A01";"1";"7";"1";"0";"2";"14";"1";""
"202100024599";"157 686";"A01";"1";"1";"0";"1";"1";"17";"5";""
"202100024600";"157 684";"A01";"3";"10";"0";"2";"1";"15";"1";""
"202100024600";"157 685";"B01";"3";"50";"0";"2";"1";"1";"3";""
"202100024601";"157 682";"B01";"0";"7";"0";"2";"1";"1";"1";""
"202100024601";"157 683";"A01";"1";"7";"0";"2";"8";"1";"1";""
"202100024602";"157 680";"B01";"1";"1";"0";"2";"7";"1";"5";""
"202100024602";"157 681";"A01";"1";"7";"0";"9";"3";"15";"1";""
"202100024603";"157 678";"A01";"3";"50";"0";"2";"1";"26";"3";""
"202100024603";"157 679";"B01";"3";"7";"0";"2";"2";"9";"1";""
"202100024604";"157 676";"B01";"2";"7";"12";"2";"8";"1";"1";""
"202100024604";"157 677";"A01";"2";"7";"0";"2";"2";"9";"1";""
"202100024605";"157 675";"A01";"3";"33";"3";"0";"0";"16";"1";""
"202100024606";"157 673";"A01";"0";"7";"0";"2";"1";"10";"1";""
"202100024606";"157 674";"B01";"0";"7";"0";"2";"1";"21";"1";""
"202100024607";"157 671";"B01";"1";"7";"0";"2";"2";"1";"1";""
"202100024607";"157 672";"A01";"2";"7";"0";"2";"2";"26";"1";""
"202100024608";"157 669";"A01";"2";"7";"0";"2";"3";"15";"1";""
"202100024608";"157 670";"B01";"1";"1";"0";"2";"7";"0";"0";""
"202100024609";"157 668";"A01";"0";"32";"0";"1";"1";"17";"1";""
"202100024610";"157 667";"A01";"1";"7";"0";"1";"4";"20";"1";""
"202100024611";"157 666";"A01";"1";"7";"1";"0";"2";"1";"1";""
"202100024612";"157 665";"A01";"3";"7";"0";"1";"2";"1";"1";""
"202100024613";"157 663";"B01";"2";"7";"0";"2";"8";"15";"1";""
"202100024613";"157 664";"A01";"1";"7";"0";"2";"1";"19";"1";""
"202100024614";"157 660";"A01";"2";"7";"0";"1";"3";"1";"1";""
"202100024615";"157 659";"A01";"1";"7";"0";"2";"0";"17";"1";""
"202100024616";"157 658";"A01";"3";"7";"8";"0";"1";"16";"1";""
"202100024617";"157 656";"B01";"3";"10";"0";"2";"4";"1";"0";""
"202100024617";"157 657";"A01";"3";"10";"0";"2";"1";"2";"1";""
"202100024618";"157 655";"A01";"3";"2";"12";"0";"1";"18";"1";""
"202100024619";"157 652";"B01";"2";"50";"0";"2";"8";"2";"3";""
"202100024619";"157 653";"Z01";"2";"7";"0";"2";"1";"17";"0";""
"202100024620";"157 650";"B01";"2";"7";"0";"2";"6";"15";"1";""
"202100024620";"157 651";"A01";"2";"32";"0";"2";"2";"1";"1";""
"202100024621";"157 648";"A01";"3";"7";"0";"2";"3";"15";"1";""
"202100024621";"157 649";"B01";"3";"31";"0";"2";"1";"1";"1";""
"202100024622";"157 646";"B01";"1";"7";"0";"2";"3";"1";"1";""
"202100024622";"157 647";"A01";"2";"7";"0";"2";"2";"15";"1";""
"202100024623";"157 645";"A01";"1";"1";"0";"0";"0";"13";"5";""
"202100024624";"157 644";"A01";"2";"7";"0";"1";"1";"1";"1";""
"202100024625";"157 642";"A01";"1";"7";"0";"2";"1";"9";"1";""
"202100024625";"157 643";"B01";"1";"7";"0";"2";"4";"23";"1";""
"202100024626";"157 639";"A01";"2";"2";"0";"2";"3";"18";"1";""