"Num_Acc";"id_vehicule";"num_veh";"senc";"catv";"obs";"obsm";"choc";"manv";"motor";"occutc"
"202100026128";"154 989";"B01";"3";"7";"0";"2";"1";"1";"1";""
"202100026129";"154 986";"B01";"1";"7";"0";"2";"1";"1";"1";""
"202100026129";"154 987";"A01";"2";"7";"0";"2";"1";"15";"1";""
"202100026130";"154 985";"A01";"3";"30";"9";"0";"1";"26";"1";""
"202100026131";"154 983";"B01";"1";"37";"0";"2";"8";"1";"1";"1"
"202100026131";"154 984";"A01";"1";"7";"0";"2";"7";"12";"1";""
"202100026132";"154 981";"A01";"2";"7";"0";"2";"5";"14";"1";""
"202100026132";"154 982";"B01";"1";"1";"0";"2";"3";"0";"5";""
"202100026133";"154 979";"B01";"1";"33";"0";"2";"7";"26";"1";""
"202100026133";"154 980";"A01";"1";"1";"0";"2";"8";"26";"5";""
"202100026134";"154 978";"A01";"1";"7";"1";"0";"1";"13";"1";""
"202100026135";"154 977";"A01";"2";"10";"0";"2";"1";"14";"1";""
"202100026136";"154 975";"B01";"1";"7";"0";"2";"3";"1";"1";""
"202100026136";"154 976";"A01";"1";"7";"0";"2";"1";"13";"1";""
"202100026137";"154 973";"B01";"1";"7";"0";"2";"7";"1";"1";""
"202100026137";"154 974";"A01";"1";"7";"0";"2";"1";"19";"1";""
"202100026138";"154 971";"A01";"0";"7";"0";"2";"1";"16";"1";""
"202100026138";"154 972";"B01";"1";"1";"0";"2";"2";"2";"0";""
"202100026139";"154 969";"B01";"3";"30";"0";"2";"5";"1";"3";""
"202100026139";"154 970";"A01";"3";"7";"0";"2";"3";"1";"1";""
"202100026140";"154 968";"A01";"2";"30";"0";"0";"0";"1";"1";""
"202100026141";"154 967";"A01";"2";"7";"2";"0";"1";"14";"1";""
"202100026142";"154 966";"A01";"3";"7";"0";"1";"2";"1";"1";""
"202100026143";"154 964";"A01";"1";"7";"0";"2";"1";"1";"1";""
"202100026143";"154 965";"B01";"2";"7";"0";"2";"8";"1";"1";""
"202100026144";"154 962";"B01";"1";"7";"0";"2";"1";"1";"1";""
"202100026144";"154 963";"A01";"1";"7";"0";"2";"3";"26";"1";""
"202100026145";"154 961";"A01";"2";"30";"0";"0";"7";"1";"1";""
"202100026146";"154 958";"A01";"2";"7";"0";"2";"1";"1";"1";""
"202100026146";"154 959";"C01";"2";"7";"0";"2";"4";"1";"1";""
"202100026146";"154 960";"B01";"2";"7";"0";"2";"4";"1";"1";""
"202100026147";"154 956";"A01";"1";"7";"0";"2";"7";"1";"0";""
"202100026147";"154 957";"B01";"3";"7";"0";"2";"3";"16";"1";""
"202100026148";"154 954";"B01";"1";"7";"0";"2";"8";"1";"1";""
"202100026148";"154 955";"A01";"1";"30";"0";"2";"1";"9";"1";""
"202100026149";"154 952";"A01";"1";"43";"0";"2";"1";"12";"1";""
"202100026149";"154 953";"Z01";"1";"7";"0";"2";"5";"1";"0";""
"202100026150";"154 951";"A01";"1";"33";"4";"0";"1";"13";"1";""
"202100026151";"154 949";"A01";"3";"30";"0";"2";"4";"16";"1";""
"202100026151";"154 950";"Z01";"3";"7";"0";"2";"1";"1";"1";""
"202100026152";"154 947";"B01";"1";"1";"0";"2";"4";"17";"5";""
"202100026152";"154 948";"A01";"1";"7";"0";"2";"3";"13";"2";""
"202100026153";"154 945";"A01";"3";"33";"0";"2";"1";"2";"1";""
"202100026153";"154 946";"B01";"3";"7";"0";"2";"6";"23";"1";""
"202100026154";"154 943";"A01";"2";"7";"0";"2";"7";"1";"1";""
"202100026154";"154 944";"B01";"2";"7";"0";"2";"1";"1";"1";""
"202100026155";"154 941";"A01";"1";"30";"0";"2";"8";"2";"1";""
"202100026155";"154 942";"B01";"1";"32";"0";"2";"8";"2";"1";""
"202100026156";"154 940";"A01";"1";"50";"0";"1";"1";"1";"3";""
"202100026157";"154 938";"B01";"2";"1";"1";"0";"3";"1";"5";""
"202100026157";"154 939";"A01";"2";"7";"0";"2";"2";"22";"1";""
"202100026158";"154 937";"A01";"3";"7";"0";"2";"2";"1";"1";""
"202100026159";"154 935";"Z01";"1";"7";"0";"2";"3";"2";"1";""
"202100026159";"154 936";"A01";"1";"7";"0";"2";"4";"23";"1";""
"202100026160";"154 934";"Z01";"1";"7";"0";"1";"3";"1";"3";""
"202100026161";"154 933";"A01";"2";"50";"0";"0";"0";"1";"3";""
"202100026162";"154 932";"A01";"0";"50";"12";"0";"1";"21";"3";""
"202100026163";"154 930";"B01";"1";"13";"1";"2";"2";"22";"1";""
"202100026163";"154 931";"A01";"1";"80";"12";"2";"7";"26";"3";""
"202100026164";"154 929";"A01";"3";"7";"8";"0";"1";"1";"1";""
"202100026165";"154 927";"A01";"3";"10";"0";"2";"1";"1";"1";""
"202100026165";"154 928";"B01";"3";"7";"0";"2";"9";"1";"1";""
"202100026166";"154 926";"Z01";"2";"30";"0";"1";"1";"17";"0";""
"202100026167";"154 924";"B01";"2";"7";"0";"2";"6";"20";"1";""
"202100026167";"154 925";"A01";"2";"7";"0";"2";"1";"1";"1";""
"202100026168";"154 923";"A01";"2";"43";"0";"1";"1";"1";"1";""
"202100026169";"154 921";"B01";"1";"34";"0";"2";"3";"1";"1";""
"202100026169";"154 922";"A01";"2";"7";"0";"2";"1";"10";"1";""
"202100026170";"154 918";"C01";"2";"7";"0";"2";"1";"1";"1";""
"202100026170";"154 919";"A01";"1";"7";"0";"2";"1";"2";"1";""
"202100026170";"154 920";"B01";"1";"7";"0";"0";"4";"1";"1";""
"202100026171";"154 916";"B01";"1";"33";"0";"2";"9";"15";"1";""
"202100026171";"154 917";"A01";"2";"21";"0";"2";"6";"16";"1";""
"202100026172";"154 914";"A01";"1";"7";"0";"2";"1";"1";"1";""
"202100026172";"154 915";"B01";"1";"2";"0";"2";"8";"19";"1";""
"202100026173";"154 912";"A01";"1";"7";"3";"2";"5";"12";"1";""
"202100026173";"154 913";"B01";"1";"7";"3";"2";"3";"1";"1";""
"202100026174";"154 910";"B01";"1";"7";"0";"0";"4";"24";"1";""
"202100026174";"154 911";"A01";"1";"7";"1";"0";"1";"1";"1";""
"202100026175";"154 909";"A01";"1";"33";"13";"0";"0";"17";"1";""
"202100026176";"154 907";"B01";"1";"33";"0";"2";"3";"2";"1";""
"202100026176";"154 908";"A01";"1";"7";"0";"0";"5";"23";"1";""
"202100026177";"154 905";"B01";"2";"7";"0";"2";"1";"1";"3";""
"202100026177";"154 906";"A01";"1";"7";"0";"2";"7";"19";"1";""
"202100026178";"154 904";"A01";"1";"7";"2";"0";"1";"0";"1";""
"202100026179";"154 901";"C01";"1";"7";"14";"0";"3";"1";"1";""
"202100026179";"154 902";"B01";"1";"7";"0";"0";"8";"23";"1";""
"202100026179";"154 903";"A01";"1";"7";"3";"0";"7";"1";"1";""
"202100026180";"154 899";"A01";"1";"7";"0";"2";"3";"13";"1";""
"202100026180";"154 900";"B01";"2";"33";"0";"2";"1";"1";"1";""
"202100026181";"154 896";"B01";"2";"38";"0";"2";"3";"1";"1";"1"
"202100026181";"154 897";"A01";"1";"7";"0";"2";"1";"13";"1";""
"202100026182";"154 895";"A01";"1";"1";"0";"9";"1";"1";"5";""
"202100026183";"154 893";"A01";"3";"7";"1";"2";"2";"1";"1";""
"202100026183";"154 894";"B01";"3";"7";"0";"0";"7";"0";"1";""
"202100026184";"154 892";"A01";"2";"7";"13";"0";"1";"16";"1";""
"202100026185";"154 891";"A01";"3";"7";"0";"0";"9";"15";"1";""
"202100026186";"154 888";"A01";"2";"7";"2";"0";"1";"1";"1";""
"202100026187";"154 886";"B01";"1";"7";"8";"0";"8";"15";"1";""
"202100026187";"154 887";"A01";"2";"99";"0";"2";"3";"1";"1";""
"202100026188";"154 884";"B01";"2";"7";"0";"2";"7";"1";"2";""
"202100026188";"154 885";"A01";"1";"7";"0";"2";"1";"1";"1";""
"202100026189";"154 879";"A01";"0";"10";"0";"2";"3";"1";"1";""
"202100026189";"154 880";"B01";"0";"1";"0";"2";"2";"1";"5";""
"202100026190";"154 877";"B01";"3";"7";"0";"2";"3";"1";"1";""
"202100026190";"154 878";"A01";"3";"33";"0";"2";"1";"13";"1";""
"202100026191";"154 876";"A01";"1";"7";"14";"0";"3";"5";"1";""
"202100026192";"154 875";"A01";"2";"7";"0";"0";"9";"1";"1";""
"202100026193";"154 874";"A01";"2";"1";"8";"0";"1";"1";"5";""
"202100026194";"154 873";"A01";"3";"7";"13";"0";"2";"1";"1";""
"202100026195";"154 871";"B01";"2";"21";"0";"0";"6";"15";"1";""
"202100026195";"154 872";"A01";"2";"7";"0";"2";"2";"17";"1";""
"202100026196";"154 869";"A01";"3";"7";"0";"9";"3";"1";"1";""
"202100026196";"154 870";"B01";"3";"1";"0";"2";"2";"19";"5";""
"202100026197";"154 868";"A01";"1";"7";"2";"0";"0";"0";"1";""
"202100026198";"154 867";"A01";"1";"7";"13";"0";"2";"14";"1";""
"202100026199";"154 865";"A01";"2";"7";"0";"2";"2";"1";"1";""
"202100026199";"154 866";"B01";"2";"30";"0";"2";"1";"9";"1";""
"202100026200";"154 862";"A01";"2";"7";"0";"2";"1";"5";"1";""
"202100026200";"154 863";"B01";"1";"7";"0";"2";"1";"1";"1";""
"202100026200";"154 864";"C01";"1";"7";"0";"2";"1";"1";"1";""
"202100026201";"154 861";"A01";"1";"7";"13";"0";"3";"1";"3";""
"202100026202";"154 860";"A01";"2";"1";"0";"0";"0";"26";"5";""
"202100026203";"154 858";"A01";"1";"31";"0";"2";"3";"16";"1";""
"202100026203";"154 859";"B01";"2";"7";"0";"2";"3";"15";"1";""
"202100026204";"154 857";"A01";"1";"7";"15";"0";"0";"0";"1";""
"202100026205";"154 855";"A01";"1";"7";"0";"0";"4";"1";"1";""
"202100026205";"154 856";"B01";"2";"7";"0";"2";"1";"2";"0";""
"202100026206";"154 853";"A01";"3";"33";"0";"2";"1";"1";"1";""
"202100026206";"154 854";"B01";"0";"7";"0";"2";"3";"15";"1";""
"202100026207";"154 851";"B01";"2";"7";"0";"2";"1";"1";"1";""
"202100026207";"154 852";"A01";"1";"7";"0";"2";"1";"13";"1";""
"202100026208";"154 849";"B01";"2";"1";"0";"2";"0";"2";"0";""
"202100026208";"154 850";"A01";"2";"7";"0";"2";"5";"2";"1";""
"202100026209";"154 848";"A01";"2";"7";"13";"0";"1";"1";"1";""
"202100026210";"154 847";"A01";"0";"2";"0";"0";"3";"0";"1";""
"202100026211";"154 846";"A01";"2";"2";"7";"0";"1";"1";"1";""
"202100026212";"154 845";"A01";"0";"7";"2";"0";"1";"1";"1";""
"202100026213";"154 844";"A01";"1";"7";"2";"0";"9";"17";"1";""
"202100026214";"154 843";"A01";"2";"7";"17";"0";"1";"1";"1";""
"202100026215";"154 842";"A01";"1";"7";"6";"0";"3";"1";"1";""
"202100026216";"154 841";"A01";"1";"7";"13";"0";"1";"1";"1";""
"202100026217";"154 839";"B01";"2";"7";"0";"2";"0";"2";"1";""
"202100026217";"154 840";"A01";"2";"7";"3";"0";"0";"13";"1";""
"202100026218";"154 838";"A01";"1";"31";"0";"0";"8";"1";"1";""
"202100026219";"154 836";"B01";"2";"7";"0";"2";"3";"1";"1";""
"202100026219";"154 837";"A01";"2";"7";"0";"2";"5";"26";"1";""
"202100026220";"154 834";"A01";"3";"7";"0";"9";"1";"1";"1";""
"202100026220";"154 835";"B01";"3";"50";"0";"2";"8";"1";"3";""
"202100026221";"154 832";"B01";"2";"7";"1";"2";"3";"1";"1";""
"202100026221";"154 833";"A01";"2";"7";"0";"2";"3";"13";"1";""
"202100026222";"154 827";"E01";"3";"7";"0";"2";"6";"1";"1";""
"202100026222";"154 828";"D01";"3";"7";"0";"2";"1";"1";"1";""
"202100026222";"154 829";"C01";"3";"7";"13";"2";"1";"1";"1";""
"202100026222";"154 830";"B01";"3";"33";"13";"2";"1";"13";"1";""
"202100026222";"154 831";"A01";"3";"33";"0";"2";"1";"13";"1";""
"202100026223";"154 826";"A01";"1";"33";"15";"0";"9";"17";"1";""
"202100026224";"154 825";"A01";"2";"7";"6";"0";"1";"1";"1";""
"202100026225";"154 823";"A01";"2";"7";"0";"2";"1";"2";"1";""
"202100026225";"154 824";"B01";"2";"30";"0";"0";"4";"2";"3";""
"202100026226";"154 821";"B01";"1";"10";"0";"2";"3";"1";"1";""
"202100026226";"154 822";"A01";"2";"10";"0";"2";"3";"5";"1";""
"202100026227";"154 820";"A01";"1";"33";"0";"0";"0";"1";"1";""
"202100026228";"154 818";"B01";"3";"33";"0";"2";"1";"1";"1";""
"202100026228";"154 819";"A01";"3";"10";"0";"2";"3";"1";"1";""
"202100026229";"154 816";"A01";"0";"1";"0";"2";"3";"13";"5";""
"202100026229";"154 817";"B01";"0";"10";"0";"2";"3";"21";"1";""
"202100026230";"154 814";"B01";"2";"7";"0";"2";"2";"5";"1";""
"202100026230";"154 815";"A01";"1";"3";"3";"0";"6";"1";"1";""
"202100026231";"154 813";"A01";"1";"7";"2";"0";"1";"14";"1";""
"202100026232";"154 811";"B01";"1";"7";"0";"0";"1";"10";"1";""
"202100026232";"154 812";"A01";"1";"33";"0";"0";"7";"1";"1";""
"202100026233";"154 809";"B01";"2";"7";"0";"0";" -1";"19";"1";""
"202100026233";"154 810";"A01";"1";"33";"0";"0";"9";"1";"1";""
"202100026234";"154 808";"A01";"3";"33";"0";"0";"9";"1";"1";""
"202100026235";"154 806";"B01";"1";"7";"0";"2";"8";"13";"1";""
"202100026235";"154 807";"A01";"2";"7";"0";"2";"3";"1";"1";""
"202100026236";"154 804";"A01";"1";"7";"0";"2";"3";"11";"1";""
"202100026236";"154 805";"B01";"1";"7";"0";"2";"2";"1";"1";""
"202100026237";"154 802";"A01";"1";"10";"0";"1";"3";"0";"1";""
"202100026237";"154 803";"B01";"1";"7";"0";"1";"1";"0";"1";""
"202100026238";"154 800";"A01";"2";"7";"0";"0";"1";"1";"1";""
"202100026239";"154 798";"B01";"2";"7";"0";"2";"1";"1";"1";""
"202100026239";"154 799";"A01";"1";"7";"0";"2";"1";"0";"1";""
"202100026240";"154 796";"B01";"1";"7";"0";"2";"2";"2";"1";""
"202100026240";"154 797";"A01";"1";"7";"0";"1";"1";"1";"1";""
"202100026241";"154 793";"A01";"2";"7";"0";"2";"4";"1";"1";""
"202100026241";"154 794";"C01";"2";"10";"0";"2";"1";"2";"1";""
"202100026241";"154 795";"B01";"2";"7";"0";"2";"1";"2";"1";""
"202100026242";"154 791";"A01";"1";"15";"0";"2";"3";"2";"1";""
"202100026242";"154 792";"B01";"1";"7";"0";"2";"1";"2";"1";""
"202100026243";"154 790";"A01";"1";"10";"3";"0";"1";"1";"1";""
"202100026244";"154 788";"B01";"2";"7";"0";"2";"2";"14";"1";""
"202100026244";"154 789";"A01";"2";"7";"0";"2";"6";"1";"2";""
"202100026245";"154 785";"A01";"1";"7";"0";"2";"4";"23";"1";""
"202100026245";"154 786";"B01";"1";"7";"0";"2";"1";"23";"1";""
"202100026245";"154 787";"C01";"1";"7";"0";"2";"1";"2";"1";""
"202100026246";"154 784";"A01";"1";"7";"0";"0";"9";"13";"1";""
"202100026247";"154 779";"D01";"2";"7";"0";"2";"4";"2";"1";""
"202100026247";"154 780";"C01";"2";"7";"0";"2";"4";"2";"1";""
"202100026247";"154 781";"E01";"2";"10";"0";"2";"4";"2";"0";""
"202100026247";"154 782";"B01";"2";"7";"0";"2";"4";"2";"1";""
"202100026247";"154 783";"A01";"2";"7";"0";"2";"1";"2";"1";""
"202100026248";"154 778";"A01";"1";"7";"4";"0";"3";"21";"1";""
"202100026249";"154 777";"A01";"1";"7";"4";"2";"7";"1";"1";""
"202100026250";"154 775";"B01";"1";"34";"0";"2";"1";"1";"1";""
"202100026250";"154 776";"A01";"1";"10";"0";"2";"8";"13";"1";""
"202100026251";"154 773";"B01";"1";"33";"0";"2";"0";"3";"1";""
"202100026251";"154 774";"A01";"1";"33";"0";"2";"0";"3";"1";""
"202100026252";"154 771";"B01";"1";"37";"0";"2";"7";"1";"1";"1"
"202100026252";"154 772";"A01";"1";"7";"0";"1";"1";"26";"1";""
"202100026253";"154 770";"Z01";"1";"32";"0";"1";"1";"2";"1";""
"202100026254";"154 769";"A01";"1";"7";"0";"1";"5";"4";"1";""
"202100026255";"154 767";"A01";"1";"7";"4";"0";"2";"1";"1";""
"202100026256";"154 766";"A01";"3";"7";"0";"1";"1";"15";"1";""
"202100026257";"154 765";"A01";"3";"7";"1";"0";"2";"1";"1";""
"202100026258";"154 764";"A01";"1";"7";"0";"1";"2";"16";"1";""
"202100026259";"154 762";"B01";"1";"1";"0";"2";"4";"1";"5";""
"202100026259";"154 763";"A01";"1";"7";"0";"2";"1";"1";"0";""
"202100026260";"154 761";"A01";"2";"7";"0";"1";"3";"15";"5";""
"202100026261";"154 759";"A01";"3";"31";"0";"2";"4";"23";"1";""
"202100026261";"154 760";"B01";"3";"7";"0";"2";"1";"26";"1";""
"202100026262";"154 757";"A01";"1";"7";"0";"2";"2";"15";"1";""
"202100026262";"154 758";"B01";"2";"33";"0";"2";"1";"1";"1";""
"202100026263";"154 755";"A01";"1";"7";"0";"2";"1";"17";"1";""
"202100026263";"154 756";"B01";"1";"7";"0";"2";"1";"1";"1";""
"202100026264";"154 753";"B01";"1";"7";"0";"2";"5";"2";"1";""
"202100026264";"154 754";"A01";"1";"30";"0";"2";"1";"21";"1";""
"202100026265";"154 751";"B01";"1";"1";"0";"2";"6";"1";"5";""
"202100026265";"154 752";"A01";"1";"7";"0";"2";"2";"12";"2";""
"202100026266";"154 749";"A01";"2";"7";"0";"2";"5";"4";"1";""
"202100026266";"154 750";"B01";"2";"7";"0";"2";"1";"1";"1";""
"202100026267";"154 748";"A01";"0";"30";"0";"0";"0";"0";"1";""
"202100026268";"154 747";"A01";"1";"7";"1";"0";"4";"1";"1";""
"202100026269";"154 745";"A01";"3";"7";"0";"2";"2";"14";"1";""
"202100026269";"154 746";"B01";"3";"7";"0";"2";"3";"1";"1";""
"202100026270";"154 743";"A01";"3";"30";"0";"2";"8";"16";"1";""
"202100026270";"154 744";"B01";"2";"7";"0";"2";"3";"1";"1";""
"202100026271";"154 739";"B01";"3";"16";"0";"2";"2";"15";"1";""
"202100026271";"154 740";"A01";" -1";"7";"8";"2";"1";"1";"1";""
"202100026272";"154 737";"B01";"1";"1";"0";"2";"1";"2";"5";""
"202100026272";"154 738";"A01";"1";"15";"8";"0";"1";"16";"1";""
"202100026273";"154 734";"B01";"1";"7";"0";"2";"7";"1";"1";""
"202100026273";"154 735";"C01";"1";"7";"0";"2";"1";"1";"1";""
"202100026273";"154 736";"A01";"2";"7";"0";"2";"8";"15";"1";""
"202100026274";"154 732";"A01";"2";"10";"0";"2";"1";"26";"1";""
"202100026274";"154 733";"B01";"2";"7";"0";"2";"4";"23";"1";""
"202100026275";"154 730";"A01";"1";"7";"0";"2";"7";"16";"1";""
"202100026275";"154 731";"B01";"1";"80";"0";"2";"8";"1";"3";""
"202100026276";"154 728";"A01";"0";"33";"0";"2";"1";"17";"1";""
"202100026276";"154 729";"B01";"0";"7";"0";"2";"8";"0";"1";""
"202100026277";"154 726";"A01";"1";"7";"0";"2";"5";"26";"1";""
"202100026277";"154 727";"B01";"2";"33";"0";"2";"1";"15";"1";""
"202100026278";"154 725";"A01";"1";"33";"0";"2";"8";"21";"1";""
"202100026279";"154 723";"A01";"1";"7";"0";"2";"5";"1";"1";""
"202100026279";"154 724";"B01";"1";"1";"0";"2";"1";"1";"5";""
"202100026280";"154 720";"B01";"1";"7";"0";"2";"9";"2";"1";""
"202100026280";"154 721";"A01";"1";"7";"0";"2";"1";"2";"1";""
"202100026280";"154 722";"C01";"1";"7";"0";"2";"4";"2";"1";""
"202100026281";"154 715";"A01";"2";"7";"0";"2";"1";"2";"1";""
"202100026281";"154 716";"B01";"2";"7";"0";"2";"4";"2";"1";""
"202100026281";"154 717";"C01";"2";"7";"0";"2";"4";"1";"1";""
"202100026281";"154 718";"D01";"1";"7";"0";"2";"1";"1";"1";""
"202100026281";"154 719";"E01";"1";"7";"0";"2";"1";"1";"1";""
"202100026282";"154 714";"A01";"1";"32";"0";"0";"0";"1";"1";""
"202100026283";"154 712";"B01";"2";"7";"0";"2";"7";"0";"1";""
"202100026283";"154 713";"A01";"2";"30";"0";"2";"8";"18";"1";""
"202100026284";"154 711";"A01";"2";"80";"0";"0";"0";"16";"3";""
"202100026285";"154 709";"B01";"3";"30";"0";"2";"3";"1";"3";""
"202100026285";"154 710";"A01";"3";"7";"0";"2";"2";"19";"1";""
"202100026286";"154 708";"A01";"1";"33";"0";"0";"0";"1";"1";""
"202100026287";"154 706";"A01";"2";"7";"0";"2";"3";"15";"1";""
"202100026287";"154 707";"B01";"1";"33";"0";"2";"8";"1";"1";""
"202100026288";"154 704";"A01";"2";"7";"0";"2";"3";"9";"1";""
"202100026288";"154 705";"B01";"2";"7";"0";"2";"1";"1";"1";""
"202100026289";"154 702";"A01";"3";"7";"0";"2";"1";"26";"1";""
"202100026289";"154 703";"B01";"3";"33";"0";"2";"8";"1";"1";""
"202100026290";"154 701";"A01";"1";"7";"0";"1";"2";"1";"1";""
"202100026291";"154 696";"A01";"1";"30";"12";"0";"8";"1";"1";""
"202100026292";"154 694";"A01";"1";"7";"0";"2";"8";"15";"1";""
"202100026292";"154 695";"B01";"1";"7";"0";"2";"2";"1";"1";""
"202100026293";"154 693";"A01";"0";"40";"0";"1";"1";"1";"3";""
"202100026294";"154 691";"B01";"1";"50";"0";"0";"4";"0";"3";""
"202100026294";"154 692";"A01";"1";"7";"0";"2";"0";"26";"0";""
"202100026295";"154 690";"A01";"2";"30";"0";"1";"1";"1";"1";""
"202100026296";"154 688";"A01";"1";"7";"0";"2";"1";"26";"1";""
"202100026296";"154 689";"B01";"1";"1";"0";"2";"8";"26";"5";""
"202100026297";"154 687";"A01";"1";"50";"0";"0";"0";"26";"3";""
"202100026298";"154 686";"A01";"1";"10";"0";"1";"3";"26";"1";""
"202100026299";"154 685";"A01";"0";"41";"0";"9";"1";"1";"1";""
"202100026300";"154 682";"A01";"3";"7";"1";"0";"2";"26";"1";""
"202100026301";"154 680";"A01";"0";"32";"0";"4";"1";"6";"1";""
"202100026301";"154 681";"B01";"0";"40";"0";"2";"3";"1";"3";""
"202100026302";"154 678";"A01";"1";"31";"0";"9";"1";"17";"1";""
"202100026302";"154 679";"B01";"2";"7";"0";"2";"3";"16";"1";""
"202100026303";"154 675";"A01";"1";"10";"0";"2";"1";"2";"1";""
"202100026303";"154 676";"B01";"1";"7";"0";"2";"4";"23";"1";""
"202100026303";"154 677";"C01";"1";"7";"0";"2";"4";"23";"1";""
"202100026304";"154 674";"A01";"2";"7";"0";"0";"9";"1";"1";""
"202100026305";"154 672";"B01";"3";"7";"0";"2";"4";"1";"1";""
"202100026305";"154 673";"A01";"3";"7";"0";"2";"1";"1";"1";""
"202100026306";"154 670";"A01";"3";"7";"0";"2";"6";"15";"1";""
"202100026306";"154 671";"B01";"3";"7";"0";"2";"2";"16";"1";""
"202100026307";"154 668";"B01";"3";"33";"0";"2";"8";"1";"1";""
"202100026307";"154 669";"A01";"3";"7";"0";"2";"2";"15";"1";""
"202100026308";"154 666";"B01";"1";"1";"0";"2";"3";"1";"5";""
"202100026308";"154 667";"A01";"1";"7";"0";"2";"2";"16";"1";""
"202100026309";"154 664";"B01";"2";"7";"0";"2";"1";"1";"1";""
"202100026309";"154 665";"A01";"1";"7";"0";"2";"1";"13";"1";""
"202100026310";"154 662";"A01";"1";"14";"0";"2";"8";"15";"1";""
"202100026310";"154 663";"B01";"1";"1";"0";"2";"1";"1";"5";""
"202100026311";"154 660";"B01";"1";"7";"0";"2";"3";"9";"1";""
"202100026311";"154 661";"A01";"2";"33";"0";"2";"1";"3";"1";""
"202100026312";"154 658";"A01";"1";"7";"1";"0";"2";"26";"1";""
"202100026312";"154 659";"B01";"1";"10";"0";"2";"6";"24";"0";""
"202100026313";"154 656";"B01";"1";"7";"1";"2";"7";"1";"1";""
"202100026313";"154 657";"A01";"1";"7";"1";"2";"2";"1";"1";""
"202100026314";"154 654";"A01";"2";"7";"0";"9";"3";"9";"1";""
"202100026314";"154 655";"B01";"2";"1";"0";"2";"1";"26";"5";""
"202100026315";"154 652";"A01";"2";"7";"15";"2";"1";"1";"1";""
"202100026315";"154 653";"B01";"1";"7";"0";"2";"3";"1";"1";""
"202100026316";"154 651";"A01";"3";"7";"0";"1";"3";"15";"1";""
"202100026317";"154 649";"B01";"1";"2";"0";"2";"1";"1";"1";""
"202100026317";"154 650";"A01";"2";"7";"0";"2";"2";"20";"1";""
"202100026318";"154 648";"A01";"3";"7";"1";"0";"1";"16";"1";""
"202100026319";"154 646";"B01";"2";"31";"0";"2";"1";"1";"1";""
"202100026319";"154 647";"A01";"1";"7";"0";"2";"8";"10";"1";""
"202100026320";"154 645";"A01";"2";"10";"0";"1";"3";"9";"1";""
"202100026321";"154 644";"A01";"2";"7";"13";"0";"1";"14";"1";""
"202100026322";"154 642";"A01";"0";"7";"0";"2";"3";"9";"1";""
"202100026322";"154 643";"B01";"0";"1";"0";"2";"2";"1";"5";""
"202100026323";"154 640";"B01";"1";"7";"0";"2";"8";"19";"1";""
"202100026323";"154 641";"A01";"1";"7";"0";"2";"1";"7";"1";""
"202100026324";"154 638";"A01";"3";"13";"0";"2";"2";"17";"0";""
"202100026324";"154 639";"B01";"0";"7";"0";"2";"3";"16";"1";""
"202100026325";"154 637";"A01";"3";"10";"0";"1";"1";"15";"1";""
"202100026326";"154 635";"A01";"3";"30";"0";"2";"1";"17";"1";""
"202100026326";"154 636";"B01";"3";"7";"0";"2";"8";"10";"2";""
"202100026327";"154 634";"A01";"3";"10";"0";"1";"1";"1";"1";""
"202100026328";"154 633";"A01";"2";"80";"0";"0";"1";"1";"3";""
"202100026329";"154 631";"A01";"1";"50";"0";"0";"1";"1";"3";""
"202100026330";"154 629";"B01";"2";"50";"0";"2";"1";"1";"3";""
"202100026330";"154 630";"A01";"2";"7";"0";"2";"3";"22";"2";""
"202100026331";"154 627";"A01";"2";"10";"0";"2";"8";"22";"1";""
"202100026331";"154 628";"B01";"2";"1";"0";"2";"1";"1";"5";""
"202100026332";"154 626";"A01";"2";"32";"0";"1";"8";"17";"1";""
"202100026333";"154 624";"A01";"1";"7";"0";"2";"8";"10";"2";""
"202100026333";"154 625";"B01";"1";"32";"0";"2";"1";"15";"1";""
"202100026334";"154 622";"Z01";"2";"10";"0";"2";"0";"22";"0";""
"202100026334";"154 623";"A01";"2";"1";"0";"2";"0";"1";"0";""
"202100026335";"154 621";"A01";"2";"33";"8";"0";"1";"13";"1";""
"202100026336";"154 619";"B01";"2";"33";"0";"2";"1";"1";"1";""
"202100026336";"154 620";"A01";"2";"7";"0";"2";"3";"4";"1";""
"202100026337";"154 618";"A01";"3";"7";"0";"1";"8";"15";"1";""
"202100026338";"154 616";"B01";"1";"2";"0";"2";"6";"1";"1";""
"202100026338";"154 617";"A01";"2";"7";"0";"2";"2";"1";"1";""
"202100026339";"154 613";"B01";"1";"37";"0";"2";"2";"1";"1";"1"
"202100026339";"154 614";"A01";"1";"7";"0";"2";"3";"15";"1";""
"202100026340";"154 611";"B01";"1";"33";"0";"2";"4";"0";"1";""
"202100026340";"154 612";"A01";"1";"10";"0";"2";"1";"1";"1";""
"202100026341";"154 609";"A01";"1";"7";"0";"2";"7";"1";"0";""
"202100026341";"154 610";"B01";"3";"7";"0";"2";"3";"0";"0";""
"202100026342";"154 607";"A01";"2";"7";"0";"2";"3";"15";"1";""
"202100026342";"154 608";"B01";"1";"33";"0";"2";"1";"1";"1";""
"202100026343";"154 606";"A01";"1";"7";"0";"1";"1";"26";"1";""
"202100026344";"154 605";"A01";"1";"7";"0";"2";"2";"21";"1";""