"Num_Acc";"id_vehicule";"num_veh";"senc";"catv";"obs";"obsm";"choc";"manv";"motor";"occutc"
"202100026345";"154 603";"A01";"1";"7";"0";"2";"1";"9";"1";""
"202100026345";"154 604";"B01";"1";"7";"0";"2";"7";"1";"1";""
"202100026346";"154 602";"A01";"1";"10";"0";"1";"4";"4";"1";""
"202100026347";"154 600";"B01";"1";"7";"0";"2";"4";"26";"1";""
"202100026347";"154 601";"A01";"2";"30";"0";"2";"1";"26";"0";""
"202100026348";"154 598";"B01";"3";"15";"0";"0";"0";"0";"1";""
"202100026348";"154 599";"A01";"3";"33";"0";"2";"0";"0";"0";""
"202100026349";"154 597";"A01";"1";"33";"0";"1";"2";"0";"0";""
"202100026350";"154 595";"B01";"1";"7";"0";"2";"4";"23";"1";""
"202100026350";"154 596";"A01";"1";"10";"0";"2";"1";"1";"1";""
"202100026351";"154 593";"A01";"3";"10";"0";"2";"1";"1";"1";""
"202100026351";"154 594";"B01";"3";"33";"0";"2";"8";"1";"1";""
"202100026352";"154 591";"A01";"1";"7";"0";"2";"3";"1";"1";""
"202100026352";"154 592";"B01";"1";"2";"0";"2";"2";"19";"1";""
"202100026353";"154 590";"A01";"1";"7";"0";"1";"1";"1";"1";""
"202100026354";"154 588";"B01";"1";"7";"0";"2";"8";"24";"0";""
"202100026354";"154 589";"A01";"1";"50";"1";"0";"1";"26";"3";""
"202100026355";"154 586";"B01";"2";"1";"1";"0";"0";"0";"5";""
"202100026355";"154 587";"A01";"2";"7";"0";"2";"3";"24";"2";""
"202100026356";"154 584";"B01";"2";"7";"0";"2";"3";"1";"1";""
"202100026356";"154 585";"A01";"1";"7";"0";"2";"2";"19";"1";""
"202100026357";"154 583";"A01";"2";"2";"13";"0";"1";"14";"1";""
"202100026358";"154 581";"B01";"2";"7";"0";"2";"3";"1";"1";""
"202100026358";"154 582";"A01";"1";"3";"0";"2";"3";"1";"1";""
"202100026359";"154 579";"A01";"2";"17";"0";"0";"0";"17";"1";""
"202100026359";"154 580";"B01";"2";"1";"0";"0";"2";"21";"5";""
"202100026360";"154 576";"B01";"1";"2";"0";"2";"1";"1";"1";""
"202100026360";"154 577";"A01";"2";"7";"0";"2";"2";"15";"1";""
"202100026361";"154 574";"B01";"1";"33";"0";"0";"4";"16";"1";""
"202100026361";"154 575";"A01";"1";"7";"0";"2";"2";"2";"1";""
"202100026362";"154 572";"B01";"2";"10";"0";"0";"1";"1";"1";""
"202100026362";"154 573";"A01";"1";"7";"0";"0";"1";"5";"1";""
"202100026363";"154 571";"A01";"2";"7";"16";"0";"9";"1";"1";""
"202100026364";"154 569";"A01";"2";"7";"0";"2";"1";"15";"1";""
"202100026364";"154 570";"B01";"1";"7";"0";"2";"1";"1";"1";""
"202100026365";"154 567";"B01";"1";"10";"0";"2";"3";"1";"1";""
"202100026365";"154 568";"A01";"2";"31";"0";"2";"1";"5";"1";""
"202100026366";"154 566";"A01";"2";"7";"0";"1";"5";"4";"1";""
"202100026367";"154 562";"A01";"3";"7";"0";"2";"6";"17";"1";""
"202100026367";"154 563";"B01";"3";"33";"0";"2";"1";"17";"1";""
"202100026368";"154 561";"A01";"3";"7";"6";"0";"1";"15";"1";""
"202100026369";"154 559";"A01";"1";"7";"2";"9";"7";"14";"1";""
"202100026369";"154 560";"B01";"1";"7";"2";"9";"2";"14";"1";""
"202100026370";"154 557";"A01";"3";"7";"0";"2";"3";"15";"1";""
"202100026370";"154 558";"B01";"1";"33";"0";"2";"1";"1";"1";""
"202100026371";"154 556";"A01";"3";"2";"0";"0";"2";"16";"1";""
"202100026372";"154 555";"A01";"1";"10";"9";"1";"1";"15";"1";""
"202100026373";"154 553";"A01";"1";"7";"0";"2";"1";"1";"1";""
"202100026373";"154 554";"B01";"2";"7";"0";"2";"1";"1";"1";""
"202100026374";"154 551";"A01";"1";"7";"0";"2";"2";"1";"1";""
"202100026374";"154 552";"B01";"1";"1";"0";"2";"5";"1";"5";""
"202100026375";"154 549";"A01";"2";"30";"0";"2";"1";"1";"1";""
"202100026375";"154 550";"B01";"1";"7";"0";"0";"4";"1";"1";""
"202100026376";"154 546";"C01";"1";"7";"0";"2";"2";"21";"1";""
"202100026376";"154 547";"B01";"1";"7";"0";"2";"6";"21";"1";""
"202100026376";"154 548";"A01";"2";"7";"0";"0";"0";"14";"0";""
"202100026377";"154 544";"A01";"1";"7";"0";"2";"6";"19";"1";""
"202100026377";"154 545";"B01";"1";"7";"0";"2";"2";"1";"1";""
"202100026378";"154 543";"A01";"1";"33";"0";"0";"8";"0";"1";""
"202100026379";"154 542";"A01";"1";"7";"2";"0";"1";"1";"1";""
"202100026380";"154 540";"A01";"1";"31";"0";"2";"1";"13";"1";""
"202100026380";"154 541";"B01";"2";"7";"0";"2";"3";"1";"1";""
"202100026381";"154 539";"A01";"1";"7";"13";"0";"2";"1";"0";""
"202100026382";"154 537";"B01";"1";"7";"0";"2";"1";"1";"1";""
"202100026382";"154 538";"A01";"1";"1";"0";"2";"8";"9";"0";""
"202100026383";"154 535";"B01";"1";"1";"0";"2";"4";"1";"5";""
"202100026383";"154 536";"A01";"2";"7";"0";"2";"2";"1";"1";""
"202100026384";"154 533";"B01";"2";"7";"0";"2";"3";"1";"1";""
"202100026384";"154 534";"A01";"1";"7";"0";"2";"3";"13";"1";""
"202100026385";"154 530";"A01";"2";"10";"1";"0";"2";"14";"1";""
"202100026385";"154 531";"B01";"2";"7";"4";"2";"6";"23";"1";""
"202100026385";"154 532";"C01";"2";"7";"0";"0";"6";"1";"1";""
"202100026386";"154 528";"A01";"1";"7";"0";"2";"3";"15";"1";""
"202100026386";"154 529";"B01";"2";"33";"0";"2";"8";"0";"1";""
"202100026387";"154 527";"A01";"1";"7";"2";"0";"2";"0";"1";""
"202100026388";"154 526";"A01";"2";"7";"2";"0";"1";"1";"1";""
"202100026389";"154 524";"B01";"3";"14";"0";"2";"6";"1";"1";""
"202100026389";"154 525";"A01";"3";"33";"0";"2";"9";"0";"1";""
"202100026390";"154 520";"A01";"2";"10";"0";"2";"1";"1";"1";""
"202100026390";"154 521";"D01";"2";"7";"0";"2";"4";"1";"1";""
"202100026390";"154 522";"C01";"2";"7";"0";"2";"4";"1";"1";""
"202100026390";"154 523";"B01";"2";"7";"0";"2";"4";"1";"1";""
"202100026391";"154 518";"B01";"1";"33";"0";"2";"1";"1";"1";""
"202100026391";"154 519";"A01";"2";"7";"0";"2";"1";"15";"2";""
"202100026392";"154 517";"A01";"1";"7";"2";"0";"3";"0";"1";""
"202100026393";"154 516";"A01";"1";"33";"0";"0";"2";"0";"1";""
"202100026394";"154 514";"B01";"1";"33";"0";"2";"6";"1";"1";""
"202100026394";"154 515";"A01";"2";"7";"0";"2";"2";"15";"1";""
"202100026395";"154 512";"B01";"2";"7";"0";"9";"7";"2";"0";""
"202100026395";"154 513";"A01";"2";"1";"0";"0";"8";"1";"5";""
"202100026396";"154 510";"B01";"2";"21";"0";"2";"6";"15";"1";""
"202100026396";"154 511";"A01";"2";"33";"0";"2";"1";"17";"1";""
"202100026397";"154 509";"A01";"1";"80";"0";"0";"7";"1";"3";""
"202100026398";"154 507";"A01";"1";"7";"0";"2";"1";"13";"1";""
"202100026398";"154 508";"B01";"2";"7";"0";"2";"1";"1";"1";""
"202100026399";"154 505";"A01";"1";"7";"0";"2";"1";"1";"1";""
"202100026399";"154 506";"B01";"1";"7";"0";"0";"4";"9";"1";""
"202100026400";"154 503";"B01";"2";"7";"0";"2";"3";"15";"1";""
"202100026400";"154 504";"A01";"2";"7";"0";"2";"1";"17";"1";""
"202100026401";"154 501";"A01";"2";"7";"0";"2";"1";"13";"1";""
"202100026401";"154 502";"B01";"1";"7";"0";"2";"1";"1";"1";""
"202100026402";"154 500";"A01";"0";"7";"0";"1";"1";"1";"1";""
"202100026403";"154 498";"A01";"1";"7";"0";"2";"4";"1";"1";""
"202100026403";"154 499";"B01";"1";"7";"0";"2";"1";"2";"1";""
"202100026404";"154 496";"A01";"1";"7";"0";"2";"1";"2";"1";""
"202100026404";"154 497";"B01";"1";"31";"0";"2";"0";"2";"3";""
"202100026405";"154 494";"A01";"2";"7";"0";"2";"4";"1";"1";""
"202100026405";"154 495";"B01";"2";"7";"0";"2";"1";"2";"1";""
"202100026406";"154 493";"A01";"2";"10";"0";"0";"9";"16";"1";""
"202100026407";"154 491";"B01";"2";"10";"0";"2";"6";"23";"1";""
"202100026407";"154 492";"A01";"2";"7";"1";"1";"2";"2";"1";""
"202100026408";"154 490";"A01";"1";"7";"3";"0";"2";"2";"1";""
"202100026409";"154 488";"B01";"1";"13";"0";"2";"3";"1";"1";""
"202100026409";"154 489";"A01";"1";"7";"0";"2";"3";"18";"1";""
"202100026410";"154 487";"A01";"2";"10";"4";"0";"2";"1";"1";""
"202100026411";"154 485";"A01";"1";"7";"0";"2";"7";"0";"1";""
"202100026411";"154 486";"B01";"1";"33";"0";"2";"0";"0";"1";""
"202100026412";"154 483";"A01";"2";"31";"0";"2";"7";"3";"0";""
"202100026412";"154 484";"B01";"2";"7";"0";"2";"8";"1";"1";""
"202100026413";"154 482";"A01";"3";"30";"0";"1";"7";"21";"1";""
"202100026414";"154 480";"A01";"3";"40";"0";"2";"0";"0";"3";""
"202100026414";"154 481";"B01";"0";"1";"0";"4";"1";"26";"5";""
"202100026415";"154 479";"A01";"0";"7";"0";"1";"1";"15";"1";""
"202100026416";"154 478";"A01";"1";"7";"0";"1";"1";"1";"1";""
"202100026417";"154 477";"A01";"3";"43";"0";"9";"3";"21";"1";""
"202100026418";"154 475";"A01";"1";"7";"0";"2";"4";"1";"1";""
"202100026418";"154 476";"B01";"1";"7";"0";"0";"4";"1";"1";""
"202100026419";"154 474";"A01";"1";"10";"4";"0";"0";"11";"1";""
"202100026420";"154 472";"B01";"1";"7";"0";"2";"3";"1";"1";""
"202100026420";"154 473";"A01";"1";"7";"0";"2";"2";"15";"1";""
"202100026421";"154 470";"A01";"2";"7";"0";"9";"6";"16";"1";""
"202100026421";"154 471";"B01";"3";"50";"0";"2";"2";"1";"3";""
"202100026422";"154 468";"B01";"2";"10";"0";"2";"2";"1";"1";""
"202100026422";"154 469";"A01";"2";"50";"0";"2";"2";"11";"3";""
"202100026423";"154 467";"A01";"3";"2";"0";"0";"0";"26";"1";""
"202100026424";"154 464";"C01";"1";"7";"0";"2";"4";"2";"1";""
"202100026424";"154 465";"B01";"1";"7";"3";"2";"4";"2";"1";""
"202100026424";"154 466";"A01";"1";"7";"0";"2";"1";"9";"1";""
"202100026425";"154 462";"A01";"1";"7";"0";"4";"4";"2";"1";""
"202100026425";"154 463";"B01";"1";"7";"14";"2";"1";"1";"1";""
"202100026426";"154 461";"A01";"2";"33";"3";"0";"1";"14";"1";""
"202100026427";"154 459";"B01";"1";"7";"0";"2";"1";"1";"1";""
"202100026427";"154 460";"A01";"3";"50";"0";"2";"8";"19";"3";""
"202100026428";"154 457";"B01";"1";"7";"0";"0";"8";"1";"1";""
"202100026428";"154 458";"A01";"2";"7";"0";"2";"2";"1";"1";""
"202100026429";"154 456";"A01";"1";"7";"1";"0";"1";"14";"1";""
"202100026430";"154 454";"B01";"1";"7";"0";"2";"3";"15";"1";""
"202100026430";"154 455";"A01";"1";"2";"0";"2";"2";"21";"1";""
"202100026431";"154 452";"B01";"1";"1";"1";"0";"1";"1";"5";""
"202100026431";"154 453";"A01";"1";"7";"0";"9";"7";"24";"1";""
"202100026432";"154 451";"A01";"3";"30";"0";"0";"7";"1";"1";""
"202100026433";"154 449";"B01";"2";"1";"0";"2";"1";"26";"0";""
"202100026433";"154 450";"A01";"2";"7";"0";"2";"6";"9";"1";""
"202100026434";"154 447";"A01";"1";"7";"0";"0";"0";"0";"1";""
"202100026434";"154 448";"B01";"2";"7";"0";"2";"1";"2";"1";""
"202100026435";"154 445";"B01";"1";"2";"1";"2";"1";"1";"1";""
"202100026435";"154 446";"A01";"2";"10";"0";"2";"2";"10";"1";""
"202100026436";"154 444";"A01";"2";"33";"0";"2";"1";"12";"1";""
"202100026437";"154 442";"B01";"0";"50";"0";"2";"1";"1";"3";""
"202100026437";"154 443";"A01";"0";"1";"0";"2";"1";"1";"5";""
"202100026438";"154 440";"B01";"1";"7";"0";"2";"0";"1";"0";""
"202100026438";"154 441";"A01";"1";"30";"0";"2";"2";"11";"0";""
"202100026439";"154 439";"A01";"2";"7";"2";"0";"1";"14";"0";""
"202100026440";"154 438";"A01";"1";"10";"0";"1";"1";"1";"1";""
"202100026441";"154 436";"A01";"2";"7";"0";"2";"1";"9";"1";""
"202100026441";"154 437";"B01";"2";"1";"0";"2";"7";"1";"5";""
"202100026442";"154 434";"A01";"1";"7";"0";"2";"3";"20";"1";""
"202100026442";"154 435";"B01";"1";"1";"0";"2";"1";"1";"5";""
"202100026443";"154 432";"B01";"2";"30";"0";"2";"1";"1";"1";""
"202100026443";"154 433";"A01";"1";"7";"0";"2";"2";"1";"1";""
"202100026444";"154 430";"B01";"1";"1";"0";"2";"1";"1";"5";""
"202100026444";"154 431";"A01";"2";"7";"0";"2";"5";"23";"1";""
"202100026445";"154 428";"B01";"2";"60";"0";"2";"7";"19";"5";""
"202100026445";"154 429";"A01";"1";"7";"0";"2";"1";"1";"1";""
"202100026446";"154 426";"A01";"1";"3";"0";"2";"1";"15";"1";""
"202100026446";"154 427";"B01";"2";"32";"0";"2";"3";"1";"1";""
"202100026447";"154 425";"A01";"2";"2";"0";"1";"1";"26";"1";""
"202100026448";"154 423";"A01";"2";"30";"0";"2";"5";"9";"1";""
"202100026448";"154 424";"B01";"2";"7";"0";"2";"0";"0";"1";""
"202100026449";"154 421";"A01";"2";"7";"0";"2";"3";"9";"1";""
"202100026449";"154 422";"B01";"2";"32";"0";"2";"1";"1";"1";""
"202100026450";"154 420";"A01";"3";"2";"0";"0";"0";"26";"1";""
"202100026451";"154 419";"A01";"3";"31";"0";"0";"0";"26";"1";""
"202100026452";"154 417";"A01";"3";"7";"0";"2";"1";"1";"1";""
"202100026452";"154 418";"B01";"3";"7";"0";"2";"6";"24";"1";""
"202100026453";"154 415";"B01";"3";"7";"0";"9";"1";"0";"1";""
"202100026453";"154 416";"A01";"3";"30";"0";"2";"3";"19";"1";""
"202100026454";"154 414";"Z01";"3";"2";"0";"1";"1";"26";"1";""
"202100026455";"154 413";"A01";"1";"1";"16";"0";"0";"1";"5";""
"202100026456";"154 411";"B01";"1";"1";"0";"2";"1";"1";"5";""
"202100026456";"154 412";"A01";"1";"7";"0";"9";"6";"24";"1";""
"202100026457";"154 409";"A01";"3";"33";"0";"2";"1";"2";"1";""
"202100026457";"154 410";"B01";"3";"7";"0";"2";"4";"2";"1";""
"202100026458";"154 408";"A01";"1";"7";"0";"1";"1";"26";"1";""
"202100026459";"154 405";"C01";"1";"7";"0";"2";"1";"2";"1";""
"202100026459";"154 406";"B01";"1";"7";"0";"2";"4";"2";"1";""
"202100026459";"154 407";"A01";"1";"7";"0";"2";"6";"26";"1";""
"202100026460";"154 404";"A01";"2";"7";"17";"0";"9";"13";"1";""
"202100026461";"154 402";"A01";"3";"7";"0";"2";"3";"5";"1";""
"202100026461";"154 403";"B01";"3";"7";"0";"2";"3";"1";"1";""
"202100026462";"154 401";"A01";"1";"7";"1";"0";"1";"16";"1";""
"202100026463";"154 398";"C01";"1";"7";"0";"2";"0";"0";"1";""
"202100026463";"154 399";"B01";"1";"7";"0";"2";"0";"0";"1";""
"202100026463";"154 400";"A01";"1";"7";"0";"2";"0";"0";"1";""
"202100026464";"154 397";"A01";"2";"7";"0";"0";"1";"13";"1";""
"202100026465";"154 395";"B01";"2";"7";"0";"2";"1";"1";"1";""
"202100026465";"154 396";"A01";"1";"7";"0";"2";"1";"13";"1";""
"202100026466";"154 393";"B01";"3";"50";"0";"2";"3";"1";"3";""
"202100026466";"154 394";"A01";"1";"7";"0";"9";"8";"15";"1";""
"202100026467";"154 389";"A01";"3";"33";"0";"2";"7";"17";"1";""
"202100026467";"154 390";"B01";"3";"7";"0";"2";"8";"1";"1";""
"202100026468";"154 387";"B01";"0";"7";"0";"0";"0";"0";"1";""
"202100026468";"154 388";"A01";"2";"30";"0";"2";"0";"0";"1";""
"202100026469";"154 386";"A01";"1";"10";"0";"1";"2";"1";"1";""
"202100026470";"154 384";"B01";"2";"7";"0";"2";"3";"1";"1";""
"202100026470";"154 385";"A01";"2";"30";"0";"2";"1";"19";"1";""
"202100026471";"154 382";"B01";"0";"1";"0";"2";"2";"1";"0";""
"202100026471";"154 383";"A01";"0";"10";"0";"2";"3";"9";"1";""
"202100026472";"154 379";"B01";"2";"7";"0";"2";"7";"16";"1";""
"202100026472";"154 380";"A01";"2";"30";"0";"2";"8";"1";"1";""
"202100026473";"154 377";"A01";"2";"7";"0";"2";"7";"1";"1";""
"202100026473";"154 378";"B01";"2";"7";"0";"2";"3";"1";"1";""
"202100026474";"154 376";"A01";"2";"7";"2";"0";"1";"13";"1";""
"202100026475";"154 374";"B01";"2";"7";"0";"2";"5";"1";"1";""
"202100026475";"154 375";"A01";"2";"30";"0";"2";"1";"14";"1";""
"202100026476";"154 372";"A01";"1";"7";"0";"9";"2";"15";"1";""
"202100026476";"154 373";"B01";"1";"33";"0";"2";"8";"16";"1";""
"202100026477";"154 370";"B01";"3";"7";"0";"0";"3";"16";"2";""
"202100026477";"154 371";"A01";"3";"1";"0";"2";"2";"1";"5";""
"202100026478";"154 366";"B01";"1";"1";"0";"2";"1";"26";"0";""
"202100026478";"154 367";"A01";"1";"7";"0";"2";"3";"9";"1";""
"202100026479";"154 364";"A01";"3";"7";"0";"2";"7";"15";"2";""
"202100026479";"154 365";"B01";"3";"31";"0";"2";"1";"1";"0";""
"202100026480";"154 363";"A01";"1";"7";"0";"1";"7";"1";"1";""
"202100026481";"154 361";"A01";"1";"7";"0";"2";"3";"15";"1";""
"202100026481";"154 362";"B01";"1";"7";"0";"2";"2";"1";"1";""
"202100026482";"154 360";"Z01";"1";"33";"0";"1";"1";"17";"1";""
"202100026483";"154 359";"A01";"3";"7";"3";"0";"1";"0";"0";""
"202100026484";"154 357";"B01";"2";"7";"0";"0";"2";"15";"1";""
"202100026484";"154 358";"A01";"2";"33";"0";"2";"7";"1";"1";""
"202100026485";"154 355";"Z01";"3";"7";"0";"2";"1";"9";"0";""
"202100026485";"154 356";"B01";"1";"7";"0";"2";"7";"1";"1";""
"202100026486";"154 354";"A01";"3";"1";"12";"0";"0";"26";"5";""
"202100026487";"154 352";"A01";"3";"7";"0";"2";"2";"1";"1";""
"202100026487";"154 353";"B01";"3";"2";"0";"2";"4";"1";"1";""
"202100026488";"154 350";"B01";"2";"2";"0";"2";"2";"1";"1";""
"202100026488";"154 351";"A01";"3";"7";"0";"2";"3";"19";"1";""
"202100026489";"154 349";"B01";"1";"7";"0";"1";"1";"21";"1";""
"202100026490";"154 347";"B01";"1";"10";"0";"2";"4";"2";"1";""
"202100026490";"154 348";"A01";"1";"33";"0";"2";"1";"2";"1";""
"202100026491";"154 346";"A01";"1";"14";"0";"1";"3";"1";"1";""
"202100026492";"154 345";"Z01";"1";"30";"0";"1";"1";"1";"0";""
"202100026493";"154 343";"B01";"2";"32";"0";"2";"1";"1";"1";""
"202100026493";"154 344";"A01";"1";"50";"0";"2";"1";"12";"3";""
"202100026494";"154 341";"A01";"2";"14";"0";"2";"2";"17";"1";""
"202100026494";"154 342";"B01";"2";"7";"0";"2";"6";"22";"1";""
"202100026495";"154 339";"A01";"1";"7";"0";"2";"1";"2";"1";""
"202100026495";"154 340";"B01";"1";"30";"0";"2";"4";"2";"1";""
"202100026496";"154 338";"A01";"1";"10";"0";"1";"2";"16";"1";""
"202100026497";"154 336";"A01";"2";"30";"0";"2";"7";"5";"1";""
"202100026497";"154 337";"B01";"2";"7";"0";"2";"2";"15";"1";""
"202100026498";"154 335";"A01";"2";"50";"0";"1";"2";"25";"3";""
"202100026499";"154 333";"A01";"1";"32";"0";"2";"1";"2";"1";""
"202100026499";"154 334";"B01";"1";"7";"0";"2";"6";"23";"2";""
"202100026500";"154 331";"Z01";"2";"50";"0";"2";"5";"1";"3";""
"202100026500";"154 332";"A01";"2";"43";"0";"2";"2";"1";"1";""
"202100026501";"154 329";"B01";"2";"7";"0";"2";"6";"1";"1";""
"202100026501";"154 330";"A01";"2";"32";"0";"2";"5";"18";"1";""
"202100026502";"154 327";"A01";"2";"10";"0";"2";"2";"1";"3";""
"202100026502";"154 328";"B01";"2";"1";"0";"2";"3";"13";"5";""
"202100026503";"154 325";"A01";"2";"7";"0";"2";"8";"22";"2";""
"202100026503";"154 326";"B01";"2";"1";"0";"2";"1";"1";"5";""
"202100026504";"154 323";"A01";"2";"43";"0";"2";"8";"18";"1";""
"202100026504";"154 324";"B01";"2";"7";"0";"2";"2";"16";"2";""
"202100026505";"154 321";"A01";"1";"2";"0";"2";"3";"1";"1";""
"202100026505";"154 322";"B01";"2";"2";"0";"2";"8";"15";"1";""
"202100026506";"154 319";"A01";"1";"32";"0";"2";"1";"1";"1";""
"202100026506";"154 320";"B01";"2";"7";"0";"2";"6";"15";"1";""
"202100026507";"154 318";"A01";"2";"7";"0";"1";"3";"1";"2";""
"202100026508";"154 317";"A01";"2";"32";"0";"0";"0";"16";"1";""
"202100026509";"154 316";"A01";"1";"34";"4";"0";"3";"17";"1";""
"202100026510";"154 314";"B01";"3";"50";"12";"2";"2";"1";"3";""
"202100026510";"154 315";"Z01";"3";"30";"0";"9";"1";"0";"0";""
"202100026511";"154 312";"A01";"1";"7";"16";"2";"3";"9";"1";""
"202100026511";"154 313";"Z01";"1";"13";"16";"0";"0";"0";"1";""
"202100026512";"154 310";"B01";"1";"7";"0";"2";"4";"2";"1";""
"202100026512";"154 311";"Z01";"1";"7";"0";"2";"1";"2";"1";""
"202100026513";"154 308";"A01";"0";"7";"0";"2";"2";"15";"1";""
"202100026513";"154 309";"B01";"0";"33";"0";"2";"1";"1";"1";""
"202100026514";"154 306";"A01";"0";"14";"0";"2";"4";"16";"0";""
"202100026514";"154 307";"B01";"0";"7";"0";"2";"8";"16";"0";""
"202100026515";"154 305";"A01";"1";"7";"0";"1";"2";"1";"1";""
"202100026516";"154 303";"A01";"1";"10";"0";"2";"7";"15";"1";""
"202100026516";"154 304";"B01";"2";"2";"0";"2";"1";"1";"1";""
"202100026517";"154 301";"B01";"1";"32";"0";"2";"0";"0";"0";""
"202100026517";"154 302";"A01";"1";"7";"0";"2";"7";"15";"1";""
"202100026518";"154 299";"B01";"2";"33";"0";"2";"1";"1";"1";""
"202100026518";"154 300";"A01";"1";"7";"0";"2";"0";"15";"0";""
"202100026519";"154 297";"B01";"1";"1";"0";"2";"1";"17";"5";""
"202100026519";"154 298";"A01";"1";"7";"0";"2";"3";"22";"1";""
"202100026520";"154 294";"C01";"1";"7";"0";"2";"0";"0";"1";""
"202100026520";"154 295";"B01";"2";"7";"0";"2";"0";"5";"1";""
"202100026520";"154 296";"A01";"1";"7";"0";"2";"0";"2";"1";""
"202100026521";"154 292";"B01";"1";"13";"0";"2";"0";"0";"6";""
"202100026521";"154 293";"A01";"1";"7";"0";"0";"0";"1";"1";""
"202100026522";"154 290";"A01";"1";"7";"0";"9";"1";"1";"1";""
"202100026522";"154 291";"B01";"2";"1";"0";"2";"2";"15";"5";""
"202100026523";"154 287";"C01";"1";"7";"14";"0";"0";"1";"1";""
"202100026523";"154 288";"B01";"1";"17";"0";"0";"5";"1";"1";""
"202100026523";"154 289";"A01";"1";"7";"4";"2";"1";"14";"1";""
"202100026524";"154 286";"A01";"0";"7";"0";"1";"1";"16";"1";""
"202100026525";"154 285";"A01";"1";"7";"13";"0";"2";"1";"1";""
"202100026526";"154 283";"A01";"1";"7";"0";"2";"1";"2";"1";""
"202100026526";"154 284";"B01";"1";"7";"4";"0";"4";"1";"1";""
"202100026527";"154 281";"A01";"1";"7";"0";"2";"1";"15";"1";""
"202100026527";"154 282";"B01";"2";"33";"0";"2";"1";"17";"1";""
"202100026528";"154 277";"A01";"1";"7";"0";"0";"4";"23";"1";""
"202100026528";"154 278";"B01";"1";"7";"0";"2";"4";"23";"1";""
"202100026528";"154 279";"C01";"1";"17";"0";"2";"4";"2";"1";""
"202100026528";"154 280";"D01";"1";"17";"0";"2";"1";"2";"1";""
"202100026529";"154 275";"A01";"2";"7";"0";"2";"7";"1";"1";""
"202100026529";"154 276";"B01";"2";"7";"0";"2";"1";"1";"1";""
"202100026530";"154 273";"B01";"2";"7";"0";"0";"1";"26";"2";""
"202100026530";"154 274";"A01";"1";"3";"0";"0";"1";"26";"1";""
"202100026531";"154 271";"A01";"0";"7";"0";"2";"8";"15";"1";""
"202100026531";"154 272";"B01";"1";"33";"0";"2";"1";"1";"1";""
"202100026532";"154 269";"B01";"1";"14";"0";"0";"6";"1";"1";""
"202100026532";"154 270";"A01";"1";"7";"0";"2";"2";"17";"1";""
"202100026533";"154 266";"C01";"1";"1";"0";"2";"4";"2";"5";""
"202100026533";"154 267";"A01";"1";"7";"0";"9";"1";"2";"1";""
"202100026533";"154 268";"B01";"1";"1";"0";"2";"4";"2";"5";""
"202100026534";"154 264";"A01";"2";"7";"0";"2";"3";"2";"1";""
"202100026534";"154 265";"B01";"2";"33";"0";"2";"1";"2";"1";""
"202100026535";"154 262";"B01";"2";"1";"0";"2";"6";"16";"5";""
"202100026535";"154 263";"A01";"1";"7";"0";"2";"2";"9";"1";""
"202100026536";"154 261";"A01";"3";"7";"2";"0";"1";"0";"1";""
"202100026537";"154 260";"A01";"2";"33";"0";"6";"6";"1";"1";""
"202100026538";"154 258";"A01";"3";"7";"0";"0";"8";"1";"1";""
"202100026538";"154 259";"B01";"1";"7";"0";"2";"1";"1";"1";""
"202100026539";"154 257";"A01";"1";"7";"7";"0";"1";"1";"1";""
"202100026540";"154 255";"A01";"1";"33";"16";"2";"8";"26";"1";""
"202100026540";"154 256";"B01";"1";"21";"0";"2";"7";"15";"1";""
"202100026541";"154 253";"A01";"0";"7";"0";"2";"1";"1";"1";""
"202100026541";"154 254";"B01";"0";"50";"0";"2";"4";"26";"3";""
"202100026542";"154 251";"A01";"1";"10";"7";"2";"3";"13";"1";""
"202100026542";"154 252";"B01";"2";"10";"0";"2";"3";"13";"1";""
"202100026543";"154 250";"A01";"2";"7";"13";"0";"1";"13";"1";""
"202100026544";"154 249";"A01";"2";"33";"0";"5";"1";"1";"1";""
"202100026545";"154 248";"A01";"1";"7";"16";"0";"0";"2";"0";""
"202100026546";"154 247";"A01";"2";"7";"2";"0";"1";"16";"1";""
"202100026547";"154 244";"B01";"1";"2";"0";"2";"1";"1";"1";""
"202100026547";"154 245";"A01";"2";"7";"0";"2";"2";"15";"1";""
"202100026547";"154 246";"C01";"3";"7";"0";"9";"1";"23";"1";""
"202100026548";"154 243";"A01";"1";"10";"0";"1";"1";"1";"1";""
"202100026549";"154 242";"A01";"1";"1";"13";"0";"1";"0";"5";""
"202100026550";"154 240";"A01";"1";"1";"0";"2";"3";"1";"5";""
"202100026550";"154 241";"B01";"1";"14";"0";"2";"5";"17";"1";""
"202100026551";"154 239";"A01";"2";"10";"0";"1";"2";"1";"0";""
"202100026552";"154 237";"A01";"1";"7";"0";"2";"1";"1";"1";""
"202100026552";"154 238";"B01";"1";"14";"0";"2";"7";"1";"1";""
"202100026553";"154 236";"A01";"1";"7";"16";"0";"9";"14";"1";""
"202100026554";"154 233";"B01";"1";"7";"0";"2";"3";"1";"1";""
"202100026554";"154 234";"C01";"1";"21";"0";"2";"1";"16";"1";""
"202100026554";"154 235";"A01";"2";"7";"0";"2";"3";"13";"1";""
"202100026555";"154 231";"B01";"1";"33";"0";"2";"1";"1";"1";""