"Num_Acc";"id_vehicule";"num_veh";"senc";"catv";"obs";"obsm";"choc";"manv";"motor";"occutc"
"202100026555";"154 232";"A01";"2";"7";"0";"2";"3";"9";"1";""
"202100026556";"154 229";"B01";"3";"7";"0";"2";"3";"19";"1";""
"202100026556";"154 230";"A01";"2";"7";"0";"2";"2";"1";"1";""
"202100026557";"154 227";"B01";"3";"33";"0";"0";"0";"1";"1";""
"202100026557";"154 228";"A01";"0";"7";"0";"0";"0";"9";"1";""
"202100026558";"154 225";"A01";"1";"7";"0";"2";"3";"1";"1";""
"202100026558";"154 226";"B01";"2";"2";"0";"2";"1";"1";"1";""
"202100026559";"154 224";"A01";"1";"7";"0";"0";"0";"21";"1";""
"202100026560";"154 222";"B01";"2";"33";"0";"2";"1";"1";"1";""
"202100026560";"154 223";"A01";"2";"7";"0";"0";"6";"10";"1";""
"202100026561";"154 221";"A01";"0";"7";"2";"0";"3";"2";"1";""
"202100026562";"154 220";"A01";"2";"7";"2";"0";"1";"1";"1";""
"202100026563";"154 219";"A01";"2";"7";"16";"0";"1";"26";"1";""
"202100026564";"154 217";"B01";"2";"7";"0";"2";"4";"1";"1";""
"202100026564";"154 218";"A01";"2";"7";"0";"2";"1";"17";"1";""
"202100026565";"154 215";"A01";"2";"7";"0";"2";"1";"13";"1";""
"202100026565";"154 216";"B01";"1";"7";"0";"2";"3";"1";"1";""
"202100026566";"154 212";"B01";"1";"7";"0";"2";"2";"1";"1";""
"202100026566";"154 213";"C01";"2";"17";"0";"2";"3";"1";"1";""
"202100026566";"154 214";"A01";"2";"7";"2";"2";"1";"17";"1";""
"202100026567";"154 211";"A01";"3";"33";"14";"0";"8";"1";"1";""
"202100026568";"154 210";"A01";"2";"7";"2";"0";"1";"1";"1";""
"202100026569";"154 209";"A01";"1";"0";"0";"1";"1";"1";"0";""
"202100026570";"154 207";"A01";"1";"7";"0";"2";"2";"19";"1";""
"202100026570";"154 208";"B01";"2";"7";"0";"2";"1";"1";"1";""
"202100026571";"154 206";"A01";"1";"31";"0";"1";"1";"1";"1";""
"202100026572";"154 205";"A01";"3";"33";"0";"0";"7";"1";"1";""
"202100026573";"154 203";"A01";"2";"31";"0";"2";"1";"1";"1";""
"202100026573";"154 204";"B01";"2";"7";"7";"2";"2";"1";"1";""
"202100026574";"154 201";"B01";"3";"7";"0";"2";"2";"1";"1";""
"202100026574";"154 202";"A01";"3";"33";"0";"2";"1";"0";"1";""
"202100026575";"154 200";"A01";"1";"7";"13";"0";"1";"14";"1";""
"202100026576";"154 199";"A01";"2";"7";"15";"0";"2";"0";"1";""
"202100026577";"154 198";"A01";"1";"2";"13";"0";"1";"1";"1";""
"202100026578";"154 196";"B01";"2";"2";"0";"2";"1";"1";"1";""
"202100026578";"154 197";"A01";"1";"7";"0";"2";"3";"15";"1";""
"202100026579";"154 194";"B01";"0";"1";"0";"2";"3";"1";"5";""
"202100026579";"154 195";"A01";"0";"31";"0";"9";"3";"17";"1";""
"202100026580";"154 193";"A01";"1";"33";"16";"0";"1";"1";"1";""
"202100026581";"154 192";"A01";"2";"7";"2";"0";"1";"1";"1";""
"202100026582";"154 190";"A01";"3";"7";"0";"2";"1";"16";"1";""
"202100026582";"154 191";"B01";"1";"31";"0";"2";"7";"1";"1";""
"202100026583";"154 187";"A01";"3";"31";"0";"0";"0";"1";"1";""
"202100026583";"154 188";"B01";"3";"7";"0";"0";"0";"1";"1";""
"202100026583";"154 189";"C01";"3";"7";"0";"0";"0";"11";"1";""
"202100026584";"154 185";"B01";"2";"7";"0";"2";"6";"1";"1";""
"202100026584";"154 186";"A01";"1";"2";"0";"2";"1";"15";"1";""
"202100026585";"154 183";"A01";"1";"34";"0";"2";"1";"1";"1";""
"202100026585";"154 184";"B01";"0";"7";"0";"2";"1";"0";"1";""
"202100026586";"154 181";"A01";"3";"7";"0";"2";"3";"15";"1";""
"202100026586";"154 182";"B01";"3";"33";"0";"2";"1";"1";"1";""
"202100026587";"154 180";"A01";"2";"7";"7";"0";"2";"1";"1";""
"202100026588";"154 178";"A01";"3";"1";"0";"2";"1";"5";"5";""
"202100026588";"154 179";"B01";"3";"1";"0";"2";"1";"16";"5";""
"202100026589";"154 176";"B01";"0";"7";"0";"0";"8";"15";"1";""
"202100026589";"154 177";"A01";"0";"7";"0";"2";"1";"1";"1";""
"202100026590";"154 174";"B01";"2";"21";"0";"2";"6";"19";"1";""
"202100026590";"154 175";"A01";"1";"7";"0";"2";"1";"0";"1";""
"202100026591";"154 173";"A01";"3";"33";"0";"0";"0";"26";"1";""
"202100026592";"154 171";"A01";"1";"7";"0";"2";"4";"1";"1";""
"202100026592";"154 172";"B01";"1";"10";"0";"2";"2";"2";"1";""
"202100026593";"154 168";"A01";"2";"7";"0";"2";"1";"12";"1";""
"202100026593";"154 169";"B01";"2";"7";"0";"2";"4";"2";"1";""
"202100026593";"154 170";"C01";"2";"33";"0";"2";"4";"1";"1";""
"202100026594";"154 166";"B01";"1";"7";"0";"2";"4";"2";"1";""
"202100026594";"154 167";"A01";"1";"7";"0";"2";"1";"2";"1";""
"202100026595";"154 165";"A01";"1";"7";"2";"0";"1";"0";"1";""
"202100026596";"154 163";"A01";"1";"7";"0";"2";"1";"0";"1";""
"202100026596";"154 164";"B01";"1";"7";"0";"2";"6";"0";"1";""
"202100026597";"154 162";"A01";"2";"10";"0";"0";"0";"26";"1";""
"202100026598";"154 160";"B01";"2";"33";"0";"2";"7";"0";"1";""
"202100026598";"154 161";"A01";"2";"7";"0";"2";"6";"2";"1";""
"202100026599";"154 158";"B01";"0";"34";"0";"0";"0";"0";"1";""
"202100026599";"154 159";"A01";"0";"7";"0";"0";"0";"26";"1";""
"202100026600";"154 156";"B01";"2";"34";"0";"2";"8";"9";"0";""
"202100026600";"154 157";"A01";"1";"7";"0";"2";"2";"14";"0";""
"202100026601";"154 155";"A01";"2";"7";"3";"0";"1";"16";"1";""
"202100026602";"154 153";"B01";"1";"7";"0";"2";"4";"12";"1";""
"202100026602";"154 154";"A01";"1";"33";"0";"2";"1";"3";"1";""
"202100026603";"154 152";"A01";"1";"7";"4";"0";"3";"1";"1";""
"202100026604";"154 151";"A01";"2";"7";"0";"1";"3";"1";"1";""
"202100026605";"154 149";"A01";"1";"33";"0";"2";"1";"3";"1";""
"202100026605";"154 150";"B01";"1";"7";"0";"2";"6";"1";"1";""
"202100026606";"154 147";"B01";"2";"7";"0";"2";"4";"2";"1";""
"202100026606";"154 148";"A01";"2";"10";"0";"2";"1";"1";"1";""
"202100026607";"154 146";"A01";"3";"7";"0";"1";"2";"1";"1";""
"202100026608";"154 144";"B01";"2";"7";"0";"0";"8";"1";"1";""
"202100026608";"154 145";"A01";"1";"33";"0";"0";"8";"1";"1";""
"202100026609";"154 142";"A01";"2";"33";"0";"2";"2";"17";"1";""
"202100026609";"154 143";"B01";"2";"33";"0";"2";"2";"17";"1";""
"202100026610";"154 140";"A01";"1";"7";"0";"2";"2";"1";"1";""
"202100026610";"154 141";"B01";"1";"7";"8";"2";"1";"1";"1";""
"202100026611";"154 139";"A01";"1";"7";"4";"0";"6";"17";"1";""
"202100026612";"154 137";"A01";"1";"7";"0";"2";"6";"21";"1";""
"202100026612";"154 138";"B01";"1";"7";"0";"2";"6";"1";"1";""
"202100026613";"154 136";"A01";"1";"33";"8";"0";"1";"0";"1";""
"202100026614";"154 134";"B01";"1";"1";"0";"2";"1";"2";"5";""
"202100026614";"154 135";"A01";"2";"1";"0";"2";"1";"2";"5";""
"202100026615";"154 131";"B01";"2";"7";"0";"2";"2";"1";"1";""
"202100026615";"154 132";"A01";"2";"7";"0";"2";"2";"7";"1";""
"202100026615";"154 133";"C01";"2";"10";"0";"2";"4";"23";"1";""
"202100026616";"154 129";"A01";"3";"7";"0";"2";"3";"13";"1";""
"202100026616";"154 130";"B01";"3";"7";"12";"2";"1";"1";"1";""
"202100026617";"154 128";"A01";"3";"7";"0";"1";"5";"20";"1";""
"202100026618";"154 126";"A01";"1";"7";"0";"2";"1";"2";"1";""
"202100026618";"154 127";"B01";"1";"7";"0";"2";"4";"2";"1";""
"202100026619";"154 124";"A01";"1";"10";"0";"2";"3";"9";"1";""
"202100026619";"154 125";"B01";"1";"33";"0";"2";"7";"3";"1";""
"202100026620";"154 123";"A01";"1";"7";"4";"0";"1";"17";"1";""
"202100026621";"154 121";"B01";"0";"7";"0";"2";"3";"1";"1";""
"202100026621";"154 122";"A01";"0";"30";"0";"2";"1";"1";"1";""
"202100026622";"154 119";"Z01";"2";"7";"0";"2";"5";"16";"1";""
"202100026622";"154 120";"B01";"1";"2";"0";"2";"3";"1";"1";""
"202100026623";"154 118";"A01";"3";"7";"0";"1";"1";"14";"1";""
"202100026624";"154 117";"A01";"1";"7";"0";"1";"2";"1";"1";""
"202100026625";"154 115";"A01";"2";"33";"0";"2";"3";"15";"1";""
"202100026625";"154 116";"B01";"2";"7";"0";"2";"5";"12";"1";""
"202100026626";"154 114";"A01";"0";"37";"14";"0";"8";"1";"1";"2"
"202100026627";"154 113";"A01";"2";"7";"0";"1";"2";"17";"1";""
"202100026628";"154 111";"B01";"0";"1";"0";"2";"2";"1";"5";""
"202100026628";"154 112";"A01";"0";"7";"0";"2";"1";"11";"1";""
"202100026629";"154 109";"B01";"2";"7";"0";"2";"6";"11";"1";""
"202100026629";"154 110";"A01";"2";"7";"0";"2";"2";"1";"1";""
"202100026630";"154 108";"A01";"1";"7";"0";"1";"1";"1";"1";""
"202100026631";"154 106";"A01";"1";"2";"0";"9";"1";"1";"1";""
"202100026631";"154 107";"B01";"3";"1";"0";"2";"0";"19";"5";""
"202100026632";"154 103";"C01";"2";"7";"0";"2";"1";"2";"1";""
"202100026632";"154 104";"B01";"2";"7";"0";"2";"4";"2";"1";""
"202100026632";"154 105";"A01";"2";"7";"0";"2";"4";"23";"1";""
"202100026633";"154 102";"A01";"1";"30";"0";"0";"0";"26";"1";""
"202100026634";"154 100";"B01";"1";"7";"0";"2";"7";"1";"1";""
"202100026634";"154 101";"A01";"0";"10";"0";"2";"1";"9";"2";""
"202100026635";"154 097";"C01";"3";"7";"0";"2";"4";"0";"1";""
"202100026635";"154 098";"B01";"3";"7";"0";"2";"1";"1";"1";""
"202100026635";"154 099";"A01";"3";"7";"0";"2";"3";"0";"1";""
"202100026636";"154 095";"A01";"1";"7";"0";"2";"3";"11";"1";""
"202100026636";"154 096";"B01";"2";"10";"0";"2";"7";"1";"0";""
"202100026637";"154 093";"A01";"1";"7";"0";"2";"1";"1";"1";""
"202100026637";"154 094";"B01";"1";"7";"0";"2";"4";"1";"1";""
"202100026638";"154 091";"B01";"1";"7";"0";"2";"7";"1";"1";""
"202100026638";"154 092";"Z01";"1";"7";"0";"2";"1";"1";"1";""
"202100026639";"154 088";"C01";"1";"7";"0";"2";"4";"0";"1";""
"202100026639";"154 089";"B01";"1";"7";"0";"2";"4";"0";"1";""
"202100026639";"154 090";"A01";"1";"7";"0";"2";"1";"0";"1";""
"202100026640";"154 086";"A01";"1";"10";"0";"2";"1";"19";"1";""
"202100026640";"154 087";"B01";"1";"7";"0";"2";"7";"19";"1";""
"202100026641";"154 085";"A01";"3";"7";"12";"0";"1";"19";"1";""
"202100026642";"154 083";"B01";"2";"33";"0";"2";"1";"1";"1";""
"202100026642";"154 084";"A01";"2";"7";"0";"2";"7";"9";"1";""
"202100026643";"154 082";"A01";"1";"7";"1";"0";"1";"17";"1";""
"202100026644";"154 080";"A01";"1";"7";"0";"2";"1";"9";"1";""
"202100026644";"154 081";"B01";"1";"3";"0";"2";"5";"1";"1";""
"202100026645";"154 079";"A01";"1";"33";"16";"0";"7";"1";"1";""
"202100026646";"154 078";"A01";"2";"7";"16";"0";"2";"1";"1";""
"202100026647";"154 076";"A01";"2";"7";"0";"2";"2";"17";"1";""
"202100026647";"154 077";"B01";"2";"7";"0";"2";"0";"0";"1";""
"202100026648";"154 074";"B01";"1";"7";"0";"2";"3";"26";"1";""
"202100026648";"154 075";"A01";"1";"1";"0";"2";"2";"26";"5";""
"202100026649";"154 072";"A01";"3";"1";"0";"2";"4";"19";"5";""
"202100026649";"154 073";"B01";"2";"7";"0";"2";"2";"9";"1";""
"202100026650";"154 069";"C01";"1";"7";"0";"2";"2";"26";"1";""
"202100026650";"154 070";"B01";"1";"7";"0";"2";"2";"26";"1";""
"202100026650";"154 071";"A01";"1";"7";"0";"2";"3";"9";"1";""
"202100026651";"154 067";"B01";"1";"7";"0";"2";"4";"2";"1";""
"202100026651";"154 068";"A01";"1";"7";"0";"2";"1";"26";"1";""
"202100026652";"154 066";"A01";"1";"50";"0";"0";"0";"26";"3";""
"202100026653";"154 064";"A01";"3";"7";"0";"2";"0";"5";"1";""
"202100026653";"154 065";"B01";"3";"7";"0";"2";"2";"23";"1";""
"202100026654";"154 062";"B01";"3";"7";"0";"2";"5";"23";"2";""
"202100026654";"154 063";"A01";"3";"7";"8";"2";"1";"1";"1";""
"202100026655";"154 060";"B01";"3";"7";"0";"2";"4";"23";"1";""
"202100026655";"154 061";"A01";"1";"7";"0";"2";"1";"2";"1";""
"202100026656";"154 058";"B01";"0";"1";"0";"2";"1";"1";"5";""
"202100026656";"154 059";"A01";"0";"7";"0";"2";"1";"1";"1";""
"202100026657";"154 057";"A01";"3";"7";"0";"1";"3";"1";"1";""
"202100026658";"154 056";"A01";"3";"7";"6";"0";"1";"1";"1";""
"202100026659";"154 055";"A01";"2";"7";"2";"0";"0";"1";"1";""
"202100026660";"154 054";"A01";"1";"7";"12";"0";"1";"26";"1";""
"202100026661";"154 052";"B01";"2";"7";"0";"2";"3";"19";"1";""
"202100026661";"154 053";"A01";"1";"31";"0";"2";"1";"1";"1";""
"202100026662";"154 050";"B01";"3";"7";"0";"2";"6";"15";"1";""
"202100026662";"154 051";"A01";"3";"7";"0";"2";"3";"1";"1";""
"202100026663";"154 048";"B01";"0";"7";"0";"2";"8";"2";"1";""
"202100026663";"154 049";"A01";"0";"7";"0";"2";"1";"15";"1";""
"202100026664";"154 046";"B01";"1";"33";"0";"2";"1";"2";" -1";""
"202100026664";"154 047";"A01";"1";"2";"0";"2";"4";"1";"1";""
"202100026665";"154 045";"A01";"1";"7";"9";"0";"1";"1";"1";""
"202100026666";"154 044";"A01";"2";"30";"0";"1";"1";"0";"1";""
"202100026667";"154 042";"B01";"3";"7";"0";"2";"4";"2";"1";""
"202100026667";"154 043";"A01";"3";"7";"0";"2";"1";"2";"1";""
"202100026668";"154 040";"A01";"1";"7";"0";"2";"4";"1";"1";""
"202100026668";"154 041";"B01";"1";"10";"0";"2";"1";"1";"0";""
"202100026669";"154 038";"B01";"1";"7";"0";"2";"4";"23";"1";""
"202100026669";"154 039";"A01";"1";"7";"0";"2";"1";"1";"1";""
"202100026670";"154 036";"A01";"3";"7";"1";"2";"1";"26";"1";""
"202100026670";"154 037";"B01";"3";"33";"1";"2";"8";"2";"1";""
"202100026671";"154 034";"A01";"2";"31";"0";"2";"1";"1";"1";""
"202100026671";"154 035";"B01";"2";"7";"0";"2";"4";"1";"1";""
"202100026672";"154 030";"B01";"1";"80";"0";"2";"4";"1";"3";""
"202100026672";"154 031";"A01";"1";"7";"0";"2";"1";"19";"1";""
"202100026673";"154 029";"A01";"3";"37";"0";"1";"2";"20";"3";"1"
"202100026674";"154 028";"A01";"3";"7";"0";"1";"2";"1";"1";""
"202100026675";"154 024";"A01";"2";"14";"0";"2";"1";"2";"1";""
"202100026675";"154 025";"B01";"2";"10";"0";"2";"4";"2";"1";""
"202100026675";"154 026";"C01";"2";"7";"0";"2";"4";"2";"1";""
"202100026675";"154 027";"D01";"2";"10";"0";"2";"4";"2";"1";""
"202100026676";"154 022";"B01";"1";"7";"0";"2";"8";"1";"1";""
"202100026676";"154 023";"A01";"1";"7";"0";"2";"7";"12";"2";""
"202100026677";"154 021";"A01";"2";"33";"0";"1";"1";"1";"3";""
"202100026678";"154 019";"B01";"2";"7";"0";"2";"3";"9";"1";""
"202100026678";"154 020";"A01";"2";"2";"0";"2";"2";"1";"1";""
"202100026679";"154 018";"A01";"2";"50";"0";"0";"0";"16";"3";""
"202100026680";"154 016";"A01";"2";"10";"0";"2";"3";"13";"1";""
"202100026680";"154 017";"B01";"1";"32";"0";"2";"1";"16";"1";""
"202100026681";"154 015";"A01";"1";"7";"0";"1";"1";"15";"1";""
"202100026682";"154 013";"A01";"1";"31";"0";"2";"2";"9";"1";""
"202100026682";"154 014";"B01";"2";"7";"0";"2";"3";"1";"1";""
"202100026683";"154 012";"A01";"2";"50";"0";"1";"1";"1";"3";""
"202100026684";"154 010";"A01";"2";"10";"0";"2";"7";"15";"2";""
"202100026684";"154 011";"B01";"1";"1";"0";"2";"1";"1";"5";""
"202100026685";"154 008";"A01";"1";"10";"0";"2";"3";"22";"1";""
"202100026685";"154 009";"B01";"1";"1";"0";"2";"1";"1";"5";""
"202100026686";"154 007";"A01";"2";"1";"0";"1";"1";"1";"5";""
"202100026687";"154 006";"A01";"1";"7";"0";"1";"3";"15";"1";""
"202100026688";"154 005";"A01";"1";"32";"4";"0";"2";"16";"1";""
"202100026689";"154 004";"A01";"2";"31";"0";"2";"8";"21";"1";""
"202100026690";"154 002";"A01";"3";"7";"0";"2";"2";"9";"1";""
"202100026690";"154 003";"B01";"3";"1";"0";"2";"1";"1";"5";""
"202100026691";"154 001";"A01";"3";"32";"0";"0";"3";"13";"1";""
"202100026692";"154 000";"A01";"2";"17";"6";"0";"1";"2";"1";""
"202100026693";"153 998";"A01";"2";"10";"0";"2";"1";"26";"1";""
"202100026693";"153 999";"B01";"2";"50";"0";"2";"8";"25";"3";""
"202100026694";"153 996";"B01";"1";"1";"0";"2";"2";"1";"0";""
"202100026694";"153 997";"A01";"1";"32";"0";"2";"2";"1";"1";""
"202100026695";"153 995";"A01";"1";"33";"12";"0";"0";"2";"1";""
"202100026696";"153 993";"B01";"2";"7";"0";"2";"1";"1";"1";""
"202100026696";"153 994";"A01";"1";"33";"0";"2";"1";"1";"1";""
"202100026697";"153 991";"A01";"0";"7";"0";"2";"1";"10";"1";""
"202100026697";"153 992";"B01";"0";"7";"0";"2";"3";"2";"1";""
"202100026698";"153 989";"A01";"2";"7";"0";"2";"2";"16";"1";""
"202100026698";"153 990";"B01";"2";"43";"0";"2";"3";"1";"1";""
"202100026699";"153 985";"B01";"1";"1";"1";"0";"8";"1";"0";""
"202100026699";"153 986";"A01";"1";"15";"0";"2";"0";"22";"1";""
"202100026700";"153 983";"A01";"1";"7";"0";"2";"1";"15";"1";""
"202100026700";"153 984";"B01";"2";"32";"0";"2";"8";"1";"1";""
"202100026701";"153 981";"B01";"2";"7";"0";"2";"3";"1";"1";""
"202100026701";"153 982";"A01";"1";"7";"0";"2";"1";"5";"1";""
"202100026702";"153 979";"A01";"1";"7";"0";"0";"3";"20";"1";""
"202100026702";"153 980";"B01";"1";"36";"0";"2";"7";"17";"1";""
"202100026703";"153 978";"A01";"1";"33";"13";"0";"1";"1";"1";""
"202100026704";"153 977";"A01";"2";"33";"13";"0";"1";"1";"1";""
"202100026705";"153 976";"A01";"1";"10";"15";"0";"3";"1";"1";""
"202100026706";"153 974";"A01";"2";"10";"0";"0";"0";"1";"0";""
"202100026706";"153 975";"B01";"1";"33";"0";"9";"1";"1";"1";""
"202100026707";"153 973";"A01";"1";"7";"13";"0";"1";"1";"2";""
"202100026708";"153 972";"A01";"2";"7";"7";"0";"2";"0";"1";""
"202100026709";"153 971";"A01";"2";"33";"0";"6";"0";"2";"1";""
"202100026710";"153 969";"B01";"1";"2";"0";"2";"1";"1";"1";""
"202100026710";"153 970";"A01";"2";"7";"0";"2";"3";"15";"0";""
"202100026711";"153 967";"B01";"1";"33";"0";"2";"8";"1";"1";""
"202100026711";"153 968";"A01";"1";"33";"0";"2";"7";"2";"1";""
"202100026712";"153 965";"B01";"3";"7";"0";"2";"3";"16";"1";""
"202100026712";"153 966";"A01";"1";"7";"0";"2";"2";"1";"1";""
"202100026713";"153 964";"A01";"1";"33";"13";"0";"1";"21";"1";""
"202100026714";"153 963";"A01";"1";"7";"13";"9";"2";"0";"1";""
"202100026715";"153 962";"A01";"2";"33";"13";"0";"8";"1";"1";""
"202100026716";"153 961";"A01";"1";"7";"0";"1";"8";"17";"1";""
"202100026717";"153 960";"A01";"1";"33";"13";"0";"0";"2";"1";""
"202100026718";"153 958";"A01";"1";"7";"0";"2";"3";"15";"1";""
"202100026718";"153 959";"B01";"2";"33";"0";"2";"1";"1";"1";""
"202100026719";"153 956";"A01";"3";"2";"0";"2";"8";"19";"1";""
"202100026719";"153 957";"B01";"1";"7";"0";"2";"1";"1";"1";""
"202100026720";"153 955";"A01";"1";"7";"17";"0";"1";"13";"1";""
"202100026721";"153 953";"A01";"1";"7";"0";"2";"1";"13";"1";""
"202100026721";"153 954";"B01";"2";"10";"0";"2";"1";"1";"1";""
"202100026722";"153 951";"A01";"1";"7";"0";"0";"1";"2";"1";""
"202100026722";"153 952";"B01";"1";"33";"0";"0";"4";"2";"1";""
"202100026723";"153 949";"A01";"2";"7";"0";"2";"2";"21";"1";""
"202100026723";"153 950";"B01";"2";"1";"0";"2";"8";"19";"5";""
"202100026724";"153 948";"A01";"2";"80";"0";"0";"0";"1";"3";""
"202100026725";"153 946";"A01";"1";"7";"0";"2";"2";"19";"1";""
"202100026725";"153 947";"B01";"1";"43";"0";"2";"1";"1";"1";""
"202100026726";"153 944";"B01";"2";"7";"0";"2";"1";"1";"1";""
"202100026726";"153 945";"A01";"1";"7";"0";"2";"1";"13";"1";""
"202100026727";"153 943";"A01";"1";"7";"3";"0";"3";"13";"1";""
"202100026728";"153 942";"A01";"2";"7";"6";"0";"2";"21";"1";""
"202100026729";"153 941";"A01";"1";"33";"13";"0";"0";"1";"1";""
"202100026730";"153 940";"A01";"3";"7";"2";"0";"1";"13";"1";""
"202100026731";"153 938";"B01";"1";"7";"0";"0";"8";"15";"1";""
"202100026731";"153 939";"A01";"1";"33";"0";"2";"1";"17";"1";""
"202100026732";"153 937";"A01";"2";"7";"7";"0";"1";"1";"1";""
"202100026733";"153 935";"A01";"1";"7";"0";"2";"8";"19";"1";""
"202100026733";"153 936";"B01";"2";"33";"0";"2";"1";"1";"1";""
"202100026734";"153 933";"B01";"1";"7";"0";"2";"7";"17";"1";""
"202100026734";"153 934";"A01";"2";"33";"0";"2";"9";"1";"1";""
"202100026735";"153 931";"A01";"1";"7";"0";"2";"2";"17";"1";""
"202100026735";"153 932";"B01";"1";"32";"0";"2";"3";"15";"1";""
"202100026736";"153 930";"A01";"2";"33";"16";"0";"7";"1";"1";""
"202100026737";"153 927";"A01";"1";"7";"0";"2";"1";"17";"1";""
"202100026737";"153 928";"B01";"1";"21";"0";"2";"6";"1";"1";""
"202100026738";"153 925";"A01";"2";"7";"3";"2";"3";"2";"1";""
"202100026738";"153 926";"B01";"2";"7";"3";"0";"6";"2";"1";""
"202100026739";"153 924";"A01";"1";"7";"4";"0";"3";"1";"1";""
"202100026740";"153 922";"B01";"1";"33";"0";"2";"1";"1";"1";""
"202100026740";"153 923";"A01";"1";"7";"14";"2";"3";"9";"1";""
"202100026741";"153 920";"A01";"1";"7";"4";"0";"6";"1";"1";""
"202100026741";"153 921";"B01";"1";"14";"0";"2";"2";"12";"1";""
"202100026742";"153 919";"A01";"2";"2";"13";"0";"1";"1";"1";""
"202100026743";"153 917";"B01";"1";"17";"0";"2";"2";"1";"1";""
"202100026743";"153 918";"A01";"2";"10";"0";"2";"2";"5";"1";""
"202100026744";"153 916";"A01";"1";"14";"1";"0";"2";"2";"1";""
"202100026745";"153 915";"A01";"1";"10";"0";"0";"1";"1";"1";""
"202100026746";"153 913";"A01";"1";"2";"0";"2";"1";"1";"1";""
"202100026746";"153 914";"B01";"2";"7";"0";"2";"7";"15";"1";""
"202100026747";"153 912";"A01";"1";"7";"13";"0";"7";"1";"1";""
"202100026748";"153 910";"B01";"1";"30";"0";"2";"1";"1";"1";""
"202100026748";"153 911";"A01";"2";"7";"0";"2";"7";"15";"1";""
"202100026749";"153 909";"A01";"1";"7";"2";"0";"7";"17";"1";""
"202100026750";"153 907";"B01";"2";"7";"0";"0";"3";"15";"1";""
"202100026750";"153 908";"A01";"1";"7";"0";"2";"1";"1";"1";""
"202100026751";"153 905";"B01";"2";"1";"0";"2";"1";"1";"5";""
"202100026751";"153 906";"A01";"2";"7";"0";"2";"3";"9";"1";""
"202100026752";"153 903";"A01";"1";"7";"0";"2";"8";"13";"1";""
"202100026752";"153 904";"B01";"1";"33";"0";"2";"7";"17";"1";""
"202100026753";"153 901";"B01";"1";"1";"0";"2";"1";"1";"5";""
"202100026753";"153 902";"A01";"2";"1";"0";"2";"2";"0";"5";""
"202100026754";"153 900";"A01";"1";"7";"0";"1";"1";"2";"1";""
"202100026755";"153 897";"C01";"1";"17";"0";"2";"1";"1";"1";""
"202100026755";"153 898";"B01";"1";"7";"0";"2";"8";"1";"1";""
"202100026755";"153 899";"A01";"2";"7";"0";"2";"1";"13";"1";""
"202100026756";"153 895";"A01";"1";"7";"0";"0";"3";"26";"1";""
"202100026756";"153 896";"B01";"2";"2";"0";"0";"1";"1";"1";""
"202100026757";"153 894";"A01";"2";"7";"13";"0";"2";"1";"1";""
"202100026758";"153 892";"B01";"1";"31";"0";"2";"7";"1";"1";""
"202100026758";"153 893";"A01";"1";"7";"3";"2";"8";"11";"1";""
"202100026759";"153 890";"B01";"2";"14";"0";"2";"1";"26";"1";""
"202100026759";"153 891";"A01";"2";"7";"0";"2";"3";"26";"1";""
"202100026760";"153 888";"A01";"1";"15";"0";"2";"2";"12";"1";""
"202100026760";"153 889";"B01";"1";"7";"0";"0";"6";"1";"1";""
"202100026761";"153 886";"A01";"2";"7";"0";"2";"4";"2";"1";""
"202100026761";"153 887";"B01";"2";"7";"0";"2";"1";"2";"1";""
"202100026762";"153 884";"A01";"1";"10";"0";"2";"1";"2";"1";""
"202100026762";"153 885";"B01";"1";"7";"0";"2";"4";"2";"1";""
"202100026763";"153 882";"A01";"2";"7";"0";"2";"1";"2";"1";""
"202100026763";"153 883";"B01";"2";"7";"0";"2";"4";"2";"2";""
"202100026764";"153 879";"C01";"2";"10";"0";"2";"4";"2";"1";""
"202100026764";"153 880";"B01";"2";"7";"0";"2";"4";"2";"1";""
"202100026764";"153 881";"A01";"2";"7";"0";"2";"1";"2";"1";""
"202100026765";"153 878";"A01";"1";"43";"15";"0";"8";"1";"1";""
"202100026766";"153 877";"A01";"1";"7";"4";"0";"1";"14";"1";""
"202100026767";"153 875";"A01";"2";"7";"0";"2";"1";"1";"1";""
"202100026767";"153 876";"B01";"2";"7";"1";"1";"5";"15";"1";""
"202100026768";"153 874";"A01";"2";"10";"0";"1";"1";"1";"1";""
"202100026769";"153 873";"A01";"2";"40";"0";"1";"1";"1";"0";""
"202100026770";"153 869";"B01";"2";"7";"0";"2";"1";"13";"1";""
"202100026770";"153 870";"A01";"1";"7";"0";"2";"1";"1";"1";""
"202100026771";"153 868";"A01";"1";"10";"13";"0";"1";"16";"1";""
"202100026772";"153 866";"B01";"3";"7";"0";"0";"0";"0";"1";""
"202100026772";"153 867";"A01";"3";"30";"0";"2";"0";"1";"1";""
"202100026773";"153 864";"A01";"1";"7";"0";"2";"2";"15";"1";""
"202100026773";"153 865";"B01";"2";"7";"0";"2";"1";"1";"1";""
"202100026774";"153 863";"A01";"2";"7";"5";"0";"3";"1";"1";""
"202100026775";"153 862";"A01";"0";"7";"0";"2";"2";"16";"1";""
"202100026776";"153 860";"A01";"1";"7";"0";"2";"1";"19";"1";""
"202100026776";"153 861";"B01";"2";"1";"0";"2";"6";"1";"5";""
"202100026777";"153 857";"C01";"2";"7";"0";"2";"4";"23";"1";""