"Num_Acc";"id_vehicule";"num_veh";"senc";"catv";"obs";"obsm";"choc";"manv";"motor";"occutc"
"202100027413";"152 712";"A01";"2";"33";"0";"0";"4";"23";"1";""
"202100027413";"152 713";"B01";"2";"7";"3";"2";"2";"17";"1";""
"202100027413";"152 714";"C01";"2";"7";"0";"0";"6";"23";"1";""
"202100027414";"152 710";"A01";"1";"2";"0";"2";"0";"15";"1";""
"202100027414";"152 711";"B01";"1";"7";"0";"2";"0";"16";"1";""
"202100027415";"152 708";"A01";"1";"10";"0";"2";"1";"9";"0";""
"202100027415";"152 709";"B01";"1";"7";"0";"2";"2";"1";"1";""
"202100027416";"152 706";"B01";"2";"1";"0";"2";"1";"1";"5";""
"202100027416";"152 707";"A01";"1";"7";"0";"2";"3";"1";"1";""
"202100027417";"152 705";"A01";"2";"7";"8";"0";"3";"1";"1";""
"202100027418";"152 704";"A01";"2";"7";"2";"0";"1";"1";"1";""
"202100027419";"152 703";"A01";"3";"7";"0";"1";"6";"4";"1";""
"202100027420";"152 702";"A01";"1";"7";"2";"0";"3";"14";"1";""
"202100027421";"152 701";"A01";"3";"7";"1";"1";"3";"1";"1";""
"202100027422";"152 700";"A01";"1";"10";"14";"0";"8";"2";"1";""
"202100027423";"152 698";"A01";"3";"7";"0";"2";"1";"13";"1";""
"202100027423";"152 699";"B01";"3";"2";"0";"2";"1";"1";"1";""
"202100027424";"152 696";"B01";"1";"7";"0";"2";"1";"23";"1";""
"202100027424";"152 697";"A01";"2";"7";"0";"2";"8";"1";"1";""
"202100027425";"152 695";"A01";"2";"7";"0";"1";"3";"1";"1";""
"202100027426";"152 694";"A01";"2";"7";"13";"0";"1";"0";"1";""
"202100027427";"152 693";"A01";"2";"33";"0";"0";"3";"9";"1";""
"202100027428";"152 692";"A01";"2";"10";"0";"0";"1";"14";"0";""
"202100027429";"152 690";"B01";"1";"33";"0";"2";"1";"1";"1";""
"202100027429";"152 691";"A01";"1";"7";"0";"0";"5";"1";"1";""
"202100027430";"152 688";"B01";"3";"7";"0";"2";"3";"1";"1";""
"202100027430";"152 689";"A01";"3";"7";"0";"2";"3";"19";"1";""
"202100027431";"152 686";"B01";"1";"1";"0";"2";"1";"1";"5";""
"202100027431";"152 687";"A01";"2";"7";"0";"2";"3";"15";"1";""
"202100027432";"152 685";"A01";"1";"7";"2";"0";"1";"1";"1";""
"202100027433";"152 684";"A01";"1";"7";"6";"0";"2";"1";"1";""
"202100027434";"152 683";"A01";"2";"7";"2";"0";"1";"1";"1";""
"202100027435";"152 682";"A01";"1";"33";"0";"0";"0";"0";"1";""
"202100027436";"152 680";"A01";"2";"7";"0";"0";"7";"15";"1";""
"202100027436";"152 681";"B01";"1";"33";"0";"2";"1";"1";"1";""
"202100027437";"152 679";"A01";"1";"7";"13";"0";"2";"16";"0";""
"202100027438";"152 678";"A01";"1";"7";"2";"0";"1";"15";"2";""
"202100027439";"152 676";"A01";"2";"1";"0";"2";"1";"13";"5";""
"202100027439";"152 677";"B01";"1";"7";"0";"9";"1";"1";"1";""
"202100027440";"152 674";"B01";"1";"33";"0";"2";"1";"1";"1";""
"202100027440";"152 675";"A01";"2";"7";"0";"2";"6";"19";"1";""
"202100027441";"152 673";"A01";"2";"7";"2";"0";"1";"1";"1";""
"202100027442";"152 672";"A01";"1";"7";"0";"0";"9";"0";"1";""
"202100027443";"152 671";"A01";"1";"7";"8";"0";"3";"1";"1";""
"202100027444";"152 670";"A01";"1";"7";"0";"1";"0";"1";"1";""
"202100027445";"152 668";"A01";"1";"7";"0";"2";"3";"1";"1";""
"202100027445";"152 669";"B01";"2";"7";"0";"2";"3";"1";"1";""
"202100027446";"152 667";"A01";"2";"1";"0";"0";"1";"1";"5";""
"202100027447";"152 665";"B01";"2";"7";"0";"2";"1";"1";"1";""
"202100027447";"152 666";"A01";"1";"7";"6";"2";"7";"15";"1";""
"202100027448";"152 663";"B01";"2";"2";"0";"2";"0";"2";"1";""
"202100027448";"152 664";"A01";"2";"2";"0";"2";"0";"2";"1";""
"202100027449";"152 661";"A01";"3";"7";"0";"2";"1";"1";"1";""
"202100027449";"152 662";"B01";"3";"7";"0";"2";"5";"19";"1";""
"202100027450";"152 660";"A01";"2";"7";"6";"0";"9";"1";"1";""
"202100027451";"152 658";"B01";"2";"7";"0";"2";"1";"15";"1";""
"202100027451";"152 659";"A01";"1";"7";"0";"2";"3";"9";"1";""
"202100027452";"152 656";"B01";"2";"7";"0";"2";"1";"1";"1";""
"202100027452";"152 657";"A01";"1";"10";"0";"2";"1";"13";"1";""
"202100027453";"152 655";"A01";"2";"7";"2";"0";"1";"1";"1";""
"202100027454";"152 653";"A01";"1";"33";"0";"2";"2";"17";"1";""
"202100027454";"152 654";"B01";"1";"10";"0";"2";"3";"15";"1";""
"202100027455";"152 651";"A01";"1";"7";"0";"2";"3";"1";"1";""
"202100027455";"152 652";"B01";"1";"7";"0";"2";"3";"9";"1";""
"202100027456";"152 649";"A01";"1";"7";"0";"2";"1";"1";"1";""
"202100027456";"152 650";"B01";"1";"7";"0";"0";"4";"1";"1";""
"202100027457";"152 648";"A01";"1";"7";"0";"1";"1";"1";"1";""
"202100027458";"152 647";"A01";"3";"10";"16";"0";"9";"26";"1";""
"202100027459";"152 646";"A01";"3";"7";"10";"0";"2";"1";"1";""
"202100027460";"152 644";"A01";"1";"7";"0";"2";"3";"1";"1";""
"202100027460";"152 645";"B01";"2";"7";"0";"2";"1";"14";"1";""
"202100027461";"152 642";"B01";"1";"7";"0";"0";"0";"13";"1";""
"202100027461";"152 643";"A01";"2";"33";"16";"0";"0";"14";"1";""
"202100027462";"152 640";"B01";"2";"33";"13";"0";"7";"1";"1";""
"202100027462";"152 641";"A01";"2";"33";"13";"0";"7";"1";"1";""
"202100027463";"152 638";"A01";"1";"7";"0";"2";"3";"1";"1";""
"202100027463";"152 639";"B01";"1";"2";"0";"2";"1";"17";"1";""
"202100027464";"152 637";"A01";"1";"7";"0";"1";"3";"1";"1";""
"202100027465";"152 635";"A01";"2";"2";"0";"2";"1";"17";"1";""
"202100027465";"152 636";"B01";"1";"7";"0";"2";"3";"1";"1";""
"202100027466";"152 633";"B01";"2";"33";"0";"2";"1";"17";"1";""
"202100027466";"152 634";"A01";"0";"7";"0";"2";"3";"15";"1";""
"202100027467";"152 631";"A01";"1";"7";"4";"0";"9";"1";"1";""
"202100027468";"152 630";"A01";"1";"33";"0";"0";"1";"1";"1";""
"202100027469";"152 628";"B01";"2";"7";"0";"2";"6";"1";"1";""
"202100027469";"152 629";"A01";"1";"7";"0";"2";"3";"1";"1";""
"202100027470";"152 626";"A01";"3";"33";"0";"2";"1";"19";"1";""
"202100027470";"152 627";"B01";"1";"7";"0";"2";"8";"26";"1";""
"202100027471";"152 625";"A01";"1";"7";"6";"0";"3";"1";"6";""
"202100027472";"152 623";"B01";"2";"2";"0";"2";"8";"13";"1";""
"202100027472";"152 624";"A01";"2";"7";"0";"2";"7";"1";"1";""
"202100027473";"152 621";"B01";"1";"7";"0";"2";"3";"15";"1";""
"202100027473";"152 622";"A01";"1";"33";"0";"2";"1";"17";"1";""
"202100027474";"152 619";"A01";"2";"33";"0";"2";"2";"17";"1";""
"202100027474";"152 620";"B01";"2";"7";"0";"2";"8";"15";"1";""
"202100027475";"152 616";"C01";"1";"7";"0";"9";"8";"1";"1";""
"202100027475";"152 617";"B01";"2";"7";"0";"2";"3";"1";"1";""
"202100027475";"152 618";"A01";"1";"7";"0";"2";"3";"17";"1";""
"202100027476";"152 614";"B01";"2";"2";"0";"2";"1";"13";"1";""
"202100027476";"152 615";"A01";"1";"7";"0";"2";"3";"1";"1";""
"202100027477";"152 610";"A01";"1";"7";"0";"2";"4";"23";"1";""
"202100027477";"152 611";"B01";"1";"31";"0";"2";"1";"2";"1";""
"202100027478";"152 608";"B01";"2";"7";"0";"2";"4";"1";"1";""
"202100027478";"152 609";"A01";"2";"33";"0";"2";"1";"2";"1";""
"202100027479";"152 607";"A01";"1";"7";"2";"0";"9";"26";"1";""
"202100027480";"152 606";"A01";"2";"32";"16";"0";"4";"26";"1";""
"202100027481";"152 603";"B01";"1";"7";"0";"2";"4";"2";"1";""
"202100027481";"152 604";"C01";"1";"7";"0";"2";"4";"2";"1";""
"202100027481";"152 605";"A01";"1";"7";"0";"2";"1";"2";"1";""
"202100027482";"152 600";"A01";"3";"33";"0";"2";"4";"2";"1";""
"202100027482";"152 601";"B01";"3";"7";"0";"2";"1";"2";"1";""
"202100027482";"152 602";"C01";"3";"7";"0";"2";"4";"2";"1";""
"202100027483";"152 599";"A01";"1";"7";"0";"9";"1";"12";"1";""
"202100027484";"152 597";"A01";"1";"7";"0";"2";"1";"2";"1";""
"202100027484";"152 598";"B01";"1";"7";"0";"2";"4";"2";"1";""
"202100027485";"152 595";"A01";"1";"34";"0";"2";"3";"3";"1";""
"202100027485";"152 596";"B01";"1";"7";"0";"2";"2";"1";"1";""
"202100027486";"152 594";"A01";"1";"7";"4";"0";"1";"2";"1";""
"202100027487";"152 593";"A01";"1";"33";"0";"0";"4";"1";"1";""
"202100027488";"152 591";"Z01";"1";"10";"0";"2";"2";"14";"0";""
"202100027488";"152 592";"A01";"1";"1";"0";"2";"2";"1";"5";""
"202100027489";"152 589";"B01";"2";"7";"0";"0";"4";"2";"1";""
"202100027489";"152 590";"A01";"2";"7";"0";"2";"1";"2";"1";""
"202100027490";"152 588";"A01";"3";"7";"0";"1";"1";"1";"1";""
"202100027491";"152 586";"B01";"3";"7";"0";"2";"0";"15";"1";""
"202100027491";"152 587";"A01";"3";"2";"0";"2";"0";"1";"0";""
"202100027492";"152 584";"B01";"3";"31";"0";"2";"7";"1";"1";""
"202100027492";"152 585";"A01";"3";"7";"0";"2";"3";"15";"1";""
"202100027493";"152 583";"A01";"3";"33";"0";"0";"0";"0";"1";""
"202100027494";"152 581";"A01";"2";"34";"0";"2";"1";"5";"1";""
"202100027494";"152 582";"B01";"1";"7";"0";"2";"2";"1";"1";""
"202100027495";"152 580";"A01";"3";"50";"0";"1";"1";"25";"3";""
"202100027496";"152 579";"A01";"2";"1";"0";"1";"1";"5";"5";""
"202100027497";"152 576";"A01";"3";"7";"0";"2";"1";"1";"1";""
"202100027497";"152 577";"B01";"3";"7";"0";"2";"4";"1";"1";""
"202100027497";"152 578";"C01";"3";"7";"0";"2";"4";"1";"1";""
"202100027498";"152 574";"B01";"1";"7";"0";"2";"3";"1";"1";""
"202100027498";"152 575";"A01";"1";"7";"0";"2";"2";"1";"1";""
"202100027499";"152 573";"A01";"1";"7";"0";"1";"2";"1";"1";""
"202100027500";"152 571";"B01";"1";"7";"0";"2";"6";"15";"1";""
"202100027500";"152 572";"A01";"2";"33";"0";"2";"1";"1";"1";""
"202100027501";"152 569";"B01";"1";"7";"0";"2";"3";"21";"1";""
"202100027501";"152 570";"A01";"1";"7";"0";"2";"2";"13";"1";""
"202100027502";"152 567";"B01";"2";"31";"0";"2";"1";"7";"1";""
"202100027502";"152 568";"A01";"2";"7";"0";"2";"2";"16";"1";""
"202100027503";"152 565";"B01";"2";"1";"0";"2";"1";"21";"5";""
"202100027503";"152 566";"A01";"1";"7";"0";"2";"2";"15";"1";""
"202100027504";"152 563";"A01";"2";"30";"0";"2";"1";"5";"1";""
"202100027504";"152 564";"B01";"1";"7";"0";"2";"3";"1";"1";""
"202100027505";"152 560";"A01";"2";"7";"0";"2";"8";"13";"1";""
"202100027505";"152 561";"B01";"2";"10";"0";"2";"8";"1";"1";""
"202100027505";"152 562";"C01";"2";"7";"0";"2";"1";"1";"1";""
"202100027506";"152 559";"A01";"2";"1";"0";"0";"7";"1";"5";""
"202100027507";"152 558";"A01";"2";"33";"0";"0";"7";"1";"1";""
"202100027508";"152 556";"A01";"0";"50";"0";"2";"7";"15";"3";""
"202100027508";"152 557";"B01";"0";"7";"0";"2";"1";"1";"1";""
"202100027509";"152 554";"A01";"3";"7";"0";"2";"1";"1";"1";""
"202100027509";"152 555";"B01";"3";"99";"0";"2";"9";"1";"3";""
"202100027510";"152 552";"A01";"1";"7";"15";"2";"8";"16";"1";""
"202100027510";"152 553";"B01";"3";"7";"0";"2";"1";"1";"1";""
"202100027511";"152 550";"A01";"2";"7";"0";"2";"4";"2";"1";""
"202100027511";"152 551";"B01";"2";"31";"0";"2";"1";"2";"1";""
"202100027512";"152 548";"B01";"2";"2";"0";"2";"4";"14";"0";""
"202100027512";"152 549";"A01";"2";"7";"0";"2";"1";"2";"0";""
"202100027513";"152 546";"B01";"3";"33";"0";"2";"1";"1";"1";""
"202100027513";"152 547";"A01";"3";"7";"0";"2";"1";"15";"1";""
"202100027514";"152 545";"A01";"0";"7";"0";"1";"1";"1";"1";""
"202100027515";"152 543";"A01";"1";"7";"0";"2";"5";"16";"0";""
"202100027515";"152 544";"B01";"1";"50";"0";"2";"1";"1";"3";""
"202100027516";"152 542";"A01";"1";"7";"0";"1";"1";"26";"1";""
"202100027517";"152 539";"C01";"1";"7";"0";"2";"4";"15";"1";""
"202100027517";"152 540";"B01";"1";"7";"0";"2";"1";"1";"1";""
"202100027517";"152 541";"A01";"1";"7";"0";"2";"1";"1";"1";""
"202100027518";"152 537";"B01";"2";"33";"0";"2";"8";"16";"1";""
"202100027518";"152 538";"A01";"1";"7";"0";"2";"1";"15";"1";""
"202100027519";"152 535";"A01";"1";"1";"0";"2";"2";"19";"5";""
"202100027519";"152 536";"Z01";"2";"80";"0";"2";"1";"1";"3";""
"202100027520";"152 533";"Z01";"2";"7";"0";"2";"0";"0";"1";""
"202100027520";"152 534";"A01";"1";"7";"0";"2";"1";"1";"1";""
"202100027521";"152 531";"A01";"1";"31";"0";"2";"1";"15";"1";""
"202100027521";"152 532";"B01";"1";"7";"0";"2";"3";"9";"2";""
"202100027522";"152 529";"B01";"1";"43";"0";"2";"1";"1";"1";""
"202100027522";"152 530";"A01";"1";"7";"0";"2";"6";"10";"1";""
"202100027523";"152 528";"A01";"2";"30";"6";"0";"1";"14";"1";""
"202100027524";"152 527";"A01";"2";"30";"0";"0";"8";"9";"3";""
"202100027525";"152 526";"A01";"1";"7";"0";"1";"3";"16";"1";""
"202100027526";"152 525";"A01";"2";"2";"0";"1";"1";"26";"1";""
"202100027527";"152 524";"A01";"2";"38";"0";"1";"3";"15";"1";"1"
"202100027528";"152 523";"A01";"2";"30";"14";"0";"1";"1";"1";""
"202100027529";"152 521";"B01";"0";"7";"0";"2";"1";"26";"1";""
"202100027529";"152 522";"A01";"0";"2";"0";"2";"1";"26";"0";""
"202100027530";"152 519";"A01";"1";"7";"0";"2";"2";"15";"1";""
"202100027530";"152 520";"B01";"2";"7";"0";"2";"1";"1";"1";""
"202100027531";"152 517";"A01";"0";"7";"0";"2";"1";"9";"1";""
"202100027531";"152 518";"B01";"0";"2";"0";"2";"1";"2";"1";""
"202100027532";"152 514";"B01";"1";"7";"1";"2";"1";"0";"1";""
"202100027532";"152 515";"C01";"1";"7";"1";"2";"0";"0";"1";""
"202100027532";"152 516";"A01";"1";"7";"0";"2";"1";"9";"1";""
"202100027533";"152 513";"A01";"1";"10";"0";"1";"1";"0";"1";""
"202100027534";"152 511";"A01";"1";"7";"0";"2";"3";"18";"1";""
"202100027534";"152 512";"Y01";"1";"1";"0";"2";"7";"21";"5";""
"202100027535";"152 509";"B01";"0";"32";"0";"0";"0";"0";"1";""
"202100027535";"152 510";"A01";"0";"7";"0";"2";"2";"9";"1";""
"202100027536";"152 507";"B01";"0";"7";"0";"2";"3";"1";"1";""
"202100027536";"152 508";"A01";"0";"7";"0";"2";"7";"15";"1";""
"202100027537";"152 505";"A01";"1";"7";"0";"2";"3";"15";"1";""
"202100027537";"152 506";"B01";"2";"30";"0";"2";"1";"2";"1";""
"202100027538";"152 503";"A01";"0";"99";"0";"2";"1";"1";"0";""
"202100027538";"152 504";"B01";"0";"33";"0";"2";"2";"1";"1";""
"202100027539";"152 502";"A01";"2";"7";"1";"0";"2";"14";"1";""
"202100027540";"152 500";"B01";"0";"80";"1";"0";"0";"0";"3";""
"202100027540";"152 501";"A01";"0";"7";"0";"2";"3";"24";"1";""
"202100027541";"152 498";"B01";"0";"7";"0";"2";"1";"2";"1";""
"202100027541";"152 499";"A01";"3";"7";"0";"2";"2";"2";"1";""
"202100027542";"152 497";"A01";"2";"7";"1";"0";"1";"1";"1";""
"202100027543";"152 496";"A01";"3";"7";"8";"0";"0";"2";"1";""
"202100027544";"152 494";"A01";"1";"7";"0";"2";"1";"1";"1";""
"202100027544";"152 495";"B01";"3";"2";"0";"2";"1";"1";"1";""
"202100027545";"152 493";"A01";"2";"1";"0";"0";"0";"1";"5";""
"202100027546";"152 491";"A01";"3";"7";"0";"2";"1";"20";"2";""
"202100027546";"152 492";"B01";"2";"1";"0";"2";"7";"1";"5";""
"202100027547";"152 488";"C01";"2";"17";"0";"2";"3";"1";"1";""
"202100027547";"152 489";"B01";"2";"7";"0";"2";"4";"1";"1";""
"202100027547";"152 490";"A01";"2";"7";"0";"2";"1";"2";"1";""
"202100027548";"152 486";"B01";"2";"7";"0";"2";"4";"1";"0";""
"202100027548";"152 487";"A01";"2";"7";"0";"2";"1";"1";"0";""
"202100027549";"152 484";"B01";"2";"7";"0";"2";"1";"15";"1";""
"202100027549";"152 485";"A01";"2";"7";"0";"2";"1";"14";"1";""
"202100027550";"152 477";"A01";"2";"7";"0";"1";"3";"1";"1";""
"202100027551";"152 475";"A01";"1";"7";"2";"0";"3";"2";"1";""
"202100027551";"152 476";"B01";"1";"7";"0";"2";"5";"12";"0";""
"202100027552";"152 474";"A01";"2";"50";"0";"1";"1";"1";"3";""
"202100027553";"152 472";"B01";"2";"2";"0";"2";"1";"1";"1";""
"202100027553";"152 473";"A01";"1";"7";"0";"2";"7";"15";"1";""
"202100027554";"152 471";"A01";"1";"7";"0";"1";"1";"1";"1";""
"202100027555";"152 469";"A01";"3";"7";"0";"2";"1";"1";"1";""
"202100027555";"152 470";"B01";"3";"1";"0";"2";"0";"0";"5";""
"202100027556";"152 467";"B01";"2";"7";"0";"2";"6";"15";"1";""
"202100027556";"152 468";"A01";"2";"7";"0";"2";"2";"1";"1";""
"202100027557";"152 465";"B01";"2";"2";"0";"2";"7";"17";"1";""
"202100027557";"152 466";"A01";"2";"7";"0";"2";"3";"15";"1";""
"202100027558";"152 464";"A01";"2";"7";"0";"1";"2";"1";"1";""
"202100027559";"152 462";"B01";"2";"10";"0";"2";"6";"1";"1";""
"202100027559";"152 463";"A01";"2";"33";"0";"2";"2";"3";"1";""
"202100027560";"152 459";"A01";"2";"7";"0";"2";"2";"12";"1";""
"202100027560";"152 460";"B01";"2";"7";"4";"2";"6";"1";"1";""
"202100027560";"152 461";"C01";"2";"10";"0";"2";"1";"1";"1";""
"202100027561";"152 458";"A01";"1";"32";"11";"0";"1";"13";"1";""
"202100027562";"152 456";"A01";"2";"30";"0";"2";"2";"17";"1";""
"202100027562";"152 457";"B01";"2";"10";"0";"2";"3";"15";"1";""
"202100027563";"152 455";"A01";"2";"7";"0";"1";"3";"1";"1";""
"202100027564";"152 453";"B01";"2";"50";"0";"2";"1";"17";"3";""
"202100027564";"152 454";"A01";"2";"7";"0";"2";"3";"15";"1";""
"202100027565";"152 451";"A01";"2";"1";"0";"2";"7";"17";"5";""
"202100027565";"152 452";"B01";"2";"1";"0";"2";"8";"13";"5";""
"202100027566";"152 449";"A01";"1";"7";"0";"2";"0";"22";"1";""
"202100027566";"152 450";"B01";"1";"1";"0";"2";"0";"1";"5";""
"202100027567";"152 447";"A01";"1";"1";"0";"2";"7";"1";"5";""
"202100027567";"152 448";"B01";"1";"7";"0";"2";"3";"15";"1";""
"202100027568";"152 445";"A01";"1";"7";"0";"2";"6";"23";"1";""
"202100027568";"152 446";"B01";"1";"30";"0";"2";"4";"1";"1";""
"202100027569";"152 444";"A01";"1";"32";"0";"1";"3";"1";"1";""
"202100027570";"152 442";"A01";"1";"7";"0";"2";"4";"23";"1";""
"202100027570";"152 443";"B01";"3";"10";"0";"2";"1";"2";"1";""
"202100027571";"152 440";"B01";"1";"1";"0";"2";"3";"1";"5";""
"202100027571";"152 441";"A01";"1";"10";"0";"0";"2";"16";"1";""
"202100027572";"152 438";"A01";"3";"50";"0";"2";"3";"19";"3";""
"202100027572";"152 439";"Z01";"1";"7";"0";"2";"3";"1";"0";""
"202100027573";"152 436";"A01";"1";"7";"0";"2";"7";"1";"1";""
"202100027573";"152 437";"B01";"2";"1";"0";"2";"7";"19";"5";""
"202100027574";"152 434";"B01";"2";"1";"0";"2";"1";"1";"5";""
"202100027574";"152 435";"A01";"2";"10";"0";"2";"6";"22";"1";""
"202100027575";"152 433";"A01";"2";"1";"0";"0";"2";"26";"5";""
"202100027576";"152 432";"A01";"2";"50";"1";"0";"1";"1";"3";""
"202100027577";"152 430";"B01";"1";"7";"0";"2";"3";"15";"1";""
"202100027577";"152 431";"A01";"1";"34";"0";"2";"1";"17";"1";""
"202100027578";"152 428";"A01";"2";"31";"0";"2";"1";"1";"1";""
"202100027578";"152 429";"B01";"2";"7";"0";"2";"5";"23";"1";""
"202100027579";"152 427";"A01";"2";"34";"0";"0";"8";"26";"1";""
"202100027580";"152 426";"A01";"2";"30";"12";"0";"7";"1";"1";""
"202100027581";"152 424";"A01";"1";"7";"0";"2";"1";"1";"1";""
"202100027581";"152 425";"B01";"1";"7";"0";"2";"4";"23";"1";""
"202100027582";"152 422";"B01";"2";"30";"0";"2";"1";"2";"1";""
"202100027582";"152 423";"A01";"1";"7";"1";"2";"3";"13";"1";""
"202100027583";"152 421";"A01";"2";"7";"0";"1";"2";"1";"1";""
"202100027584";"152 419";"B01";"1";"33";"0";"2";"3";"18";"1";""
"202100027584";"152 420";"A01";"1";"10";"0";"2";"2";"20";"1";""
"202100027585";"152 417";"B01";"3";"34";"0";"2";"1";"0";"1";""
"202100027585";"152 418";"A01";"3";"37";"0";"2";"3";"9";"1";"1"
"202100027586";"152 416";"A01";"1";"10";"12";"1";" -1";"14";"1";""
"202100027587";"152 414";"A01";"0";"1";"0";"2";"1";"1";"0";""
"202100027587";"152 415";"B01";"0";"7";"0";"2";"2";"1";"1";""
"202100027588";"152 412";"B01";"0";"10";"0";"2";"3";"15";"0";""
"202100027588";"152 413";"A01";"0";"33";"0";"2";"1";"1";"1";""
"202100027589";"152 410";"B01";"2";"34";"0";"2";"1";"0";"1";""
"202100027589";"152 411";"A01";"2";"30";"0";"2";"2";"5";"1";""
"202100027590";"152 408";"A01";"0";"30";"0";"2";"4";"0";"1";""
"202100027590";"152 409";"B01";"0";"7";"0";"2";"3";"2";"1";""
"202100027591";"152 406";"B01";"0";"99";"0";"2";"6";"0";"0";""
"202100027591";"152 407";"A01";"2";"32";"0";"2";"1";"0";"0";""
"202100027592";"152 404";"B01";"1";"1";"0";"2";"8";"1";"5";""
"202100027592";"152 405";"A01";"1";"7";"0";"2";"3";"15";"1";""
"202100027593";"152 402";"B01";"2";"7";"0";"2";"1";"1";"1";""
"202100027593";"152 403";"A01";"1";"7";"0";"2";"7";"15";"1";""
"202100027594";"152 401";"A01";"2";"33";"0";"1";"1";"1";"1";""
"202100027595";"152 399";"B01";"2";"30";"0";"2";"1";"1";"1";""
"202100027595";"152 400";"A01";"1";"7";"0";"2";"7";"26";"1";""
"202100027596";"152 397";"B01";"1";"38";"0";"2";"3";"1";"1";"1"
"202100027596";"152 398";"A01";"2";"32";"0";"2";"1";"17";"1";""
"202100027597";"152 394";"C01";"1";"33";"0";"2";"1";"17";"1";""
"202100027597";"152 395";"B01";"1";"33";"0";"2";"1";"17";"1";""
"202100027597";"152 396";"A01";"1";"17";"0";"0";"3";"15";"1";""
"202100027598";"152 392";"B01";"2";"1";"0";"2";"4";"15";"5";""
"202100027598";"152 393";"A01";"2";"15";"0";"2";"3";"2";"1";""
"202100027599";"152 390";"B01";"1";"33";"0";"2";"1";"1";"1";""
"202100027599";"152 391";"A01";"1";"7";"0";"2";"5";"9";"1";""
"202100027600";"152 387";"C01";"1";"15";"0";"2";"8";"1";"1";""
"202100027600";"152 388";"B01";"1";"15";"0";"2";"3";"1";"1";""
"202100027600";"152 389";"A01";"2";"7";"0";"2";"3";"13";"1";""
"202100027601";"152 385";"B01";"1";"17";"0";"2";"6";"1";"1";""
"202100027601";"152 386";"A01";"1";"7";"0";"2";"2";"1";"1";""
"202100027602";"152 383";"A01";"1";"1";"0";"2";"1";"1";"5";""
"202100027602";"152 384";"B01";"3";"21";"0";"2";"3";"15";"1";""
"202100027603";"152 382";"A01";"1";"2";"12";"0";"0";"1";"1";""
"202100027604";"152 381";"A01";"1";"33";"3";"0";"8";"1";"1";""
"202100027605";"152 379";"B01";"2";"15";"0";"0";"1";"2";"1";""
"202100027605";"152 380";"A01";"3";"33";"0";"2";"8";"9";"1";""
"202100027606";"152 377";"B01";"3";"99";"0";"9";"4";"0";"5";""
"202100027606";"152 378";"A01";"3";"99";"0";"9";"1";"0";"5";""
"202100027607";"152 376";"A01";"2";"7";"0";"0";"0";"2";"1";""
"202100027608";"152 375";"A01";"1";"21";"2";"0";"1";"1";"1";""
"202100027609";"152 374";"A01";"1";"2";"6";"0";"2";"0";"1";""
"202100027610";"152 373";"A01";"1";"2";"15";"0";"0";"1";"1";""
"202100027611";"152 372";"A01";"1";"7";"2";"0";"3";"1";"1";""
"202100027612";"152 371";"A01";"1";"33";"0";"0";"0";"2";"1";""
"202100027613";"152 369";"B01";"1";"7";"0";"2";"1";"1";"1";""
"202100027613";"152 370";"A01";"2";"7";"0";"0";"1";"5";"1";""
"202100027614";"152 367";"B01";"1";"7";"0";"2";"1";"1";"1";""
"202100027614";"152 368";"A01";"2";"7";"0";"2";"2";"15";"1";""
"202100027615";"152 364";"A01";"2";"7";"1";"0";"1";"1";"1";""
"202100027615";"152 365";"C01";"2";"7";"0";"2";"4";"1";"1";""
"202100027615";"152 366";"D01";"2";"7";"0";"0";"7";"1";"1";""
"202100027616";"152 360";"A01";"2";"17";"2";"2";"1";"13";"1";""
"202100027616";"152 361";"C01";"1";"7";"3";"2";"8";"1";"1";""
"202100027616";"152 362";"B01";"1";"10";"13";"2";"1";"1";"1";""
"202100027617";"152 358";"B01";"2";"10";"0";"2";"2";"13";"1";""
"202100027617";"152 359";"A01";"1";"33";"0";"2";"1";"1";"1";""
"202100027618";"152 357";"A01";"1";"7";"3";"0";"3";"1";"2";""
"202100027619";"152 355";"B01";"1";"33";"0";"9";"1";"1";"1";""
"202100027619";"152 356";"A01";"2";"21";"0";"2";"6";"1";"1";""
"202100027620";"152 353";"B01";"3";"1";"0";"2";"1";"13";"5";""
"202100027620";"152 354";"A01";"3";"10";"0";"9";"3";"1";"1";""
"202100027621";"152 351";"A01";"1";"15";"0";"2";"2";"17";"1";""
"202100027621";"152 352";"B01";"1";"2";"0";"2";"6";"15";"1";""
"202100027622";"152 348";"C01";"1";"7";"0";"2";"1";"1";"1";""
"202100027622";"152 349";"B01";"1";"7";"0";"2";"6";"1";"1";""
"202100027622";"152 350";"A01";"2";"7";"0";"2";"1";"17";"1";""
"202100027623";"152 347";"A01";"2";"36";"0";"0";"0";"0";"1";""
"202100027624";"152 346";"A01";"1";"33";"0";"0";"7";"1";"1";""
"202100027625";"152 344";"B01";"3";"7";"0";"2";"3";"1";"1";""
"202100027625";"152 345";"A01";"3";"30";"0";"2";"1";"1";"1";""
"202100027626";"152 342";"A01";"1";"7";"0";"2";"3";"9";"1";""
"202100027626";"152 343";"B01";"1";"7";"0";"2";"1";"1";"1";""
"202100027627";"152 339";"A01";"2";"1";"0";"0";"0";"1";"5";""
"202100027628";"152 337";"A01";"2";"7";"0";"2";"1";"17";"1";""
"202100027628";"152 338";"B01";"2";"10";"13";"2";"8";"15";"1";""