"Num_Acc";"id_vehicule";"num_veh";"senc";"catv";"obs";"obsm";"choc";"manv";"motor";"occutc"
"202100028052";"151 570";"A01";"2";"7";"13";"0";"9";"1";"1";""
"202100028053";"151 568";"B01";"2";"33";"0";"2";"8";"17";"1";""
"202100028053";"151 569";"A01";"2";"7";"0";"2";"8";"13";"1";""
"202100028054";"151 566";"B01";"2";"33";"0";"2";"1";"17";"1";""
"202100028054";"151 567";"A01";"1";"10";"0";"2";"1";"1";"1";""
"202100028055";"151 564";"B01";"1";"1";"0";"2";"3";"1";"5";""
"202100028055";"151 565";"A01";"2";"33";"0";"2";"2";"17";"1";""
"202100028056";"151 563";"A01";"1";"50";"14";"0";"1";"14";"3";""
"202100028057";"151 561";"A01";"1";"7";"0";"2";"1";"17";"1";""
"202100028057";"151 562";"B01";"2";"7";"0";"2";"1";"21";"1";""
"202100028058";"151 560";"A01";"2";"7";"0";"1";"3";"1";"1";""
"202100028059";"151 558";"B01";"2";"33";"0";"2";"1";"17";"1";""
"202100028059";"151 559";"A01";"2";"7";"0";"2";"8";"15";"1";""
"202100028060";"151 556";"A01";"1";"1";"0";"2";"2";"5";"5";""
"202100028060";"151 557";"B01";"1";"7";"0";"2";"2";"1";"1";""
"202100028061";"151 554";"B01";"1";"33";"0";"2";"1";"1";"1";""
"202100028061";"151 555";"A01";"2";"13";"0";"2";"1";"1";"1";""
"202100028062";"151 553";"A01";"2";"7";"2";"0";"1";"1";"1";""
"202100028063";"151 551";"A01";"2";"7";"0";"9";"3";"13";"1";""
"202100028063";"151 552";"B01";"1";"1";"0";"2";"1";"1";"5";""
"202100028064";"151 549";"A01";"0";"7";"0";"9";"3";"16";"1";""
"202100028064";"151 550";"B01";"2";"1";"0";"2";"8";"15";"5";""
"202100028065";"151 546";"A01";"1";"7";"0";"2";"4";"1";"2";""
"202100028065";"151 547";"B01";"1";"7";"0";"2";"1";"1";"1";""
"202100028065";"151 548";"C01";"1";"7";"0";"2";"1";"1";"1";""
"202100028066";"151 544";"B01";"1";"10";"0";"2";"0";"0";"1";""
"202100028066";"151 545";"A01";"1";"10";"0";"2";"6";"2";"1";""
"202100028067";"151 542";"A01";"2";"13";"0";"2";"1";"1";"1";""
"202100028067";"151 543";"B01";"2";"7";"0";"2";"4";"1";"1";""
"202100028068";"151 540";"A01";"1";"7";"0";"0";"4";"1";"1";""
"202100028068";"151 541";"B01";"1";"7";"1";"0";"1";"1";"1";""
"202100028069";"151 538";"A01";"1";"7";"0";"2";"4";"0";"1";""
"202100028069";"151 539";"Z01";"1";"7";"0";"2";"1";"0";"1";""
"202100028070";"151 536";"B01";"1";"10";"0";"2";"3";"2";"1";""
"202100028070";"151 537";"A01";"1";"7";"0";"2";"5";"1";"1";""
"202100028071";"151 534";"A01";"1";"7";"0";"2";"4";"2";"1";""
"202100028071";"151 535";"Z01";"1";"7";"0";"2";"1";"2";"0";""
"202100028072";"151 532";"B01";"1";"7";"0";"2";"4";"24";"1";""
"202100028072";"151 533";"A01";"1";"17";"1";"0";"2";"1";"1";""
"202100028073";"151 531";"A01";"1";"7";"3";"0";"1";"13";"1";""
"202100028074";"151 529";"A01";"2";"7";"0";"2";"1";"1";"1";""
"202100028074";"151 530";"B01";"2";"7";"0";"2";"4";"2";"1";""
"202100028075";"151 525";"A01";"1";"15";"0";"2";"2";"1";"1";""
"202100028075";"151 526";"B01";"1";"7";"0";"2";"4";"2";"1";""
"202100028075";"151 527";"C01";"1";"7";"0";"2";"4";"2";"1";""
"202100028075";"151 528";"D01";"1";"10";"0";"2";"4";"2";"1";""
"202100028076";"151 523";"A01";"1";"7";"0";"2";"5";"14";"1";""
"202100028076";"151 524";"B01";"1";"33";"0";"2";"1";"3";"1";""
"202100028077";"151 521";"A01";"1";"7";"0";"2";"7";"14";"1";""
"202100028077";"151 522";"B01";"1";"15";"0";"2";"3";"1";"1";""
"202100028078";"151 520";"A01";"2";"7";"3";"0";"0";"21";"1";""
"202100028079";"151 518";"A01";"1";"7";"0";"2";"1";"2";"1";""
"202100028079";"151 519";"B01";"1";"7";"0";"2";"4";"2";"1";""
"202100028080";"151 516";"B01";"2";"10";"0";"2";"4";"2";"1";""
"202100028080";"151 517";"A01";"2";"32";"0";"2";"1";"2";"1";""
"202100028081";"151 513";"A01";"1";"7";"0";"2";"4";"2";"1";""
"202100028081";"151 514";"B01";"1";"7";"0";"2";"4";"2";"1";""
"202100028081";"151 515";"Z01";"1";"7";"0";"2";"1";"2";"1";""
"202100028082";"151 511";"A01";"1";"7";"0";"2";"1";"12";"1";""
"202100028082";"151 512";"B01";"1";"7";"0";"2";"4";"1";"2";""
"202100028083";"151 510";"A01";"1";"7";"5";"0";"3";"13";"1";""
"202100028084";"151 508";"B01";"2";"14";"0";"2";"4";"1";"0";""
"202100028084";"151 509";"A01";"2";"33";"0";"2";"1";"3";"0";""
"202100028085";"151 505";"B01";"2";"33";"4";"2";"1";"3";"1";""
"202100028085";"151 506";"C01";"2";"7";"4";"2";"4";"1";"1";""
"202100028085";"151 507";"A01";"2";"7";"4";"2";"8";"11";"1";""
"202100028086";"151 503";"A01";"1";"7";"0";"2";"1";"2";"1";""
"202100028086";"151 504";"B01";"1";"10";"0";"2";"5";"11";"1";""
"202100028087";"151 502";"A01";"1";"7";"3";"0";"3";"1";"1";""
"202100028088";"151 499";"B01";"1";"7";"0";"2";"0";"2";"1";""
"202100028088";"151 500";"C01";"1";"7";"0";"2";"0";"2";"1";""
"202100028088";"151 501";"A01";"1";"99";"0";"2";"3";"11";"1";""
"202100028089";"151 497";"A01";"2";"7";"0";"1";"1";"1";"1";""
"202100028090";"151 495";"A01";"2";"30";"0";"2";"2";"17";"1";""
"202100028090";"151 496";"B01";"1";"1";"0";"2";"3";"13";"5";""
"202100028091";"151 494";"A01";"1";"33";"0";"1";"7";"14";"1";""
"202100028092";"151 492";"A01";"2";"7";"0";"2";"1";"15";"1";""
"202100028092";"151 493";"B01";"1";"1";"0";"2";"8";"1";"5";""
"202100028093";"151 490";"A01";"1";"33";"0";"2";"1";"1";"1";""
"202100028093";"151 491";"B01";"1";"13";"0";"2";"2";"16";"0";""
"202100028094";"151 489";"B01";"1";"1";"1";"0";"1";"1";"5";""
"202100028095";"151 487";"A01";"3";"7";"0";"2";"7";"15";"1";""
"202100028095";"151 488";"B01";"3";"33";"0";"2";"1";"1";"1";""
"202100028096";"151 482";"A01";"3";"7";"0";"2";"1";"1";"1";""
"202100028096";"151 483";"B01";"0";"7";"0";"2";"1";"1";"1";""
"202100028096";"151 484";"C01";"3";"33";"0";"2";"1";"17";"1";""
"202100028097";"151 480";"A01";"1";"7";"0";"2";"1";"13";"1";""
"202100028097";"151 481";"B01";"2";"2";"0";"2";"1";"0";"1";""
"202100028098";"151 478";"A01";"3";"7";"0";"2";"3";"15";"1";""
"202100028098";"151 479";"B01";"3";"60";"0";"2";"1";"1";"5";""
"202100028099";"151 476";"A01";"2";"7";"0";"2";"7";"1";"2";""
"202100028099";"151 477";"B01";"2";"7";"0";"2";"8";"11";"1";""
"202100028100";"151 474";"A01";"3";"7";"0";"2";"2";"9";"1";""
"202100028100";"151 475";"B01";"3";"33";"0";"2";"3";"9";"1";""
"202100028101";"151 473";"A01";"2";"33";"0";"0";"9";"0";"1";""
"202100028102";"151 472";"A01";"1";"7";"4";"0";"8";"14";"1";""
"202100028103";"151 470";"A01";"1";"7";"0";"2";"4";"1";"1";""
"202100028103";"151 471";"B01";"1";"7";"0";"2";"4";"23";"1";""
"202100028104";"151 469";"A01";"1";"7";"0";"1";"2";"1";"1";""
"202100028105";"151 467";"B01";"2";"37";"0";"2";"3";"2";"1";"4"
"202100028105";"151 468";"A01";"2";"10";"0";"2";"2";"9";"1";""
"202100028106";"151 465";"A01";"3";"7";"0";"0";"8";"16";"1";""
"202100028106";"151 466";"B01";"1";"14";"0";"2";"1";"1";"1";""
"202100028107";"151 464";"A01";"1";"17";"12";"0";"7";"11";"1";""
"202100028108";"151 463";"A01";"1";"7";"0";"1";"1";"1";"1";""
"202100028109";"151 461";"B01";"2";"7";"0";"2";"3";"15";"1";""
"202100028109";"151 462";"A01";"2";"30";"0";"2";"1";"1";"1";""
"202100028110";"151 457";"A01";"1";"7";"1";"2";"2";"26";"1";""
"202100028110";"151 458";"C01";"1";"10";"0";"2";"8";"1";"1";""
"202100028111";"151 455";"B01";"1";"7";"0";"2";"6";"19";"1";""
"202100028111";"151 456";"A01";"3";"7";"0";"2";"1";"19";"2";""
"202100028112";"151 453";"B01";"0";"1";"0";"2";"8";"1";"5";""
"202100028112";"151 454";"A01";"0";"7";"0";"2";"8";"15";"1";""
"202100028113";"151 451";"B01";"1";"7";"0";"2";"4";"1";"1";""
"202100028113";"151 452";"A01";"1";"7";"0";"2";"1";"1";"1";""
"202100028114";"151 449";"A01";"3";"7";"0";"2";"2";"15";"1";""
"202100028114";"151 450";"B01";"3";"33";"0";"2";"8";"1";"1";""
"202100028115";"151 447";"B01";"2";"33";"0";"2";"1";"1";"1";""
"202100028115";"151 448";"A01";"1";"1";"0";"2";"1";"15";"5";""
"202100028116";"151 445";"A01";"2";"7";"0";"2";"1";"15";"1";""
"202100028116";"151 446";"B01";"1";"33";"0";"2";"1";"1";"1";""
"202100028117";"151 444";"A01";"1";"34";"1";"0";"1";"15";"1";""
"202100028118";"151 442";"B01";"3";"2";"0";"2";"0";"15";"1";""
"202100028118";"151 443";"A01";"3";"33";"0";"2";"0";"17";"1";""
"202100028119";"151 441";"A01";"1";"7";"0";"1";"1";"1";"1";""
"202100028120";"151 439";"B01";"3";"1";"0";"2";"4";"2";"0";""
"202100028120";"151 440";"A01";"3";"10";"0";"2";"0";"2";"0";""
"202100028121";"151 438";"A01";"2";"7";"6";"0";"1";"1";"1";""
"202100028122";"151 437";"A01";"1";"1";"16";"0";"0";"1";"5";""
"202100028123";"151 436";"A01";"1";"30";"16";"0";"0";"26";"1";""
"202100028124";"151 433";"A01";"1";"7";"0";"2";"1";"2";"1";""
"202100028124";"151 434";"B01";"1";"7";"0";"2";"4";"2";"1";""
"202100028124";"151 435";"C01";"1";"7";"0";"2";"4";"2";"1";""
"202100028125";"151 431";"B01";"2";"7";"0";"2";"3";"1";"1";""
"202100028125";"151 432";"A01";"1";"7";"0";"2";"1";"13";"1";""
"202100028126";"151 429";"B01";"2";"50";"0";"2";"8";"2";"3";""
"202100028126";"151 430";"A01";"2";"7";"0";"2";"2";"14";"1";""
"202100028127";"151 427";"A01";"2";"10";"0";"2";"1";"2";"1";""
"202100028127";"151 428";"B01";"2";"7";"0";"2";"4";"2";"1";""
"202100028128";"151 425";"A01";"2";"7";"0";"9";"1";"9";"1";""
"202100028128";"151 426";"B01";"1";"2";"0";"2";"7";"15";"1";""
"202100028129";"151 424";"A01";"2";"7";"0";"1";"7";"1";"1";""
"202100028130";"151 423";"A01";"1";"7";"9";"1";"1";"1";"1";""
"202100028131";"151 421";"A01";"2";"1";"0";"2";"1";"16";"5";""
"202100028131";"151 422";"B01";"1";"7";"0";"2";"3";"15";"1";""
"202100028132";"151 419";"B01";"3";"2";"0";"2";"1";"1";"3";""
"202100028132";"151 420";"A01";"3";"7";"0";"2";"5";"5";"1";""
"202100028133";"151 417";"B01";"1";"50";"0";"2";"4";"1";"3";""
"202100028133";"151 418";"A01";"1";"7";"0";"2";"2";"26";"1";""
"202100028134";"151 416";"A01";"2";"40";"0";"1";"1";"1";"3";""
"202100028135";"151 414";"B01";"3";"7";"0";"2";"7";"2";"1";""
"202100028135";"151 415";"A01";"3";"7";"0";"2";"8";"2";"2";""
"202100028136";"151 412";"B01";"3";"33";"0";"2";"1";"1";"1";""
"202100028136";"151 413";"A01";"0";"7";"0";"2";"1";"15";"1";""
"202100028137";"151 410";"A01";"1";"7";"0";"2";"1";"1";"1";""
"202100028137";"151 411";"B01";"1";"7";"0";"2";"4";"1";" -1";""
"202100028138";"151 408";"B01";"1";"7";"0";"2";"1";"1";"1";""
"202100028138";"151 409";"A01";"2";"7";"0";"2";"3";"15";"1";""
"202100028139";"151 406";"A01";"1";"33";"0";"2";"1";"21";"1";""
"202100028139";"151 407";"B01";"1";"14";"0";"0";"0";"0";"1";""
"202100028140";"151 404";"A01";"1";"7";"11";"2";"1";"1";"1";""
"202100028140";"151 405";"B01";"3";"7";"0";"2";"1";"19";"1";""
"202100028141";"151 403";"A01";"3";"30";"0";"0";"1";"0";"1";""
"202100028142";"151 401";"A01";"1";"7";"0";"2";"1";"1";"1";""
"202100028142";"151 402";"B01";"1";"33";"0";"2";"6";"15";"1";""
"202100028143";"151 399";"B01";"3";"43";"0";"2";"1";"1";"1";""
"202100028143";"151 400";"A01";"3";"7";"0";"2";"3";"19";"1";""
"202100028144";"151 397";"A01";"2";"33";"0";"2";"1";"21";"1";""
"202100028144";"151 398";"B01";"1";"7";"0";"2";"6";"11";"1";""
"202100028145";"151 395";"B01";"1";"99";"0";"2";"1";"1";"3";""
"202100028145";"151 396";"A01";"1";"7";"0";"1";"2";"1";"1";""
"202100028146";"151 392";"B01";"1";"7";"0";"2";"4";"23";"1";""
"202100028146";"151 393";"C01";"1";"7";"0";"2";"4";"23";"1";""
"202100028146";"151 394";"A01";"1";"7";"0";"2";"1";"2";"1";""
"202100028147";"151 390";"A01";"3";"30";"0";"1";"4";"23";"1";""
"202100028147";"151 391";"Z01";"3";"7";"0";"2";"1";"2";"0";""
"202100028148";"151 388";"A01";"1";"7";"0";"2";"1";"1";"1";""
"202100028148";"151 389";"B01";"1";"7";"0";"2";"4";"1";"1";""
"202100028149";"151 387";"A01";"0";"7";"0";"1";"1";"1";"1";""
"202100028150";"151 385";"A01";"1";"14";"0";"2";"3";"15";"1";""
"202100028150";"151 386";"B01";"2";"33";"0";"2";"1";"1";"1";""
"202100028151";"151 383";"A01";"3";"7";"0";"2";"3";"15";"1";""
"202100028151";"151 384";"B01";"3";"33";"0";"2";"1";"1";"1";""
"202100028152";"151 381";"A01";"3";"7";"0";"2";"1";"1";"1";""
"202100028152";"151 382";"B01";"3";"7";"0";"2";"4";"1";"1";""
"202100028153";"151 379";"B01";"1";"7";"0";"2";"1";"2";"0";""
"202100028153";"151 380";"A01";"1";"7";"0";"2";"4";"15";"1";""
"202100028154";"151 377";"B01";"3";"7";"0";"2";"1";"1";"1";""
"202100028154";"151 378";"A01";"0";"7";"0";"2";"3";"1";"1";""
"202100028155";"151 374";"C01";"2";"7";"0";"2";"4";"23";"1";""
"202100028155";"151 375";"B01";"2";"7";"0";"2";"4";"23";"1";""
"202100028155";"151 376";"A01";"2";"7";"0";"2";"1";"1";"1";""
"202100028156";"151 372";"A01";"1";"7";"0";"9";"2";"19";"1";""
"202100028156";"151 373";"B01";"3";"60";"0";"2";"1";"19";"5";""
"202100028157";"151 371";"A01";"1";"7";"0";"1";"3";"15";"1";""
"202100028158";"151 369";"A01";"1";"31";"0";"2";"3";"3";"1";""
"202100028158";"151 370";"B01";"1";"7";"0";"2";"5";"1";"1";""
"202100028159";"151 365";"C01";"2";"31";"0";"2";"1";"2";"1";""
"202100028159";"151 366";"D01";"2";"7";"0";"2";"5";"23";"1";""
"202100028159";"151 367";"B01";"2";"7";"0";"2";"4";"23";"1";""
"202100028159";"151 368";"A01";"2";"33";"0";"2";"1";"2";"1";""
"202100028160";"151 363";"A01";"1";"1";"0";"2";"1";"17";"5";""
"202100028160";"151 364";"B01";"1";"1";"0";"2";"6";"15";"5";""
"202100028161";"151 361";"A01";"3";"7";"0";"2";"2";"16";"1";""
"202100028161";"151 362";"B01";"3";"1";"0";"2";"1";"16";"5";""
"202100028162";"151 360";"Z01";"2";"2";"0";"1";"2";"1";"0";""
"202100028163";"151 358";"A01";"1";"7";"0";"2";"0";"16";"1";""
"202100028163";"151 359";"B01";"1";"50";"0";"2";"0";"5";"3";""
"202100028164";"151 356";"A01";"2";"7";"0";"2";"3";"9";"1";""
"202100028164";"151 357";"B01";"2";"2";"0";"2";"1";"17";"1";""
"202100028165";"151 354";"B01";"1";"7";"0";"2";"1";"9";"1";""
"202100028165";"151 355";"A01";"2";"80";"0";"2";"1";"5";"3";""
"202100028166";"151 352";"B01";"1";"7";"0";"2";"1";"1";"1";""
"202100028166";"151 353";"A01";"2";"7";"0";"2";"2";"15";"1";""
"202100028167";"151 350";"B01";"1";"1";"0";"2";"8";"19";"5";""
"202100028167";"151 351";"A01";"1";"7";"0";"2";"1";"16";"1";""
"202100028168";"151 348";"A01";"2";"7";"0";"2";"4";"2";"1";""
"202100028168";"151 349";"Z01";"1";"7";"0";"2";"1";"2";"1";""
"202100028169";"151 346";"A01";"2";"30";"0";"2";"1";"2";"1";""
"202100028169";"151 347";"B01";"2";"7";"0";"2";"4";"2";"1";""
"202100028170";"151 344";"A01";"3";"33";"0";"2";"1";"1";"1";""
"202100028170";"151 345";"B01";"2";"33";"0";"2";"8";"1";"1";""
"202100028171";"151 342";"A01";"1";"7";"1";"2";"8";"1";"1";""
"202100028171";"151 343";"B01";"1";"7";"6";"2";"1";"1";"1";""
"202100028172";"151 340";"A01";"2";"2";"0";"2";"5";"26";"1";""
"202100028172";"151 341";"B01";"2";"7";"0";"2";"5";"19";"1";""
"202100028173";"151 338";"A01";"2";"7";"0";"2";"4";"23";"1";""
"202100028173";"151 339";"Y01";"2";"1";"0";"2";"1";"17";"0";""
"202100028174";"151 336";"Y01";"2";"60";"0";"2";"1";"19";"5";""
"202100028174";"151 337";"B01";"1";"7";"0";"2";"5";"1";"2";""
"202100028175";"151 334";"A01";"3";"7";"0";"2";"6";"15";"1";""
"202100028175";"151 335";"B01";"3";"1";"0";"2";"1";"2";"5";""
"202100028176";"151 332";"B01";"2";"20";"0";"2";"3";"16";"1";""
"202100028176";"151 333";"A01";"1";"7";"0";"2";"2";"2";"1";""
"202100028177";"151 330";"A01";"1";"30";"0";"2";"1";"7";"1";""
"202100028177";"151 331";"B01";"0";"60";"0";"2";"0";"19";"5";""
"202100028178";"151 328";"A01";"1";"7";"9";"2";"2";"13";"1";""
"202100028178";"151 329";"B01";"2";"32";"12";"2";"3";"5";"1";""
"202100028179";"151 326";"A01";"1";"37";"0";"2";"3";"19";"1";"4"
"202100028179";"151 327";"B01";"1";"7";"0";"2";"5";"16";"1";""
"202100028180";"151 324";"A01";"1";"10";"0";"2";"4";"4";"1";""
"202100028180";"151 325";"B01";"1";"7";"0";"2";"1";"23";"1";""
"202100028181";"151 323";"A01";"3";"10";"0";"1";"4";"24";"1";""
"202100028182";"151 321";"B01";"1";"32";"0";"2";"3";"18";"1";""
"202100028182";"151 322";"A01";"1";"7";"0";"2";"2";"1";"1";""
"202100028183";"151 319";"B01";"3";"7";"0";"2";"1";"1";"1";""
"202100028183";"151 320";"A01";"3";"7";"0";"0";"4";"2";"1";""
"202100028184";"151 318";"A01";"1";"7";"9";"0";"3";"1";"1";""
"202100028185";"151 316";"B01";"2";"60";"0";"2";"1";"19";"5";""
"202100028185";"151 317";"A01";"2";"7";"0";"2";"2";"23";"1";""
"202100028186";"151 314";"B01";"1";"30";"0";"2";"1";"1";"1";""
"202100028186";"151 315";"A01";"1";"7";"0";"2";"3";"26";"1";""
"202100028187";"151 312";"A01";"1";"7";"0";"2";"2";"15";"0";""
"202100028187";"151 313";"B01";"1";"34";"0";"2";"1";"0";"1";""
"202100028188";"151 310";"A01";"3";"7";"0";"2";"3";"13";"2";""
"202100028188";"151 311";"B01";"1";"2";"0";"2";"1";"0";"3";""
"202100028189";"151 308";"A01";"2";"31";"0";"2";"6";"1";"1";""
"202100028189";"151 309";"B01";"3";"7";"0";"2";"2";"9";"1";""
"202100028190";"151 306";"B01";"1";"7";"0";"2";"4";"15";"1";""
"202100028190";"151 307";"A01";"1";"30";"0";"2";"1";"1";"1";""
"202100028191";"151 304";"B01";"2";"1";"0";"0";"6";"2";"6";""
"202100028191";"151 305";"A01";"2";"10";"0";"2";"2";"1";"1";""
"202100028192";"151 302";"B01";"2";"7";"0";"0";"5";"2";"1";""
"202100028192";"151 303";"A01";"2";"33";"0";"2";"1";"2";"1";""
"202100028193";"151 300";"A01";"2";"33";"3";"2";"4";"1";"1";""
"202100028193";"151 301";"B01";"2";"7";"0";"2";"2";"1";"1";""
"202100028194";"151 297";"C01";"1";"10";"0";"2";"6";"2";"1";""
"202100028194";"151 298";"B01";"2";"7";"0";"2";"1";"1";"1";""
"202100028194";"151 299";"A01";"1";"2";"0";"2";"1";"17";"1";""
"202100028195";"151 295";"B01";"2";"15";"0";"2";"3";"23";"1";""
"202100028195";"151 296";"A01";"1";"7";"0";"2";"1";"17";"1";""
"202100028196";"151 294";"A01";"3";"10";"0";"1";"2";"1";"1";""
"202100028197";"151 292";"A01";"0";"7";"0";"0";"0";"14";"1";""
"202100028198";"151 291";"A01";"2";"7";"0";"1";"1";"0";"1";""
"202100028199";"151 288";"C01";"2";"7";"0";"0";"4";"2";"1";""
"202100028199";"151 289";"A01";"2";"7";"0";"2";"1";"2";"1";""
"202100028199";"151 290";"B01";"2";"7";"0";"2";"4";"2";"1";""
"202100028200";"151 285";"A01";"1";"2";"10";"0";"7";"1";"1";""
"202100028201";"151 283";"B01";"2";"33";"0";"2";"8";"1";"1";""
"202100028201";"151 284";"A01";"1";"7";"0";"0";"6";"15";"1";""
"202100028202";"151 282";"A01";"2";"33";"13";"0";"8";"1";"1";""
"202100028203";"151 280";"A01";"2";"33";"0";"0";"4";"1";"1";""
"202100028203";"151 281";"B01";"2";"33";"0";"2";"1";"2";"1";""
"202100028204";"151 278";"B01";"2";"2";"0";"2";"1";"1";"1";""
"202100028204";"151 279";"A01";"1";"7";"0";"0";"5";"15";"1";""
"202100028205";"151 277";"A01";"2";"7";"8";"0";"1";"17";"1";""
"202100028206";"151 276";"A01";"3";"21";"16";"0";"3";"15";"1";""
"202100028207";"151 275";"A01";"2";"7";"2";"0";"1";"1";"1";""
"202100028208";"151 274";"A01";"3";"7";"2";"0";"5";"1";"1";""
"202100028209";"151 272";"B01";"2";"33";"0";"2";"1";"1";"1";""
"202100028209";"151 273";"A01";"1";"7";"0";"2";"3";"15";"1";""
"202100028210";"151 271";"A01";"0";"7";"3";"0";"1";"0";"1";""
"202100028211";"151 269";"B01";"0";"33";"0";"2";"7";"1";"1";""
"202100028211";"151 270";"A01";"0";"7";"0";"2";"1";"15";"1";""
"202100028212";"151 267";"B01";"2";"33";"0";"2";"1";"1";"1";""
"202100028212";"151 268";"A01";"1";"7";"0";"2";"7";"15";"1";""
"202100028213";"151 266";"A01";"1";"31";"12";"0";"2";"1";"1";""
"202100028214";"151 261";"D01";"2";"10";"0";"0";"4";"2";"1";""
"202100028214";"151 262";"A01";"2";"15";"0";"0";"4";"2";"1";""
"202100028214";"151 263";"B01";"2";"7";"0";"0";"4";"2";"1";""
"202100028214";"151 264";"C01";"2";"14";"0";"0";"4";"2";"1";""
"202100028214";"151 265";"E01";"2";"15";"0";"0";"1";"2";"1";""
"202100028215";"151 259";"A01";"1";"7";"0";"2";"2";"1";"1";""
"202100028215";"151 260";"B01";"3";"1";"0";"2";"4";"19";"5";""
"202100028216";"151 258";"A01";"2";"7";"2";"0";"1";"1";"1";""
"202100028217";"151 256";"B01";"1";"21";"0";"0";"6";"1";"0";""
"202100028217";"151 257";"A01";"1";"7";"0";"2";"2";"17";"1";""
"202100028218";"151 253";"A01";"1";"36";"13";"0";"8";"16";"1";""
"202100028219";"151 252";"A01";"1";"36";"8";"0";"2";"1";"1";""
"202100028220";"151 250";"B01";"1";"7";"0";"2";"6";"1";"1";""
"202100028220";"151 251";"A01";"1";"30";"0";"2";"2";"17";"1";""
"202100028221";"151 249";"A01";"1";"3";"0";"1";"3";"0";"1";""
"202100028222";"151 247";"B01";"2";"21";"0";"2";"3";"1";"1";""
"202100028222";"151 248";"A01";"1";"7";"0";"2";"3";"13";"1";""
"202100028223";"151 246";"A01";"2";"36";"6";"0";"2";"15";"1";""
"202100028224";"151 244";"B01";"3";"33";"0";"2";"1";"5";"1";""
"202100028224";"151 245";"A01";"3";"7";"0";"2";"3";"9";"1";""
"202100028225";"151 242";"B01";"3";"1";"0";"2";"1";"1";"6";""
"202100028225";"151 243";"A01";"3";"7";"0";"9";"3";"15";"1";""
"202100028226";"151 241";"A01";"2";"33";"0";"0";"8";"1";"1";""
"202100028227";"151 240";"A01";"1";"33";"0";"0";"1";"1";"1";""
"202100028228";"151 238";"A01";"3";"33";"0";"2";"3";"1";"1";""
"202100028228";"151 239";"B01";"1";"7";"0";"0";"7";"1";"1";""
"202100028229";"151 237";"A01";"2";"7";"0";"1";"1";"1";"1";""
"202100028230";"151 235";"A01";"2";"7";"0";"2";"1";"17";"1";""
"202100028230";"151 236";"B01";"1";"10";"0";"2";"1";"1";"1";""
"202100028231";"151 234";"A01";"2";"33";"0";"0";"3";"13";"1";""
"202100028232";"151 233";"A01";"3";"14";"0";"1";"0";"15";"1";""
"202100028233";"151 230";"A01";"2";"7";"0";"2";"5";"17";"1";""
"202100028233";"151 231";"B01";"2";"7";"0";"2";"2";"18";"1";""
"202100028233";"151 232";"C01";"2";"10";"3";"2";"2";"17";"1";""
"202100028234";"151 224";"F01";"1";"7";"3";"2";"5";"2";"1";""
"202100028234";"151 225";"E01";"1";"10";"0";"2";"2";"17";"1";""
"202100028234";"151 226";"D01";"1";"10";"1";"2";"1";"1";"1";""
"202100028234";"151 227";"B01";"1";"7";"0";"2";"8";"14";"1";""
"202100028234";"151 228";"A01";"1";"10";"3";"2";"2";"17";"1";""
"202100028234";"151 229";"C01";"1";"17";"0";"2";"4";"23";"1";""
"202100028235";"151 222";"A01";"1";"7";"0";"2";"2";"14";"1";""
"202100028235";"151 223";"B01";"1";"15";"0";"2";"6";"1";"1";""
"202100028236";"151 220";"A01";"2";"17";"0";"2";"2";"12";"6";""
"202100028236";"151 221";"B01";"2";"7";"0";"2";"6";"1";"1";""
"202100028237";"151 218";"B01";"2";"7";"0";"2";"6";"1";"1";""
"202100028237";"151 219";"A01";"2";"7";"0";"2";"2";"17";"1";""
"202100028238";"151 216";"A01";"1";"7";"0";"9";"3";"1";"1";""
"202100028238";"151 217";"B01";"1";"1";"0";"2";"4";"1";"5";""
"202100028239";"151 215";"A01";"3";"7";"6";"0";"1";"1";"1";""
"202100028240";"151 214";"A01";"2";"7";"0";"1";"1";"1";"1";""
"202100028241";"151 212";"B01";"1";"33";"0";"2";"1";"17";"1";""
"202100028241";"151 213";"A01";"1";"7";"0";"0";"8";"15";"1";""
"202100028242";"151 211";"A01";"1";"32";"0";"0";"9";"0";"1";""
"202100028243";"151 210";"A01";"2";"7";"6";"0";"7";"1";"1";""
"202100028244";"151 208";"A01";"1";"7";"0";"2";"1";"15";"1";""
"202100028244";"151 209";"B01";"2";"34";"0";"2";"1";"1";"1";""
"202100028245";"151 206";"B01";"2";"7";"0";"0";"7";"1";"1";""
"202100028245";"151 207";"A01";"1";"7";"0";"2";"2";"19";"1";""
"202100028246";"151 204";"B01";"1";"7";"0";"2";"1";"1";"1";""
"202100028246";"151 205";"A01";"2";"33";"0";"2";"1";"17";"1";""
"202100028247";"151 203";"A01";"2";"33";"8";"0";"7";"1";"1";""
"202100028248";"151 201";"A01";"1";"7";"0";"2";"3";"10";"1";""
"202100028248";"151 202";"B01";"1";"32";"0";"2";"2";"13";"1";""
"202100028249";"151 199";"B01";"1";"7";"0";"2";"7";"1";"1";""
"202100028249";"151 200";"A01";"3";"14";"0";"2";"1";"19";"1";""
"202100028250";"151 197";"B01";"1";"7";"0";"2";"3";"1";"1";""
"202100028250";"151 198";"A01";"2";"2";"0";"2";"3";"15";"1";""
"202100028251";"151 195";"A01";"3";"10";"0";"2";"2";"12";"1";""