"Num_Acc";"id_vehicule";"num_veh";"senc";"catv";"obs";"obsm";"choc";"manv";"motor";"occutc"
"202100029342";"149 317";"B01";"1";"7";"0";"2";"2";"1";"1";""
"202100029342";"149 318";"A01";"1";"31";"0";"2";"3";"20";"1";""
"202100029343";"149 316";"A01";"1";"7";"1";"0";"3";"13";"1";""
"202100029344";"149 315";"A01";"1";"30";"0";"1";"1";"1";"1";""
"202100029345";"149 313";"B01";"1";"43";"0";"2";"1";"1";"1";""
"202100029345";"149 314";"A01";"2";"7";"0";"2";"1";"15";"1";""
"202100029346";"149 312";"A01";"1";"32";"8";"0";"2";"14";"3";""
"202100029347";"149 310";"B01";"1";"7";"0";"0";"4";"1";"1";""
"202100029347";"149 311";"A01";"1";"10";"0";"2";"1";"2";"1";""
"202100029348";"149 309";"A01";"1";"43";"0";"0";"0";"1";"1";""
"202100029349";"149 307";"A01";"1";"7";"1";"2";"2";"14";"1";""
"202100029349";"149 308";"B01";"1";"7";"0";"2";"1";"1";"1";""
"202100029350";"149 305";"B01";"1";"7";"0";"2";"6";"15";"1";""
"202100029350";"149 306";"A01";"1";"37";"0";"2";"2";"1";"1";"1"
"202100029351";"149 303";"B01";"2";"15";"0";"2";"1";"1";"1";""
"202100029351";"149 304";"A01";"1";"7";"0";"2";"1";"13";"1";""
"202100029352";"149 302";"A01";"3";"7";"0";"1";"0";"1";"1";""
"202100029353";"149 300";"A01";"2";"7";"0";"2";"1";"1";"1";""
"202100029353";"149 301";"B01";"1";"7";"0";"2";"3";"1";"1";""
"202100029354";"149 299";"A01";"1";"7";"6";"0";"2";"1";"1";""
"202100029355";"149 298";"A01";"1";"7";"3";"0";"6";"1";"1";""
"202100029356";"149 297";"A01";"1";"7";"12";"0";"2";"1";"1";""
"202100029357";"149 295";"A01";"0";"7";"8";"0";"1";"0";"1";""
"202100029358";"149 293";"B01";"1";"7";"0";"2";"3";"9";"1";""
"202100029358";"149 294";"A01";"2";"33";"0";"2";"1";"1";"1";""
"202100029359";"149 292";"A01";"2";"7";"13";"0";"9";"14";"1";""
"202100029360";"149 291";"A01";"1";"7";"0";"0";"1";"1";"1";""
"202100029361";"149 290";"A01";"1";"33";"0";"6";"1";"1";"1";""
"202100029362";"149 289";"A01";"2";"7";"13";"0";"1";"13";"1";""
"202100029363";"149 287";"A01";"3";"50";"0";"2";"1";"1";"3";""
"202100029363";"149 288";"B01";"3";"21";"0";"2";"1";"19";"1";""
"202100029364";"149 286";"A01";"2";"10";"0";"1";"2";"1";"1";""
"202100029365";"149 285";"A01";"3";"7";"13";"0";"3";"1";"1";""
"202100029366";"149 283";"A01";"1";"7";"0";"2";"3";"2";"1";""
"202100029366";"149 284";"B01";"1";"1";"0";"0";"4";"2";"5";""
"202100029367";"149 282";"A01";"2";"7";"2";"9";"1";"13";"1";""
"202100029368";"149 280";"A01";"2";"7";"0";"2";"8";"13";"1";""
"202100029368";"149 281";"B01";"1";"7";"0";"2";"3";"1";"1";""
"202100029369";"149 279";"A01";"1";"7";"2";"0";"3";"1";"1";""
"202100029370";"149 277";"A01";"2";"7";"7";"2";"2";"17";"1";""
"202100029370";"149 278";"B01";"1";"10";"7";"2";"3";"1";"1";""
"202100029371";"149 276";"A01";"0";"33";"0";"0";"0";"0";"1";""
"202100029372";"149 274";"B01";"1";"7";"0";"2";"1";"17";"1";""
"202100029372";"149 275";"A01";"2";"7";"0";"2";"1";"5";"2";""
"202100029373";"149 273";"A01";"2";"7";"6";"0";"3";"13";"1";""
"202100029374";"149 269";"A01";"1";"7";"0";"2";"2";"1";"1";""
"202100029374";"149 270";"B01";"2";"7";"0";"2";"2";"1";"1";""
"202100029375";"149 268";"A01";"2";"7";"0";"0";"0";"13";"1";""
"202100029376";"149 266";"B01";"2";"33";"0";"2";"1";"1";"1";""
"202100029376";"149 267";"A01";"1";"7";"0";"2";"2";"15";"1";""
"202100029377";"149 264";"B01";"3";"7";"0";"2";"3";"1";"1";""
"202100029377";"149 265";"A01";"3";"2";"0";"2";"1";"13";"1";""
"202100029378";"149 263";"A01";"3";"0";"0";"0";"0";"0";"3";""
"202100029379";"149 262";"A01";"1";"7";"13";"0";"1";"1";"1";""
"202100029380";"149 260";"A01";"1";"33";"0";"2";"2";"17";"1";""
"202100029380";"149 261";"B01";"1";"3";"0";"0";"6";"15";"1";""
"202100029381";"149 258";"B01";"1";"15";"0";"0";"2";"15";"1";""
"202100029381";"149 259";"A01";"1";"30";"0";"2";"7";"9";"1";""
"202100029382";"149 257";"A01";"2";"33";"15";"0";"1";"1";"1";""
"202100029383";"149 255";"B01";"2";"14";"0";"2";"3";"1";"1";""
"202100029383";"149 256";"A01";"1";"10";"0";"2";"1";"13";"1";""
"202100029384";"149 254";"A01";"1";"15";"3";"0";"1";"1";"1";""
"202100029385";"149 251";"C01";"1";"2";"0";"2";"1";"1";"1";""
"202100029385";"149 252";"B01";"1";"2";"0";"2";"3";"1";"1";""
"202100029385";"149 253";"A01";"2";"2";"0";"2";"1";"19";"1";""
"202100029386";"149 250";"A01";"2";"7";"13";"0";"9";"14";"1";""
"202100029387";"149 249";"A01";"2";"7";"0";"0";"7";"14";"1";""
"202100029388";"149 247";"A01";"2";"7";"0";"2";"2";"1";"1";""
"202100029388";"149 248";"B01";"2";"15";"0";"0";"6";"1";"1";""
"202100029389";"149 246";"A01";"3";"10";"0";"1";"2";"1";"1";""
"202100029390";"149 244";"B01";"2";"7";"0";"2";"3";"1";"1";""
"202100029390";"149 245";"A01";"1";"7";"13";"0";"7";"19";"1";""
"202100029391";"149 243";"A01";"2";"2";"0";"0";"0";"1";"1";""
"202100029392";"149 242";"A01";"3";"7";"2";"0";"9";"1";"1";""
"202100029393";"149 240";"B01";"1";"7";"0";"2";"1";"19";"1";""
"202100029393";"149 241";"A01";"2";"33";"0";"2";"7";"1";"1";""
"202100029394";"149 237";"A01";"1";"7";"10";"0";"1";"16";"1";""
"202100029395";"149 235";"B01";"2";"33";"0";"2";"1";"1";"1";""
"202100029395";"149 236";"A01";"1";"7";"0";"2";"1";"1";"1";""
"202100029396";"149 234";"A01";"2";"7";"13";"0";"6";"1";"1";""
"202100029397";"149 232";"A01";"1";"2";"16";"0";"1";"1";"1";""
"202100029398";"149 231";"A01";"1";"7";"0";"1";"4";"4";"1";""
"202100029399";"149 229";"A01";"2";"7";"0";"2";"3";"15";"1";""
"202100029399";"149 230";"B01";"2";"33";"0";"2";"1";"17";"1";""
"202100029400";"149 227";"B01";"1";"13";"0";"9";"3";"1";"1";""
"202100029400";"149 228";"A01";"2";"13";"0";"0";"0";"1";"1";""
"202100029401";"149 224";"A01";"0";"7";"0";"2";"1";"2";"1";""
"202100029401";"149 225";"B01";"0";"7";"0";"0";"4";"15";"1";""
"202100029402";"149 223";"A01";"1";"33";"16";"0";"7";"1";"1";""
"202100029403";"149 221";"B01";"2";"7";"0";"2";"4";"1";"1";""
"202100029403";"149 222";"A01";"2";"7";"0";"2";"1";"1";"1";""
"202100029404";"149 220";"A01";"2";"33";"0";"0";"0";"21";"1";""
"202100029405";"149 219";"A01";"1";"7";"4";"0";"3";"13";"1";""
"202100029406";"149 217";"A01";"2";"14";"0";"2";"1";"1";"1";""
"202100029406";"149 218";"B01";"2";"7";"0";"2";"4";"1";"1";""
"202100029407";"149 216";"A01";"2";"7";"4";"0";"1";"1";"1";""
"202100029408";"149 212";"D01";"1";"10";"0";"2";"1";"2";"1";""
"202100029408";"149 213";"C01";"1";"7";"0";"2";"1";"2";"1";""
"202100029408";"149 214";"A01";"1";"10";"0";"2";"1";"2";"1";""
"202100029408";"149 215";"B01";"1";"10";"0";"2";"4";"2";"1";""
"202100029409";"149 211";"A01";"1";"7";"4";"0";"8";"13";"1";""
"202100029410";"149 209";"B01";"2";"32";"0";"2";"7";"1";"1";""
"202100029410";"149 210";"A01";"2";"10";"0";"2";"8";"11";"1";""
"202100029411";"149 206";"C01";"2";"7";"0";"2";"5";"23";"1";""
"202100029411";"149 207";"B01";"2";"7";"1";"0";"1";"1";"1";""
"202100029411";"149 208";"A01";"2";"7";"1";"0";"3";"1";"1";""
"202100029412";"149 205";"A01";"3";"7";"0";"1";"2";"1";"1";""
"202100029413";"149 203";"B01";"2";"30";"0";"2";"1";"17";"1";""
"202100029413";"149 204";"A01";"1";"10";"0";"2";"3";"15";"1";""
"202100029414";"149 202";"A01";"2";"30";"0";"0";"8";"1";"1";""
"202100029415";"149 201";"A01";"3";"7";"10";"0";"1";"16";"1";""
"202100029416";"149 200";"A01";"1";"7";"0";"1";"3";"15";"1";""
"202100029417";"149 199";"A01";"1";"7";"0";"0";"3";"1";"1";""
"202100029418";"149 197";"A01";"2";"7";"0";"2";"1";"15";"1";""
"202100029418";"149 198";"B01";"2";"7";"0";"2";"3";"1";"1";""
"202100029419";"149 195";"A01";"2";"32";"0";"2";"1";"26";"1";""
"202100029419";"149 196";"B01";"3";"7";"0";"2";"5";"26";"1";""
"202100029420";"149 194";"A01";"2";"31";"6";"0";"1";"1";"1";""
"202100029421";"149 193";"A01";"1";"30";"0";"1";"1";"17";"1";""
"202100029422";"149 185";"A01";"2";"33";"0";"2";"0";"17";"1";""
"202100029422";"149 186";"B01";"2";"10";"0";"2";"0";"15";"1";""
"202100029423";"149 183";"A01";"1";"7";"0";"2";"3";"13";"1";""
"202100029423";"149 184";"B01";"1";"31";"0";"2";"3";"1";"1";""
"202100029424";"149 182";"A01";"1";"7";"0";"9";"3";"1";"1";""
"202100029425";"149 180";"B01";"3";"7";"0";"2";"8";"1";"1";""
"202100029425";"149 181";"A01";"3";"7";"0";"2";"1";"15";"1";""
"202100029426";"149 177";"B01";"1";"7";"0";"2";"2";"1";"1";""
"202100029426";"149 178";"A01";"1";"7";"0";"2";"1";"15";"1";""
"202100029427";"149 176";"A01";"1";"7";"0";"1";"1";"9";"1";""
"202100029428";"149 174";"A01";"2";"7";"0";"2";"1";"1";"1";""
"202100029428";"149 175";"B01";"2";"7";"0";"2";"2";"1";"1";""
"202100029429";"149 172";"A01";"2";"7";"0";"2";"1";"1";"1";""
"202100029429";"149 173";"B01";"2";"7";"0";"2";"4";"1";"1";""
"202100029430";"149 170";"B01";"1";"1";"0";"2";"4";"1";"6";""
"202100029430";"149 171";"C01";"1";"7";"0";"2";"1";"2";" -1";""
"202100029431";"149 169";"A01";"3";"7";"2";"0";"1";"14";"1";""
"202100029432";"149 168";"A01";"0";"10";"0";"1";"0";"1";"0";""
"202100029433";"149 167";"A01";"1";"32";"0";"0";"1";"19";"1";""
"202100029434";"149 165";"Z01";"2";"7";"0";"2";"2";"15";"2";""
"202100029434";"149 166";"A01";"1";"33";"0";"2";"1";"1";"1";""
"202100029435";"149 164";"A01";"1";"33";"0";"2";"2";"1";"1";""
"202100029436";"149 163";"Z01";"1";"34";"0";"1";"1";"2";"1";""
"202100029437";"149 162";"A01";"2";"33";"3";"0";"1";"2";"1";""
"202100029438";"149 161";"A01";"1";"32";"0";"0";"8";"1";"1";""
"202100029439";"149 159";"A01";"1";"43";"0";"2";"2";"3";"1";""
"202100029439";"149 160";"B01";"1";"7";"0";"2";"8";"1";"1";""
"202100029440";"149 158";"A01";"2";"1";"0";"1";"1";"1";"5";""
"202100029441";"149 156";"B01";"1";"7";"0";"2";"3";"16";"1";""
"202100029441";"149 157";"A01";"1";"7";"0";"2";"2";"1";"1";""
"202100029442";"149 154";"B01";"1";"7";"0";"2";"4";"2";"1";""
"202100029442";"149 155";"A01";"1";"30";"0";"2";"1";"1";"3";""
"202100029443";"149 152";"B01";"1";"32";"0";"2";"4";"2";"1";""
"202100029443";"149 153";"A01";"1";"7";"0";"2";"2";"2";"1";""
"202100029444";"149 150";"A01";"1";"7";"0";"2";"3";"1";"1";""
"202100029444";"149 151";"Z01";"1";"7";"0";"2";"1";"1";"0";""
"202100029445";"149 148";"A01";"1";"7";"0";"2";"2";"1";"1";""
"202100029445";"149 149";"B01";"1";"7";"0";"2";"1";"15";"3";""
"202100029446";"149 146";"B01";"3";"1";"0";"2";"0";"1";"5";""
"202100029446";"149 147";"A01";"3";"7";"0";"2";"2";"1";"1";""
"202100029447";"149 144";"A01";"1";"7";"0";"2";"3";"18";"0";""
"202100029447";"149 145";"B01";"1";"33";"0";"2";"3";"23";"1";""
"202100029448";"149 142";"B01";"2";"34";"0";"2";"8";"1";"1";""
"202100029448";"149 143";"A01";"2";"7";"0";"2";"1";"10";"1";""
"202100029449";"149 141";"A01";"1";"7";"10";"0";"1";"1";"1";""
"202100029450";"149 139";"A01";"3";"7";"0";"2";"4";"23";"1";""
"202100029450";"149 140";"B01";" -1";"7";"0";"2";"0";"0";"1";""
"202100029451";"149 138";"A01";"1";"7";"14";"0";"0";"9";"1";""
"202100029452";"149 136";"A01";"1";"7";"8";"0";"1";"21";"1";""
"202100029452";"149 137";"B01";"2";"7";"0";"0";"0";"0";"2";""
"202100029453";"149 135";"A01";"2";"30";"0";"1";"1";"1";"3";""
"202100029454";"149 133";"A01";"3";"7";"0";"2";"2";"15";"1";""
"202100029454";"149 134";"B01";"3";"50";"0";"2";"1";"1";"3";""
"202100029455";"149 131";"B01";"2";"2";"0";"2";"0";"1";"6";""
"202100029455";"149 132";"A01";"1";"2";"0";"2";"1";"1";"6";""
"202100029456";"149 130";"A01";"1";"0";"0";"1";"3";"9";"0";""
"202100029457";"149 129";"A01";"3";"7";"13";"1";"2";"1";"1";""
"202100029458";"149 128";"A01";"1";"7";"16";"0";"9";"1";"1";""
"202100029459";"149 127";"A01";"3";"7";"0";"1";"1";"15";"1";""
"202100029460";"149 124";"C01";"1";"7";"0";"2";"1";"2";"1";""
"202100029460";"149 125";"B01";"1";"7";"0";"2";"1";"1";"1";""
"202100029460";"149 126";"A01";"1";"7";"0";"2";"1";"5";"1";""
"202100029461";"149 123";"A01";"1";"7";"13";"0";"1";"1";"1";""
"202100029462";"149 121";"A01";"2";"7";"0";"2";"2";"12";"2";""
"202100029462";"149 122";"B01";"2";"7";"3";"2";"8";"1";"1";""
"202100029463";"149 120";"A01";"1";"7";"0";"5";"2";"1";"1";""
"202100029464";"149 119";"A01";"3";"7";"0";"0";"3";"1";"1";""
"202100029465";"149 117";"A01";"1";"7";"0";"2";"1";"13";"1";""
"202100029465";"149 118";"B01";"2";"7";"0";"2";"1";"26";"1";""
"202100029466";"149 116";"A01";"2";"7";"2";"0";"1";"14";"1";""
"202100029467";"149 115";"A01";"1";"7";"0";"0";"0";"1";"6";""
"202100029468";"149 112";"A01";"2";"33";"0";"2";"2";"2";"1";""
"202100029468";"149 113";"B01";"2";"33";"0";"2";"4";"2";"1";""
"202100029468";"149 114";"C01";"2";"33";"0";"2";"1";"2";"1";""
"202100029469";"149 110";"A01";"3";"2";"0";"2";"2";"13";"1";""
"202100029469";"149 111";"B01";"3";"7";"0";"2";"2";"21";"1";""
"202100029470";"149 108";"B01";"2";"10";"0";"2";"1";"1";"1";""
"202100029470";"149 109";"A01";"1";"7";"0";"2";"7";"13";"1";""
"202100029471";"149 107";"A01";"3";"10";"1";"1";"1";"2";"1";""
"202100029472";"149 105";"A01";"1";"7";"0";"2";"3";"13";"1";""
"202100029472";"149 106";"B01";"2";"7";"0";"2";"8";"1";"1";""
"202100029473";"149 103";"A01";"2";"7";"7";"2";"1";"9";"1";""
"202100029473";"149 104";"B01";"2";"7";"0";"2";"8";"0";"1";""
"202100029474";"149 101";"B01";"2";"33";"0";"2";"8";"1";"1";""
"202100029474";"149 102";"A01";"1";"33";"0";"2";"8";"5";"1";""
"202100029475";"149 100";"A01";"0";"7";"6";"0";"1";"1";"1";""
"202100029476";"149 099";"A01";"1";"7";"2";"0";"2";"14";"1";""
"202100029477";"149 098";"A01";"1";"7";"2";"0";"1";"1";"1";""
"202100029478";"149 097";"A01";"1";"33";"0";"0";"8";"1";"1";""
"202100029479";"149 096";"A01";"1";"7";"4";"0";"3";"1";"1";""
"202100029480";"149 094";"A01";"3";"7";"0";"2";"1";"11";"1";""
"202100029480";"149 095";"B01";"3";"7";"0";"2";"1";"1";"1";""
"202100029481";"149 092";"B01";"0";"1";"0";"2";"4";"19";"5";""
"202100029481";"149 093";"A01";"2";"33";"0";"0";"7";"0";"1";""
"202100029482";"149 091";"A01";"1";"7";"6";"0";"1";"14";"1";""
"202100029483";"149 090";"A01";"3";"33";"4";"0";"1";"14";"1";""
"202100029484";"149 089";"A01";"2";"7";"2";"0";"1";"1";"1";""
"202100029485";"149 087";"B01";"1";"7";"0";"0";"7";"1";"1";""
"202100029485";"149 088";"A01";"1";"7";"0";"2";"1";"19";"2";""
"202100029486";"149 085";"A01";"1";"7";"0";"2";"1";"9";"1";""
"202100029486";"149 086";"B01";"2";"2";"0";"2";"1";"1";"1";""
"202100029487";"149 084";"A01";"2";"50";"0";"0";"0";"1";"3";""
"202100029488";"149 083";"A01";"3";"33";"16";"0";"0";"1";"1";""
"202100029489";"149 081";"A01";"1";"33";"0";"2";"1";"1";"1";""
"202100029489";"149 082";"B01";"1";"33";"0";"2";"3";"15";"1";""
"202100029490";"149 079";"A01";"1";"33";"13";"2";"1";"17";"1";""
"202100029490";"149 080";"B01";"2";"33";"0";"2";"1";"1";"1";""
"202100029491";"149 077";"A01";"1";"7";"0";"2";"1";"13";"1";""
"202100029491";"149 078";"B01";"2";"10";"0";"2";"1";"1";"1";""
"202100029492";"149 076";"A01";"1";"2";"0";"0";"0";"0";"1";""
"202100029493";"149 074";"B01";"3";"2";"0";"2";"1";"1";"1";""
"202100029493";"149 075";"A01";"3";"7";"0";"2";"3";"15";"1";""
"202100029494";"149 073";"A01";"1";"99";"0";"9";"2";"1";"6";""
"202100029495";"149 072";"A01";"3";"10";"2";"0";"3";"13";"1";""
"202100029496";"149 070";"A01";"1";"7";"0";"2";"1";"13";"1";""
"202100029496";"149 071";"B01";"2";"7";"0";"2";"3";"1";"1";""
"202100029497";"149 069";"A01";"2";"1";"0";"0";"0";"0";"5";""
"202100029498";"149 067";"B01";"2";"33";"0";"2";"1";"1";"1";""
"202100029498";"149 068";"A01";"1";"7";"0";"2";"3";"19";"1";""
"202100029499";"149 064";"B01";"2";"15";"5";"2";"3";"1";"1";""
"202100029499";"149 065";"A01";"1";"7";"0";"2";"3";"13";"1";""
"202100029500";"149 062";"A01";"2";"2";"0";"2";"1";"1";"1";""
"202100029500";"149 063";"B01";"1";"21";"0";"2";"3";"1";"1";""
"202100029501";"149 061";"A01";"3";"33";"0";"0";"1";"16";"1";""
"202100029502";"149 059";"A01";"3";"33";"0";"2";"3";"13";"1";""
"202100029502";"149 060";"B01";"3";"7";"0";"2";"3";"1";"1";""
"202100029503";"149 058";"A01";"3";"31";"0";"0";"7";"0";"1";""
"202100029504";"149 057";"A01";"0";"33";"13";"0";"2";"1";"1";""
"202100029505";"149 055";"A01";"1";"7";"0";"2";"1";"19";"1";""
"202100029505";"149 056";"B01";"2";"7";"0";"2";"8";"1";"1";""
"202100029506";"149 054";"A01";"0";"36";"0";"0";"7";"1";"1";""
"202100029507";"149 052";"B01";"1";"31";"0";"2";"3";"1";"1";""
"202100029507";"149 053";"A01";"2";"1";"0";"2";"2";"15";"5";""
"202100029508";"149 051";"A01";"2";"7";"1";"0";"1";"1";"1";""
"202100029509";"149 047";"D01";"1";"7";"0";"2";"1";"1";"1";""
"202100029509";"149 048";"C01";"1";"7";"0";"2";"1";"1";"1";""
"202100029509";"149 049";"B01";"2";"7";"0";"2";"3";"1";"1";""
"202100029509";"149 050";"A01";"2";"7";"13";"2";"3";"13";"1";""
"202100029510";"149 046";"A01";"3";"7";"13";"0";"9";"1";"1";""
"202100029511";"149 045";"A01";"1";"33";"0";"0";"8";"21";"1";""
"202100029512";"149 044";"A01";"2";"7";"6";"0";"2";"17";"1";""
"202100029513";"149 043";"A01";"2";"7";"0";"0";"3";"0";"1";""
"202100029514";"149 041";"A01";"1";"7";"0";"2";"1";"13";"1";""
"202100029514";"149 042";"B01";"2";"10";"0";"2";"3";"1";"1";""
"202100029515";"149 040";"A01";"1";"7";"3";"0";"3";"17";"1";""
"202100029516";"149 036";"A01";"1";"7";"0";"0";"4";"23";"1";""
"202100029516";"149 037";"B01";"1";"7";"0";"2";"1";"26";"1";""
"202100029516";"149 038";"D01";"1";"7";"0";"2";"1";"1";"1";""
"202100029516";"149 039";"C01";"1";"7";"0";"2";"4";"21";"1";""
"202100029517";"149 032";"A01";"1";"14";"0";"2";"3";"13";"1";""
"202100029517";"149 033";"B01";"2";"10";"0";"2";"3";"0";"1";""
"202100029517";"149 034";"C01";"2";"10";"0";"2";"1";"0";"1";""
"202100029517";"149 035";"D01";"2";"7";"13";"2";"3";"0";"1";""
"202100029518";"149 030";"A01";"2";"7";"3";"2";"1";"1";"1";""
"202100029518";"149 031";"B01";"2";"7";"0";"0";"4";"1";"1";""
"202100029519";"149 028";"A01";"2";"7";"0";"2";"0";"0";"1";""
"202100029519";"149 029";"B01";"2";"7";"4";"2";"3";"1";"1";""
"202100029520";"149 027";"A01";"3";"10";"8";"0";"3";"1";"1";""
"202100029521";"149 025";"A01";"2";"33";"0";"2";"3";"17";"1";""
"202100029521";"149 026";"B01";"2";"10";"0";"0";"4";"15";"1";""
"202100029522";"149 023";"A01";"1";"7";"0";"2";"3";"13";"1";""
"202100029522";"149 024";"B01";"2";"7";"0";"0";"3";"1";"1";""
"202100029523";"149 021";"A01";"0";"30";"0";"2";"1";"5";"0";""
"202100029523";"149 022";"B01";"0";"7";"0";"2";"2";"1";"1";""
"202100029524";"149 020";"A01";"1";"32";"0";"1";"1";"1";"1";""
"202100029525";"149 019";"A01";"3";"7";"14";"0";"1";"13";"1";""
"202100029526";"149 017";"A01";"1";"7";"0";"2";"1";"13";"1";""
"202100029526";"149 018";"B01";"2";"10";"0";"2";"1";"1";"1";""
"202100029527";"149 016";"A01";"0";"36";"0";"0";"0";"26";"0";""
"202100029528";"149 012";"B01";"2";"7";"0";"2";"1";"2";"1";""
"202100029528";"149 013";"C01";"2";"7";"0";"2";"2";"1";"1";""
"202100029528";"149 014";"D01";"1";"7";"14";"0";"3";"1";"1";""
"202100029528";"149 015";"A01";"2";"7";"4";"0";"1";"1";"1";""
"202100029529";"149 010";"B01";"1";"33";"0";"2";"2";"16";"1";""
"202100029529";"149 011";"A01";"1";"7";"0";"0";"6";"2";"1";""
"202100029530";"149 009";"A01";"1";"7";"13";"0";"7";"0";"1";""
"202100029531";"149 008";"A01";"1";"7";"5";"0";"1";"0";"1";""
"202100029532";"149 007";"A01";"0";"10";"0";"1";"5";"26";"3";""
"202100029533";"149 001";"A01";"2";"7";"6";"0";"1";"0";"1";""
"202100029534";"149 000";"A01";"3";"7";"0";"1";"1";"0";"1";""
"202100029535";"148 998";"A01";"0";"7";"0";"9";"7";"1";"1";""
"202100029535";"148 999";"B01";"0";"1";"0";"2";"8";"2";"5";""
"202100029536";"148 996";"B01";"2";"7";"0";"2";"8";"1";"1";""
"202100029536";"148 997";"A01";"3";"7";"0";"2";"1";"15";"1";""
"202100029537";"148 995";"A01";"1";"7";"2";"0";"1";"0";"1";""
"202100029538";"148 993";"A01";"1";"7";"0";"9";"0";"2";"0";""
"202100029538";"148 994";"B01";"1";"1";"6";"2";"4";"0";"6";""
"202100029539";"148 992";"A01";"1";"7";"2";"0";"1";"13";"1";""
"202100029540";"148 991";"A01";"1";"7";"0";"1";"1";"1";"1";""
"202100029541";"148 989";"B01";"3";"7";"0";"2";"6";"15";"1";""
"202100029541";"148 990";"A01";"1";"31";"0";"2";"2";"1";"1";""
"202100029542";"148 988";"A01";"2";"7";"2";"0";"1";"13";"1";""
"202100029543";"148 986";"A01";"1";"7";"4";"2";"2";"12";"1";""
"202100029543";"148 987";"B01";"1";"7";"0";"2";"3";"18";"1";""
"202100029544";"148 984";"A01";"1";"7";"0";"2";"4";"1";"1";""
"202100029544";"148 985";"B01";"1";"7";"0";"2";"1";"2";"1";""
"202100029545";"148 982";"B01";"1";"7";"0";"2";"3";"15";"1";""
"202100029545";"148 983";"A01";"2";"30";"0";"2";"1";"26";"1";""
"202100029546";"148 979";"C01";"2";"7";"0";"0";"6";"2";"1";""
"202100029546";"148 980";"B01";"2";"10";"0";"2";"2";"2";"1";""
"202100029546";"148 981";"A01";"2";"10";"0";"2";"1";"2";"1";""
"202100029547";"148 978";"A01";"1";"7";"4";"0";"0";"26";"1";""
"202100029548";"148 976";"Z01";"1";"7";"0";"2";"1";"1";"0";""
"202100029548";"148 977";"A01";"1";"7";"0";"2";"4";"1";"1";""
"202100029549";"148 974";"B01";"1";"7";"0";"2";"4";"2";"1";""
"202100029549";"148 975";"A01";"1";"7";"0";"2";"1";"2";"1";""
"202100029550";"148 970";"A01";"2";"7";"6";"0";"2";"1";"1";""
"202100029551";"148 969";"A01";"2";"7";"0";"0";"3";"9";"1";""
"202100029552";"148 967";"B01";"2";"7";"0";"0";"4";"2";"1";""
"202100029552";"148 968";"A01";"2";"7";"0";"2";"1";"2";"1";""
"202100029553";"148 966";"A01";"1";"7";"4";"0";"1";"1";"1";""
"202100029554";"148 964";"B01";"1";"7";"0";"2";"4";"2";"1";""
"202100029554";"148 965";"A01";"1";"7";"0";"2";"1";"1";"1";""
"202100029555";"148 961";"C01";"2";"7";"0";"2";"1";"1";"1";""
"202100029555";"148 962";"A01";"1";"7";"0";"2";"1";"21";"1";""
"202100029555";"148 963";"B01";"2";"7";"0";"2";"4";"23";"1";""
"202100029556";"148 959";"A01";"1";"7";"0";"2";"2";"2";"1";""
"202100029556";"148 960";"B01";"1";"10";"0";"2";"4";"2";"1";""
"202100029557";"148 957";"A01";"1";"33";"0";"2";"3";"3";"1";""
"202100029557";"148 958";"B01";"1";"7";"0";"2";"5";"1";"1";""
"202100029558";"148 955";"B01";"2";"15";"0";"2";"4";"2";"1";""
"202100029558";"148 956";"A01";"2";"13";"0";"2";"1";"2";"1";""
"202100029559";"148 953";"A01";"2";"33";"1";"0";"9";"18";"1";""
"202100029559";"148 954";"B01";"2";"7";"0";"0";"6";"23";"1";""
"202100029560";"148 951";"A01";"1";"7";"0";"2";"4";"2";"1";""
"202100029560";"148 952";"B01";"1";"33";"0";"2";"1";"2";"1";""
"202100029561";"148 950";"A01";"1";"7";"0";"1";"1";"1";"1";""
"202100029562";"148 948";"B01";"2";"33";"1";"2";"8";"1";"1";""
"202100029562";"148 949";"A01";"2";"7";"1";"2";"1";"15";"1";""
"202100029563";"148 947";"A01";"3";"7";"0";"1";"3";"1";"1";""
"202100029564";"148 945";"B01";"3";"7";"0";"2";"7";"1";"1";""
"202100029564";"148 946";"A01";"3";"7";"0";"2";"1";"1";"1";""
"202100029565";"148 943";"B01";"1";"7";"0";"2";"4";"1";"1";""
"202100029565";"148 944";"A01";"1";"32";"0";"2";"1";"2";"1";""
"202100029566";"148 941";"B01";"2";"0";"0";"2";"8";"15";"0";""
"202100029566";"148 942";"A01";"1";"7";"0";"9";"1";"1";"1";""
"202100029567";"148 939";"A01";"2";"7";"0";"2";"1";"15";"1";""
"202100029567";"148 940";"B01";"2";"7";"0";"2";"8";"1";"1";""
"202100029568";"148 938";"A01";"1";"10";"0";"1";"1";"1";"1";""
"202100029569";"148 937";"A01";"2";"7";"4";"2";"3";"0";"1";""
"202100029570";"148 935";"A01";"1";"33";"0";"2";"1";"1";"1";""
"202100029570";"148 936";"B01";"1";"37";"0";"2";"3";"15";"1";"1"
"202100029571";"148 933";"B01";"2";"7";"0";"2";"6";"1";"1";""
"202100029571";"148 934";"A01";"2";"33";"0";"2";"1";"1";"1";""
"202100029572";"148 932";"A01";"1";"7";"1";"0";"3";"13";"1";""
"202100029573";"148 930";"B01";"1";"7";"0";"2";"4";"23";"1";""
"202100029573";"148 931";"A01";"1";"7";"0";"2";"1";"2";"1";""