"Num_Acc";"id_vehicule";"num_veh";"senc";"catv";"obs";"obsm";"choc";"manv";"motor";"occutc"
"202100030205";"147 777";"A01";"3";"17";"0";"1";"8";"9";"1";""
"202100030206";"147 775";"A01";"1";"7";"0";"2";"1";"5";"1";""
"202100030206";"147 776";"B01";"2";"7";"0";"2";"1";"1";"1";""
"202100030207";"147 773";"B01";"1";"33";"0";"2";"8";"1";"1";""
"202100030207";"147 774";"A01";"1";"7";"0";"2";"2";"10";"1";""
"202100030208";"147 771";"Z01";"2";"7";"0";"2";"0";"15";"6";""
"202100030208";"147 772";"B01";"1";"32";"0";"2";"7";"26";"1";""
"202100030209";"147 769";"B01";"1";"33";"0";"2";"1";"1";"1";""
"202100030209";"147 770";"A01";"2";"7";"0";"2";"1";"1";"1";""
"202100030210";"147 767";"A01";"2";"7";"0";"2";"2";"16";"0";""
"202100030210";"147 768";"B01";"2";"7";"0";"2";"3";"1";"0";""
"202100030211";"147 765";"B01";"1";"1";"0";"2";"6";"2";"5";""
"202100030211";"147 766";"A01";"1";"7";"0";"2";"2";"16";"0";""
"202100030212";"147 763";"A01";"1";"30";"0";"2";"1";"18";"1";""
"202100030212";"147 764";"B01";"1";"2";"0";"2";"7";"1";"1";""
"202100030213";"147 761";"B01";"2";"7";"0";"2";"1";"1";"1";""
"202100030213";"147 762";"A01";"1";"7";"0";"2";"1";"13";"1";""
"202100030214";"147 759";"B01";"1";"7";"16";"0";"1";"1";"1";""
"202100030214";"147 760";"A01";"1";"7";"16";"0";"2";"19";"1";""
"202100030215";"147 757";"A01";"1";"31";"0";"2";"3";"3";"1";""
"202100030215";"147 758";"B01";"1";"7";"0";"2";"2";"12";"1";""
"202100030216";"147 755";"Z01";"1";"7";"0";"2";"8";"13";"1";""
"202100030216";"147 756";"A01";"1";"33";"0";"2";"7";"1";"3";""
"202100030217";"147 753";"A01";"1";"32";"0";"2";"2";"2";"1";""
"202100030217";"147 754";"B01";"1";"7";"0";"2";"6";"2";"1";""
"202100030218";"147 750";"C01";"1";"7";"0";"2";"4";"2";"2";""
"202100030218";"147 751";"B01";"1";"7";"0";"2";"4";"2";"1";""
"202100030218";"147 752";"A01";"1";"13";"0";"2";"2";"2";"1";""
"202100030219";"147 747";"A01";"1";"7";"0";"2";"1";"12";"1";""
"202100030219";"147 748";"B01";"1";"33";"0";"2";"4";"1";"1";""
"202100030219";"147 749";"C01";"3";"50";"0";"2";"8";"19";"3";""
"202100030220";"147 745";"A01";"3";"7";"0";"2";"2";"12";"1";""
"202100030220";"147 746";"B01";"3";"33";"0";"2";"8";"1";"1";""
"202100030221";"147 743";"B01";"3";"7";"0";"2";"3";"15";"1";""
"202100030221";"147 744";"A01";"3";"33";"4";"2";"2";"17";"1";""
"202100030222";"147 742";"Z01";"1";"30";"0";"1";"1";"1";"1";""
"202100030223";"147 741";"A01";"1";"31";"0";"2";"8";"1";"1";""
"202100030224";"147 739";"B01";"2";"10";"0";"2";"2";"15";"1";""
"202100030224";"147 740";"A01";"1";"30";"0";"2";"8";"1";"1";""
"202100030225";"147 737";"A01";"0";"7";"0";"2";"3";"1";"1";""
"202100030225";"147 738";"B01";"0";"10";"0";"2";"6";"15";"1";""
"202100030226";"147 735";"A01";"1";"7";"0";"2";"1";"2";"1";""
"202100030226";"147 736";"B01";"1";"7";"0";"2";"4";"23";"1";""
"202100030227";"147 733";"B01";"3";"32";"0";"2";"1";"1";"1";""
"202100030227";"147 734";"Z01";"3";"10";"0";"2";"2";"15";"0";""
"202100030228";"147 731";"B01";"3";"10";"0";"2";"3";"15";"1";""
"202100030228";"147 732";"A01";"3";"33";"0";"2";"2";"17";"1";""
"202100030229";"147 729";"A01";"1";"50";"0";"2";"3";"17";"3";""
"202100030229";"147 730";"B01";"2";"7";"0";"2";"3";"1";"1";""
"202100030230";"147 728";"A01";"2";"1";"0";"1";"1";"5";"5";""
"202100030231";"147 727";"A01";"1";"7";"0";"1";"3";"1";"2";""
"202100030232";"147 724";"B01";"1";"50";"0";"2";"8";"25";"3";""
"202100030232";"147 725";"A01";"1";"10";"0";"2";"2";"22";"1";""
"202100030232";"147 726";"C01";"1";"10";"0";"2";"0";"24";"1";""
"202100030233";"147 722";"B01";"2";"7";"0";"2";"7";"9";"1";""
"202100030233";"147 723";"A01";"2";"1";"0";"2";"1";"1";"5";""
"202100030234";"147 720";"B01";"1";"1";"0";"2";"1";"13";"5";""
"202100030234";"147 721";"A01";"2";"10";"0";"2";"5";"22";"1";""
"202100030235";"147 718";"A01";"2";"7";"0";"2";"2";"2";"1";""
"202100030235";"147 719";"B01";"2";"1";"0";"2";"4";"23";"5";""
"202100030236";"147 716";"B01";"1";"7";"0";"2";"3";"15";"1";""
"202100030236";"147 717";"A01";"1";"50";"0";"2";"7";"5";"3";""
"202100030237";"147 714";"B01";"1";"30";"0";"2";"0";"17";"1";""
"202100030237";"147 715";"A01";"1";"7";"0";"2";"0";"10";"1";""
"202100030238";"147 712";"A01";"1";"32";"0";"2";"1";"2";"1";""
"202100030238";"147 713";"B01";"1";"7";"0";"2";"4";"23";"1";""
"202100030239";"147 711";"A01";"2";"1";"0";"0";"7";"7";"5";""
"202100030240";"147 709";"B01";"2";"1";"0";"2";"2";"7";"5";""
"202100030240";"147 710";"A01";"2";"10";"0";"2";"3";"22";"1";""
"202100030241";"147 708";"A01";"1";"7";"0";"1";"7";"1";"1";""
"202100030242";"147 707";"A01";"1";"33";"0";"1";"1";"1";"3";""
"202100030243";"147 706";"A01";"2";"17";"0";"1";"1";"1";"1";""
"202100030244";"147 704";"A01";"2";"7";"0";"2";"6";"15";"1";""
"202100030244";"147 705";"B01";"2";"2";"0";"2";"1";"17";"1";""
"202100030245";"147 702";"B01";"3";"7";"0";"2";"3";"15";"1";""
"202100030245";"147 703";"A01";"3";"30";"0";"2";"2";"17";"3";""
"202100030246";"147 701";"A01";"1";"7";"0";"1";"0";"1";"1";""
"202100030247";"147 699";"A01";"0";"7";"0";"2";"3";"15";"1";""
"202100030247";"147 700";"B01";"1";"33";"0";"2";"1";"1";"1";""
"202100030248";"147 697";"B01";"3";"7";"15";"2";"1";"19";"1";""
"202100030248";"147 698";"A01";"1";"7";"0";"2";"8";"1";"1";""
"202100030249";"147 696";"A01";"1";"7";"0";"1";"1";"15";"1";""
"202100030250";"147 694";"B01";"1";"32";"0";"2";"3";"1";"1";""
"202100030250";"147 695";"A01";"2";"7";"0";"2";"3";"15";"1";""
"202100030251";"147 692";"A01";"1";"30";"0";"2";"1";"2";"1";""
"202100030251";"147 693";"B01";"1";"1";"0";"2";"4";"1";"5";""
"202100030252";"147 690";"B01";"1";"13";"0";"2";"3";"11";"1";""
"202100030252";"147 691";"A01";"1";"30";"0";"2";"1";"1";"1";""
"202100030253";"147 688";"A01";"1";"43";"0";"2";"8";"1";"1";""
"202100030253";"147 689";"Z01";"1";"7";"0";"2";"3";"1";"0";""
"202100030254";"147 686";"B01";"1";"43";"0";"2";"3";"2";"1";""
"202100030254";"147 687";"A01";"1";"7";"0";"2";"2";"16";"1";""
"202100030255";"147 684";"B01";"2";"7";"0";"2";"6";"1";"2";""
"202100030255";"147 685";"A01";"1";"30";"0";"2";"1";"1";"1";""
"202100030256";"147 683";"A01";"1";"7";"0";"1";"2";"1";"2";""
"202100030257";"147 681";"A01";"0";"10";"0";"2";"1";"2";"0";""
"202100030257";"147 682";"B01";"0";"7";"0";"2";"4";"23";"1";""
"202100030258";"147 679";"A01";"2";"7";"4";"0";"1";"1";"1";""
"202100030259";"147 677";"A01";"2";"7";"0";"9";"3";"13";"1";""
"202100030259";"147 678";"B01";"1";"1";"0";"2";"1";"1";"5";""
"202100030260";"147 675";"A01";"2";"7";"0";"2";"5";"13";"1";""
"202100030260";"147 676";"B01";"1";"7";"0";"2";"1";"1";"1";""
"202100030261";"147 673";"B01";"2";"7";"0";"2";"1";"1";"1";""
"202100030261";"147 674";"A01";"1";"7";"0";"2";"1";"5";"1";""
"202100030262";"147 672";"A01";"1";"10";"2";"0";"3";"1";"1";""
"202100030263";"147 668";"D01";"0";"7";"0";"2";"1";"2";"1";""
"202100030263";"147 669";"C01";"0";"7";"0";"2";"2";"2";"1";""
"202100030263";"147 670";"B01";"0";"7";"0";"2";"6";"2";"1";""
"202100030263";"147 671";"A01";"0";"7";"0";"0";"5";"1";"0";""
"202100030264";"147 666";"B01";"1";"17";"0";"0";"6";"24";"1";""
"202100030264";"147 667";"A01";"1";"7";"1";"0";"2";"1";"1";""
"202100030265";"147 665";"A01";"2";"7";"2";"0";"1";"1";"1";""
"202100030266";"147 664";"A01";"1";"33";"0";"2";"1";"1";"1";""
"202100030267";"147 662";"B01";"1";"15";"0";"2";"1";"1";"1";""
"202100030267";"147 663";"A01";"2";"7";"0";"2";"1";"13";"1";""
"202100030268";"147 661";"A01";"1";"7";"0";"1";"2";"2";"1";""
"202100030269";"147 658";"C01";"1";"7";"4";"2";"1";"1";"1";""
"202100030269";"147 659";"B01";"2";"7";"0";"2";"3";"1";"1";""
"202100030269";"147 660";"A01";"2";"7";"0";"2";"7";"1";"1";""
"202100030270";"147 656";"B01";"1";"33";"0";"2";"3";"1";"1";""
"202100030270";"147 657";"A01";"0";"0";"0";"2";"0";"0";"0";""
"202100030271";"147 654";"A01";"1";"7";"0";"2";"6";"11";"1";""
"202100030271";"147 655";"B01";"1";"33";"13";"2";"7";"17";"1";""
"202100030272";"147 652";"A01";"2";"7";"0";"2";"3";"13";"1";""
"202100030272";"147 653";"B01";"1";"33";"3";"2";"8";"1";"1";""
"202100030273";"147 651";"A01";"2";"33";"15";"0";"0";"2";"1";""
"202100030274";"147 649";"A01";"1";"7";"0";"0";"3";"1";"1";""
"202100030274";"147 650";"B01";"2";"7";"2";"2";"2";"1";"1";""
"202100030275";"147 648";"A01";"3";"7";"1";"1";"7";"1";"1";""
"202100030276";"147 646";"B01";"2";"7";"0";"2";"1";"1";"2";""
"202100030276";"147 647";"A01";"1";"7";"0";"2";"8";"13";"1";""
"202100030277";"147 645";"A01";"1";"7";"0";"0";"9";"1";"1";""
"202100030278";"147 644";"A01";"1";"7";"13";"0";"2";"1";"1";""
"202100030279";"147 642";"B01";"1";"10";"0";"2";"3";"26";"1";""
"202100030279";"147 643";"A01";"2";"7";"0";"2";"3";"26";"1";""
"202100030280";"147 640";"A01";"2";"7";"0";"2";"1";"2";"1";""
"202100030280";"147 641";"B01";"2";"13";"0";"0";"4";"2";"0";""
"202100030281";"147 638";"B01";"1";"33";"0";"2";"1";"1";"1";""
"202100030281";"147 639";"A01";"1";"7";"0";"2";"5";"15";"1";""
"202100030282";"147 637";"A01";"1";"7";"2";"0";"8";"2";"0";""
"202100030283";"147 636";"A01";"1";"7";"0";"1";"2";"1";"3";""
"202100030284";"147 635";"A01";"0";"33";"13";"0";"7";"1";"1";""
"202100030285";"147 634";"A01";"2";"80";"12";"0";"0";"0";"3";""
"202100030286";"147 632";"B01";"2";"33";"0";"2";"3";"1";"1";""
"202100030286";"147 633";"A01";"1";"7";"0";"2";"1";"15";"1";""
"202100030287";"147 630";"B01";"2";"7";"0";"2";"1";"21";"1";""
"202100030287";"147 631";"A01";"1";"7";"0";"2";"1";"5";"1";""
"202100030288";"147 628";"A01";"1";"7";"3";"2";"8";"13";"1";""
"202100030288";"147 629";"B01";"2";"7";"3";"2";"8";"2";"1";""
"202100030289";"147 626";"B01";"1";"7";"0";"2";"3";"1";"1";""
"202100030289";"147 627";"A01";"2";"10";"0";"2";"1";"13";"1";""
"202100030290";"147 625";"A01";"2";"7";"0";"0";"7";"1";"1";""
"202100030291";"147 623";"B01";"1";"10";"0";"2";"1";"2";"1";""
"202100030291";"147 624";"A01";"1";"7";"0";"0";"4";"2";"1";""
"202100030292";"147 621";"B01";"3";"10";"0";"2";"3";"1";"1";""
"202100030292";"147 622";"A01";"3";"2";"0";"2";"1";"1";"1";""
"202100030293";"147 619";"A01";"1";"7";"0";"2";"2";"2";"1";""
"202100030293";"147 620";"B01";"1";"17";"0";"0";"6";"2";"1";""
"202100030294";"147 618";"A01";"2";"7";"0";"0";"9";"1";"1";""
"202100030295";"147 614";"B01";"3";"15";"0";"0";"3";"1";"1";""
"202100030295";"147 615";"A01";"3";"10";"0";"2";"3";"13";"1";""
"202100030296";"147 613";"A01";"2";"7";"13";"0";"1";"2";"1";""
"202100030297";"147 611";"A01";"1";"7";"0";"2";"1";"1";"1";""
"202100030297";"147 612";"B01";"2";"7";"0";"2";"1";"13";"1";""
"202100030298";"147 609";"A01";"1";"7";"0";"2";"1";"26";"1";""
"202100030298";"147 610";"B01";"2";"10";"0";"2";"1";"1";"1";""
"202100030299";"147 607";"B01";"2";"14";"0";"2";"3";"1";"1";""
"202100030299";"147 608";"A01";"1";"10";"0";"2";"1";"13";"1";""
"202100030300";"147 605";"B01";"1";"1";"0";"2";"1";"19";"5";""
"202100030300";"147 606";"A01";"1";"10";"0";"2";"2";"1";"1";""
"202100030301";"147 603";"B01";"1";"7";"0";"0";"3";"15";"1";""
"202100030301";"147 604";"A01";"1";"7";"6";"2";"2";"17";"1";""
"202100030302";"147 601";"B01";"2";"32";"0";"2";"5";"1";"1";""
"202100030302";"147 602";"A01";"2";"7";"0";"2";"1";"9";"1";""
"202100030303";"147 599";"A01";"2";"7";"0";"2";"3";"11";"1";""
"202100030303";"147 600";"B01";"1";"7";"0";"0";"8";"1";"1";""
"202100030304";"147 597";"A01";"2";"7";"0";"2";"2";"17";"1";""
"202100030304";"147 598";"B01";"2";"1";"0";"2";"4";"1";"5";""
"202100030305";"147 596";"A01";"1";"7";"6";"1";"2";"1";"1";""
"202100030306";"147 594";"B01";"2";"7";"0";"2";"3";"19";"1";""
"202100030306";"147 595";"A01";"2";"2";"0";"0";"2";"2";"1";""
"202100030307";"147 592";"B01";"1";"7";"0";"2";"3";"1";"1";""
"202100030307";"147 593";"A01";"2";"7";"0";"2";"2";"10";"1";""
"202100030308";"147 590";"A01";"2";"14";"0";"1";"1";"13";"1";""
"202100030308";"147 591";"B01";"1";"7";"0";"2";"3";"14";"1";""
"202100030309";"147 586";"D01";"1";"7";"0";"2";"4";"23";"1";""
"202100030309";"147 587";"A01";"1";"7";"14";"2";"1";"21";"1";""
"202100030309";"147 588";"B01";"1";"7";"0";"2";"4";"2";"1";""
"202100030309";"147 589";"C01";"1";"7";"0";"2";"4";"23";"0";""
"202100030310";"147 584";"B01";"2";"33";"0";"2";"3";"3";"1";""
"202100030310";"147 585";"A01";"2";"7";"0";"2";"2";"12";"1";""
"202100030311";"147 582";"B01";"2";"7";"0";"0";"0";"11";"1";""
"202100030311";"147 583";"A01";"2";"43";"0";"0";"0";"3";"1";""
"202100030312";"147 581";"A01";"1";"7";"4";"0";"3";"1";"0";""
"202100030313";"147 579";"A01";"2";"7";"0";"2";"1";"21";"1";""
"202100030313";"147 580";"B01";"2";"10";"0";"2";"4";"1";"1";""
"202100030314";"147 577";"B01";"2";"33";"1";"0";"1";"2";"1";""
"202100030314";"147 578";"A01";"2";"7";"0";"2";"6";"23";"1";""
"202100030315";"147 574";"C01";"1";"7";"0";"2";"6";"1";"1";""
"202100030315";"147 575";"B01";"1";"33";"0";"2";"2";"3";"1";""
"202100030315";"147 576";"A01";"1";"10";"0";"2";"8";"1";"1";""
"202100030316";"147 572";"B01";"2";"31";"0";"2";"0";"0";"1";""
"202100030316";"147 573";"A01";"2";"7";"0";"2";"3";"11";"0";""
"202100030317";"147 571";"A01";"2";"50";"0";"1";"2";"1";"3";""
"202100030318";"147 570";"A01";"2";"7";"0";"1";"7";"0";"1";""
"202100030319";"147 568";"A01";"1";"30";"0";"2";"2";"17";"1";""
"202100030319";"147 569";"B01";"1";"7";"0";"2";"3";"15";"1";""
"202100030320";"147 567";"A01";"0";"2";"6";"0";"1";"1";"1";""
"202100030321";"147 565";"A01";"1";"7";"0";"2";"2";"1";"1";""
"202100030321";"147 566";"B01";"1";"33";"0";"2";"1";"1";"1";""
"202100030322";"147 563";"B01";"1";"1";"0";"2";"4";"2";"0";""
"202100030322";"147 564";"A01";"3";"7";"0";"2";"3";"1";"1";""
"202100030323";"147 562";"A01";"3";"7";"0";"1";"7";"16";"2";""
"202100030324";"147 559";"C01";"1";"7";"0";"2";"4";"1";"1";""
"202100030324";"147 560";"B01";"1";"7";"0";"2";"4";"1";"1";""
"202100030324";"147 561";"A01";"1";"7";"1";"2";"1";"1";"1";""
"202100030325";"147 557";"A01";"1";"7";"0";"2";"7";"15";"1";""
"202100030325";"147 558";"B01";"3";"50";"0";"2";"1";"19";"3";""
"202100030326";"147 555";"A01";"1";"7";"0";"2";"1";"1";"1";""
"202100030326";"147 556";"B01";"1";"50";"0";"2";"7";"1";"3";""
"202100030327";"147 553";"A01";"2";"32";"0";"2";"8";"18";"1";""
"202100030327";"147 554";"B01";"2";"7";"0";"2";"3";"2";"1";""
"202100030328";"147 551";"B01";"0";"31";"0";"2";"1";"15";"1";""
"202100030328";"147 552";"A01";"0";"7";"0";"2";"2";"21";"1";""
"202100030329";"147 550";"A01";"0";"10";"0";"1";"1";"11";"1";""
"202100030330";"147 548";"B01";"2";"7";"0";"2";"1";"2";"1";""
"202100030330";"147 549";"A01";"2";"7";"0";"2";"4";"1";"1";""
"202100030331";"147 546";"B01";"2";"7";"14";"0";"5";"20";"1";""
"202100030331";"147 547";"A01";"2";"7";"0";"2";"2";"1";"1";""
"202100030332";"147 543";"A01";"1";"7";"0";"2";"1";"1";"1";""
"202100030332";"147 544";"C01";"2";"7";"0";"2";"3";"1";"1";""
"202100030332";"147 545";"B01";"3";"7";"0";"2";"3";"19";"1";""
"202100030333";"147 542";"A01";"2";"10";"0";"0";"1";"26";"1";""
"202100030334";"147 541";"A01";"1";"7";"0";"1";"1";"1";"1";""
"202100030335";"147 540";"A01";"3";"33";"1";"0";"1";"1";"1";""
"202100030336";"147 538";"A01";"1";"7";"0";"9";"0";"26";"1";""
"202100030336";"147 539";"Y01";"1";"1";"0";"2";"0";"26";"6";""
"202100030337";"147 536";"B01";"2";"7";"0";"2";"8";"1";"1";""
"202100030337";"147 537";"A01";"2";"7";"0";"2";"1";"15";"1";""
"202100030338";"147 534";"A01";"2";"7";"0";"0";"0";"23";"1";""
"202100030338";"147 535";"B01";"1";"31";"8";"0";"0";"21";"1";""
"202100030339";"147 532";"A01";"1";"7";"0";"2";"5";"17";"1";""
"202100030339";"147 533";"B01";"1";"35";"0";"2";"3";"15";"1";""
"202100030340";"147 530";"B01";"1";"7";"0";"2";"3";"1";"1";""
"202100030340";"147 531";"A01";"2";"7";"0";"2";"5";"1";"1";""
"202100030341";"147 528";"B01";"1";"7";"0";"2";"1";"1";"1";""
"202100030341";"147 529";"A01";"2";"99";"0";"2";"7";"1";"1";""
"202100030342";"147 524";"D01";"3";"7";"0";"2";"1";"0";"1";""
"202100030342";"147 525";"C01";"3";"7";"0";"2";"1";"26";"1";""
"202100030342";"147 526";"B01";"2";"7";"0";"2";"3";"1";"1";""
"202100030342";"147 527";"A01";"1";"7";"0";"2";"2";"15";"0";""
"202100030343";"147 523";"A01";"1";"33";"15";"0";"0";"0";"1";""
"202100030344";"147 521";"B01";"3";"7";"0";"2";"4";"23";"1";""
"202100030344";"147 522";"A01";"3";"7";"0";"2";"1";"1";"1";""
"202100030345";"147 519";"B01";"1";"10";"0";"9";"1";"21";"6";""
"202100030345";"147 520";"A01";"2";"1";"0";"2";"1";"1";"0";""
"202100030346";"147 516";"A01";"1";"7";"0";"2";"1";"2";"0";""
"202100030346";"147 517";"C01";"1";"7";"0";"2";"4";"2";"1";""
"202100030346";"147 518";"B01";"1";"7";"0";"2";"9";"2";"1";""
"202100030347";"147 514";"B01";"1";"7";"0";"2";"1";"1";"1";""
"202100030347";"147 515";"A01";"2";"33";"0";"2";"1";"21";"1";""
"202100030348";"147 511";"A01";"2";"7";"4";"0";"1";"1";"1";""
"202100030349";"147 510";"A01";"3";"40";"0";"1";"1";"1";"3";""
"202100030350";"147 508";"B01";"2";"2";"0";"2";"1";"19";"1";""
"202100030350";"147 509";"A01";"2";"7";"14";"2";"3";"19";"1";""
"202100030351";"147 507";"A01";"1";"7";"16";"0";"1";"1";"1";""
"202100030352";"147 506";"A01";"1";"33";"10";"0";"7";"9";"1";""
"202100030353";"147 505";"A01";"1";"7";"0";"1";"2";"9";"1";""
"202100030354";"147 504";"A01";"1";"7";"12";"0";"9";"16";"1";""
"202100030355";"147 502";"B01";"2";"2";"0";"2";"1";"2";"1";""
"202100030355";"147 503";"A01";"1";"7";"0";"2";"2";"15";"1";""
"202100030356";"147 500";"A01";"3";"7";"0";"2";"3";"10";"1";""
"202100030356";"147 501";"B01";"3";"33";"0";"2";"1";"2";"1";""
"202100030357";"147 499";"A01";"1";"7";"1";"1";"2";"14";"2";""
"202100030358";"147 497";"A01";"1";"10";"0";"2";"7";"9";"1";""
"202100030358";"147 498";"B01";"1";"10";"0";"2";"1";"1";"1";""
"202100030359";"147 495";"B01";"1";"7";"0";"2";"1";"0";"1";""
"202100030359";"147 496";"A01";"1";"7";"0";"0";"8";"26";"1";""
"202100030360";"147 494";"A01";"1";"3";"0";"1";"1";"1";"1";""
"202100030361";"147 492";"B01";"3";"80";"0";"2";"7";"1";"3";""
"202100030361";"147 493";"A01";"3";"7";"0";"2";"3";"9";"1";""
"202100030362";"147 491";"A01";"2";"7";"8";"0";"8";"13";"1";""
"202100030363";"147 489";"A01";"1";"7";"0";"2";"0";"17";"1";""
"202100030363";"147 490";"B01";"1";"30";"0";"2";"8";"0";"1";""
"202100030364";"147 488";"A01";"3";"7";"0";"1";"1";"1";"1";""
"202100030365";"147 486";"B01";"1";"37";"14";"0";"3";"1";"1";"2"
"202100030365";"147 487";"A01";"0";"7";"0";"2";"2";"15";"1";""
"202100030366";"147 484";"B01";"1";"7";"0";"2";"3";"15";"1";""
"202100030366";"147 485";"A01";"2";"7";"0";"2";"3";"1";"1";""
"202100030367";"147 482";"B01";"1";"7";"0";"2";"3";"1";"1";""
"202100030367";"147 483";"A01";"2";"7";"0";"2";"2";"1";"2";""
"202100030368";"147 480";"B01";"0";"1";"0";"0";"0";"1";"5";""
"202100030368";"147 481";"A01";"0";"7";"0";"2";"7";"14";"1";""
"202100030369";"147 478";"B01";"3";"7";"0";"2";"1";"1";"1";""
"202100030369";"147 479";"A01";"3";"7";"0";"2";"7";"1";"1";""
"202100030370";"147 477";"A01";"2";"7";"0";"1";"2";"1";"1";""
"202100030371";"147 476";"A01";"1";"80";"0";"0";"8";"16";"3";""
"202100030372";"147 475";"A01";"1";"7";"4";"0";"9";"1";"1";""
"202100030373";"147 474";"A01";"1";"10";"0";"1";"3";"15";"2";""
"202100030374";"147 472";"B01";"3";"7";"0";"2";"3";"15";"3";""
"202100030374";"147 473";"A01";"3";"30";"0";"2";"7";"13";"1";""
"202100030375";"147 470";"A01";"1";"7";"0";"2";"2";"19";"1";""
"202100030375";"147 471";"B01";"1";"30";"0";"2";"7";"1";"0";""
"202100030376";"147 468";"A01";"1";"7";"0";"2";"7";"19";"1";""
"202100030376";"147 469";"B01";"1";"37";"0";"0";"1";"1";"1";"1"
"202100030377";"147 465";"B01";"0";"7";"0";"2";"8";"1";"1";""
"202100030377";"147 466";"A01";"0";"32";"0";"2";"7";"9";"1";""
"202100030378";"147 463";"A01";"2";"7";"0";"2";"3";"15";"1";""
"202100030378";"147 464";"B01";"1";"80";"0";"2";"1";"1";"3";""
"202100030379";"147 462";"A01";"1";"7";"12";"0";"1";"1";"1";""
"202100030380";"147 459";"B01";"2";"7";"0";"2";"8";"1";"1";""
"202100030380";"147 460";"A01";"2";"7";"0";"2";"7";"12";"1";""
"202100030380";"147 461";"C01";"2";"10";"0";"2";"3";"1";"1";""
"202100030381";"147 457";"B01";"1";"7";"0";"2";"3";"1";"1";""
"202100030381";"147 458";"A01";"1";"7";"14";"2";"0";"2";"1";""
"202100030382";"147 456";"A01";"1";"7";"2";"0";"0";"0";"1";""
"202100030383";"147 455";"A01";"1";"7";"0";"1";"4";"26";"0";""
"202100030384";"147 454";"A01";"3";"7";"0";"1";"1";"1";"1";""
"202100030385";"147 453";"A01";"3";"7";"14";"0";"7";"1";"1";""
"202100030386";"147 451";"B01";"3";"1";"0";"2";"7";"1";"5";""
"202100030386";"147 452";"A01";"3";"7";"0";"2";"1";"1";"1";""
"202100030387";"147 450";"A01";"3";"7";"0";"0";"0";"1";"1";""
"202100030388";"147 448";"B01";"1";"10";"0";"2";"4";"2";"0";""
"202100030388";"147 449";"A01";"1";"50";"0";"2";"4";"1";"3";""
"202100030389";"147 446";"B01";"1";"7";"0";"2";"4";"1";"1";""
"202100030389";"147 447";"A01";"1";"7";"0";"2";"1";"2";"1";""
"202100030390";"147 444";"B01";"1";"7";"0";"2";"4";"2";"1";""
"202100030390";"147 445";"A01";"1";"7";"0";"2";"4";"2";"1";""
"202100030391";"147 443";"A01";"2";"7";"0";"1";"1";"9";"1";""
"202100030392";"147 441";"A01";"2";"33";"0";"2";"1";"1";"1";""
"202100030392";"147 442";"B01";"3";"30";"0";"0";"0";"0";"1";""
"202100030393";"147 439";"Z01";"1";"33";"0";"2";"1";"19";"0";""
"202100030393";"147 440";"A01";"2";"32";"0";"2";"7";"26";"1";""
"202100030394";"147 437";"A01";"3";"7";"0";"9";"1";"1";"0";""
"202100030394";"147 438";"B01";"3";"60";"0";"2";"7";"19";"5";""
"202100030395";"147 436";"A01";"1";"1";"0";"0";"8";"1";"5";""
"202100030396";"147 434";"B01";"1";"7";"0";"2";"3";"0";"1";""
"202100030396";"147 435";"A01";"2";"7";"0";"2";"3";"13";"1";""
"202100030397";"147 432";"B01";"3";"7";"0";"2";"1";"1";"1";""
"202100030397";"147 433";"A01";"3";"30";"0";"2";"7";"1";"1";""
"202100030398";"147 431";"A01";"1";"31";"15";"0";"1";"0";"0";""
"202100030399";"147 428";"A01";"1";"30";"0";"2";"1";"1";"1";""
"202100030399";"147 429";"B01";"1";"7";"0";"2";"6";"1";"1";""
"202100030399";"147 430";"C01";"1";"7";"0";"2";"2";"1";"1";""
"202100030400";"147 425";"C01";"0";"7";"0";"2";"4";"23";"1";""
"202100030400";"147 426";"B01";"0";"7";"0";"2";"4";"23";"1";""
"202100030400";"147 427";"A01";"3";"7";"0";"2";"1";"1";"0";""
"202100030401";"147 424";"A01";"1";"7";"0";"1";"1";"15";"1";""
"202100030402";"147 423";"A01";"1";"7";"0";"1";"1";"9";"1";""
"202100030403";"147 421";"A01";"3";"10";"0";"2";"3";"15";"1";""
"202100030403";"147 422";"B01";"3";"2";"0";"2";"2";"13";"1";""
"202100030404";"147 420";"A01";"1";"7";"13";"0";"2";"1";"1";""
"202100030405";"147 418";"B01";"2";"7";"0";"2";"3";"15";"2";""
"202100030405";"147 419";"A01";"2";"7";"0";"2";"1";"5";"1";""
"202100030406";"147 416";"A01";"2";"1";"0";"2";"4";"15";"5";""
"202100030406";"147 417";"Z01";"2";"7";"0";"2";"1";"1";"0";""
"202100030407";"147 415";"Z01";"1";"7";"0";"1";"1";"1";"0";""
"202100030408";"147 413";"A01";"3";"34";"0";"2";"1";"9";"1";""
"202100030408";"147 414";"B01";"1";"7";"0";"2";"3";"1";"1";""
"202100030409";"147 411";"A01";"1";"15";"0";"2";"3";"15";"1";""
"202100030409";"147 412";"B01";"1";"33";"0";"2";"7";"17";"1";""
"202100030410";"147 410";"Z01";"1";"10";"0";"1";"3";"1";"1";""
"202100030411";"147 409";"A01";"2";"1";"12";"0";"0";"12";"5";""
"202100030412";"147 407";"A01";"1";"1";"0";"2";"8";"1";"5";""
"202100030412";"147 408";"Z01";"1";"14";"0";"2";"2";"14";"1";""
"202100030413";"147 405";"A01";"1";"7";"0";"2";"5";"15";"1";""