"Num_Acc";"id_vehicule";"num_veh";"senc";"catv";"obs";"obsm";"choc";"manv";"motor";"occutc"
"202100030413";"147 406";"B01";"2";"1";"0";"2";"5";"1";"5";""
"202100030414";"147 403";"B01";"2";"7";"0";"2";"8";"16";"1";""
"202100030414";"147 404";"A01";"2";"14";"0";"2";"7";"16";"1";""
"202100030415";"147 401";"B01";"1";"10";"0";"0";"0";"15";"1";""
"202100030415";"147 402";"A01";"2";"1";"0";"2";"0";"1";"5";""
"202100030416";"147 400";"A01";"1";"32";"0";"0";"9";"16";"1";""
"202100030417";"147 398";"B01";"1";"7";"0";"2";"4";"2";"1";""
"202100030417";"147 399";"A01";"1";"50";"0";"2";"1";"2";"3";""
"202100030418";"147 397";"A01";"1";"50";"0";"1";"1";"1";"3";""
"202100030419";"147 396";"Z01";"1";"30";"0";"1";"1";"1";"1";""
"202100030420";"147 395";"A01";"2";"30";"12";"0";"7";"14";"1";""
"202100030421";"147 393";"A01";"1";"32";"0";"2";"3";"16";"1";""
"202100030421";"147 394";"Z01";"1";"34";"0";"2";"2";"1";"1";""
"202100030422";"147 391";"A01";"2";"80";"0";"2";"7";"15";"3";""
"202100030422";"147 392";"B01";"1";"43";"0";"2";"1";"7";"1";""
"202100030423";"147 389";"A01";"3";"7";"0";"2";"2";"1";"1";""
"202100030423";"147 390";"B01";"3";"7";"0";"2";"3";"1";"3";""
"202100030424";"147 388";"A01";"3";"50";"0";"1";"1";"1";"3";""
"202100030425";"147 386";"B01";"2";"7";"0";"2";"3";"15";"1";""
"202100030425";"147 387";"A01";"1";"7";"9";"2";"1";"1";"1";""
"202100030426";"147 385";"A01";"0";"30";"0";"9";"7";"19";"1";""
"202100030427";"147 383";"A01";"1";"30";"0";"2";"1";"1";"1";""
"202100030427";"147 384";"B01";"2";"7";"0";"2";"5";"0";"1";""
"202100030428";"147 382";"A01";"1";"1";"0";"0";"1";"1";"5";""
"202100030429";"147 381";"A01";"2";"37";"1";"0";"0";"21";"1";"4"
"202100030430";"147 379";"A01";"2";"7";"0";"2";"1";"9";"1";""
"202100030430";"147 380";"B01";"1";"60";"0";"2";"8";"26";"5";""
"202100030431";"147 377";"A01";"2";"10";"0";"2";"2";"16";"0";""
"202100030431";"147 378";"B01";"1";"37";"0";"2";"3";"1";"1";"3"
"202100030432";"147 375";"B01";"2";"7";"0";"2";"3";"23";"1";""
"202100030432";"147 376";"A01";"1";"33";"0";"2";"3";"1";"1";""
"202100030433";"147 373";"A01";"2";"7";"0";"9";"2";"20";"1";""
"202100030433";"147 374";"B01";"2";"30";"1";"2";"2";"1";"1";""
"202100030434";"147 372";"A01";"2";"50";"0";"1";"8";"1";"3";""
"202100030435";"147 370";"B01";"3";"34";"1";"0";"8";"0";"1";""
"202100030435";"147 371";"A01";"3";"7";"1";"2";"1";"0";"1";""
"202100030436";"147 368";"B01";"1";"7";"0";"2";"1";"1";"2";""
"202100030436";"147 369";"A01";"1";"7";"0";"2";"6";"20";"1";""
"202100030437";"147 366";"B01";"2";"7";"0";"2";"1";"2";"1";""
"202100030437";"147 367";"A01";"2";"7";"0";"2";"4";"2";"1";""
"202100030438";"147 364";"A01";"1";"20";"0";"2";"1";"9";"1";""
"202100030438";"147 365";"B01";"1";"1";"0";"2";"1";"9";"6";""
"202100030439";"147 363";"A01";"2";"32";"0";"1";"1";"9";"0";""
"202100030440";"147 362";"Z01";"2";"7";"0";"1";"1";"1";"1";""
"202100030441";"147 360";"B01";"0";"7";"0";"2";"3";"1";"1";""
"202100030441";"147 361";"A01";"0";"7";"0";"2";"3";"1";"1";""
"202100030442";"147 359";"A01";"3";"7";"0";"1";"5";"1";"1";""
"202100030443";"147 357";"B01";"1";"32";"0";"2";"1";"1";"1";""
"202100030443";"147 358";"A01";"2";"7";"0";"2";"2";"15";"1";""
"202100030444";"147 355";"A01";"0";"33";"0";"2";"5";"12";"1";""
"202100030444";"147 356";"B01";"0";"10";"0";"2";"5";"23";"1";""
"202100030445";"147 353";"B01";"0";"60";"0";"2";"7";"13";"5";""
"202100030445";"147 354";"A01";"0";"7";"0";"2";"2";"23";"1";""
"202100030446";"147 352";"A01";"1";"7";"0";"1";"0";"1";"1";""
"202100030447";"147 350";"B01";"2";"7";"0";"2";"3";"15";"1";""
"202100030447";"147 351";"A01";"2";"32";"0";"2";"1";"17";"1";""
"202100030448";"147 348";"B01";"1";"31";"0";"2";"2";"3";"1";""
"202100030448";"147 349";"A01";"2";"7";"0";"2";"1";"15";"1";""
"202100030449";"147 347";"A01";"1";"7";"13";"0";"1";"1";"1";""
"202100030450";"147 346";"A01";"1";"7";"14";"0";"0";"1";"1";""
"202100030451";"147 345";"A01";"1";"2";"1";"0";"1";"14";"1";""
"202100030452";"147 342";"C01";"2";"10";"0";"2";"1";"1";"1";""
"202100030452";"147 343";"B01";"2";"7";"0";"2";"1";"1";"1";""
"202100030452";"147 344";"A01";"1";"7";"0";"2";"2";"17";"1";""
"202100030453";"147 340";"A01";"1";"7";"0";"2";"1";"5";"1";""
"202100030453";"147 341";"B01";"2";"7";"0";"2";"1";"1";"1";""
"202100030454";"147 339";"A01";"1";"7";"1";"0";"2";"1";"1";""
"202100030455";"147 336";"A01";"1";"7";"0";"2";"3";"2";"1";""
"202100030455";"147 337";"B01";"1";"7";"0";"2";"4";"15";"1";""
"202100030455";"147 338";"C01";"2";"7";"0";"2";"1";"1";"1";""
"202100030456";"147 334";"B01";"2";"7";"0";"2";"1";"1";"1";""
"202100030456";"147 335";"A01";"1";"7";"0";"2";"7";"15";"1";""
"202100030457";"147 331";"C01";"0";"7";"0";"2";"1";"23";"1";""
"202100030457";"147 332";"A01";"0";"7";"0";"2";"2";"19";"1";""
"202100030457";"147 333";"B01";"1";"7";"0";"2";"1";"1";"1";""
"202100030458";"147 329";"A01";"1";"7";"0";"2";"3";"2";"1";""
"202100030458";"147 330";"B01";"2";"2";"0";"2";"1";"5";"1";""
"202100030459";"147 327";"A01";"2";"7";"0";"2";"1";"13";"1";""
"202100030459";"147 328";"B01";"1";"7";"0";"2";"1";"1";"1";""
"202100030460";"147 325";"A01";"2";"1";"0";"9";"0";"0";"5";""
"202100030460";"147 326";"B01";"2";"1";"0";"9";"0";"0";"5";""
"202100030461";"147 323";"B01";"2";"33";"0";"2";"1";"1";"1";""
"202100030461";"147 324";"A01";"1";"21";"0";"2";"3";"15";"1";""
"202100030462";"147 321";"A01";"1";"7";"12";"0";"3";"2";"1";""
"202100030462";"147 322";"B01";"2";"7";"12";"0";"3";"2";"1";""
"202100030463";"147 319";"A01";"1";"7";"0";"2";"3";"9";"1";""
"202100030463";"147 320";"B01";"1";"30";"0";"2";"1";"1";"1";""
"202100030464";"147 317";"B01";"0";"50";"0";"2";"1";"1";"3";""
"202100030464";"147 318";"A01";"3";"7";"0";"9";"7";"1";"1";""
"202100030465";"147 315";"B01";"3";"7";"0";"0";"1";"1";"1";""
"202100030465";"147 316";"A01";"3";"7";"0";"2";"1";"1";"1";""
"202100030466";"147 313";"A01";"2";"31";"0";"2";"3";"13";"1";""
"202100030466";"147 314";"B01";"1";"10";"0";"2";"3";"1";"1";""
"202100030467";"147 310";"C01";"0";"7";"0";"2";"8";"19";"1";""
"202100030467";"147 311";"B01";"1";"7";"0";"2";"1";"23";"1";""
"202100030467";"147 312";"A01";"2";"7";"0";"2";"1";"1";"1";""
"202100030468";"147 308";"A01";"1";"7";"0";"9";"1";"2";"1";""
"202100030468";"147 309";"B01";"1";"1";"0";"0";"4";"2";"0";""
"202100030469";"147 307";"A01";"1";"33";"0";"0";"0";"1";"1";""
"202100030470";"147 306";"A01";"2";"7";"13";"0";"0";"13";"1";""
"202100030471";"147 303";"C01";"0";"15";"0";"2";"1";"1";"1";""
"202100030471";"147 304";"B01";"0";"7";"0";"2";"1";"1";"1";""
"202100030471";"147 305";"A01";"0";"7";"0";"2";"2";"9";"1";""
"202100030472";"147 301";"A01";"2";"7";"0";"0";"6";"15";"1";""
"202100030472";"147 302";"B01";"2";"33";"0";"2";"1";"1";"1";""
"202100030473";"147 300";"A01";"2";"36";"6";"0";"3";"13";"1";""
"202100030474";"147 299";"A01";"1";"7";"1";"0";"7";"12";"1";""
"202100030475";"147 298";"A01";"1";"2";"8";"0";"0";"1";"1";""
"202100030476";"147 296";"A01";"0";"7";"8";"2";"2";"1";"2";""
"202100030476";"147 297";"B01";"0";"7";"0";"0";"8";"1";"1";""
"202100030477";"147 293";"A01";"1";"33";"0";"2";"1";"0";"1";""
"202100030477";"147 294";"C01";"1";"33";"0";"0";"0";"21";"1";""
"202100030477";"147 295";"B01";"1";"33";"0";"0";"8";"0";"1";""
"202100030478";"147 291";"A01";"1";"7";"0";"2";"7";"5";"1";""
"202100030478";"147 292";"B01";"2";"7";"0";"2";"2";"1";"1";""
"202100030479";"147 290";"A01";"1";"7";"7";"0";"2";"1";"1";""
"202100030480";"147 288";"B01";"1";"80";"0";"2";"1";"25";"3";""
"202100030480";"147 289";"A01";"2";"7";"0";"0";"7";"1";"1";""
"202100030481";"147 287";"A01";"1";"7";"13";"0";"1";"17";"1";""
"202100030482";"147 286";"A01";"1";"10";"7";"0";"2";"14";"1";""
"202100030483";"147 285";"A01";"1";"13";"12";"9";"7";"26";"1";""
"202100030484";"147 278";"E01";"2";"10";"0";"2";"1";"1";"1";""
"202100030484";"147 279";"C01";"2";"15";"0";"2";"1";"1";"1";""
"202100030484";"147 280";"F01";"2";"7";"0";"2";"1";"1";"1";""
"202100030484";"147 281";"G01";"2";"7";"0";"2";"1";"1";"1";""
"202100030484";"147 282";"A01";"1";"15";"0";"2";"1";"1";"1";""
"202100030484";"147 283";"B01";"1";"7";"0";"2";"7";"1";"1";""
"202100030484";"147 284";"D01";"2";"7";"0";"2";"4";"1";"1";""
"202100030485";"147 276";"A01";"2";"33";"0";"2";"1";"17";"1";""
"202100030485";"147 277";"B01";"2";"17";"0";"2";"8";"15";"1";""
"202100030486";"147 275";"A01";"2";"2";"12";"0";"0";"1";"1";""
"202100030487";"147 273";"B01";"3";"2";"0";"2";"1";"1";"1";""
"202100030487";"147 274";"A01";"3";"10";"0";"2";"5";"20";"1";""
"202100030488";"147 271";"A01";"1";"2";"0";"2";"3";"13";"1";""
"202100030488";"147 272";"B01";"2";"33";"0";"2";"3";"2";"1";""
"202100030489";"147 270";"A01";"3";"34";"16";"0";"0";"16";"1";""
"202100030490";"147 269";"A01";"1";"1";"0";"0";"9";"15";"5";""
"202100030491";"147 267";"A01";"1";"7";"0";"9";"1";"1";"1";""
"202100030491";"147 268";"B01";"1";"1";"0";"0";"0";"1";"0";""
"202100030492";"147 266";"A01";"2";"7";"7";"0";"1";"13";"1";""
"202100030493";"147 264";"B01";"1";"7";"0";"2";"8";"1";"1";""
"202100030493";"147 265";"A01";"2";"1";"0";"2";"1";"1";"5";""
"202100030494";"147 263";"A01";"1";"7";"8";"0";"1";"1";"1";""
"202100030495";"147 261";"A01";"3";"7";"0";"2";"5";"2";"1";""
"202100030495";"147 262";"B01";"0";"1";"0";"2";"3";"2";"5";""
"202100030496";"147 259";"A01";"1";"7";"0";"2";"2";"17";"1";""
"202100030496";"147 260";"B01";"1";"50";"0";"2";"8";"15";"3";""
"202100030497";"147 257";"B01";"1";"1";"0";"2";"8";"10";"5";""
"202100030497";"147 258";"A01";"1";"7";"0";"2";"1";"17";"1";""
"202100030498";"147 254";"B01";"1";"7";"0";"2";"4";"2";"1";""
"202100030498";"147 255";"C01";"1";"7";"0";"2";"6";"2";"1";""
"202100030498";"147 256";"A01";"1";"7";"0";"2";"1";"2";"1";""
"202100030499";"147 251";"C01";"2";"10";"0";"2";"1";"1";"1";""
"202100030499";"147 252";"B01";"2";"7";"0";"2";"4";"1";"1";""
"202100030499";"147 253";"A01";"2";"7";"0";"2";"4";"1";"1";""
"202100030500";"147 250";"A01";"1";"7";"3";"0";"1";"1";"1";""
"202100030501";"147 248";"B01";"1";"7";"0";"2";"1";"2";"1";""
"202100030501";"147 249";"A01";"1";"7";"0";"2";"4";"2";"1";""
"202100030502";"147 246";"A01";"1";"7";"0";"2";"4";"0";"1";""
"202100030502";"147 247";"B01";"1";"7";"0";"2";"1";"0";"1";""
"202100030503";"147 244";"B01";"1";"33";"4";"2";"3";"18";"1";""
"202100030503";"147 245";"A01";"1";"7";"0";"2";"7";"1";"1";""
"202100030504";"147 241";"A01";"2";"7";"0";"2";"1";"2";"1";""
"202100030504";"147 242";"B01";"2";"7";"0";"2";"4";"2";"1";""
"202100030504";"147 243";"C01";"2";"7";"0";"2";"4";"2";"1";""
"202100030505";"147 238";"C01";"2";"7";"0";"2";"1";"2";"1";""
"202100030505";"147 239";"B01";"2";"7";"0";"2";"4";"2";"1";""
"202100030505";"147 240";"A01";"2";"10";"0";"2";"4";"2";"1";""
"202100030506";"147 236";"B01";"1";"7";"0";"2";"7";"12";"1";""
"202100030506";"147 237";"A01";"1";"7";"0";"2";"8";"2";"1";""
"202100030507";"147 232";"A01";"1";"10";"0";"0";"0";"2";"1";""
"202100030507";"147 233";"B01";"1";"7";"0";"2";"4";"2";"1";""
"202100030507";"147 234";"C01";"1";"7";"0";"2";"4";"2";"1";""
"202100030507";"147 235";"D01";"1";"17";"0";"0";"8";"1";"1";""
"202100030508";"147 230";"A01";"1";"7";"0";"2";"1";"2";"1";""
"202100030508";"147 231";"B01";"1";"7";"0";"2";"4";"23";"1";""
"202100030509";"147 228";"A01";"1";"34";"0";"2";"1";"3";"1";""
"202100030509";"147 229";"B01";"1";"7";"0";"2";"7";"1";"1";""
"202100030510";"147 226";"B01";"2";"7";"0";"2";"6";"1";"1";""
"202100030510";"147 227";"A01";"2";"7";"0";"2";"2";"9";"1";""
"202100030511";"147 224";"A01";"1";"43";"4";"2";"1";"2";"1";""
"202100030511";"147 225";"B01";"1";"7";"4";"2";"5";"2";"1";""
"202100030512";"147 222";"A01";"2";"7";"0";"2";"1";"2";"1";""
"202100030512";"147 223";"B01";"2";"10";"0";"2";"4";"2";"1";""
"202100030513";"147 220";"B01";"2";"7";"0";"2";"6";"11";"1";""
"202100030513";"147 221";"A01";"1";"33";"0";"2";"7";"3";"1";""
"202100030514";"147 218";"A01";"1";"33";"0";"2";"1";"26";"1";""
"202100030514";"147 219";"B01";"1";"10";"0";"2";"8";"1";"1";""
"202100030515";"147 216";"A01";"1";"7";"0";"2";"7";"12";"1";""
"202100030515";"147 217";"B01";"1";"33";"0";"2";"1";"1";"1";""
"202100030516";"147 212";"A01";"2";"10";"0";"2";"1";"1";"1";""
"202100030516";"147 213";"C01";"2";"7";"0";"2";"9";"2";"1";""
"202100030516";"147 214";"B01";"2";"7";"0";"2";"9";"2";"1";""
"202100030516";"147 215";"D01";"2";"7";"0";"2";"4";"2";"1";""
"202100030517";"147 210";"B01";"2";"7";"0";"0";"0";"14";"1";""
"202100030517";"147 211";"A01";"2";"7";"0";"2";"0";"1";"1";""
"202100030518";"147 208";"A01";"2";"2";"0";"1";"1";"1";"1";""
"202100030519";"147 207";"A01";"0";"7";"0";"1";"1";"9";"0";""
"202100030520";"147 206";"A01";"3";"20";"0";"1";"8";"26";"1";""
"202100030521";"147 205";"A01";"3";"7";"0";"1";"1";"1";"1";""
"202100030522";"147 204";"A01";"0";"0";"0";"1";"0";"0";"0";""
"202100030523";"147 203";"A01";"2";"7";"0";"1";"1";"26";"1";""
"202100030524";"147 201";"A01";"2";"32";"0";"2";"1";"1";"1";""
"202100030524";"147 202";"B01";"2";"7";"0";"9";"4";"1";"1";""
"202100030525";"147 199";"A01";"1";"7";"0";"2";"7";"19";"1";""
"202100030525";"147 200";"B01";"1";"7";"0";"2";"1";"19";"1";""
"202100030526";"147 197";"A01";"2";"7";"0";"2";"8";"15";"1";""
"202100030526";"147 198";"B01";"1";"7";"0";"2";"8";"23";"1";""
"202100030527";"147 195";"A01";"1";"32";"0";" -1";"1";"26";"1";""
"202100030527";"147 196";"B01";"1";"7";"0";"0";"4";"1";"0";""
"202100030528";"147 194";"A01";"2";"7";"0";"1";"4";"26";"1";""
"202100030529";"147 192";"A01";"1";"33";"0";"2";"7";"7";"1";""
"202100030529";"147 193";"B01";"1";"7";"0";"0";"7";"16";"1";""
"202100030530";"147 190";"B01";"1";"7";"0";"2";"4";"1";"1";""
"202100030530";"147 191";"A01";"1";"33";"0";"2";"1";"1";"1";""
"202100030531";"147 188";"A01";"0";"7";"0";"2";"6";"1";"1";""
"202100030531";"147 189";"B01";"1";"33";"0";"2";"3";"5";"1";""
"202100030532";"147 183";"A01";"2";"7";"0";"2";"1";"1";"1";""
"202100030532";"147 184";"B01";"2";"7";"0";"2";"4";"1";"1";""
"202100030532";"147 185";"E01";"2";"7";"0";"2";"4";"23";"1";""
"202100030532";"147 186";"D01";"2";"7";"0";"2";"4";"1";"1";""
"202100030532";"147 187";"C01";"2";"7";"0";"2";"4";"1";"1";""
"202100030533";"147 181";"B01";"2";"2";"0";"2";"8";"1";"1";""
"202100030533";"147 182";"A01";"1";"7";"0";"9";"3";"9";"1";""
"202100030534";"147 180";"A01";"1";"7";"4";"0";"2";"13";"1";""
"202100030535";"147 179";"A01";"0";"33";"0";"2";"7";"21";"1";""
"202100030536";"147 177";"B01";"1";"7";"0";"0";"4";"26";"1";""
"202100030536";"147 178";"A01";"1";"15";"0";"0";"0";"1";"1";""
"202100030537";"147 174";"A01";"0";"10";"0";"2";"3";"1";"1";""
"202100030537";"147 175";"B01";"0";"7";"0";"2";"0";"1";"1";""
"202100030538";"147 172";"A01";"2";"7";"0";"2";"3";"13";"1";""
"202100030538";"147 173";"B01";"1";"7";"0";"2";"3";"1";"1";""
"202100030539";"147 169";"A01";"1";"7";"0";"2";"1";"1";"1";""
"202100030539";"147 170";"B01";"1";"7";"0";"2";"4";"1";"1";""
"202100030539";"147 171";"C01";"1";"7";"0";"2";"4";"1";"1";""
"202100030540";"147 167";"A01";"1";"10";"0";"2";"7";"15";"1";""
"202100030540";"147 168";"B01";"2";"31";"0";"2";"1";"1";"1";""
"202100030541";"147 166";"A01";"1";"17";"0";"0";"0";"1";"1";""
"202100030542";"147 164";"B01";"2";"7";"0";"2";"3";"1";"1";""
"202100030542";"147 165";"A01";"1";"7";"0";"2";"3";"13";"1";""
"202100030543";"147 162";"B01";"1";"7";"0";"2";"4";"23";"1";""
"202100030543";"147 163";"A01";"1";"3";"0";"2";"1";"2";"1";""
"202100030544";"147 160";"B01";"1";"7";"0";"2";"7";"16";"1";""
"202100030544";"147 161";"A01";"1";"33";"0";"2";"8";"18";"1";""
"202100030545";"147 159";"A01";"1";"33";"0";"1";"1";"1";"1";""
"202100030546";"147 157";"B01";"3";"60";"0";"2";"1";"26";"5";""
"202100030546";"147 158";"A01";"1";"7";"0";"2";"1";"1";"1";""
"202100030547";"147 155";"B01";"2";"3";"0";"2";"4";"23";"1";""
"202100030547";"147 156";"A01";"2";"10";"0";"2";"1";"2";"1";""
"202100030548";"147 153";"A01";"1";"2";"0";"2";"1";"2";"1";""
"202100030548";"147 154";"B01";"1";"7";"0";"2";"6";"1";"1";""
"202100030549";"147 151";"B01";"3";"7";"0";"2";"1";"17";"1";""
"202100030549";"147 152";"A01";"3";"7";"0";"2";"2";"13";"1";""
"202100030550";"147 150";"A01";"1";"7";"0";"2";"3";"1";"1";""
"202100030551";"147 148";"B01";"1";"7";"0";"2";"1";"1";"1";""
"202100030551";"147 149";"A01";"2";"7";"0";"2";"8";"26";"1";""
"202100030552";"147 147";"A01";"3";"0";"1";"0";"0";"0";"0";""
"202100030553";"147 145";"B01";"2";"1";"0";"2";"1";"19";"5";""
"202100030553";"147 146";"A01";"2";"14";"0";"2";"5";"19";"1";""
"202100030554";"147 144";"A01";"3";"7";"1";"0";"1";"2";"1";""
"202100030555";"147 143";"A01";"3";"7";"0";"1";"0";"26";"0";""
"202100030556";"147 141";"A01";"2";"7";"0";"2";"6";"19";"1";""
"202100030556";"147 142";"B01";"2";"33";"0";"2";"1";"1";"1";""
"202100030557";"147 140";"A01";"2";"7";"0";"1";"6";"20";"1";""
"202100030558";"147 137";"C01";"3";"7";"0";"2";"1";"23";"1";""
"202100030558";"147 138";"B01";"2";"7";"0";"2";"1";"1";"1";""
"202100030558";"147 139";"A01";"3";"7";"0";"2";"2";"15";"1";""
"202100030559";"147 135";"A01";"2";"7";"0";"9";"3";"15";"1";""
"202100030559";"147 136";"B01";"2";"1";"0";"2";"2";"1";"5";""
"202100030560";"147 130";"A01";"0";"7";"0";"1";"1";"16";"1";""
"202100030561";"147 126";"A01";"0";"7";"0";"2";"1";"9";"1";""
"202100030561";"147 127";"B01";"0";"7";"0";"2";"9";"2";"1";""
"202100030561";"147 128";"C01";"0";"7";"0";"2";"9";"2";"1";""
"202100030561";"147 129";"D01";"0";"7";"0";"2";"4";"2";"1";""
"202100030562";"147 124";"B01";"1";"1";"0";"2";"5";"1";"5";""
"202100030562";"147 125";"A01";"2";"7";"0";"2";"3";"9";"1";""
"202100030563";"147 123";"A01";"1";"30";"0";"1";"1";"1";"3";""
"202100030564";"147 122";"A01";"3";"31";"0";"0";"5";"1";"1";""
"202100030565";"147 120";"A01";"1";"33";"4";"2";"1";"9";"1";""
"202100030565";"147 121";"B01";"1";"10";"0";"2";"3";"1";"1";""
"202100030566";"147 119";"A01";"0";"7";"0";"1";"3";"9";"1";""
"202100030567";"147 117";"Z01";"2";"7";"0";"2";"0";"7";"1";""
"202100030567";"147 118";"B01";"2";"1";"0";"2";"6";"7";"5";""
"202100030568";"147 115";"A01";"1";"7";"0";"2";"2";"1";"1";""
"202100030568";"147 116";"B01";"2";"1";"0";"2";"0";"10";"5";""
"202100030569";"147 113";"B01";"3";"60";"0";"2";"7";"2";"5";""
"202100030569";"147 114";"A01";"3";"10";"0";"9";"3";"9";"1";""
"202100030570";"147 111";"A01";"1";"7";"0";"2";"3";"9";"2";""
"202100030570";"147 112";"B01";"2";"1";"0";"2";"1";"0";"0";""
"202100030571";"147 107";"A01";"2";"7";"12";"2";"1";"13";"3";""
"202100030571";"147 108";"B01";"2";"33";"0";"2";"0";"1";"1";""
"202100030571";"147 109";"C01";"2";"7";"0";"2";"7";"1";"1";""
"202100030571";"147 110";"D01";"2";"7";"0";"2";"1";"1";"1";""
"202100030572";"147 105";"A01";"0";"50";"0";"2";"1";"19";"3";""
"202100030572";"147 106";"B01";"0";"7";"0";"2";"8";"1";"1";""
"202100030573";"147 102";"A01";"3";"7";"6";"0";"1";"26";"1";""
"202100030574";"147 101";"A01";"2";"7";"0";"1";"2";"9";"1";""
"202100030575";"147 100";"A01";"1";"7";"15";"1";"1";"14";"1";""
"202100030576";"147 099";"A01";"2";"7";"1";"0";"3";"14";"1";""
"202100030577";"147 097";"A01";"2";"7";"0";"2";"1";"15";"1";""
"202100030577";"147 098";"B01";"2";"1";"0";"2";"1";"1";"5";""
"202100030578";"147 096";"A01";"1";"7";"9";"9";"1";"9";"1";""
"202100030579";"147 095";"A01";"2";"7";"0";"1";"2";"15";"2";""
"202100030580";"147 094";"A01";"0";"7";"0";"1";"3";"15";"1";""
"202100030581";"147 092";"A01";"3";"7";"0";"2";"1";"1";"1";""
"202100030581";"147 093";"B01";"3";"7";"0";"2";"3";"1";"1";""
"202100030582";"147 091";"A01";"1";"33";"0";"1";"1";"21";"0";""
"202100030583";"147 089";"Z01";"0";"7";"0";"2";"0";"0";"0";""
"202100030583";"147 090";"A01";"0";"7";"0";"2";"2";"26";"1";""
"202100030584";"147 087";"A01";"1";"33";"0";"2";"1";"1";"1";""
"202100030584";"147 088";"B01";"1";"7";"0";"2";"2";"16";"1";""
"202100030585";"147 085";"B01";"1";"7";"0";"2";"1";"1";"1";""
"202100030585";"147 086";"A01";"2";"7";"0";"2";"2";"15";"1";""
"202100030586";"147 084";"A01";"3";"30";"1";"0";"1";"21";"1";""
"202100030587";"147 083";"A01";"1";"7";"13";"0";"9";"13";"1";""
"202100030588";"147 080";"A01";"1";"7";"0";"2";"2";"3";"1";""
"202100030588";"147 081";"B01";"2";"7";"0";"2";"3";"2";"1";""
"202100030589";"147 075";"A01";"2";"7";"0";"2";"8";"13";"1";""
"202100030589";"147 076";"B01";"1";"7";"0";"2";"7";"1";"1";""
"202100030589";"147 077";"C01";"1";"7";"0";"9";"0";"1";"1";""
"202100030589";"147 078";"D01";"2";"7";"0";"9";"0";"1";"1";""
"202100030589";"147 079";"E01";"1";"10";"0";"9";"0";"0";"1";""
"202100030590";"147 073";"A01";"2";"7";"0";"2";"3";"20";"1";""
"202100030590";"147 074";"B01";"2";"33";"0";"2";"7";"1";"1";""
"202100030591";"147 072";"A01";"2";"33";"8";"0";"1";"1";"1";""
"202100030592";"147 070";"B01";"1";"33";"0";"2";"1";"17";"1";""
"202100030592";"147 071";"A01";"2";"10";"0";"2";"8";"9";"1";""
"202100030593";"147 068";"B01";"2";"7";"0";"2";"1";"1";"1";""
"202100030593";"147 069";"A01";"1";"7";"8";"2";"7";"15";"1";""
"202100030594";"147 066";"A01";"1";"50";"0";"2";"4";"2";"3";""
"202100030594";"147 067";"Z01";"1";"30";"0";"2";"1";"2";"0";""
"202100030595";"147 064";"B01";"1";"1";"0";"2";"4";"2";"5";""
"202100030595";"147 065";"A01";"1";"10";"0";"2";"1";"2";"1";""
"202100030596";"147 063";"A01";"1";"7";"1";"0";"3";"15";"1";""
"202100030597";"147 061";"A01";"1";"7";"0";"2";"8";"7";"1";""
"202100030597";"147 062";"B01";"1";"7";"0";"2";"0";"16";"1";""
"202100030598";"147 059";"B01";"3";"1";"0";"2";"1";"1";"5";""
"202100030598";"147 060";"A01";"3";"10";"0";"2";"7";"16";"1";""
"202100030599";"147 057";"A01";"2";"1";"0";"2";"3";"1";"5";""
"202100030599";"147 058";"Z01";"1";"30";"0";"2";"0";"15";"0";""
"202100030600";"147 055";"B01";"2";"1";"0";"2";"1";"1";"5";""
"202100030600";"147 056";"A01";"2";"7";"0";"2";"1";"9";"1";""
"202100030601";"147 053";"A01";"1";"7";"0";"2";"3";"18";"1";""
"202100030601";"147 054";"B01";"1";"7";"0";"2";"5";"1";"1";""
"202100030602";"147 052";"A01";"3";"2";"15";"0";"0";"25";"1";""
"202100030603";"147 051";"A01";"1";"33";"0";"1";"1";"0";"1";""
"202100030604";"147 049";"A01";"3";"10";"0";"2";"2";"19";"1";""
"202100030604";"147 050";"B01";"3";"37";"0";"2";"3";"1";"1";"4"
"202100030605";"147 047";"A01";"3";"7";"0";"2";"4";"20";"1";""
"202100030605";"147 048";"B01";"3";"37";"0";"2";"1";"1";"1";"1"
"202100030606";"147 045";"B01";"1";"7";"0";"2";"0";"0";"1";""
"202100030606";"147 046";"A01";"3";"7";"0";"2";"1";"2";"1";""
"202100030607";"147 044";"A01";"1";"7";"15";"0";"1";"1";"1";""
"202100030608";"147 042";"A01";"1";"7";"0";"2";"2";"1";"1";""
"202100030608";"147 043";"B01";"1";"50";"0";"2";"0";"1";"3";""
"202100030609";"147 040";"B01";"3";"7";"0";"2";"2";"19";"1";""
"202100030609";"147 041";"A01";"3";"7";"0";"2";"1";"19";"1";""
"202100030610";"147 038";"B01";"2";"7";"0";"2";"4";"23";"1";""
"202100030610";"147 039";"A01";"2";"7";"0";"2";"1";"2";"1";""
"202100030611";"147 037";"A01";"1";"7";"0";"1";"6";"26";"1";""
"202100030612";"147 035";"B01";"1";"7";"0";"2";"1";"1";"1";""
"202100030612";"147 036";"A01";"2";"2";"0";"2";"1";"13";"1";""
"202100030613";"147 033";"B01";"3";"7";"0";"2";"2";"21";"1";""
"202100030613";"147 034";"A01";"3";"2";"0";"2";"4";"25";"1";""
"202100030614";"147 032";"A01";"1";"7";"0";"1";"1";"1";"1";""
"202100030615";"147 030";"A01";"2";"7";"0";"1";"1";"1";"1";""