"Num_Acc";"id_vehicule";"num_veh";"senc";"catv";"obs";"obsm";"choc";"manv";"motor";"occutc"
"202100030616";"147 028";"B01";"2";"14";"0";"0";"3";"2";"1";""
"202100030616";"147 029";"A01";"2";"7";"0";"2";"0";"2";"1";""
"202100030617";"147 026";"A01";"2";"7";"0";"2";"1";"5";"1";""
"202100030617";"147 027";"B01";"1";"7";"0";"2";"1";"1";"1";""
"202100030618";"147 025";"A01";"2";"7";"13";"0";"2";"1";"1";""
"202100030619";"147 022";"A01";"0";"7";"0";"9";"1";"1";"1";""
"202100030619";"147 023";"B01";"3";"1";"0";"2";"1";"0";"5";""
"202100030619";"147 024";"D01";"3";"1";"0";"2";"7";"0";"5";""
"202100030620";"147 021";"A01";"1";"2";"11";"0";"1";"1";"1";""
"202100030621";"147 020";"A01";"1";"7";"0";"1";"1";"15";"1";""
"202100030622";"147 018";"B01";"1";"10";"0";"2";"8";"26";"1";""
"202100030622";"147 019";"A01";"1";"1";"1";"0";"7";"14";"0";""
"202100030623";"147 017";"A01";"2";"17";"3";"0";"2";"1";"1";""
"202100030624";"147 016";"A01";"2";"7";"4";"0";"1";"1";"1";""
"202100030625";"147 014";"A01";"1";"2";"0";"2";"1";"13";"1";""
"202100030625";"147 015";"B01";"2";"7";"0";"2";"3";"1";"1";""
"202100030626";"147 013";"A01";"1";"2";"2";"0";"3";"26";"1";""
"202100030627";"147 012";"A01";"2";"21";"2";"0";"1";"1";"1";""
"202100030628";"147 010";"B01";"1";"7";"0";"2";"2";"1";"1";""
"202100030628";"147 011";"A01";"2";"7";"0";"2";"1";"13";"1";""
"202100030629";"147 009";"A01";"2";"7";"0";"0";"9";"1";"1";""
"202100030630";"147 007";"B01";"2";"7";"0";"2";"1";"0";"1";""
"202100030630";"147 008";"A01";"1";"10";"0";"2";"3";"13";"1";""
"202100030631";"147 005";"A01";"2";"31";"0";"2";"7";"1";"1";""
"202100030631";"147 006";"B01";"1";"7";"0";"2";"1";"15";"1";""
"202100030632";"147 004";"A01";"1";"7";"16";"0";"0";"1";"1";""
"202100030633";"147 002";"A01";"2";"33";"3";"2";"1";"17";"1";""
"202100030633";"147 003";"B01";"2";"7";"0";"2";"3";"15";"1";""
"202100030634";"147 001";"A01";"1";"7";"13";"0";"9";"14";"1";""
"202100030635";"147 000";"A01";"2";"7";"0";"1";"3";"26";"1";""
"202100030636";"146 998";"B01";"1";"7";"0";"2";"1";"1";"1";""
"202100030636";"146 999";"A01";"2";"7";"0";"2";"5";"15";"1";""
"202100030637";"146 996";"A01";"2";"32";"3";"2";"4";"2";"1";""
"202100030637";"146 997";"B01";"2";"7";"0";"2";"3";"2";"1";""
"202100030638";"146 994";"A01";"1";"7";"0";"0";"4";"1";"1";""
"202100030638";"146 995";"B01";"1";"33";"0";"2";"1";"2";"1";""
"202100030639";"146 992";"A01";"2";"7";"0";"2";"1";"5";"1";""
"202100030639";"146 993";"B01";"1";"7";"0";"2";"1";"1";"1";""
"202100030640";"146 990";"B01";"3";"7";"0";"2";"2";"1";"1";""
"202100030640";"146 991";"A01";"3";"33";"0";"2";"1";"5";"1";""
"202100030641";"146 987";"A01";"1";"7";"13";"0";"2";"0";"1";""
"202100030642";"146 986";"A01";"1";"1";"0";"0";"0";"0";"5";""
"202100030643";"146 983";"C01";"2";"7";"0";"0";"4";"23";"1";""
"202100030643";"146 984";"A01";"2";"7";"0";"2";"1";"2";"1";""
"202100030643";"146 985";"B01";"2";"7";"0";"2";"4";"23";"1";""
"202100030644";"146 981";"A01";"1";"7";"0";"2";"7";"1";"1";""
"202100030644";"146 982";"B01";"2";"7";"0";"2";"1";"1";"0";""
"202100030645";"146 979";"B01";"2";"7";"0";"2";"9";"2";"1";""
"202100030645";"146 980";"A01";"1";"7";"0";"2";"3";"13";"1";""
"202100030646";"146 978";"A01";"3";"7";"9";"1";"1";"0";"1";""
"202100030647";"146 977";"A01";"1";"7";"6";"0";"3";"0";"1";""
"202100030648";"146 975";"B01";"1";"13";"0";"2";"3";"2";"1";""
"202100030648";"146 976";"A01";"2";"32";"0";"2";"2";"5";"1";""
"202100030649";"146 973";"A01";"1";"10";"0";"2";"1";"17";"1";""
"202100030649";"146 974";"B01";"2";"7";"0";"2";"1";"1";"2";""
"202100030650";"146 972";"A01";"1";"7";"0";"1";"1";"1";"1";""
"202100030651";"146 969";"C01";"2";"7";"3";"2";"2";"1";"1";""
"202100030651";"146 970";"B01";"2";"7";"0";"2";"5";"11";"1";""
"202100030651";"146 971";"A01";"2";"3";"3";"2";"6";"9";"1";""
"202100030652";"146 966";"C01";"2";"33";"3";"0";"4";"23";"1";""
"202100030652";"146 967";"B01";"2";"7";"0";"0";"4";"23";"1";""
"202100030652";"146 968";"A01";"2";"37";"1";"0";"1";"2";"1";"1"
"202100030653";"146 964";"A01";"1";"7";"0";"0";"4";"1";"1";""
"202100030653";"146 965";"B01";"1";"30";"0";"0";"1";"1";"6";""
"202100030654";"146 962";"B01";"1";"7";"3";"2";"3";"1";"1";""
"202100030654";"146 963";"A01";"1";"7";"3";"2";"2";"0";"1";""
"202100030655";"146 960";"B01";"1";"7";"3";"0";"6";"1";"1";""
"202100030655";"146 961";"A01";"1";"7";"0";"2";"2";"2";"1";""
"202100030656";"146 957";"A01";"2";"7";"0";"2";"1";"5";"1";""
"202100030656";"146 958";"B01";"1";"7";"0";"2";"2";"1";"2";""
"202100030656";"146 959";"C01";"1";"7";"0";"2";"1";"1";"1";""
"202100030657";"146 955";"A01";"1";"10";"0";"2";"2";"12";"1";""
"202100030657";"146 956";"B01";"1";"7";"0";"2";"8";"1";"1";""
"202100030658";"146 953";"A01";"3";"13";"0";"2";"5";"17";"0";""
"202100030658";"146 954";"B01";"3";"2";"0";"2";"3";"2";"1";""
"202100030659";"146 951";"A01";"0";"2";"0";"2";"0";"0";"1";""
"202100030659";"146 952";"B01";"0";"37";"0";"0";"8";"0";"1";"1"
"202100030660";"146 950";"A01";"1";"2";"15";"0";"2";"1";"1";""
"202100030661";"146 949";"A01";"1";"7";"0";"0";"8";"1";"1";""
"202100030662";"146 947";"A01";"2";"32";"0";"2";"1";"2";"1";""
"202100030662";"146 948";"B01";"2";"7";"0";"2";"4";"23";"1";""
"202100030663";"146 945";"B01";"1";"17";"0";"2";"5";"17";"1";""
"202100030663";"146 946";"A01";"1";"1";"0";"2";"8";"2";"5";""
"202100030664";"146 943";"B01";"1";"7";"0";"2";"3";"1";"1";""
"202100030664";"146 944";"A01";"2";"7";"0";"2";"3";"1";"1";""
"202100030665";"146 941";"B01";"1";"33";"0";"2";"1";"1";"1";""
"202100030665";"146 942";"A01";"2";"7";"0";"2";"8";"15";"1";""
"202100030666";"146 940";"A01";"2";"33";"0";"0";"9";"0";"1";""
"202100030667";"146 937";"A01";"1";"7";"0";"1";"2";"1";"1";""
"202100030668";"146 935";"A01";"1";"7";"0";"2";"7";"17";"1";""
"202100030668";"146 936";"B01";"1";"1";"0";"2";"4";"2";"5";""
"202100030669";"146 933";"B01";"2";"7";"0";"2";"4";"2";"1";""
"202100030669";"146 934";"A01";"2";"7";"0";"2";"1";"2";"1";""
"202100030670";"146 932";"A01";"3";"7";"13";"0";"1";"13";"1";""
"202100030671";"146 931";"A01";"3";"31";"0";"0";"3";"1";"1";""
"202100030672";"146 930";"A01";"2";"32";"0";"0";"0";"1";"1";""
"202100030673";"146 928";"Z01";"2";"7";"0";"2";"1";"0";"1";""
"202100030673";"146 929";"B01";"1";"10";"0";"2";"6";"1";"1";""
"202100030674";"146 926";"A01";"2";"7";"0";"2";"1";"2";"1";""
"202100030674";"146 927";"B01";"2";"7";"0";"2";"4";"2";"1";""
"202100030675";"146 923";"C01";"1";"10";"0";"2";"4";"23";"1";""
"202100030675";"146 924";"B01";"1";"7";"0";"2";"4";"23";"1";""
"202100030675";"146 925";"A01";"1";"7";"0";"2";"1";"1";"1";""
"202100030676";"146 921";"B01";"1";"7";"0";"2";"4";"2";"1";""
"202100030676";"146 922";"A01";"1";"33";"0";"2";"1";"2";"1";""
"202100030677";"146 920";"A01";"2";"7";"4";"0";"1";"26";"1";""
"202100030678";"146 918";"A01";"1";"10";"0";"2";"1";"2";"1";""
"202100030678";"146 919";"B01";"1";"7";"0";"2";"4";"2";"1";""
"202100030679";"146 917";"A01";"1";"7";"4";"0";"1";"17";"1";""
"202100030680";"146 915";"B01";"2";"7";"0";"2";"9";"1";"1";""
"202100030680";"146 916";"A01";"2";"7";"0";"2";"2";"17";"1";""
"202100030681";"146 913";"A01";"1";"7";"3";"2";"7";"13";"1";""
"202100030681";"146 914";"B01";"1";"7";"0";"2";"2";"1";"1";""
"202100030682";"146 911";"B01";"1";"7";"4";"2";"1";"1";"1";""
"202100030682";"146 912";"A01";"1";"7";"4";"2";"4";"9";"1";""
"202100030683";"146 908";"A01";"1";"15";"0";"2";"1";"1";"1";""
"202100030683";"146 909";"B01";"1";"10";"14";"2";"4";"23";"1";""
"202100030683";"146 910";"C01";"1";"10";"0";"2";"4";"23";"1";""
"202100030684";"146 907";"A01";"1";"7";"14";"0";"1";"14";"1";""
"202100030685";"146 906";"A01";" -1";"7";"14";"0";"9";"26";"1";""
"202100030686";"146 904";"A01";"3";"10";"0";"2";"6";"15";"1";""
"202100030686";"146 905";"B01";"3";"2";"0";"2";"1";"17";"1";""
"202100030687";"146 903";"A01";"2";"7";"2";"0";"3";"0";"1";""
"202100030688";"146 902";"A01";"1";"2";"0";"0";"8";"1";"1";""
"202100030689";"146 901";"A01";"1";"7";"0";"2";"1";"1";"1";""
"202100030690";"146 900";"A01";"0";"7";"0";"1";"3";"15";"1";""
"202100030691";"146 899";"A01";"1";"10";"0";"1";"5";"1";"1";""
"202100030692";"146 898";"A01";"1";"7";"0";"1";"2";"1";"1";""
"202100030693";"146 897";"A01";"1";"7";"0";"1";"7";"1";"1";""
"202100030694";"146 895";"A01";"1";"2";"0";"2";"8";"1";"1";""
"202100030694";"146 896";"B01";"1";"2";"0";"2";"5";"19";"1";""
"202100030695";"146 893";"B01";"2";"33";"0";"2";"8";"17";"1";""
"202100030695";"146 894";"A01";"2";"7";"0";"2";"1";"9";"1";""
"202100030696";"146 891";"A01";"2";"7";"0";"2";"2";"10";"1";""
"202100030696";"146 892";"B01";"2";"31";"0";"2";"1";"2";"1";""
"202100030697";"146 889";"B01";"2";"50";"0";"2";"1";"19";"3";""
"202100030697";"146 890";"A01";"1";"7";"0";"2";"2";"1";"0";""
"202100030698";"146 887";"A01";"1";"7";"0";"2";"2";"1";"1";""
"202100030698";"146 888";"B01";"1";"1";"0";"2";"8";"1";"5";""
"202100030699";"146 886";"A01";"1";"7";"0";"1";"1";"1";"1";""
"202100030700";"146 884";"A01";"1";"1";"0";"2";"1";"13";"5";""
"202100030700";"146 885";"B01";"2";"10";"0";"9";"3";"18";"1";""
"202100030701";"146 882";"B01";"2";"2";"0";"9";"1";"1";"1";""
"202100030701";"146 883";"A01";"1";"21";"0";"2";"8";"1";"1";""
"202100030702";"146 880";"A01";"2";"7";"0";"2";"3";"15";"1";""
"202100030702";"146 881";"B01";"2";"7";"0";"2";"2";"17";"1";""
"202100030703";"146 878";"A01";"3";"7";"0";"4";"0";"19";"1";""
"202100030703";"146 879";"B01";"0";"39";"0";"2";"1";"1";"0";""
"202100030704";"146 874";"A01";"1";"7";"0";"2";"2";"1";"1";""
"202100030704";"146 875";"B01";"1";"7";"0";"2";"6";"1";"1";""
"202100030705";"146 872";"A01";"1";"10";"0";"2";"1";"15";"1";""
"202100030705";"146 873";"B01";"2";"10";"0";"2";"1";"1";"1";""
"202100030706";"146 870";"A01";"2";"10";"0";"2";"2";"19";"1";""
"202100030706";"146 871";"B01";"2";"33";"0";"2";"1";"19";"1";""
"202100030707";"146 867";"C01";"2";"7";"0";"2";"3";"1";"1";""
"202100030707";"146 868";"B01";"1";"7";"0";"2";"3";"1";"1";""
"202100030707";"146 869";"A01";"2";"7";"0";"2";"1";"13";"1";""
"202100030708";"146 866";"A01";"1";"33";"8";"0";"1";"13";"1";""
"202100030709";"146 865";"A01";"1";"34";"0";"9";"0";"14";"1";""
"202100030710";"146 863";"A01";"1";"30";"0";"2";"1";"1";"1";""
"202100030710";"146 864";"B01";"2";"7";"0";"2";"3";"1";"1";""
"202100030711";"146 861";"A01";"2";"30";"0";"2";"8";"10";"1";""
"202100030711";"146 862";"B01";"2";"33";"0";"2";"1";"17";"1";""
"202100030712";"146 859";"B01";"2";"7";"0";"2";"1";"1";"1";""
"202100030712";"146 860";"A01";"2";"30";"0";"2";"1";"17";"1";""
"202100030713";"146 858";"A01";"2";"31";"0";"0";"2";"21";"1";""
"202100030714";"146 857";"A01";"3";"99";"0";"1";"1";"26";"1";""
"202100030715";"146 854";"B01";"1";"7";"0";"2";"4";"1";"1";""
"202100030715";"146 855";"A01";"1";"7";"0";"2";"1";"1";"1";""
"202100030716";"146 853";"A01";"3";"7";"0";"1";"3";"1";"1";""
"202100030717";"146 852";"A01";"3";"7";"9";"0";"1";"1";"1";""
"202100030718";"146 850";"B01";"3";"7";"0";"2";"3";"1";"1";""
"202100030718";"146 851";"A01";"1";"7";"0";"2";"2";"1";"1";""
"202100030719";"146 849";"A01";"3";"1";"0";"1";"1";"26";"5";""
"202100030720";"146 848";"A01";"1";"7";"15";"0";"3";"1";"1";""
"202100030721";"146 846";"B01";"3";"33";"0";"2";"8";"15";"1";""
"202100030721";"146 847";"Z01";"2";"33";"0";"2";"1";"1";"1";""
"202100030722";"146 844";"B01";"1";"31";"0";"2";"8";"1";"1";""
"202100030722";"146 845";"A01";"3";"7";"0";"0";"1";"9";"1";""
"202100030723";"146 842";"A01";"2";"7";"0";"2";"1";"1";"2";""
"202100030723";"146 843";"B01";"1";"13";"0";"2";"3";"1";"1";""
"202100030724";"146 840";"B01";"1";"7";"0";"2";"0";"15";"1";""
"202100030724";"146 841";"A01";"1";"33";"15";"2";"1";"17";"1";""
"202100030725";"146 839";"A01";"1";"7";"0";"1";"3";"1";"1";""
"202100030726";"146 837";"B01";"3";"1";"0";"2";"7";"19";"5";""
"202100030726";"146 838";"A01";"3";"10";"0";"9";"7";"19";"1";""
"202100030727";"146 836";"A01";"3";"7";"0";"1";"8";"1";"1";""
"202100030728";"146 834";"B01";"1";"7";"0";"2";"4";"15";"1";""
"202100030728";"146 835";"A01";"1";"33";"0";"2";"1";"1";"1";""
"202100030729";"146 832";"A01";"1";"7";"0";"2";"7";"16";"1";""
"202100030729";"146 833";"B01";"1";"2";"0";"2";"2";"1";"6";""
"202100030730";"146 830";"B01";"0";"7";"0";"2";"1";"1";"1";""
"202100030730";"146 831";"A01";"0";"2";"0";"2";"0";"13";"1";""
"202100030731";"146 828";"B01";"1";"10";"0";"2";"5";"9";"1";""
"202100030731";"146 829";"A01";"1";"33";"0";"2";"1";"1";"1";""
"202100030732";"146 827";"A01";"1";"30";"0";"0";"0";"0";"1";""
"202100030733";"146 826";"Z01";"2";"31";"0";"0";"0";"0";"1";""
"202100030734";"146 824";"B01";"2";"2";"0";"2";"1";"1";"1";""
"202100030734";"146 825";"A01";"1";"7";"0";"2";"8";"15";"1";""
"202100030735";"146 822";"A01";"1";"7";"0";"2";"3";"15";"2";""
"202100030735";"146 823";"B01";"2";"1";"0";"2";"1";"1";"5";""
"202100030736";"146 820";"B01";"1";"7";"0";"2";"2";"1";"1";""
"202100030736";"146 821";"A01";"1";"7";"0";"2";"3";"1";"1";""
"202100030737";"146 818";"B01";"3";"33";"0";"2";"1";"1";"1";""
"202100030737";"146 819";"A01";"3";"7";"0";"2";"4";"13";"0";""
"202100030738";"146 816";"B01";"2";"7";"0";"2";"5";"2";"1";""
"202100030738";"146 817";"A01";"2";"7";"0";"2";"1";"2";"1";""
"202100030739";"146 814";"A01";"1";"7";"0";"2";"1";"2";"1";""
"202100030739";"146 815";"B01";"1";"50";"0";"2";"3";"19";"3";""
"202100030740";"146 812";"A01";"2";"7";"0";"2";"1";"1";"1";""
"202100030740";"146 813";"B01";"2";"1";"0";"2";"8";"1";"5";""
"202100030741";"146 810";"B01";"2";"0";"0";"2";"1";"13";"0";""
"202100030741";"146 811";"A01";"2";"30";"0";"2";"7";"1";"1";""
"202100030742";"146 808";"B01";"2";"7";"0";"2";"3";"15";"1";""
"202100030742";"146 809";"A01";"1";"34";"0";"2";"1";"5";"1";""
"202100030743";"146 806";"B01";"2";"7";"0";"2";"4";"23";"1";""
"202100030743";"146 807";"A01";"2";"7";"0";"2";"1";"1";"1";""
"202100030744";"146 805";"A01";"2";"7";"0";"1";"1";"1";"1";""
"202100030745";"146 803";"A01";"2";"7";"0";"1";"2";"2";"1";""
"202100030745";"146 804";"B01";"3";"7";"0";"1";"8";"23";"1";""
"202100030746";"146 800";"A01";"2";"7";"0";"2";"1";"26";"1";""
"202100030746";"146 801";"C01";"2";"7";"0";"2";"4";"0";"1";""
"202100030746";"146 802";"B01";"2";"7";"0";"2";"4";"9";"1";""
"202100030747";"146 799";"A01";"2";"32";"9";"0";"1";"25";"1";""
"202100030748";"146 796";"C01";"2";"10";"0";"2";"3";"0";"1";""
"202100030748";"146 797";"A01";"1";"7";"0";"2";"1";"26";"1";""
"202100030748";"146 798";"B01";"1";"7";"0";"2";"4";"1";"1";""
"202100030749";"146 793";"[01";"2";"7";"0";"2";"0";"1";"1";""
"202100030749";"146 794";"Z01";"1";"50";"0";"2";"0";"0";"3";""
"202100030749";"146 795";"A01";"0";"7";"0";"2";"0";"0";"1";""
"202100030750";"146 791";"B01";"2";"1";"0";"2";"1";"1";"5";""
"202100030750";"146 792";"A01";"1";"7";"0";"2";"2";"15";"1";""
"202100030751";"146 789";"B01";"1";"7";"0";"2";"4";"0";"1";""
"202100030751";"146 790";"A01";"1";"10";"0";"2";"1";"21";"1";""
"202100030752";"146 787";"B01";"1";"7";"0";"2";"7";"15";"2";""
"202100030752";"146 788";"A01";"2";"1";"0";"2";"1";"1";"5";""
"202100030753";"146 785";"B01";"2";"10";"0";"2";"6";"1";"1";""
"202100030753";"146 786";"A01";"2";"33";"0";"2";"1";"17";"1";""
"202100030754";"146 783";"B01";"1";"33";"0";"2";"1";"1";"1";""
"202100030754";"146 784";"A01";"1";"7";"0";"2";"5";"14";"1";""
"202100030755";"146 782";"A01";"1";"7";"4";"0";"1";"1";"1";""
"202100030756";"146 781";"A01";"2";"7";"4";"0";"1";"1";"1";""
"202100030757";"146 780";"A01";"2";"33";"0";"1";"1";"1";"1";""
"202100030758";"146 779";"A01";"1";"7";"4";"0";"2";"1";"1";""
"202100030759";"146 777";"A01";"1";"7";"0";"2";"1";"2";"1";""
"202100030759";"146 778";"B01";"1";"7";"0";"2";"4";"2";"1";""
"202100030760";"146 776";"A01";"2";"7";"0";"1";"2";"16";"1";""
"202100030761";"146 775";"A01";"0";"60";"0";"0";"0";"16";"5";""
"202100030762";"146 773";"B01";"3";"7";"12";"0";"5";"1";"1";""
"202100030762";"146 774";"A01";"3";"7";"4";"0";"1";"0";"1";""
"202100030763";"146 771";"A01";"2";"7";"0";"2";"7";"9";"0";""
"202100030763";"146 772";"B01";"2";"7";"0";"2";"1";"1";"0";""
"202100030764";"146 770";"A01";"2";"10";"0";"1";"1";"1";"1";""
"202100030765";"146 769";"A01";"2";"7";"0";"1";"1";"15";"1";""
"202100030766";"146 767";"B01";"2";"1";"0";"2";"1";"1";"5";""
"202100030766";"146 768";"A01";"2";"7";"0";"2";"2";"16";"1";""
"202100030767";"146 764";"A01";"1";"7";"0";"2";"1";"15";"1";""
"202100030767";"146 765";"B01";"1";"7";"0";"2";"4";"1";"1";""
"202100030767";"146 766";"C01";"2";"7";"0";"2";"3";"23";"1";""
"202100030768";"146 763";"A01";"1";"7";"0";"1";"2";"1";"1";""
"202100030769";"146 762";"A01";"3";"7";"14";"0";"1";"1";"0";""
"202100030770";"146 761";"A01";"0";"30";"0";"1";"3";"26";"1";""
"202100030771";"146 758";"B01";"1";"7";"0";"9";"3";"1";"1";""
"202100030771";"146 759";"A01";"1";"36";"1";"2";"1";"14";"1";""
"202100030771";"146 760";"C01";"3";"7";"1";"0";"6";"0";"1";""
"202100030772";"146 756";"B01";"1";"7";"0";"2";"2";"1";"1";""
"202100030772";"146 757";"A01";"1";"7";"0";"2";"3";"15";"1";""
"202100030773";"146 754";"B01";"3";"7";"0";"2";"8";"1";"1";""
"202100030773";"146 755";"A01";"0";"30";"1";"2";"8";"1";"1";""
"202100030774";"146 752";"A01";"2";"30";"0";"2";"7";"17";"1";""
"202100030774";"146 753";"B01";"2";"7";"0";"2";"1";"9";"1";""
"202100030775";"146 751";"A01";"1";"30";"0";"1";"1";"13";"1";""
"202100030776";"146 750";"A01";"2";"43";"0";"2";"8";"3";"1";""
"202100030777";"146 749";"A01";"2";"7";"6";"0";"3";"14";"1";""
"202100030778";"146 747";"B01";"1";"30";"0";"2";"1";"15";"6";""
"202100030778";"146 748";"A01";"2";"7";"0";"2";"2";"15";"1";""
"202100030779";"146 745";"B01";"1";"10";"0";"2";"7";"15";"1";""
"202100030779";"146 746";"A01";"3";"7";"0";"2";"1";"1";"1";""
"202100030780";"146 744";"A01";"1";"7";"0";"1";"1";"1";"1";""
"202100030781";"146 742";"B01";"3";"31";"0";"2";"1";"1";"1";""
"202100030781";"146 743";"A01";"3";"7";"0";"2";"7";"15";"1";""
"202100030782";"146 741";"A01";"3";"7";"0";"1";"1";"9";"1";""
"202100030783";"146 739";"B01";"2";"50";"0";"2";"1";"1";"3";""
"202100030783";"146 740";"A01";"3";"10";"0";"9";"3";"26";"1";""
"202100030784";"146 735";"D01";"2";"13";"0";"2";"4";"23";"6";""
"202100030784";"146 736";"E01";"2";"7";"0";"2";"4";"23";"2";""
"202100030784";"146 737";"A01";"2";"7";"0";"2";"1";"1";"1";""
"202100030784";"146 738";"B01";"2";"7";"1";"2";"4";"23";"1";""
"202100030785";"146 734";"A01";"1";"7";"12";"0";"2";"14";"1";""
"202100030786";"146 733";"A01";"1";"7";"0";"0";"9";"1";"1";""
"202100030787";"146 732";"A01";"3";"7";"0";"1";"1";"9";"1";""
"202100030788";"146 730";"A01";"3";"7";"0";"2";"1";"26";"1";""
"202100030788";"146 731";"B01";"3";"7";"0";"2";"7";"26";"1";""
"202100030789";"146 728";"B01";"2";"34";"0";"2";"7";"1";"1";""
"202100030789";"146 729";"A01";"2";"7";"0";"2";"3";"16";"1";""
"202100030790";"146 726";"A01";"1";"7";"0";"1";"1";"1";"1";""
"202100030791";"146 725";"A01";"0";"30";"0";"1";"1";"26";"1";""
"202100030792";"146 723";"A01";"1";"7";"0";"2";"1";"16";"1";""
"202100030792";"146 724";"B01";"1";"33";"0";"2";"7";"1";"1";""
"202100030793";"146 721";"A01";"2";"30";"0";"2";"1";"1";"3";""
"202100030793";"146 722";"B01";"1";"7";"0";"2";"3";"15";"0";""
"202100030794";"146 719";"A01";"0";"7";"0";"2";"2";"1";"1";""
"202100030794";"146 720";"B01";"2";"1";"0";"2";"1";"0";"5";""
"202100030795";"146 717";"B01";"0";"7";"0";"2";"1";"9";"1";""
"202100030795";"146 718";"A01";"0";"10";"2";"2";"7";"1";"1";""
"202100030796";"146 715";"B01";"3";"1";"0";"2";"1";"1";"5";""
"202100030796";"146 716";"A01";"3";"7";"0";"2";"6";"1";"1";""
"202100030797";"146 714";"A01";"3";"10";"0";"1";"2";"15";"1";""
"202100030798";"146 712";"A01";"1";"7";"0";"2";"8";"1";"1";""
"202100030798";"146 713";"B01";"1";"10";"0";"2";"1";"15";"1";""
"202100030799";"146 710";"A01";"1";"50";"0";"9";"1";"25";"3";""
"202100030799";"146 711";"B01";"2";"50";"0";"9";"1";"25";"3";""
"202100030800";"146 708";"B01";"2";"30";"0";"2";"3";"1";"1";""
"202100030800";"146 709";"A01";"1";"15";"0";"2";"5";"12";"1";""
"202100030801";"146 707";"Z01";"2";"7";"0";"1";"2";"15";"0";""
"202100030802";"146 706";"A01";"0";"50";"0";"0";"0";"1";"3";""
"202100030803";"146 705";"A01";"1";"7";"3";"0";"1";"1";"1";""
"202100030804";"146 702";"C01";"2";"7";"0";"2";"4";"1";"1";""
"202100030804";"146 703";"B01";"2";"10";"0";"2";"4";"2";"1";""
"202100030804";"146 704";"A01";"2";"10";"0";"2";"1";"2";"1";""
"202100030805";"146 700";"B01";"2";"7";"0";"2";"1";"1";"1";""
"202100030805";"146 701";"A01";"1";"7";"0";"2";"8";"19";"1";""
"202100030806";"146 698";"B01";"2";"7";"0";"2";"1";"1";"1";""
"202100030806";"146 699";"A01";"1";"7";"0";"2";"8";"10";"1";""
"202100030807";"146 696";"B01";"1";"7";"0";"2";"4";"1";"1";""
"202100030807";"146 697";"A01";"1";"7";"0";"2";"1";"2";"1";""
"202100030808";"146 695";"A01";"0";"7";"0";"1";"3";"15";"1";""
"202100030809";"146 694";"A01";"1";"30";"0";"1";"1";"1";"1";""
"202100030810";"146 692";"A01";"3";"7";"0";"2";"3";"9";"1";""
"202100030810";"146 693";"B01";"3";"1";"0";"2";"1";"9";"5";""
"202100030811";"146 690";"B01";"1";"3";"8";"2";"1";"1";"1";""
"202100030811";"146 691";"A01";"1";"2";"8";"2";"1";"16";"1";""
"202100030812";"146 689";"A01";"1";"7";"14";"1";"2";"23";"1";""
"202100030813";"146 687";"B01";"2";"32";"0";"2";"4";"2";"1";""
"202100030813";"146 688";"A01";"2";"7";"0";"2";"2";"2";"1";""
"202100030814";"146 685";"A01";"2";"10";"0";"2";"1";"19";"1";""
"202100030814";"146 686";"B01";"1";"30";"0";"2";"7";"14";"1";""
"202100030815";"146 684";"A01";"3";"7";"0";"1";"2";"2";"1";""
"202100030816";"146 683";"A01";"1";"7";"0";"1";"1";"1";"1";""
"202100030817";"146 680";"B01";"1";"32";"0";"2";"4";"15";"1";""
"202100030817";"146 681";"A01";"1";"7";"0";"2";"3";"1";"1";""
"202100030817";"146 682";"C01";"1";"7";"0";"2";"1";"1";"1";""
"202100030818";"146 679";"A01";"1";"7";"0";"1";"1";"1";"1";""
"202100030819";"146 678";"A01";"2";"36";"0";"0";"1";"1";"1";""
"202100030820";"146 676";"B01";"2";"10";"0";"2";"0";"15";"1";""
"202100030820";"146 677";"A01";"2";"7";"0";"2";"2";"17";"1";""
"202100030821";"146 673";"C01";"2";"7";"0";"2";"4";"2";"1";""
"202100030821";"146 674";"B01";"2";"7";"0";"2";"4";"2";"1";""
"202100030821";"146 675";"A01";"2";"10";"0";"2";"1";"2";"1";""
"202100030822";"146 672";"A01";"0";"10";"0";"1";"2";"1";"1";""
"202100030823";"146 670";"B01";"1";"1";"0";"2";"8";"1";"5";""
"202100030823";"146 671";"A01";"1";"7";"0";"2";"1";"9";"1";""
"202100030824";"146 667";"B01";"3";"7";"0";"2";"2";"1";"1";""
"202100030824";"146 668";"A01";"1";"7";"0";"2";"1";"9";"1";""
"202100030825";"146 664";"A01";"3";"7";"0";"2";"1";"13";"1";""
"202100030826";"146 663";"A01";"0";"32";"15";"0";"1";"1";"1";""
"202100030827";"146 661";"B01";"3";"50";"0";"2";"1";"5";"3";""
"202100030827";"146 662";"A01";"3";"7";"0";"2";"3";"15";"1";""
"202100030828";"146 659";"A01";"2";"7";"0";"2";"1";"15";"1";""
"202100030828";"146 660";"B01";"1";"33";"0";"2";"1";"17";"1";""
"202100030829";"146 657";"B01";"1";"7";"0";"2";"2";"2";"1";""
"202100030829";"146 658";"A01";"1";"7";"0";"2";"6";"2";"1";""
"202100030830";"146 654";"A01";"1";"7";"0";"2";"1";"2";"1";""
"202100030830";"146 655";"B01";"1";"7";"0";"2";"4";"23";"1";""
"202100030830";"146 656";"C01";"1";"7";"0";"2";"4";"2";"1";""
"202100030831";"146 651";"A01";"2";"7";"0";"2";"1";"2";"1";""