"Num_Acc";"id_vehicule";"num_veh";"senc";"catv";"obs";"obsm";"choc";"manv";"motor";"occutc"
"202100031458";"145 515";"A01";"1";"7";"0";"9";"2";"1";"1";""
"202100031458";"145 516";"B01";"3";"1";"0";"2";"1";"9";"5";""
"202100031459";"145 513";"B01";"2";"2";"0";"2";"1";"19";"1";""
"202100031459";"145 514";"A01";"3";"7";"0";"2";"5";"19";"1";""
"202100031460";"145 512";"A01";"1";"31";"0";"0";"7";"1";"0";""
"202100031461";"145 511";"A01";"1";"14";"0";"0";"7";"1";"1";""
"202100031462";"145 510";"A01";"1";"33";"2";"0";"1";"13";"1";""
"202100031463";"145 509";"A01";"1";"31";"0";"1";"0";"0";"1";""
"202100031464";"145 507";"A01";"2";"1";"0";"2";"8";"1";"5";""
"202100031464";"145 508";"B01";"2";"7";"0";"2";"2";"1";"1";""
"202100031465";"145 505";"B01";"1";"1";"0";"2";"1";"1";"5";""
"202100031465";"145 506";"A01";"2";"7";"0";"2";"3";"15";"1";""
"202100031466";"145 504";"A01";"2";"1";"0";"0";"0";"1";"5";""
"202100031467";"145 502";"B01";"2";"1";"0";"2";"1";"1";"5";""
"202100031467";"145 503";"A01";"1";"7";"0";"2";"2";"15";"1";""
"202100031468";"145 501";"A01";"3";"10";"0";"1";"2";"0";"1";""
"202100031469";"145 499";"A01";"2";"33";"13";"0";"0";"17";"1";""
"202100031469";"145 500";"B01";"2";"21";"0";"0";"0";"15";"1";""
"202100031470";"145 497";"A01";"3";"31";"0";"2";"1";"1";"1";""
"202100031470";"145 498";"B01";"3";"7";"0";"2";"3";"1";"1";""
"202100031471";"145 495";"B01";"2";"1";"0";"2";"1";"25";"5";""
"202100031471";"145 496";"A01";"1";"37";"0";"2";"5";"1";"0";"1"
"202100031472";"145 494";"A01";"3";"33";"3";"0";"5";"1";"1";""
"202100031473";"145 493";"A01";"3";"7";"0";"1";"1";"1";"1";""
"202100031474";"145 491";"B01";"2";"7";"0";"2";"2";"1";"1";""
"202100031474";"145 492";"A01";"1";"1";"0";"2";"1";"5";"5";""
"202100031475";"145 490";"A01";"0";"7";"0";"1";"2";"20";"1";""
"202100031476";"145 489";"A01";"1";"2";"0";"0";"1";"1";"0";""
"202100031477";"145 488";"A01";"1";"15";"2";"0";"8";"1";"1";""
"202100031478";"145 486";"A01";"2";"7";"0";"2";"1";"0";"0";""
"202100031478";"145 487";"B01";"1";"7";"0";"2";"1";"0";"1";""
"202100031479";"145 484";"B01";"2";"7";"0";"0";"1";"1";"1";""
"202100031479";"145 485";"A01";"1";"7";"0";"0";"1";"0";"1";""
"202100031480";"145 483";"A01";"1";"7";"0";"1";"7";"1";"1";""
"202100031481";"145 482";"A01";"0";"7";"0";"0";"1";"0";"1";""
"202100031482";"145 480";"B01";"0";"2";"0";"2";"1";"1";"1";""
"202100031482";"145 481";"A01";"0";"7";"0";"2";"6";"15";"1";""
"202100031483";"145 478";"B01";"0";"33";"0";"2";"1";"1";"1";""
"202100031483";"145 479";"A01";"0";"7";"0";"2";"3";"15";"1";""
"202100031484";"145 476";"A01";"1";"21";"0";"2";"3";"15";"1";""
"202100031484";"145 477";"B01";"2";"1";"5";"2";"1";"1";"5";""
"202100031485";"145 474";"A01";"2";"7";"0";"9";"7";"2";"1";""
"202100031485";"145 475";"B01";"2";"1";"0";"2";"8";"2";"5";""
"202100031486";"145 472";"A01";"1";"14";"0";"2";"3";"13";"1";""
"202100031486";"145 473";"B01";"2";"17";"0";"2";"3";"0";"1";""
"202100031487";"145 471";"A01";"2";"33";"8";"0";"1";"1";"1";""
"202100031488";"145 470";"A01";"1";"14";"0";"9";"3";"1";"1";""
"202100031489";"145 469";"A01";"1";"2";"8";"0";"2";"1";"1";""
"202100031490";"145 468";"A01";"1";"10";"0";"1";"3";"1";"1";""
"202100031491";"145 466";"B01";"0";"2";"0";"2";"0";"1";"1";""
"202100031491";"145 467";"A01";"1";"2";"0";"2";"2";"1";"1";""
"202100031492";"145 465";"A01";"2";"7";"6";"0";"9";"0";"6";""
"202100031493";"145 463";"A01";"2";"7";"0";"2";"3";"17";"1";""
"202100031493";"145 464";"B01";"2";"10";"0";"2";"6";"17";"1";""
"202100031494";"145 461";"B01";"2";"7";"0";"2";"8";"23";"1";""
"202100031494";"145 462";"A01";"2";"7";"4";"2";"9";"17";"1";""
"202100031495";"145 459";"B01";"2";"7";"15";"2";"3";"1";"1";""
"202100031495";"145 460";"A01";"1";"7";"0";"2";"3";"13";"1";""
"202100031496";"145 457";"A01";"1";"33";"15";"0";"1";"17";"1";""
"202100031496";"145 458";"B01";"1";"7";"0";"0";"6";"15";"1";""
"202100031497";"145 456";"A01";"1";"2";"0";"0";"8";"1";"1";""
"202100031498";"145 454";"B01";"3";"1";"0";"2";"7";"1";"5";""
"202100031498";"145 455";"A01";"1";"7";"0";"2";"1";"9";"1";""
"202100031499";"145 452";"A01";"2";"15";"0";"2";"5";"2";"1";""
"202100031499";"145 453";"B01";"2";"3";"0";"2";"3";"2";"1";""
"202100031500";"145 451";"A01";"1";"7";"0";"0";"3";"15";"1";""
"202100031501";"145 450";"A01";"2";"31";"12";"0";"1";"0";"1";""
"202100031502";"145 448";"A01";"1";"7";"0";"2";"7";"15";"1";""
"202100031502";"145 449";"B01";"2";"33";"0";"2";"1";"1";"1";""
"202100031503";"145 447";"A01";"2";"7";"6";"0";"2";"14";"1";""
"202100031504";"145 446";"A01";"0";"33";"14";"0";"9";"1";"1";""
"202100031505";"145 444";"A01";"2";"7";"0";"2";"4";"1";"1";""
"202100031505";"145 445";"B01";"2";"7";"0";"2";"1";"2";"1";""
"202100031506";"145 442";"B01";"2";"15";"0";"2";"3";"1";"1";""
"202100031506";"145 443";"A01";"1";"7";"0";"2";"3";"17";"1";""
"202100031507";"145 440";"A01";"2";"33";"2";"2";"3";"5";"1";""
"202100031507";"145 441";"B01";"1";"7";"0";"2";"3";"1";"1";""
"202100031508";"145 438";"B01";"2";"10";"0";"0";"1";"1";"1";""
"202100031508";"145 439";"A01";"1";"33";"0";"2";"1";"13";"1";""
"202100031509";"145 437";"A01";"2";"33";"8";"0";"1";"1";"1";""
"202100031510";"145 436";"A01";"1";"10";"0";"1";"2";"1";"1";""
"202100031511";"145 434";"A01";"1";"7";"15";"2";"1";"0";"1";""
"202100031511";"145 435";"B01";"2";"7";"0";"2";"1";"9";"1";""
"202100031512";"145 432";"A01";"2";"1";"0";"2";"8";"19";"5";""
"202100031512";"145 433";"B01";"2";"7";"0";"2";"2";"16";"1";""
"202100031513";"145 431";"A01";"2";"7";"13";"0";"1";"15";"1";""
"202100031514";"145 429";"A01";"1";"7";"3";"2";"1";"26";"1";""
"202100031514";"145 430";"B01";"2";"10";"0";"2";"2";"21";"1";""
"202100031515";"145 428";"A01";"3";"33";"6";"0";"1";"1";"1";""
"202100031516";"145 426";"A01";"1";"2";"0";"2";"7";"15";"1";""
"202100031516";"145 427";"B01";"2";"7";"0";"2";"2";"1";"1";""
"202100031517";"145 425";"A01";"0";"7";"2";"1";"0";"1";"1";""
"202100031518";"145 424";"A01";"2";"7";" -1";"0";"8";"1";"1";""
"202100031519";"145 422";"A01";"2";"7";"0";"2";"1";"11";"1";""
"202100031519";"145 423";"B01";"1";"7";"0";"2";"1";"1";"1";""
"202100031520";"145 421";"A01";"3";"7";"0";"1";"3";"1";"1";""
"202100031521";"145 420";"A01";"1";"7";"6";"0";"2";"2";"1";""
"202100031522";"145 417";"C01";"1";"1";"0";"2";"1";"1";"5";""
"202100031522";"145 418";"B01";"1";"1";"0";"2";"1";"1";"5";""
"202100031522";"145 419";"A01";"2";"7";"0";"9";"2";"15";"0";""
"202100031523";"145 415";"A01";"1";"7";"0";"2";"1";"21";"1";""
"202100031523";"145 416";"B01";"2";"1";"0";"2";"1";"13";"5";""
"202100031524";"145 413";"A01";"1";"7";"1";"0";"1";"0";"1";""
"202100031525";"145 412";"A01";"0";"30";"0";"0";"0";"2";"1";""
"202100031526";"145 410";"A01";"2";"34";"0";"2";"1";"1";"1";""
"202100031526";"145 411";"B01";"2";"33";"0";"2";"3";"13";"1";""
"202100031527";"145 409";"A01";"1";"33";"0";"0";"1";"21";"1";""
"202100031528";"145 407";"Z01";"2";"7";"0";"2";"4";"12";"1";""
"202100031528";"145 408";"A01";"2";"33";"0";"2";"1";"26";"1";""
"202100031529";"145 405";"A01";"2";"7";"0";"2";"4";"2";"1";""
"202100031529";"145 406";"B01";"2";"7";"0";"2";"1";"2";"1";""
"202100031530";"145 403";"A01";"1";"7";"0";"2";"4";"2";"1";""
"202100031530";"145 404";"B01";"1";"7";"0";"2";"1";"2";"1";""
"202100031531";"145 401";"A01";"2";"7";"0";"2";"4";"2";"1";""
"202100031531";"145 402";"B01";"2";"7";"0";"2";"1";"2";"1";""
"202100031532";"145 399";"A01";"2";"17";"0";"2";"1";"1";"1";""
"202100031532";"145 400";"B01";"2";"7";"0";"2";"8";"9";"1";""
"202100031533";"145 397";"A01";"1";"7";"0";"2";"4";"1";"2";""
"202100031533";"145 398";"B01";"1";"7";"0";"2";"1";"1";"1";""
"202100031534";"145 393";"A01";"1";"7";"4";"0";"0";"26";"1";""
"202100031534";"145 394";"B01";"1";"7";"0";"2";"0";"0";"1";""
"202100031534";"145 395";"C01";"1";"7";"0";"2";"0";"0";"1";""
"202100031534";"145 396";"D01";"1";"7";"0";"2";"0";"0";"1";""
"202100031535";"145 391";"B01";"1";"7";"0";"2";"4";"23";"1";""
"202100031535";"145 392";"A01";"1";"7";"0";"2";"1";"1";"1";""
"202100031536";"145 389";"B01";"2";"33";"0";"2";"2";"1";"1";""
"202100031536";"145 390";"A01";"2";"7";"0";"2";"8";"11";"1";""
"202100031537";"145 385";"D01";"2";"15";"0";"2";"4";"23";"1";""
"202100031537";"145 386";"C01";"2";"10";"0";"2";"4";"23";"1";""
"202100031537";"145 387";"B01";"2";"15";"0";"2";"4";"23";"1";""
"202100031537";"145 388";"A01";"2";"13";"0";"2";"1";"1";"1";""
"202100031538";"145 383";"B01";"1";"13";"0";"2";"0";"0";"1";""
"202100031538";"145 384";"A01";"1";"7";"1";"0";"2";"14";"1";""
"202100031539";"145 381";"A01";"1";"17";"0";"2";"3";"12";"1";""
"202100031539";"145 382";"B01";"2";"7";"0";"2";"1";"2";"1";""
"202100031540";"145 379";"B01";"2";"33";"0";"2";"8";"3";"1";""
"202100031540";"145 380";"A01";"2";"7";"0";"2";"7";"12";"1";""
"202100031541";"145 377";"B01";"1";"7";"0";"2";"8";"11";"1";""
"202100031541";"145 378";"A01";"1";"33";"0";"2";"7";"1";"1";""
"202100031542";"145 375";"A01";"1";"10";"0";"2";"1";"1";"1";""
"202100031542";"145 376";"B01";"2";"7";"0";"2";"4";"2";"1";""
"202100031543";"145 374";"A01";"1";"7";"0";"0";"0";"21";"1";""
"202100031544";"145 372";"A01";"2";"43";"0";"2";"1";"18";"1";""
"202100031544";"145 373";"B01";"2";"7";"0";"2";"8";"11";"1";""
"202100031545";"145 370";"B01";"2";"7";"0";"0";"5";"1";"1";""
"202100031545";"145 371";"A01";"2";"7";"0";"2";"3";"1";"1";""
"202100031546";"145 369";"A01";"1";"7";"4";"0";"2";"14";"1";""
"202100031547";"145 368";"A01";"2";"34";"4";"0";"2";"14";"1";""
"202100031548";"145 367";"A01";"1";"7";"0";"0";"0";"1";"1";""
"202100031549";"145 365";"A01";"1";"7";"0";"2";"1";"2";"1";""
"202100031549";"145 366";"B01";"2";"7";"4";"2";"4";"2";"1";""
"202100031550";"145 364";"A01";"2";"7";"4";"0";"1";"14";"1";""
"202100031551";"145 362";"A01";"1";"10";"0";"2";"1";"1";"1";""
"202100031551";"145 363";"B01";"1";"7";"5";"2";"4";"23";"1";""
"202100031552";"145 361";"A01";"1";"7";"4";"0";"1";"1";"1";""
"202100031553";"145 358";"A01";"1";"7";"0";"2";"8";"13";"1";""
"202100031553";"145 359";"C01";"1";"15";"0";"2";"3";"1";"1";""
"202100031553";"145 360";"B01";"1";"10";"0";"2";"7";"0";"1";""
"202100031554";"145 356";"B01";"2";"7";"0";"2";"6";"1";"1";""
"202100031554";"145 357";"A01";"2";"7";"0";"2";"2";"26";"1";""
"202100031555";"145 354";"A01";"1";"31";"0";"2";"9";"3";"1";""
"202100031555";"145 355";"B01";"1";"7";"0";"0";"2";"1";"1";""
"202100031556";"145 351";"A01";"1";"33";"0";"2";"1";"3";"1";""
"202100031556";"145 352";"B01";"1";"10";"0";"2";"5";"1";"1";""
"202100031556";"145 353";"C01";"1";"7";"0";"2";"6";"1";"1";""
"202100031557";"145 348";"B01";"2";"10";"1";"0";"4";"23";"1";""
"202100031557";"145 349";"C01";"2";"7";"0";"2";"4";"1";"1";""
"202100031557";"145 350";"A01";"2";"10";"1";"0";"1";"1";"1";""
"202100031558";"145 345";"A01";"3";"7";"0";"9";"1";"1";"1";""
"202100031558";"145 346";"B01";"3";"1";"0";"2";"1";"1";"5";""
"202100031559";"145 343";"A01";"3";"7";"1";"1";"1";"1";"1";""
"202100031559";"145 344";"B01";"3";"7";"0";"0";"1";"24";"1";""
"202100031560";"145 341";"B01";"3";"7";"12";"2";"2";"1";"1";""
"202100031560";"145 342";"A01";"3";"1";"0";"2";"1";"15";"5";""
"202100031561";"145 339";"B01";"3";"7";"0";"2";"2";"15";"1";""
"202100031561";"145 340";"A01";"3";"7";"0";"2";"0";"1";"1";""
"202100031562";"145 337";"B01";"1";"7";"0";"2";"2";"1";"1";""
"202100031562";"145 338";"A01";"1";"7";"0";"2";"8";"16";"1";""
"202100031563";"145 336";"A01";"1";"7";"0";"1";"3";"1";"1";""
"202100031564";"145 334";"B01";"1";"33";"0";"2";"1";"1";"1";""
"202100031564";"145 335";"A01";"1";"7";"0";"2";"7";"15";"1";""
"202100031565";"145 333";"A01";"1";"7";"0";"1";"1";"1";"1";""
"202100031566";"145 331";"B01";"3";"7";"0";"2";"4";"1";"1";""
"202100031566";"145 332";"A01";"3";"7";"0";"2";"1";"0";"1";""
"202100031567";"145 329";"B01";"1";"50";"0";"2";"8";"15";"3";""
"202100031567";"145 330";"C01";"1";"7";"0";"2";"5";"17";" -1";""
"202100031568";"145 327";"A01";"2";"7";"0";"2";"5";"26";"1";""
"202100031568";"145 328";"B01";"2";"31";"0";"2";"1";"1";"1";""
"202100031569";"145 324";"A01";"3";"7";"0";"2";"1";"2";"1";""
"202100031569";"145 325";"B01";"3";"7";"0";"2";"4";"23";"1";""
"202100031569";"145 326";"C01";"3";"7";"0";"2";"4";"23";"1";""
"202100031570";"145 323";"Z01";"3";"7";"0";"1";"0";"4";"1";""
"202100031571";"145 322";"A01";"1";"10";"0";"1";"1";"1";"1";""
"202100031572";"145 320";"A01";"0";"30";"0";"1";"1";"1";"1";""
"202100031572";"145 321";"B01";"0";"37";"0";"1";"3";"1";"0";"1"
"202100031573";"145 318";"B01";"1";"7";"0";"2";"1";"9";"1";""
"202100031573";"145 319";"A01";"2";"30";"0";"2";"0";"1";"3";""
"202100031574";"145 314";"D01";"1";"7";"4";"2";"4";"2";"1";""
"202100031574";"145 315";"C01";"1";"10";"0";"2";"4";"2";"1";""
"202100031574";"145 316";"A01";"1";"7";"0";"2";"1";"2";"1";""
"202100031574";"145 317";"B01";"1";"7";"0";"2";"0";"23";"1";""
"202100031575";"145 313";"A01";"1";"7";"0";"1";"1";"1";"1";""
"202100031576";"145 312";"A01";"0";"3";"9";"0";"1";"1";"3";""
"202100031577";"145 310";"B01";"2";"7";"0";"2";"1";"0";"1";""
"202100031577";"145 311";"A01";"1";"7";"0";"2";"7";"15";"1";""
"202100031578";"145 308";"B01";"1";"1";"0";"2";"0";"1";"5";""
"202100031578";"145 309";"A01";"1";"7";"0";"2";"1";"9";"1";""
"202100031579";"145 307";"A01";"2";"7";"0";"1";"2";"1";"3";""
"202100031580";"145 305";"B01";"0";"7";"0";"2";"1";"1";"1";""
"202100031580";"145 306";"A01";"0";"30";"0";"2";"1";"13";"1";""
"202100031581";"145 302";"B01";"1";"7";"0";"2";"1";"0";"0";""
"202100031581";"145 303";"A01";"1";"7";"0";"2";"4";"1";"1";""
"202100031581";"145 304";"C01";"1";"7";"0";"2";"1";"1";"1";""
"202100031582";"145 300";"A01";"1";"7";"0";"2";"1";"1";"1";""
"202100031582";"145 301";"B01";"1";"30";"0";"2";"7";"15";"1";""
"202100031583";"145 299";"A01";"2";"7";"0";"1";"1";"1";"1";""
"202100031584";"145 297";"B01";"2";"43";"0";"2";"1";"1";"1";""
"202100031584";"145 298";"A01";"1";"7";"0";"2";"5";"15";"1";""
"202100031585";"145 296";"A01";"3";"7";"0";"1";"2";"26";"1";""
"202100031586";"145 294";"B01";"1";"7";"0";"2";"2";"12";"1";""
"202100031586";"145 295";"A01";"1";"32";"0";"2";"3";"3";"1";""
"202100031587";"145 291";"A01";"1";"32";"0";"2";"8";"16";"1";""
"202100031587";"145 292";"C01";"1";"7";"0";"2";"7";"23";"1";""
"202100031587";"145 293";"B01";"1";"7";"0";"2";"2";"18";"1";""
"202100031588";"145 290";"A01";"2";"31";"0";"1";"6";"1";"1";""
"202100031589";"145 288";"B01";"2";"7";"0";"2";"1";"1";"1";""
"202100031589";"145 289";"A01";"2";"10";"0";"2";"5";"9";"1";""
"202100031590";"145 287";"A01";"2";"43";"0";"1";"1";"1";"1";""
"202100031591";"145 285";"B01";"2";"7";"0";"2";"5";"16";"1";""
"202100031591";"145 286";"A01";"2";"32";"0";"2";"1";"1";"1";""
"202100031592";"145 283";"A01";"2";"7";"0";"2";"7";"1";"1";""
"202100031592";"145 284";"Z01";"2";"7";"0";"2";"1";"1";"1";""
"202100031593";"145 282";"A01";"2";"30";"0";"1";"1";"1";"3";""
"202100031594";"145 280";"A01";"1";"50";"0";"2";"2";"17";"3";""
"202100031594";"145 281";"B01";"1";"7";"0";"2";"3";"23";"1";""
"202100031595";"145 279";"A01";"3";"7";"1";"0";"1";"13";"1";""
"202100031596";"145 278";"A01";"3";"31";"0";"0";"0";"1";"1";""
"202100031597";"145 276";"B01";"1";"30";"0";"2";"4";"23";"1";""
"202100031597";"145 277";"A01";"1";"7";"0";"2";"1";"2";"1";""
"202100031598";"145 275";"Z01";"1";"2";"0";"1";"1";"1";"0";""
"202100031599";"145 274";"A01";"1";"33";"0";"1";"2";"5";"1";""
"202100031600";"145 272";"A01";"0";"7";"0";"2";"3";"13";"1";""
"202100031600";"145 273";"B01";"0";"33";"0";"2";"2";"1";"1";""
"202100031601";"145 270";"A01";"0";"10";"0";"2";"0";"1";"1";""
"202100031601";"145 271";"B01";"0";"30";"0";"2";"8";"1";"1";""
"202100031602";"145 268";"A01";"1";"7";"0";"2";"1";"2";"1";""
"202100031602";"145 269";"B01";"1";"7";"0";"2";"4";"23";"1";""
"202100031603";"145 266";"B01";"1";"7";"0";"2";"3";"15";"2";""
"202100031603";"145 267";"A01";"2";"32";"0";"2";"2";"3";"1";""
"202100031604";"145 264";"B01";"2";"7";"0";"2";"3";"15";"1";""
"202100031604";"145 265";"A01";"2";"33";"0";"2";"2";"17";"1";""
"202100031605";"145 262";"A01";"1";"7";"0";"2";"1";"1";"1";""
"202100031605";"145 263";"B01";"2";"7";"0";"2";"8";"15";"1";""
"202100031606";"145 261";"A01";"2";"7";"0";"1";"2";"1";"1";""
"202100031607";"145 260";"A01";"0";"31";"0";"0";"0";"0";"0";""
"202100031608";"145 258";"B01";"1";"37";"0";"2";"6";"1";"1";"1"
"202100031608";"145 259";"A01";"1";"7";"0";"2";"0";"2";"1";""
"202100031609";"145 256";"A01";"2";"7";"0";"2";"1";"2";"1";""
"202100031609";"145 257";"B01";"2";"2";"0";"2";"4";"11";"1";""
"202100031610";"145 254";"Z01";"1";"7";"0";"2";"8";"11";"1";""
"202100031610";"145 255";"A01";"1";"7";"0";"2";"2";"1";"1";""
"202100031611";"145 252";"A01";"1";"32";"0";"2";"8";"11";"1";""
"202100031611";"145 253";"B01";"1";"7";"0";"2";"2";"1";"1";""
"202100031612";"145 248";"B01";"3";"99";"0";"0";"0";"0";"6";""
"202100031612";"145 249";"A01";"1";"15";"0";"2";"6";"13";"1";""
"202100031612";"145 250";"C01";"3";"10";"0";"2";"6";"0";"1";""
"202100031612";"145 251";"D01";"1";"7";"0";"2";"7";"15";"1";""
"202100031613";"145 245";"A01";"1";"7";"0";"2";"1";"1";"1";""
"202100031613";"145 246";"B01";"1";"7";"0";"2";"4";"1";"1";""
"202100031613";"145 247";"C01";"1";"7";"0";"0";"0";"10";"1";""
"202100031614";"145 243";"B01";"1";"1";"0";"2";"1";"2";"5";""
"202100031614";"145 244";"A01";"1";"7";"0";"2";"6";"23";"1";""
"202100031615";"145 241";"B01";"3";"2";"0";"2";"8";"1";"1";""
"202100031615";"145 242";"A01";"3";"7";"0";"2";"1";"15";"1";""
"202100031616";"145 240";"A01";"1";"7";"4";"0";"9";"14";"1";""
"202100031617";"145 239";"A01";"2";"32";"0";"1";"0";"21";"1";""
"202100031618";"145 238";"A01";"0";"7";"0";"1";"7";"1";"1";""
"202100031619";"145 237";"A01";"2";"7";"0";"1";"1";"1";"1";""
"202100031620";"145 233";"A01";"2";"32";"0";"2";"1";"2";"1";""
"202100031620";"145 234";"B01";"2";"7";"0";"2";"4";"15";"1";""
"202100031621";"145 232";"A01";"3";"7";"0";"1";"1";"1";"1";""
"202100031622";"145 230";"A01";"1";"2";"0";"2";"1";"1";"1";""
"202100031622";"145 231";"B01";"2";"7";"0";"2";"3";"1";"1";""
"202100031623";"145 228";"B01";"1";"50";"0";"2";"8";"1";"3";""
"202100031623";"145 229";"A01";"1";"7";"0";"2";"1";"9";"1";""
"202100031624";"145 226";"A01";"3";"30";"0";"2";"1";"15";"1";""
"202100031624";"145 227";"B01";"2";"33";"0";"2";"8";"1";"0";""
"202100031625";"145 224";"B01";"1";"7";"0";"2";"4";"1";"1";""
"202100031625";"145 225";"A01";"1";"7";"0";"2";"1";"2";"1";""
"202100031626";"145 222";"A01";"2";"30";"0";"2";"2";"2";"1";""
"202100031626";"145 223";"B01";"2";"7";"0";"2";"3";"15";"1";""
"202100031627";"145 220";"A01";"2";"7";"0";"2";"7";"15";"1";""
"202100031627";"145 221";"B01";"1";"31";"0";"2";"1";"1";"3";""
"202100031628";"145 218";"B01";"2";"7";"0";"2";"4";"23";"1";""
"202100031628";"145 219";"A01";"2";"7";"8";"2";"1";"2";"1";""
"202100031629";"145 216";"B01";"2";"33";"0";"2";"8";"3";"1";""
"202100031629";"145 217";"A01";"2";"7";"0";"2";"2";"12";"1";""
"202100031630";"145 214";"A01";"3";"7";"0";"2";"1";"1";"1";""
"202100031630";"145 215";"B01";"3";"7";"0";"2";"7";"1";"1";""
"202100031631";"145 213";"A01";"0";"7";"13";"0";"3";"1";"1";""
"202100031632";"145 212";"A01";"1";"7";"6";"0";"2";"1";"1";""
"202100031633";"145 211";"A01";"1";"3";"1";"0";"2";"1";"1";""
"202100031634";"145 209";"B01";"1";"7";"0";"2";"2";"1";"1";""
"202100031634";"145 210";"A01";"1";"7";"9";"2";"3";"1";"3";""
"202100031635";"145 207";"A01";"1";"7";"0";"2";"1";"13";"1";""
"202100031635";"145 208";"B01";"2";"13";"0";"2";"3";"1";"1";""
"202100031636";"145 205";"A01";"2";"7";"0";"2";"3";"26";"1";""
"202100031636";"145 206";"B01";"2";"7";"0";"2";"2";"1";"1";""
"202100031637";"145 203";"B01";"1";"7";"0";"2";"1";"1";"1";""
"202100031637";"145 204";"A01";"2";"7";"0";"2";"1";"13";"1";""
"202100031638";"145 201";"A01";"1";"7";"0";"9";"2";"13";"1";""
"202100031638";"145 202";"B01";"1";"1";"0";"2";"6";"1";"6";""
"202100031639";"145 199";"B01";"1";"10";"0";"2";"2";"1";"1";""
"202100031639";"145 200";"A01";"1";"1";"0";"2";"1";"19";"5";""
"202100031640";"145 197";"B01";"1";"21";"0";"0";"8";"15";"1";""
"202100031640";"145 198";"A01";"1";"31";"0";"2";"1";"17";"1";""
"202100031641";"145 196";"A01";"1";"7";"3";"0";"1";"1";"0";""
"202100031642";"145 195";"A01";"2";"7";"0";"1";"2";"1";"1";""
"202100031643";"145 193";"A01";"1";"7";"0";"2";"1";"1";"1";""
"202100031643";"145 194";"B01";"1";"1";"0";"2";"6";"15";"5";""
"202100031644";"145 191";"B01";"3";"1";"0";"2";"1";"1";"5";""
"202100031644";"145 192";"A01";"3";"7";"0";"9";"1";"1";"1";""
"202100031645";"145 190";"A01";"3";"7";"13";"0";"3";"13";"1";""
"202100031646";"145 188";"B01";"2";"21";"0";"2";"8";"1";"1";""
"202100031646";"145 189";"A01";"1";"33";"0";"2";"8";"1";"1";""
"202100031647";"145 185";"C01";"1";"21";"15";"2";"3";"14";"1";""
"202100031647";"145 186";"B01";"2";"10";"0";"2";"1";"1";"1";""
"202100031647";"145 187";"A01";"1";"15";"0";"2";"7";"17";"1";""
"202100031648";"145 183";"A01";"2";"30";"0";"2";"8";"15";"1";""
"202100031648";"145 184";"B01";"2";"7";"0";"2";"2";"1";"1";""
"202100031649";"145 182";"A01";"1";"2";"13";"0";"9";"16";"1";""
"202100031650";"145 181";"A01";"1";"7";"0";"1";"0";"15";"1";""
"202100031651";"145 180";"A01";"2";"33";"0";"0";"0";"15";"1";""
"202100031652";"145 178";"A01";"1";"7";"3";"2";"3";"13";"1";""
"202100031652";"145 179";"B01";"2";"7";"3";"2";"3";"1";"1";""
"202100031653";"145 176";"A01";"2";"7";"15";"2";"1";"5";"1";""
"202100031653";"145 177";"B01";"1";"7";"0";"2";"1";"1";"1";""
"202100031654";"145 174";"B01";"2";"7";"0";"2";"8";"2";"1";""
"202100031654";"145 175";"A01";"1";"7";"0";"2";"8";"5";"1";""
"202100031655";"145 171";"A01";"1";"7";"0";"9";"3";"15";"0";""
"202100031655";"145 172";"B01";"1";"1";"0";"2";"1";"17";"5";""
"202100031656";"145 169";"B01";"1";"17";"0";"2";"3";"1";"1";""
"202100031656";"145 170";"A01";"2";"7";"0";"2";"1";"11";"1";""
"202100031657";"145 167";"A01";"2";"10";"0";"2";"2";"15";"1";""
"202100031657";"145 168";"B01";"1";"33";"0";"2";"3";"1";"1";""
"202100031658";"145 166";"A01";"1";"33";"16";"0";"1";"0";"1";""
"202100031659";"145 165";"A01";"2";"33";"12";"0";"0";"1";"1";""
"202100031660";"145 163";"B01";"2";"7";"0";"2";"1";"1";"1";""
"202100031660";"145 164";"A01";"1";"7";"0";"2";"1";"13";"1";""
"202100031661";"145 161";"A01";"1";"7";"0";"2";"1";"1";"1";""
"202100031661";"145 162";"B01";"1";"1";"0";"2";"7";"19";"5";""
"202100031662";"145 159";"B01";"1";"15";"0";"2";"2";"1";"1";""
"202100031662";"145 160";"A01";"1";"7";"0";"0";"8";"9";"1";""
"202100031663";"145 158";"A01";"0";"7";"15";"0";"1";"11";"1";""
"202100031664";"145 156";"A01";"2";"31";"0";"2";"1";"1";"1";""
"202100031664";"145 157";"B01";"2";"7";"0";"2";"2";"0";"1";""
"202100031665";"145 154";"B01";"2";"10";"0";"2";"8";"1";"1";""
"202100031665";"145 155";"A01";"2";"1";"0";"2";"1";"1";"5";""
"202100031666";"145 153";"A01";"3";"33";"0";"0";"8";"1";"1";""
"202100031667";"145 152";"A01";"3";"7";"13";"0";"0";"1";"1";""
"202100031668";"145 148";"A01";"2";"7";"0";"2";"1";"1";"2";""
"202100031668";"145 149";"B01";"1";"7";"15";"2";"8";"1";"1";""
"202100031669";"145 146";"A01";"2";"14";"0";"2";"3";"15";"1";""
"202100031669";"145 147";"B01";"1";"33";"0";"2";"1";"1";"1";""
"202100031670";"145 145";"A01";"2";"7";"0";"0";"2";"1";"1";""
"202100031671";"145 143";"A01";"2";"7";"0";"2";"1";"13";"1";""