"Num_Acc";"id_vehicule";"num_veh";"senc";"catv";"obs";"obsm";"choc";"manv";"motor";"occutc"
"202100031671";"145 144";"B01";"1";"7";"0";"2";"1";"1";"1";""
"202100031672";"145 141";"A01";"1";"7";"0";"2";"1";"5";"2";""
"202100031672";"145 142";"B01";"2";"7";"0";"2";"1";"1";"1";""
"202100031673";"145 140";"B01";"1";"7";"1";"0";"1";"17";"2";""
"202100031674";"145 139";"A01";"1";"7";"13";"0";"1";"14";"1";""
"202100031675";"145 138";"A01";"3";"7";"0";"1";"2";"19";"1";""
"202100031676";"145 135";"A01";"2";"7";"0";"2";"1";"1";"1";""
"202100031676";"145 136";"B01";"1";"2";"0";"2";"7";"15";"1";""
"202100031677";"145 134";"A01";"1";"43";"11";"9";"8";"6";"1";""
"202100031678";"145 132";"A01";"1";"7";"0";"2";"1";"0";"1";""
"202100031678";"145 133";"B01";"1";"7";"0";"2";"1";"0";"1";""
"202100031679";"145 131";"A01";"2";"2";"0";"6";"1";"1";"1";""
"202100031680";"145 130";"A01";"1";"33";"0";"1";"1";"26";"1";""
"202100031681";"145 129";"A01";"1";"33";"0";"0";"7";"1";"1";""
"202100031682";"145 127";"A01";"1";"7";"0";"2";"3";"15";"1";""
"202100031682";"145 128";"B01";"1";"31";"0";"2";"7";"17";"1";""
"202100031683";"145 125";"B01";"1";"7";"3";"2";"1";"0";"1";""
"202100031683";"145 126";"A01";"2";"7";"8";"2";"9";"0";"1";""
"202100031684";"145 123";"B01";"3";"1";"0";"2";"1";"19";"5";""
"202100031684";"145 124";"A01";"1";"7";"0";"9";"2";"1";"1";""
"202100031685";"145 122";"A01";"3";"7";"0";"0";"9";"16";"1";""
"202100031686";"145 121";"A01";"2";"32";"3";"0";"2";"1";"1";""
"202100031687";"145 119";"C01";"2";"7";"0";"2";"1";"26";"1";""
"202100031687";"145 120";"A01";"2";"2";"0";"0";"4";"2";"1";""
"202100031688";"145 117";"A01";"2";"7";"0";"2";"3";"11";"1";""
"202100031688";"145 118";"B01";"2";"33";"0";"2";"1";"17";"1";""
"202100031689";"145 114";"C01";"2";"7";"0";"2";"1";"15";"1";""
"202100031689";"145 115";"B01";"1";"2";"0";"2";"2";"1";"1";""
"202100031689";"145 116";"A01";"1";"7";"0";"2";"3";"9";"1";""
"202100031690";"145 113";"A01";"2";"7";"6";"0";"3";"1";"1";""
"202100031691";"145 112";"A01";"2";"7";"0";"0";"2";"26";"2";""
"202100031692";"145 110";"A01";"0";"7";"0";"2";"1";"2";"1";""
"202100031692";"145 111";"B01";"0";"14";"0";"0";"6";"2";"0";""
"202100031693";"145 109";"A01";"2";"7";"8";"0";"9";"1";"1";""
"202100031694";"145 107";"B01";"2";"33";"6";"2";"1";"17";"1";""
"202100031694";"145 108";"A01";"1";"10";"0";"2";"8";"15";"1";""
"202100031695";"145 105";"A01";"2";"7";"0";"2";"7";"2";"1";""
"202100031695";"145 106";"B01";"2";"7";"0";"2";"8";"11";"1";""
"202100031696";"145 104";"A01";"1";"7";"0";"1";"1";"2";"1";""
"202100031697";"145 101";"A01";"2";"7";"0";"2";"1";"11";"1";""
"202100031697";"145 102";"B01";"2";"7";"0";"2";"4";"2";"1";""
"202100031697";"145 103";"C01";"2";"7";"0";"2";"1";"2";"1";""
"202100031698";"145 099";"A01";"2";"10";"0";"2";"2";"12";"1";""
"202100031698";"145 100";"B01";"2";"7";"0";"2";"6";"2";"1";""
"202100031699";"145 098";"A01";"2";"7";"3";"0";"0";"9";"1";""
"202100031700";"145 095";"B01";"2";"7";"0";"2";"5";"1";"1";""
"202100031700";"145 096";"Z01";"2";"7";"4";"2";"7";"26";"0";""
"202100031700";"145 097";"A01";"2";"7";"4";"2";"6";"1";"1";""
"202100031701";"145 093";"A01";"1";"1";"0";"2";"7";"19";"6";""
"202100031701";"145 094";"B01";"1";"31";"0";"9";"1";"1";"1";""
"202100031702";"145 091";"B01";"3";"7";"0";"9";"2";"1";"1";""
"202100031702";"145 092";"A01";"0";"1";"0";"2";"1";"19";"5";""
"202100031703";"145 088";"C01";"2";"7";"0";"2";"2";"1";"1";""
"202100031703";"145 089";"B01";"2";"7";"3";"2";"4";"0";"1";""
"202100031703";"145 090";"A01";"2";"14";"0";"2";"0";"26";"1";""
"202100031704";"145 086";"A01";"1";"7";"0";"2";"1";"2";"1";""
"202100031704";"145 087";"B01";"1";"7";"0";"2";"4";"1";"1";""
"202100031705";"145 085";"A01";"3";"7";"8";"0";"1";"2";"0";""
"202100031706";"145 083";"B01";"3";"7";"0";"2";"3";"26";"1";""
"202100031706";"145 084";"A01";"3";"30";"0";"2";"3";"9";"1";""
"202100031707";"145 081";"A01";"3";"7";"0";"2";"3";"15";"1";""
"202100031707";"145 082";"B01";"3";"2";"0";"2";"1";"17";"1";""
"202100031708";"145 080";"A01";"2";"10";"6";"0";"1";"9";"1";""
"202100031709";"145 078";"A01";"2";"7";"0";"2";"0";"26";"1";""
"202100031709";"145 079";"B01";"2";"2";"0";"2";"0";"26";"1";""
"202100031710";"145 076";"A01";"1";"7";"0";"2";"1";"1";"1";""
"202100031710";"145 077";"B01";"1";"7";"0";"2";"1";"1";"1";""
"202100031711";"145 074";"A01";"0";"10";"0";"2";"2";"1";"1";""
"202100031711";"145 075";"B01";"0";"7";"0";"2";"6";"1";"1";""
"202100031712";"145 072";"A01";"0";"10";"0";"2";"4";"4";"0";""
"202100031712";"145 073";"B01";"0";"32";"0";"2";"1";"2";"1";""
"202100031713";"145 071";"A01";"1";"32";"0";"1";"3";"9";"1";""
"202100031714";"145 069";"Z01";"2";"7";"0";"2";"1";"2";"1";""
"202100031714";"145 070";"A01";"2";"7";"0";"2";"4";"2";"1";""
"202100031715";"145 068";"A01";"3";"7";"0";"1";"1";"15";"1";""
"202100031716";"145 066";"A01";"2";"7";"0";"2";"1";"26";"1";""
"202100031716";"145 067";"B01";"2";"7";"0";"2";"4";"0";"1";""
"202100031717";"145 065";"A01";"2";"30";"0";"0";"7";"1";"1";""
"202100031718";"145 064";"A01";"2";"7";"0";"1";"2";"1";"1";""
"202100031719";"145 063";"A01";"3";"7";"0";"1";"3";"1";"1";""
"202100031720";"145 061";"A01";"1";"7";"0";"2";"3";"1";"1";""
"202100031720";"145 062";"B01";"2";"37";"0";"2";"3";"0";"1";"1"
"202100031721";"145 059";"A01";"1";"33";"0";"2";"1";"17";"1";""
"202100031721";"145 060";"B01";"2";"7";"0";"2";"5";"15";"1";""
"202100031722";"145 057";"B01";"0";"7";"0";"2";"1";"1";"1";""
"202100031722";"145 058";"A01";"0";"7";"0";"2";"1";"19";"1";""
"202100031723";"145 055";"B01";"1";"7";"0";"2";"7";"15";"1";""
"202100031723";"145 056";"A01";"1";"7";"0";"2";"2";"1";"1";""
"202100031724";"145 053";"A01";"3";"7";"0";"2";"7";"19";"1";""
"202100031724";"145 054";"B01";"3";"7";"14";"2";"1";"0";"1";""
"202100031725";"145 051";"Z01";"1";"34";"0";"2";"4";"3";"0";""
"202100031725";"145 052";"A01";"1";"34";"0";"2";"1";"3";"1";""
"202100031726";"145 050";"A01";"2";"7";"0";"1";"1";"1";"1";""
"202100031727";"145 048";"A01";"2";"33";"0";"2";"1";"2";"1";""
"202100031727";"145 049";"B01";"2";"10";"0";"2";"5";"23";"6";""
"202100031728";"145 046";"A01";"1";"32";"0";"2";"3";"13";"1";""
"202100031728";"145 047";"B01";"2";"7";"0";"2";"3";"1";"1";""
"202100031729";"145 044";"A01";"1";"33";"8";"2";"3";"17";"1";""
"202100031729";"145 045";"B01";"1";"7";"0";"2";"3";"15";"1";""
"202100031730";"145 043";"A01";"1";"10";"0";"1";"8";"1";"1";""
"202100031731";"145 039";"D01";"1";"7";"0";"2";"4";"2";"2";""
"202100031731";"145 040";"C01";"1";"7";"0";"2";"4";"2";"1";""
"202100031731";"145 041";"B01";"1";"7";"0";"2";"4";"2";"1";""
"202100031731";"145 042";"A01";"1";"10";"0";"2";"1";"2";"1";""
"202100031732";"145 037";"A01";"2";"7";"0";"2";"2";"1";"1";""
"202100031732";"145 038";"B01";"1";"43";"0";"2";"3";"1";"1";""
"202100031733";"145 035";"A01";"1";"32";"0";"2";"1";"17";"1";""
"202100031733";"145 036";"B01";"1";"1";"0";"2";"4";"13";"5";""
"202100031734";"145 033";"A01";"1";"7";"0";"2";"5";"22";"2";""
"202100031734";"145 034";"B01";"1";"1";"0";"2";"7";"18";"5";""
"202100031735";"145 031";"A01";"1";"7";"0";"2";"3";"2";"1";""
"202100031735";"145 032";"B01";"1";"32";"0";"2";"7";"2";"1";""
"202100031736";"145 029";"Z01";"1";"7";"0";"2";"0";"17";"1";""
"202100031736";"145 030";"A01";"1";"50";"0";"2";"8";"1";"3";""
"202100031737";"145 027";"A01";"2";"1";"0";"2";"3";"10";"5";""
"202100031737";"145 028";"B01";"2";"1";"0";"2";"1";"17";"5";""
"202100031738";"145 025";"B01";"1";"7";"0";"2";"1";"16";"1";""
"202100031738";"145 026";"A01";"1";"1";"0";"2";"7";"19";"5";""
"202100031739";"145 024";"A01";"0";"30";"1";"0";"4";"16";"1";""
"202100031740";"145 022";"Z01";"1";"7";"0";"2";"1";"2";"1";""
"202100031740";"145 023";"A01";"1";"31";"0";"2";"4";"23";"1";""
"202100031741";"145 020";"A01";"2";"1";"0";"2";"8";"1";"5";""
"202100031741";"145 021";"Z01";"2";"7";"0";"2";"5";"14";"2";""
"202100031742";"145 019";"A01";"2";"31";"0";"1";"1";"3";"1";""
"202100031743";"145 017";"A01";"1";"7";"0";"2";"5";"15";"1";""
"202100031743";"145 018";"B01";"2";"13";"0";"2";"1";"1";"1";""
"202100031744";"145 016";"A01";"1";"7";"0";"1";"2";"15";"1";""
"202100031745";"145 014";"A01";"1";"7";"0";"2";"3";"9";"1";""
"202100031745";"145 015";"B01";"1";"30";"0";"2";"1";"17";"1";""
"202100031746";"145 012";"A01";"1";"7";"0";"2";"1";"20";"1";""
"202100031746";"145 013";"B01";"1";"32";"0";"2";"7";"1";"1";""
"202100031747";"145 010";"B01";"1";"1";"1";"0";"8";"2";"0";""
"202100031747";"145 011";"A01";"2";"10";"0";"2";"3";"23";"1";""
"202100031748";"145 009";"A01";"3";"7";"0";"1";"5";"26";"1";""
"202100031749";"145 008";"A01";"3";"43";"12";"0";"1";"1";"1";""
"202100031750";"145 007";"A01";"3";"7";"6";"0";"1";"14";"1";""
"202100031751";"145 006";"A01";"2";"7";"0";"9";"1";"1";"1";""
"202100031752";"145 003";"Z01";"1";"7";"0";"2";"1";"5";"1";""
"202100031752";"145 004";"B01";"2";"7";"0";"2";"2";"1";"1";""
"202100031752";"145 005";"C01";"2";"7";"1";"2";"1";"24";"1";""
"202100031753";"145 002";"A01";"2";"7";"0";"1";"1";"1";"1";""
"202100031754";"145 001";"A01";"1";"15";"0";"1";"0";"0";"1";""
"202100031755";"144 999";"A01";"2";"7";"0";"9";"3";"9";"1";""
"202100031755";"145 000";"B01";"1";"1";"0";"2";"1";"1";"0";""
"202100031756";"144 995";"A01";"3";"7";"0";"2";"3";"9";"1";""
"202100031756";"144 996";"B01";"3";"32";"0";"2";"1";"21";"1";""
"202100031757";"144 993";"B01";"2";"10";"16";"2";"7";"7";"0";""
"202100031757";"144 994";"A01";"2";"1";"0";"2";"8";"7";"5";""
"202100031758";"144 991";"A01";"1";"7";"0";"2";"2";"15";"1";""
"202100031758";"144 992";"B01";"1";"2";"0";"2";"8";"1";"1";""
"202100031759";"144 990";"A01";"1";"30";"1";"0";"4";"9";"1";""
"202100031760";"144 989";"A01";"1";"7";"0";"1";"1";"1";"1";""
"202100031761";"144 988";"Y01";"3";"1";"0";"0";"0";"25";"5";""
"202100031762";"144 986";"B01";"1";"7";"0";"2";"4";"1";"1";""
"202100031762";"144 987";"A01";"1";"30";"1";"2";"1";"2";"1";""
"202100031763";"144 984";"A01";"3";"7";"0";"2";"2";"2";"1";""
"202100031763";"144 985";"B01";"3";"7";"0";"2";"4";"1";"1";""
"202100031764";"144 983";"A01";"1";"33";"0";"1";"1";"1";"1";""
"202100031765";"144 982";"A01";"2";"37";"9";"0";"5";"16";"2";"2"
"202100031766";"144 980";"B01";"3";"7";"0";"1";"1";"1";"1";""
"202100031766";"144 981";"A01";"3";"1";"0";"2";"8";"1";"5";""
"202100031767";"144 978";"A01";"1";"31";"0";"2";"2";"17";"1";""
"202100031767";"144 979";"B01";"1";"7";"0";"2";"6";"15";"2";""
"202100031768";"144 977";"A01";"1";"7";"0";"1";"1";"1";"1";""
"202100031769";"144 975";"A01";"1";"7";"0";"2";"1";"16";"1";""
"202100031769";"144 976";"B01";"2";"7";"0";"2";"1";"1";"1";""
"202100031770";"144 973";"A01";"0";"7";"0";"2";"1";"15";"1";""
"202100031770";"144 974";"B01";"0";"33";"0";"2";"8";"1";"1";""
"202100031771";"144 971";"A01";"1";"1";"0";"2";"6";"2";"5";""
"202100031771";"144 972";"B01";"1";"1";"0";"2";"2";"2";"5";""
"202100031772";"144 969";"B01";"1";"15";"0";"2";"2";"26";"1";""
"202100031772";"144 970";"A01";"1";"33";"0";"2";"1";"0";"1";""
"202100031773";"144 968";"A01";"2";"7";"15";"0";"2";"14";"1";""
"202100031774";"144 966";"A01";"0";"7";"0";"2";"2";"1";"1";""
"202100031774";"144 967";"B01";"3";"1";"0";"2";"3";"1";"5";""
"202100031775";"144 963";"A01";"1";"7";"0";"0";"0";"17";"1";""
"202100031775";"144 964";"B01";"1";"7";"0";"0";"9";"17";"1";""
"202100031776";"144 961";"A01";"1";"33";"0";"2";"3";"1";"1";""
"202100031776";"144 962";"B01";"2";"17";"0";"2";"8";"17";"1";""
"202100031777";"144 959";"B01";"3";"31";"0";"2";"7";"15";"1";""
"202100031777";"144 960";"A01";"2";"15";"0";"0";"5";"1";"1";""
"202100031778";"144 957";"A01";"2";"2";"0";"2";"3";"13";"1";""
"202100031778";"144 958";"B01";"2";"7";"0";"2";"6";"1";"1";""
"202100031779";"144 955";"B01";"3";"2";"0";"2";"1";"1";"1";""
"202100031779";"144 956";"A01";"3";"7";"0";"2";"8";"15";"1";""
"202100031780";"144 954";"A01";"1";"7";"0";"1";"2";"1";"1";""
"202100031781";"144 952";"A01";"1";"7";"0";"2";"3";"9";"1";""
"202100031781";"144 953";"B01";"1";"2";"0";"2";"1";"1";"1";""
"202100031782";"144 950";"A01";"2";"2";"0";"2";"1";"1";"1";""
"202100031782";"144 951";"B01";"2";"7";"0";"2";"1";"15";"1";""
"202100031783";"144 949";"A01";"1";"2";"10";"0";"7";"0";"1";""
"202100031784";"144 947";"A01";"2";"7";"0";"2";"2";"17";"1";""
"202100031784";"144 948";"B01";"2";"14";"0";"0";"6";"2";"1";""
"202100031785";"144 945";"A01";"2";"7";"0";"2";"3";"26";"1";""
"202100031785";"144 946";"B01";"2";"7";"0";"2";"1";"1";"1";""
"202100031786";"144 940";"E01";"1";"7";"0";"0";"4";"1";"1";""
"202100031786";"144 941";"D01";"1";"7";"0";"0";"4";"2";"1";""
"202100031786";"144 942";"C01";"1";"15";"0";"0";"4";"2";"1";""
"202100031786";"144 943";"B01";"1";"15";"0";"2";"4";"21";"1";""
"202100031786";"144 944";"A01";"1";"15";"0";"2";"1";"2";"1";""
"202100031787";"144 938";"A01";"0";"7";"0";"2";"1";"1";"1";""
"202100031787";"144 939";"B01";"0";"7";"0";"2";"3";"1";"1";""
"202100031788";"144 937";"A01";"2";"7";"8";"0";"3";"13";"1";""
"202100031789";"144 935";"B01";"2";"7";"0";"2";"1";"1";"1";""
"202100031789";"144 936";"A01";"1";"7";"14";"2";"1";"16";"1";""
"202100031790";"144 934";"A01";"0";"33";"15";"0";"1";"1";"1";""
"202100031791";"144 932";"A01";"1";"7";"12";"2";"2";"17";"2";""
"202100031791";"144 933";"B01";"1";"7";"9";"0";"8";"15";"1";""
"202100031792";"144 930";"A01";"1";"7";"0";"0";"6";"9";"1";""
"202100031792";"144 931";"B01";"2";"7";"0";"2";"2";"16";"1";""
"202100031793";"144 929";"A01";"1";"33";"0";"0";"7";"1";"1";""
"202100031794";"144 928";"A01";"1";"33";"13";"0";"1";"1";"1";""
"202100031795";"144 927";"A01";"1";"7";"0";"0";"9";"1";"1";""
"202100031796";"144 925";"A01";"3";"7";"0";"0";"3";"2";"1";""
"202100031796";"144 926";"B01";"3";"7";"0";"2";"3";"15";"1";""
"202100031797";"144 924";"A01";"2";"14";"0";"1";"1";"1";"0";""
"202100031798";"144 922";"B01";"1";"10";"0";"2";"6";"2";"1";""
"202100031798";"144 923";"A01";"1";"33";"0";"2";"1";"2";"1";""
"202100031799";"144 921";"A01";"2";"7";"0";"2";"4";"1";"1";""
"202100031800";"144 919";"B01";"2";"7";"0";"2";"1";"2";"1";""
"202100031800";"144 920";"A01";"2";"7";"0";"2";"4";"2";"1";""
"202100031801";"144 917";"B01";"2";"7";"0";"2";"4";"1";"1";""
"202100031801";"144 918";"A01";"2";"7";"0";"2";"1";"2";"1";""
"202100031802";"144 915";"B01";"1";"7";"4";"0";"3";"1";"1";""
"202100031802";"144 916";"A01";"1";"10";"0";"0";"0";"13";"1";""
"202100031803";"144 914";"A01";"1";"7";"4";"0";"3";"13";"1";""
"202100031804";"144 912";"A01";"2";"7";"0";"2";"1";"1";"1";""
"202100031804";"144 913";"B01";"2";"7";"0";"2";"4";"2";"1";""
"202100031805";"144 911";"A01";"1";"43";"0";"0";"0";"2";"1";""
"202100031806";"144 909";"B01";"2";"7";"0";"2";"4";"1";"1";""
"202100031806";"144 910";"A01";"2";"7";"0";"2";"1";"1";"1";""
"202100031807";"144 908";"A01";"1";"3";"4";"0";"9";"13";"1";""
"202100031808";"144 907";"A01";"2";"33";"0";"0";"9";"2";"1";""
"202100031809";"144 905";"B01";"1";"7";"0";"2";"6";"1";"1";""
"202100031809";"144 906";"A01";"1";"32";"0";"2";"1";"3";"1";""
"202100031810";"144 900";"A01";"1";"7";"0";"2";"7";"2";"1";""
"202100031810";"144 901";"Z01";"1";"0";"0";"2";"0";"0";"0";""
"202100031810";"144 902";"D01";"1";"13";"0";"2";"4";"2";"1";""
"202100031810";"144 903";"C01";"1";"7";"0";"2";"4";"2";"1";""
"202100031810";"144 904";"B01";"1";"7";"0";"2";"2";"2";"1";""
"202100031811";"144 897";"B01";"1";"7";"0";"2";"4";"2";"2";""
"202100031811";"144 898";"A01";"1";"7";"0";"2";"1";"1";"1";""
"202100031811";"144 899";"C01";"1";"7";"0";"2";"4";"2";"1";""
"202100031812";"144 895";"A01";"2";"33";"0";"2";"7";"3";"1";""
"202100031812";"144 896";"B01";"2";"10";"0";"2";"7";"2";"1";""
"202100031813";"144 892";"A01";"1";"7";"0";"2";"1";"26";"1";""
"202100031813";"144 893";"B01";"1";"7";"0";"2";"5";"0";"1";""
"202100031813";"144 894";"C01";"1";"7";"0";"2";"3";"0";"1";""
"202100031814";"144 890";"Z01";"2";"7";"0";"2";"3";"5";"1";""
"202100031814";"144 891";"A01";"2";"7";"0";"2";"2";"1";"1";""
"202100031815";"144 888";"B01";"1";"7";"0";"2";"5";"1";"1";""
"202100031815";"144 889";"A01";"1";"7";"14";"2";"1";"1";"1";""
"202100031816";"144 884";"A01";"1";"7";"0";"2";"5";"16";"1";""
"202100031816";"144 885";"B01";"1";"30";"0";"2";"1";"1";"1";""
"202100031817";"144 882";"B01";"3";"1";"0";"2";"8";"9";"6";""
"202100031817";"144 883";"A01";"1";"32";"0";"2";"1";"1";"1";""
"202100031818";"144 881";"A01";"1";"30";"0";"0";"0";"1";"1";""
"202100031819";"144 879";"A01";"3";"7";"2";"0";"1";"0";"1";""
"202100031819";"144 880";"B01";"3";"7";"2";"0";"1";"0";"2";""
"202100031820";"144 877";"A01";"1";"7";"0";"2";"6";"1";"1";""
"202100031820";"144 878";"B01";"1";"50";"0";"2";"6";"1";"3";""
"202100031821";"144 875";"A01";"1";"10";"0";"2";"1";"2";"1";""
"202100031821";"144 876";"B01";"1";"7";"0";"2";"4";"2";"1";""
"202100031822";"144 873";"B01";"2";"7";"0";"2";"6";"15";"1";""
"202100031822";"144 874";"A01";"1";"33";"0";"2";"1";"1";"1";""
"202100031823";"144 871";"A01";"3";"7";"0";"2";"1";"1";"1";""
"202100031823";"144 872";"B01";"3";"7";"0";"2";"4";"1";"1";""
"202100031824";"144 869";"A01";"1";"60";"0";"2";"8";"19";"5";""
"202100031824";"144 870";"B01";"3";"7";"0";"2";"8";"1";"1";""
"202100031825";"144 867";"A01";"3";"7";"0";"1";"5";"15";"1";""
"202100031825";"144 868";"B01";"1";"1";"0";"2";"8";"26";"5";""
"202100031826";"144 866";"A01";"3";"7";"0";"1";"3";"1";"1";""
"202100031827";"144 864";"B01";"3";"32";"0";"2";"8";"2";"1";""
"202100031827";"144 865";"A01";"3";"7";"0";"2";"3";"9";"1";""
"202100031828";"144 862";"B01";"3";"33";"0";"2";"1";"1";"1";""
"202100031828";"144 863";"A01";"1";"7";"0";"2";"2";"9";"1";""
"202100031829";"144 860";"A01";"1";"99";"0";"9";"3";"26";"1";""
"202100031829";"144 861";"B01";"1";"1";"0";"2";"1";"25";"0";""
"202100031830";"144 858";"A01";"2";"7";"0";"2";"3";"1";"1";""
"202100031830";"144 859";"B01";"3";"1";"0";"2";"7";"1";"5";""
"202100031831";"144 856";"A01";"1";"7";"0";"2";"3";"1";"1";""
"202100031831";"144 857";"B01";"2";"34";"0";"2";"1";"19";"1";""
"202100031832";"144 854";"A01";"3";"33";"0";"0";"7";"1";"1";""
"202100031833";"144 852";"A01";"2";"7";"0";"2";"1";"1";"1";""
"202100031833";"144 853";"B01";"2";"7";"0";"2";"3";"1";"1";""
"202100031834";"144 850";"A01";"2";"7";"0";"2";"1";"1";" -1";""
"202100031834";"144 851";"B01";"2";"7";"0";"2";"0";"19";" -1";""
"202100031835";"144 849";"A01";"1";"7";"17";"0";"1";"1";"1";""
"202100031836";"144 847";"A01";"0";"33";"0";"2";"1";"2";"1";""
"202100031836";"144 848";"B01";"0";"7";"0";"2";"4";"2";"1";""
"202100031837";"144 845";"A01";"0";"2";"0";"2";"1";"1";"1";""
"202100031837";"144 846";"B01";"0";"7";"0";"2";"3";"1";"1";""
"202100031838";"144 844";"A01";"0";"7";"0";"0";"9";"1";"1";""
"202100031839";"144 842";"A01";"1";"7";"0";"2";"1";"15";"2";""
"202100031839";"144 843";"B01";"2";"33";"0";"2";"1";"0";"1";""
"202100031840";"144 840";"B01";"3";"34";"0";"2";"1";"26";"0";""
"202100031840";"144 841";"A01";"3";"7";"0";"2";"0";"1";"1";""
"202100031841";"144 836";"A01";"1";"7";"0";"1";"1";"1";"1";""
"202100031842";"144 835";"A01";"1";"7";"1";"0";"1";"1";"1";""
"202100031843";"144 834";"A01";"2";"7";"1";"0";"3";"0";"1";""
"202100031844";"144 832";"B01";"1";"7";"0";"2";"8";"0";"1";""
"202100031844";"144 833";"A01";"2";"2";"0";"2";"1";"9";"1";""
"202100031845";"144 830";"B01";"2";"99";"0";"2";"6";"26";"6";""
"202100031845";"144 831";"A01";"2";"2";"1";"0";"1";"1";"1";""
"202100031846";"144 829";"A01";"1";"7";"0";"1";"1";"15";"1";""
"202100031847";"144 828";"A01";"1";"7";"0";"1";"7";"1";"1";""
"202100031848";"144 826";"A01";"2";"7";"0";"2";"8";"14";"1";""
"202100031848";"144 827";"B01";"2";"7";"0";"2";"1";"1";"1";""
"202100031849";"144 824";"A01";"2";"7";"0";"2";"5";"9";"1";""
"202100031849";"144 825";"B01";"1";"1";"0";"2";"5";"0";"5";""
"202100031850";"144 822";"A01";"1";"7";"0";"2";"1";"9";"1";""
"202100031850";"144 823";"B01";"2";"1";"0";"2";"7";"1";"0";""
"202100031851";"144 820";"A01";"1";"7";"0";"2";"1";"1";"1";""
"202100031851";"144 821";"B01";"2";"50";"0";"2";"0";"13";"3";""
"202100031852";"144 819";"A01";"2";"7";"4";"0";"9";"1";"1";""
"202100031853";"144 817";"A01";"0";"7";"0";"2";"2";"1";"1";""
"202100031853";"144 818";"B01";"0";"7";"0";"2";"1";"9";"1";""
"202100031854";"144 816";"A01";"1";"30";"1";"0";"8";"13";"1";""
"202100031855";"144 815";"A01";"1";"30";"0";"0";"3";"16";"1";""
"202100031856";"144 814";"A01";"1";"7";"0";"0";"0";"26";"1";""
"202100031857";"144 813";"A01";"1";"7";"13";"0";"9";"1";"1";""
"202100031858";"144 812";"A01";"1";"2";"0";"0";"7";"26";"1";""
"202100031859";"144 810";"B01";"1";"30";"0";"2";"1";"19";"1";""
"202100031859";"144 811";"A01";"1";"7";"0";"2";"1";"19";"1";""
"202100031860";"144 809";"A01";"1";"7";"0";"1";"1";"26";"1";""
"202100031861";"144 807";"B01";"1";"99";"0";"2";"3";"9";"3";""
"202100031861";"144 808";"A01";"3";"7";"0";"2";"2";"1";"1";""
"202100031862";"144 805";"A01";"1";"31";"0";"2";"0";"0";"0";""
"202100031862";"144 806";"B01";"1";"7";"1";"0";"0";"0";"0";""
"202100031863";"144 803";"B01";"1";"7";"0";"2";"0";"0";"1";""
"202100031863";"144 804";"A01";"1";"50";"0";"2";"7";"19";"3";""
"202100031864";"144 801";"B01";"0";"20";"0";"2";"1";"1";"1";""
"202100031864";"144 802";"A01";"0";"32";"0";"2";"2";"9";"3";""
"202100031865";"144 800";"A01";"0";"7";"1";"0";"1";"1";"1";""
"202100031866";"144 795";"A01";"1";"10";"0";"2";"1";"2";"1";""
"202100031866";"144 796";"B01";"1";"7";"0";"2";"4";"23";"1";""
"202100031866";"144 797";"C01";"1";"7";"0";"2";"4";"23";"1";""
"202100031866";"144 798";"D01";"1";"10";"0";"2";"4";"23";"1";""
"202100031866";"144 799";"E01";"1";"7";"0";"2";"4";"23";"1";""
"202100031867";"144 794";"A01";"2";"7";"0";"1";"1";"2";"1";""
"202100031868";"144 790";"A01";"0";"10";"0";"2";"2";"16";"1";""
"202100031868";"144 791";"B01";"1";"50";"0";"0";"0";"1";"3";""
"202100031869";"144 788";"B01";"2";"1";"0";"2";"7";"1";"0";""
"202100031869";"144 789";"A01";"1";"7";"0";"2";"7";"9";"1";""
"202100031870";"144 787";"A01";"1";"7";"0";"1";"3";"1";"1";""
"202100031871";"144 785";"B01";"2";"7";"0";"2";"3";"1";"1";""
"202100031871";"144 786";"A01";"1";"7";"0";"2";"3";"1";"1";""
"202100031872";"144 783";"B01";"3";"7";"0";"2";"1";"1";"1";""
"202100031872";"144 784";"A01";"3";"1";"0";"2";"1";"1";"5";""
"202100031873";"144 782";"A01";"2";"1";"1";"1";"1";"21";"5";""
"202100031874";"144 780";"A01";"2";"7";"0";"2";"1";"9";"1";""
"202100031874";"144 781";"B01";"2";"7";"0";"2";"8";"1";"1";""
"202100031875";"144 778";"A01";"1";"7";"0";"2";"3";"15";"1";""
"202100031875";"144 779";"B01";"2";"99";"0";"2";"1";"1";"0";""
"202100031876";"144 777";"A01";"1";"30";"0";"0";"9";"1";"1";""
"202100031877";"144 775";"B01";"1";"30";"0";"2";"1";"1";"1";""
"202100031877";"144 776";"A01";"2";"7";"0";"2";"7";"15";"1";""
"202100031878";"144 771";"B01";"1";"10";"0";"2";"4";"9";"1";""
"202100031878";"144 772";"A01";"1";"7";"0";"2";"1";"9";"1";""
"202100031879";"144 770";"A01";"2";"7";"0";"1";"1";"1";"1";""
"202100031880";"144 768";"B01";"2";"1";"0";"2";"2";"0";"0";""
"202100031880";"144 769";"A01";"1";"7";"0";"2";"1";"9";"1";""
"202100031881";"144 767";"A01";"3";"31";"3";"9";"1";"1";"1";""
"202100031882";"144 765";"A01";"3";"7";"0";"2";"1";"15";"1";""
"202100031882";"144 766";"B01";"3";"7";"0";"2";"1";"1";"1";""
"202100031883";"144 763";"B01";"0";"7";"0";"2";"5";"1";"1";""