"Num_Acc";"id_vehicule";"num_veh";"senc";"catv";"obs";"obsm";"choc";"manv";"motor";"occutc"
"202100032533";"143 619";"A01";"0";"7";"0";"0";"0";"0";"1";""
"202100032534";"143 616";"A01";"1";"7";"0";"2";"3";"2";"1";""
"202100032534";"143 617";"Y01";"1";"50";"0";"2";"0";"0";"3";""
"202100032535";"143 614";"B01";"1";"50";"0";"2";"1";"1";"3";""
"202100032535";"143 615";"A01";"1";"7";"0";"2";"7";"20";"1";""
"202100032536";"143 612";"A01";"2";"30";"0";"1";"1";"1";"0";""
"202100032536";"143 613";"Y01";"2";"50";"0";"2";"8";"19";"3";""
"202100032537";"143 611";"A01";"1";"7";"0";"1";"3";"21";"1";""
"202100032538";"143 609";"A01";"1";"32";"0";"2";"3";"26";"1";""
"202100032538";"143 610";"B01";"2";"50";"0";"2";"1";"25";"3";""
"202100032539";"143 606";"B01";"1";"10";"0";"2";"1";"26";"1";""
"202100032539";"143 607";"Z01";"1";"13";"0";"2";"0";"0";"0";""
"202100032539";"143 608";"A01";"1";"7";"0";"2";"4";"26";"1";""
"202100032540";"143 604";"A01";"3";"7";"0";"2";"1";"17";"1";""
"202100032540";"143 605";"B01";"0";"1";"0";"2";"8";"19";"0";""
"202100032541";"143 602";"A01";"1";"32";"0";"2";"8";"1";"1";""
"202100032541";"143 603";"B01";"1";"15";"0";"2";"5";"1";"1";""
"202100032542";"143 600";"B01";"2";"2";"0";"2";"3";"1";"1";""
"202100032542";"143 601";"A01";"1";"7";"0";"2";"2";"15";"1";""
"202100032543";"143 598";"A01";"2";"7";"0";"2";"3";"1";"1";""
"202100032543";"143 599";"B01";"1";"7";"0";"2";"3";"1";"1";""
"202100032544";"143 596";"A01";"2";"33";"0";"2";"7";"1";"1";""
"202100032544";"143 597";"B01";"3";"7";"0";"2";"1";"19";"1";""
"202100032545";"143 595";"A01";"0";"2";"0";"0";"0";"1";"1";""
"202100032546";"143 593";"B01";"1";"1";"3";"0";"0";"1";"5";""
"202100032546";"143 594";"A01";"1";"15";"0";"0";"0";"1";"1";""
"202100032547";"143 590";"B01";"1";"7";"1";"0";"2";"2";"1";""
"202100032547";"143 591";"A01";"1";"7";"1";"0";"0";"2";"1";""
"202100032548";"143 588";"B01";"2";"15";"0";"0";"6";"0";"1";""
"202100032548";"143 589";"A01";"2";"10";"0";"2";"2";"1";"1";""
"202100032549";"143 587";"A01";"3";"2";"0";"0";"0";"2";"1";""
"202100032550";"143 586";"A01";"1";"10";"0";"1";"2";"1";"1";""
"202100032551";"143 585";"A01";"1";"10";"13";"0";"2";"1";"1";""
"202100032552";"143 583";"B01";"1";"33";"0";"2";"7";"2";"1";""
"202100032552";"143 584";"A01";"3";"7";"0";"2";"6";"26";"1";""
"202100032553";"143 580";"A01";"1";"7";"11";"0";"1";"1";"1";""
"202100032554";"143 579";"A01";"1";"33";"7";"0";"1";"1";"1";""
"202100032555";"143 578";"A01";"2";"2";"2";"0";"0";"0";"1";""
"202100032556";"143 577";"A01";"3";"32";"0";"0";"0";"0";"1";""
"202100032557";"143 575";"B01";"1";"7";"0";"2";"2";"17";"3";""
"202100032557";"143 576";"A01";"1";"7";"0";"2";"3";"15";"1";""
"202100032558";"143 571";"A01";"1";"7";"0";"2";"1";"1";"1";""
"202100032558";"143 572";"B01";"3";"7";"8";"2";"7";"19";"1";""
"202100032559";"143 570";"A01";"1";"33";"0";"0";"3";"1";"1";""
"202100032560";"143 569";"A01";"1";"7";"8";"0";"2";"1";"1";""
"202100032561";"143 567";"B01";"2";"13";"0";"2";"2";"15";"1";""
"202100032561";"143 568";"A01";"1";"7";"0";"2";"3";"1";"1";""
"202100032562";"143 565";"A01";"2";"7";"0";"2";"3";"22";"1";""
"202100032562";"143 566";"B01";"2";"80";"1";"0";"1";"22";"3";""
"202100032563";"143 564";"A01";"0";"33";"0";"6";"1";"2";"1";""
"202100032564";"143 562";"B01";"2";"7";"0";"2";"3";"1";"1";""
"202100032564";"143 563";"A01";"1";"7";"0";"2";"3";"13";"1";""
"202100032565";"143 560";"A01";"0";"10";"0";"2";"5";"19";"1";""
"202100032565";"143 561";"B01";"1";"33";"0";"2";"8";"1";"1";""
"202100032566";"143 558";"B01";"2";"7";"0";"2";"1";"5";"1";""
"202100032566";"143 559";"A01";"1";"10";"0";"2";"1";"1";"1";""
"202100032567";"143 556";"A01";"3";"7";"0";"0";"2";"1";"1";""
"202100032567";"143 557";"B01";"3";"1";"0";"2";"2";"9";"5";""
"202100032568";"143 555";"A01";"3";"7";"0";"1";"0";"0";"1";""
"202100032569";"143 553";"A01";"1";"31";"0";"2";"1";"13";"1";""
"202100032569";"143 554";"B01";"2";"7";"0";"2";"1";"1";"1";""
"202100032570";"143 551";"A01";"0";"7";"0";"9";"8";"9";"1";""
"202100032570";"143 552";"B01";"3";"1";"0";"2";"1";"26";"5";""
"202100032571";"143 549";"A01";"0";"7";"0";"2";"2";"2";"1";""
"202100032571";"143 550";"B01";"0";"33";"0";"2";"4";"2";"1";""
"202100032572";"143 547";"A01";"1";"10";"0";"2";"3";"5";"1";""
"202100032572";"143 548";"B01";"2";"7";"0";"2";"3";"1";"1";""
"202100032573";"143 545";"A01";"2";"7";"0";"2";"2";"1";"1";""
"202100032573";"143 546";"B01";"2";"10";"3";"0";"5";"0";"1";""
"202100032574";"143 544";"A01";"2";"17";"0";"0";"0";"0";"1";""
"202100032575";"143 543";"A01";"1";"7";"6";"0";"3";"13";"1";""
"202100032576";"143 542";"A01";"1";"7";"13";"0";"1";"1";"1";""
"202100032577";"143 541";"A01";"1";"7";"13";"0";"7";"1";"1";""
"202100032578";"143 539";"B01";"1";"7";"0";"0";"0";"15";"1";""
"202100032578";"143 540";"A01";"1";"33";"0";"0";"0";"17";"1";""
"202100032579";"143 538";"A01";"3";"7";"8";"0";"1";"13";"1";""
"202100032580";"143 537";"A01";"3";"7";"0";"1";"3";"1";"1";""
"202100032581";"143 535";"B01";"2";"7";"0";"2";"1";"1";"1";""
"202100032581";"143 536";"A01";"1";"2";"0";"2";"3";"1";"1";""
"202100032582";"143 533";"A01";"3";"2";"0";"2";"3";"1";"1";""
"202100032582";"143 534";"B01";"3";"7";"0";"2";"3";"1";"1";""
"202100032583";"143 531";"A01";"2";"7";"0";"9";"1";"1";"0";""
"202100032583";"143 532";"B01";"1";"2";"0";"2";"8";"19";"1";""
"202100032584";"143 529";"B01";"1";"7";"0";"2";"8";"15";"1";""
"202100032584";"143 530";"A01";"1";"33";"0";"2";"0";"15";"1";""
"202100032585";"143 527";"B01";"1";"33";"0";"2";"1";"1";"1";""
"202100032585";"143 528";"A01";"1";"10";"0";"2";"3";"19";"1";""
"202100032586";"143 525";"A01";"2";"33";"0";"2";"1";"21";"1";""
"202100032586";"143 526";"B01";"2";"15";"0";"0";"6";"26";"1";""
"202100032587";"143 524";"A01";"1";"2";"6";"0";"1";"1";"1";""
"202100032588";"143 523";"A01";"0";"7";"0";"1";"3";"26";"1";""
"202100032589";"143 521";"B01";"2";"7";"0";"0";"4";"1";"1";""
"202100032589";"143 522";"A01";"2";"7";"0";"2";"1";"1";"1";""
"202100032590";"143 519";"A01";"1";"7";"0";"2";"2";"9";"1";""
"202100032590";"143 520";"B01";"2";"7";"7";"2";"1";"2";"1";""
"202100032591";"143 518";"A01";"3";"20";"0";"1";"8";"26";"0";""
"202100032592";"143 516";"A01";"3";"7";"0";"2";"2";"15";"1";""
"202100032592";"143 517";"B01";"3";"33";"0";"2";"1";"1";"0";""
"202100032593";"143 515";"A01";"1";"7";"0";"0";"0";"14";"1";""
"202100032594";"143 514";"A01";"3";"17";"0";"1";"0";"0";"1";""
"202100032595";"143 512";"B01";"2";"10";"3";"2";"8";"1";"1";""
"202100032595";"143 513";"A01";"1";"7";"17";"0";"3";"1";"1";""
"202100032596";"143 509";"A01";"2";"7";"0";"2";"0";"0";"1";""
"202100032596";"143 510";"B01";"2";"7";"0";"2";"7";"1";"1";""
"202100032596";"143 511";"C01";"2";"15";"0";"0";"8";"1";"1";""
"202100032597";"143 507";"B01";"2";"7";"0";"0";"4";"2";"1";""
"202100032597";"143 508";"A01";"2";"7";"0";"2";"1";"2";"1";""
"202100032598";"143 504";"C01";"1";"10";"0";"2";"1";"2";"1";""
"202100032598";"143 505";"B01";"1";"10";"0";"2";"4";"23";"1";""
"202100032598";"143 506";"A01";"1";"17";"0";"0";"4";"23";"1";""
"202100032599";"143 502";"B01";"1";"7";"0";"2";"1";"1";"1";""
"202100032599";"143 503";"A01";"2";"1";"0";"2";"8";"19";"5";""
"202100032600";"143 500";"A01";"1";"7";"0";"2";"1";"1";"1";""
"202100032600";"143 501";"B01";"2";"7";"0";"2";"3";"1";"1";""
"202100032601";"143 498";"B01";"2";"7";"6";"2";"2";"26";"1";""
"202100032601";"143 499";"A01";"2";"7";"0";"2";"1";"1";"1";""
"202100032602";"143 497";"A01";"0";"2";"0";"0";"0";"0";"0";""
"202100032603";"143 496";"A01";"1";"7";"13";"9";"9";"1";"1";""
"202100032604";"143 495";"A01";"1";"33";"7";"0";"1";"1";"1";""
"202100032605";"143 494";"A01";"1";"33";"10";"0";"1";"1";"1";""
"202100032606";"143 493";"A01";"3";"33";"6";"0";"1";"0";"1";""
"202100032607";"143 491";"A01";"3";"7";"0";"2";"1";"15";"1";""
"202100032607";"143 492";"B01";"3";"2";"0";"2";"2";"17";"1";""
"202100032608";"143 490";"A01";"1";"7";"15";"0";"2";"1";"1";""
"202100032609";"143 488";"B01";"1";"2";"0";"0";"8";"1";"1";""
"202100032609";"143 489";"A01";"2";"7";"0";"0";"0";"17";"2";""
"202100032610";"143 486";"A01";"2";"7";"0";"2";"7";"1";"1";""
"202100032610";"143 487";"B01";"2";"7";"0";"2";"1";"1";"1";""
"202100032611";"143 484";"A01";"1";"7";"0";"2";"1";"2";"1";""
"202100032611";"143 485";"B01";"1";"1";"0";"0";"4";"1";"5";""
"202100032612";"143 482";"B01";"1";"17";"7";"2";"1";"1";"1";""
"202100032612";"143 483";"A01";"2";"7";"0";"2";"1";"13";"1";""
"202100032613";"143 477";"A01";"2";"7";"0";"2";"4";"1";"1";""
"202100032613";"143 478";"B01";"2";"7";"0";"2";"6";"1";"1";""
"202100032613";"143 479";"C01";"2";"7";"0";"2";"2";"2";"1";""
"202100032614";"143 473";"A01";"2";"7";"0";"2";"4";"1";"1";""
"202100032614";"143 474";"B01";"2";"7";"0";"2";"4";"1";"1";""
"202100032614";"143 475";"C01";"2";"7";"0";"2";"4";"1";"1";""
"202100032614";"143 476";"D01";"2";"10";"0";"2";"1";"1";"1";""
"202100032615";"143 472";"A01";"2";"7";"3";"0";"3";"1";"1";""
"202100032616";"143 470";"A01";"2";"7";"0";"2";"6";"1";"1";""
"202100032616";"143 471";"B01";"2";"7";"0";"2";"2";"12";"1";""
"202100032617";"143 469";"A01";"1";"7";"0";"0";"0";"2";"1";""
"202100032618";"143 465";"A01";"1";"7";"0";"2";"7";"14";"1";""
"202100032618";"143 466";"B01";"1";"33";"0";"2";"7";"1";"1";""
"202100032618";"143 467";"C01";"1";"7";"0";"2";"6";"2";"1";""
"202100032618";"143 468";"D01";"1";"7";"0";"2";"7";"2";"1";""
"202100032619";"143 463";"A01";"2";"7";"0";"2";"8";"11";"1";""
"202100032619";"143 464";"B01";"2";"43";"0";"2";"7";"1";"1";""
"202100032620";"143 457";"A01";"2";"7";"0";"2";"1";"2";"0";""
"202100032620";"143 458";"B01";"2";"10";"0";"2";"1";"2";"1";""
"202100032620";"143 459";"C01";"2";"10";"0";"2";"1";"2";"1";""
"202100032620";"143 460";"D01";"2";"7";"0";"2";"1";"2";"1";""
"202100032620";"143 461";"E01";"2";"7";"0";"2";"1";"2";"1";""
"202100032620";"143 462";"F01";"2";"10";"0";"2";"1";"2";"1";""
"202100032621";"143 454";"Z01";"2";"0";"0";"1";"0";"26";"0";""
"202100032621";"143 455";"C01";"1";"7";"14";"0";"1";"9";"2";""
"202100032621";"143 456";"B01";"1";"7";"14";"0";"1";"9";"1";""
"202100032622";"143 452";"B01";"1";"34";"0";"2";"0";"0";"1";""
"202100032622";"143 453";"A01";"1";"7";"0";"2";"0";"2";"1";""
"202100032623";"143 449";"B01";"1";"7";"0";"2";"4";"0";"3";""
"202100032623";"143 450";"Z01";"1";"15";"0";"2";"1";"0";"1";""
"202100032623";"143 451";"A01";"1";"7";"0";"2";"4";"26";"1";""
"202100032624";"143 447";"B01";"1";"7";"0";"2";"3";"2";"1";""
"202100032624";"143 448";"A01";"1";"33";"0";"2";"7";"2";"1";""
"202100032625";"143 446";"A01";"2";"7";"9";"0";"1";"12";"1";""
"202100032626";"143 444";"A01";"1";"14";"0";"2";"1";"2";"1";""
"202100032626";"143 445";"B01";"1";"7";"0";"2";"4";"2";"1";""
"202100032627";"143 441";"A01";"1";"7";"0";"2";"2";"16";"1";""
"202100032627";"143 442";"B01";"1";"31";"0";"2";"8";"3";"1";""
"202100032627";"143 443";"C01";"1";"7";"0";"2";"3";"1";"1";""
"202100032628";"143 440";"A01";"2";"33";"0";"0";"8";"26";"1";""
"202100032629";"143 438";"B01";"3";"7";"0";"2";"3";"1";"1";""
"202100032629";"143 439";"A01";"3";"7";"0";"2";"8";"5";"1";""
"202100032630";"143 437";"A01";"2";"30";"0";"1";"1";"1";"1";""
"202100032631";"143 436";"A01";"2";"10";"0";"1";"1";"1";"1";""
"202100032632";"143 435";"A01";"1";"7";"0";"1";"4";"20";"0";""
"202100032633";"143 434";"A01";"0";"7";"0";"1";"1";"1";"1";""
"202100032634";"143 432";"A01";"3";"10";"0";"2";"1";"13";"1";""
"202100032634";"143 433";"B01";"3";"7";"0";"2";"1";"1";"1";""
"202100032635";"143 430";"A01";"2";"7";"0";"2";"4";"2";"1";""
"202100032635";"143 431";"B01";"2";"7";"0";"2";"1";"2";"1";""
"202100032636";"143 428";"B01";"1";"33";"0";"2";"1";"21";"0";""
"202100032636";"143 429";"A01";"1";"7";"0";"2";"1";"15";"1";""
"202100032637";"143 426";"A01";"2";"1";"0";"2";"4";"2";"0";""
"202100032637";"143 427";"B01";"2";"7";"0";"2";"1";"16";"1";""
"202100032638";"143 424";"B01";"1";"7";"0";"0";"1";"1";"1";""
"202100032638";"143 425";"A01";"2";"1";"0";"2";"7";"5";"5";""
"202100032639";"143 423";"A01";"1";"7";"14";"0";"1";"26";"1";""
"202100032640";"143 422";"A01";"2";"99";"0";"0";"8";"25";"5";""
"202100032641";"143 421";"A01";"1";"50";"0";"1";"3";"1";"3";""
"202100032642";"143 419";"B01";"2";"7";"0";"2";"2";"1";"1";""
"202100032642";"143 420";"A01";"2";"30";"0";"2";"2";"9";"1";""
"202100032643";"143 418";"A01";"1";"7";"0";"1";"1";"16";"1";""
"202100032644";"143 417";"A01";"0";"17";"4";"0";"9";"13";"1";""
"202100032645";"143 415";"B01";"0";"7";"0";"2";"8";"1";"1";""
"202100032645";"143 416";"A01";"0";"7";"8";"2";"1";"1";"1";""
"202100032646";"143 413";"A01";"3";"7";"0";"2";"6";"19";"1";""
"202100032646";"143 414";"B01";"3";"7";"0";"2";"1";"1";"1";""
"202100032647";"143 412";"A01";"1";"7";"0";"0";"9";"1";"1";""
"202100032648";"143 410";"A01";"0";"50";"0";"2";"1";"1";"3";""
"202100032648";"143 411";"B01";"0";"7";"0";"2";"4";"1";"1";""
"202100032649";"143 408";"A01";"0";"7";"0";"2";"7";"15";"1";""
"202100032649";"143 409";"B01";"0";"7";"0";"2";"3";"1";"1";""
"202100032650";"143 407";"A01";"0";"7";"0";"0";"1";"15";"1";""
"202100032651";"143 405";"B01";"0";"7";"0";"2";"4";"1";"1";""
"202100032651";"143 406";"A01";"0";"7";"0";"2";"1";"1";"1";""
"202100032652";"143 404";"A01";"0";"7";"0";"1";"3";"1";"1";""
"202100032653";"143 400";"B01";"2";"33";"0";"2";"4";"2";"1";""
"202100032653";"143 401";"A01";"2";"7";"0";"2";"2";"1";"1";""
"202100032654";"143 398";"Z01";"1";"7";"0";"2";"0";"0";"0";""
"202100032654";"143 399";"A01";"1";"33";"0";"2";"4";"2";"1";""
"202100032655";"143 396";"B01";"1";"1";"0";"2";"8";"2";"5";""
"202100032655";"143 397";"A01";"1";"10";"0";"2";"7";"2";"1";""
"202100032656";"143 394";"A01";"1";"7";"0";"2";"1";"19";"1";""
"202100032656";"143 395";"B01";"2";"7";"0";"2";"1";"1";"1";""
"202100032657";"143 392";"B01";"1";"10";"0";"2";"3";"1";"1";""
"202100032657";"143 393";"A01";"1";"7";"0";"2";"3";"15";"1";""
"202100032658";"143 391";"A01";"1";"7";"0";"1";"7";"21";"1";""
"202100032659";"143 389";"A01";"1";"7";"8";"4";"3";"13";"1";""
"202100032659";"143 390";"B01";"1";"40";"0";"2";"8";"1";"3";""
"202100032660";"143 388";"A01";"3";"32";"0";"9";"8";"15";"1";""
"202100032661";"143 386";"A01";"2";"7";"0";"2";"3";"15";"1";""
"202100032661";"143 387";"B01";"1";"7";"0";"2";"3";"1";"1";""
"202100032662";"143 385";"A01";"1";"7";"0";"1";"2";"1";"1";""
"202100032663";"143 383";"A01";"2";"7";"0";"2";"3";"15";"1";""
"202100032663";"143 384";"B01";"2";"2";"0";"2";"1";"1";"1";""
"202100032664";"143 380";"B01";"2";"7";"0";"2";"6";"16";"1";""
"202100032664";"143 381";"A01";"1";"7";"0";"2";"2";"1";"1";""
"202100032665";"143 378";"A01";"0";"7";"0";"2";"8";"1";"1";""
"202100032665";"143 379";"B01";"0";"2";"0";"2";"1";"1";"1";""
"202100032666";"143 377";"A01";"0";"15";"0";"1";"5";"16";"0";""
"202100032667";"143 371";"A01";"2";"7";"3";"0";"1";"13";"1";""
"202100032668";"143 370";"A01";"3";"32";"0";"0";"8";"26";"1";""
"202100032669";"143 369";"A01";"1";"10";"9";"1";"1";"14";"1";""
"202100032670";"143 367";"B01";"3";"7";"0";"2";"2";"15";"1";""
"202100032670";"143 368";"A01";"1";"7";"0";"2";"3";"1";"1";""
"202100032671";"143 365";"B01";"1";"7";"0";"2";"3";"15";"1";""
"202100032671";"143 366";"A01";"1";"32";"0";"2";"1";"17";"1";""
"202100032672";"143 364";"A01";"1";"10";"0";"1";"4";"20";"1";""
"202100032673";"143 363";"A01";"1";"7";"13";"0";"1";"1";"1";""
"202100032674";"143 361";"B01";"2";"7";"0";"2";"2";"1";"1";""
"202100032674";"143 362";"A01";"2";"7";"0";"2";"1";"9";"1";""
"202100032675";"143 360";"A01";"1";"7";"0";"1";"1";"2";"1";""
"202100032676";"143 358";"A01";"0";"7";"0";"2";"0";"1";"1";""
"202100032676";"143 359";"B01";"0";"1";"0";"2";"0";"1";"5";""
"202100032677";"143 356";"A01";"1";"7";"0";"2";"8";"10";"1";""
"202100032677";"143 357";"B01";"1";"33";"0";"2";"1";"1";"1";""
"202100032678";"143 355";"A01";"0";"7";"0";"1";"1";"1";"1";""
"202100032679";"143 354";"A01";"0";"7";"2";"0";"3";"13";"1";""
"202100032680";"143 352";"B01";"2";"7";"0";"2";"8";"9";"1";""
"202100032680";"143 353";"A01";"0";"30";"0";"0";"0";"0";"1";""
"202100032681";"143 351";"A01";"1";"7";"0";"1";"0";"0";"2";""
"202100032682";"143 349";"A01";"0";"7";"0";"2";"5";"17";"1";""
"202100032682";"143 350";"B01";"0";"31";"0";"2";"1";"1";"1";""
"202100032683";"143 347";"A01";"2";"10";"9";"0";"1";"26";"0";""
"202100032683";"143 348";"B01";"3";"7";"0";"2";"0";"23";"1";""
"202100032684";"143 345";"A01";"2";"7";"0";"2";"1";"17";"1";""
"202100032684";"143 346";"B01";"2";"10";"0";"2";"3";"15";"1";""
"202100032685";"143 343";"A01";"1";"30";"0";"2";"2";"15";"1";""
"202100032685";"143 344";"B01";"2";"33";"0";"2";"1";"1";"1";""
"202100032686";"143 342";"A01";"0";"32";"4";"0";"1";"0";"1";""
"202100032687";"143 340";"A01";"1";"7";"0";"2";"1";"1";"1";""
"202100032687";"143 341";"B01";"1";"34";"0";"2";"4";"9";"1";""
"202100032688";"143 338";"B01";"3";"7";"0";"2";"4";"26";"1";""
"202100032688";"143 339";"A01";"3";"7";"0";"2";"1";"16";"1";""
"202100032689";"143 337";"A01";"0";"50";"0";"0";"9";"1";"3";""
"202100032690";"143 336";"A01";"1";"7";"0";"1";"1";"1";"1";""
"202100032691";"143 334";"B01";"1";"32";"0";"2";"2";"3";"1";""
"202100032691";"143 335";"A01";"1";"7";"0";"2";"3";"11";"1";""
"202100032692";"143 332";"B01";"2";"32";"0";"2";"2";"1";"1";""
"202100032692";"143 333";"A01";"2";"7";"0";"2";"6";"11";"2";""
"202100032693";"143 330";"Z01";"1";"7";"0";"2";"8";"13";"1";""
"202100032693";"143 331";"A01";"1";"43";"0";"2";"2";"3";"1";""
"202100032694";"143 327";"A01";"2";"7";"0";"2";"1";"2";"1";""
"202100032694";"143 328";"C01";"2";"7";"0";"2";"4";"2";"1";""
"202100032694";"143 329";"B01";"2";"7";"0";"2";"4";"2";"1";""
"202100032695";"143 325";"B01";"1";"43";"0";"2";"5";"2";"1";""
"202100032695";"143 326";"A01";"1";"30";"0";"2";"2";"2";"1";""
"202100032696";"143 324";"Z01";"2";"32";"0";"1";"1";"25";"1";""
"202100032697";"143 322";"A01";"1";"7";"0";"2";"3";"22";"1";""
"202100032697";"143 323";"B01";"1";"50";"0";"2";"1";"1";"3";""
"202100032698";"143 320";"B01";"2";"1";"0";"2";"1";"2";"5";""
"202100032698";"143 321";"A01";"2";"10";"0";"2";"4";"23";"1";""
"202100032699";"143 318";"A01";"1";"7";"0";"2";"1";"1";"1";""
"202100032699";"143 319";"B01";"1";"43";"0";"2";"4";"23";"1";""
"202100032700";"143 316";"A01";"1";"7";"0";"2";"7";"1";"1";""
"202100032700";"143 317";"B01";"1";"80";"0";"2";"1";"1";"3";""
"202100032701";"143 314";"B01";"2";"1";"0";"2";"1";"1";"5";""
"202100032701";"143 315";"A01";"2";"14";"0";"2";"7";"16";"1";""
"202100032702";"143 312";"A01";"2";"30";"0";"2";"1";"1";"1";""
"202100032702";"143 313";"B01";"1";"7";"0";"2";"2";"1";"1";""
"202100032703";"143 310";"A01";"2";"1";"0";"2";"1";"1";"5";""
"202100032703";"143 311";"B01";"2";"7";"0";"2";"4";"23";"1";""
"202100032704";"143 308";"A01";"2";"7";"0";"2";"3";"15";"1";""
"202100032704";"143 309";"B01";"2";"31";"0";"2";"2";"1";"1";""
"202100032705";"143 307";"A01";"2";"50";"0";"0";"0";"21";"3";""
"202100032706";"143 305";"B01";"2";"1";"0";"2";"2";"15";"5";""
"202100032706";"143 306";"A01";"1";"33";"0";"2";"3";"1";"1";""
"202100032707";"143 304";"A01";"1";"80";"12";"0";"7";"14";"3";""
"202100032708";"143 302";"A01";"2";"10";"0";"2";"2";"17";"3";""
"202100032708";"143 303";"Y01";"2";"50";"0";"2";"8";"2";"3";""
"202100032709";"143 300";"A01";"2";"99";"0";"2";"3";"10";"3";""
"202100032709";"143 301";"B01";"1";"7";"0";"2";"1";"26";"1";""
"202100032710";"143 298";"B01";"2";"7";"0";"2";"1";"1";"1";""
"202100032710";"143 299";"A01";"1";"7";"0";"2";"2";"9";"1";""
"202100032711";"143 297";"A01";"3";"7";"1";"0";"3";"1";"1";""
"202100032712";"143 296";"A01";"1";"7";"0";"1";"2";"26";"0";""
"202100032713";"143 294";"B01";"2";"7";"0";"2";"4";"7";"1";""
"202100032713";"143 295";"A01";"2";"37";"0";"2";"1";"2";"1";"1"
"202100032714";"143 292";"A01";"1";"7";"0";"2";"1";"2";"1";""
"202100032714";"143 293";"B01";"1";"7";"0";"2";"4";"2";"1";""
"202100032715";"143 291";"A01";"1";"7";"9";"0";"1";"1";"1";""
"202100032716";"143 289";"B01";"1";"1";"0";"2";"8";"1";"5";""
"202100032716";"143 290";"Z01";"1";"7";"0";"9";"2";"1";"1";""
"202100032717";"143 287";"A01";"1";"7";"0";"2";"3";"15";"1";""
"202100032717";"143 288";"B01";"1";"34";"0";"2";"2";"17";"1";""
"202100032718";"143 285";"B01";"1";"7";"0";"0";"3";"15";"1";""
"202100032718";"143 286";"A01";"1";"30";"0";"2";"1";"17";"1";""
"202100032719";"143 283";"A01";"0";"7";"0";"0";"2";"1";"1";""
"202100032719";"143 284";"B01";"0";"7";"0";"0";"2";"1";"1";""
"202100032720";"143 282";"A01";"3";"10";"9";"0";"3";"1";"1";""
"202100032721";"143 281";"A01";"1";"32";"1";"0";"8";"13";"1";""
"202100032722";"143 279";"A01";"1";"7";"0";"2";"2";"14";"1";""
"202100032722";"143 280";"B01";"1";"30";"0";"2";"6";"0";"1";""
"202100032723";"143 277";"A01";"2";"16";"0";"2";"3";"1";"1";""
"202100032723";"143 278";"B01";"1";"37";"0";"2";"5";"15";"1";"2"
"202100032724";"143 276";"A01";"1";"1";"0";"1";"1";"1";"5";""
"202100032725";"143 275";"A01";"1";"7";"9";"0";"1";"0";"1";""
"202100032726";"143 273";"A01";"2";"31";"0";"2";"7";"17";"1";""
"202100032726";"143 274";"B01";"2";"7";"0";"2";"3";"15";"1";""
"202100032727";"143 271";"A01";"2";"7";"0";"2";"5";"16";"1";""
"202100032727";"143 272";"B01";"2";"2";"0";"2";"3";"18";"3";""
"202100032728";"143 269";"B01";"3";"32";"0";"2";"9";"21";"1";""
"202100032728";"143 270";"A01";"3";"14";"0";"2";"1";"13";"1";""
"202100032729";"143 267";"B01";"0";"7";"0";"2";"0";"13";"0";""
"202100032729";"143 268";"A01";"0";"33";"13";"0";"0";"1";"1";""
"202100032730";"143 266";"A01";"1";"7";"8";"0";"3";"13";"1";""
"202100032731";"143 264";"A01";"2";"7";"15";"0";"0";"0";"1";""
"202100032732";"143 263";"A01";"1";"7";"8";"0";"7";"1";"1";""
"202100032733";"143 261";"A01";"1";"7";"0";"2";"3";"1";"1";""
"202100032733";"143 262";"B01";"2";"14";"0";"2";"3";"1";"1";""
"202100032734";"143 260";"A01";"1";"31";"4";"0";"0";"2";"1";""
"202100032735";"143 258";"A01";"1";"7";"0";"2";"1";"13";"1";""
"202100032735";"143 259";"B01";"2";"15";"5";"2";"3";"1";"1";""
"202100032736";"143 256";"A01";"1";"33";"0";"2";"1";"2";"1";""
"202100032736";"143 257";"B01";"1";"7";"0";"2";"4";"2";"1";""
"202100032737";"143 254";"B01";"0";"30";"0";"2";"6";"0";"1";""
"202100032737";"143 255";"A01";"3";"7";"13";"2";"3";"0";"1";""
"202100032738";"143 253";"A01";"2";"7";"0";"0";"0";"1";"1";""
"202100032739";"143 251";"B01";"2";"10";"0";"2";"1";"1";"1";""
"202100032739";"143 252";"A01";"1";"33";"0";"2";"1";"13";"1";""
"202100032740";"143 248";"A01";"2";"17";"0";"2";"1";"1";"1";""
"202100032740";"143 249";"B01";"2";"7";"16";"2";"4";"15";"1";""
"202100032740";"143 250";"C01";"2";"7";"0";"2";"1";"1";"1";""
"202100032741";"143 247";"A01";"1";"33";"15";"0";"1";"1";"1";""
"202100032742";"143 244";"C01";"1";"7";"0";"2";"3";"1";"1";""
"202100032742";"143 245";"B01";"1";"7";"0";"2";"8";"1";"1";""
"202100032742";"143 246";"A01";"2";"7";"0";"2";"3";"13";"1";""
"202100032743";"143 243";"A01";"1";"33";"6";"0";"1";"1";"1";""
"202100032744";"143 242";"A01";"0";"7";"6";"0";"1";"1";"1";""
"202100032745";"143 241";"A01";"2";"7";"6";"0";"1";"13";"1";""
"202100032746";"143 239";"B01";"3";"14";"0";"2";"1";"1";"1";""
"202100032746";"143 240";"A01";"1";"33";"1";"0";"6";"1";"1";""
"202100032747";"143 237";"A01";"1";"3";"0";"2";"3";"13";"1";""
"202100032747";"143 238";"B01";"2";"7";"0";"2";"3";"1";"1";""