"Num_Acc";"id_vehicule";"num_veh";"senc";"catv";"obs";"obsm";"choc";"manv";"motor";"occutc"
"202100032748";"143 234";"C01";"2";"10";"0";"2";"8";"23";"1";""
"202100032748";"143 235";"B01";"1";"7";"0";"2";"1";"1";"1";""
"202100032748";"143 236";"A01";"2";"2";"0";"2";"1";"6";"1";""
"202100032749";"143 232";"B01";"2";"1";"0";"2";"1";"0";"5";""
"202100032749";"143 233";"A01";"1";"7";"0";"9";"2";"15";"1";""
"202100032750";"143 231";"B01";"1";"1";"0";"0";"0";"2";"5";""
"202100032751";"143 230";"A01";"2";"7";"0";"0";"9";"15";"1";""
"202100032752";"143 228";"B01";"1";"15";"0";"2";"8";"1";"1";""
"202100032752";"143 229";"A01";"2";"7";"0";"2";"3";"13";"1";""
"202100032753";"143 227";"A01";"2";"7";"1";"0";"1";"1";"1";""
"202100032754";"143 226";"A01";"3";"7";"13";"0";"3";"13";"1";""
"202100032755";"143 224";"B01";"2";"7";"0";"0";"3";"1";"1";""
"202100032755";"143 225";"A01";"1";"2";"0";"2";"1";"1";"1";""
"202100032756";"143 222";"A01";"1";"10";"0";"9";"1";"17";"1";""
"202100032756";"143 223";"B01";"1";"1";"0";"2";"4";"1";"5";""
"202100032757";"143 221";"A01";"1";"7";"0";"1";"2";"1";"1";""
"202100032758";"143 218";"A01";"3";"7";"6";"0";"1";"1";"1";""
"202100032759";"143 217";"A01";"1";"7";"8";"0";"1";"1";"1";""
"202100032760";"143 215";"B01";"1";"14";"0";"2";"3";"21";"1";""
"202100032760";"143 216";"A01";"2";"33";"0";"2";"8";"21";"1";""
"202100032761";"143 213";"B01";"2";"80";"0";"2";"0";"13";"3";""
"202100032761";"143 214";"A01";"2";"10";"0";"2";"7";"17";"1";""
"202100032762";"143 211";"B01";"2";"30";"0";"2";"7";"1";"1";""
"202100032762";"143 212";"A01";"2";"15";"0";"2";"7";"17";"1";""
"202100032763";"143 210";"A01";"2";"33";"13";"0";"1";"1";"1";""
"202100032764";"143 209";"A01";"2";"7";"13";"0";"7";"0";"1";""
"202100032765";"143 207";"A01";"2";"7";"0";"2";"3";"1";"1";""
"202100032765";"143 208";"B01";"1";"7";"0";"2";"3";"13";"1";""
"202100032766";"143 205";"B01";"1";"3";"0";"2";"1";"17";"1";""
"202100032766";"143 206";"A01";"1";"10";"0";"2";"3";"10";"1";""
"202100032767";"143 203";"B01";"2";"7";"0";"2";"7";"19";"1";""
"202100032767";"143 204";"A01";"1";"3";"0";"2";"1";"1";"1";""
"202100032768";"143 202";"A01";"3";"2";"0";"0";"8";"15";"1";""
"202100032769";"143 201";"A01";"2";"7";"0";"0";"0";"14";"1";""
"202100032770";"143 199";"A01";"2";"17";"0";"2";"2";"14";"1";""
"202100032770";"143 200";"B01";"2";"14";"3";"0";"6";"23";"1";""
"202100032771";"143 197";"A01";"2";"7";"0";"2";"1";"17";"1";""
"202100032771";"143 198";"B01";"2";"2";"0";"2";"4";"15";"1";""
"202100032772";"143 196";"A01";"2";"7";"13";"9";"1";"21";"1";""
"202100032773";"143 194";"B01";"1";"7";"0";"0";"3";"15";"1";""
"202100032773";"143 195";"A01";"2";"2";"0";"0";"2";"1";"1";""
"202100032774";"143 192";"B01";"2";"10";"0";"0";"5";"11";"1";""
"202100032774";"143 193";"A01";"2";"33";"0";"2";"1";"3";"1";""
"202100032775";"143 190";"A01";"2";"33";"4";"0";"3";"6";"1";""
"202100032775";"143 191";"B01";"2";"7";"0";"0";"0";"12";"1";""
"202100032776";"143 187";"B01";"2";"10";"0";"2";"4";"1";"1";""
"202100032776";"143 188";"A01";"2";"7";"1";"2";"1";"3";"1";""
"202100032776";"143 189";"C01";"2";"10";"0";"2";"6";"23";"1";""
"202100032777";"143 185";"B01";"3";"31";"0";"2";"7";"1";"1";""
"202100032777";"143 186";"A01";"3";"7";"0";"2";"3";"15";"1";""
"202100032778";"143 184";"A01";"3";"7";"0";"1";"1";"1";"1";""
"202100032779";"143 183";"A01";"0";"60";"0";"0";"0";"5";"5";""
"202100032780";"143 181";"B01";"2";"7";"0";"2";"3";"1";"1";""
"202100032780";"143 182";"A01";"1";"7";"0";"2";"3";"17";"1";""
"202100032781";"143 180";"A01";"2";"7";"0";"1";"7";"1";"1";""
"202100032782";"143 179";"A01";"1";"33";"5";"0";"7";"15";"1";""
"202100032783";"143 177";"A01";"2";"7";"0";"2";"1";"1";"1";""
"202100032783";"143 178";"B01";"1";"7";"0";"2";"1";"13";"1";""
"202100032784";"143 175";"A01";"1";"33";"0";"2";"1";"17";"1";""
"202100032784";"143 176";"B01";"1";"21";"0";"0";"8";"15";"1";""
"202100032785";"143 173";"A01";"1";"7";"0";"2";"3";"9";"1";""
"202100032785";"143 174";"B01";"1";"2";"0";"2";"1";"1";"1";""
"202100032786";"143 171";"B01";"1";"7";"0";"2";"7";"1";"1";""
"202100032786";"143 172";"A01";"2";"7";"0";"2";"2";"1";"1";""
"202100032787";"143 169";"A01";"1";"33";"10";"0";"0";"0";"1";""
"202100032787";"143 170";"B01";"1";"33";"0";"0";"0";"0";"1";""
"202100032788";"143 167";"A01";"2";"7";"0";"2";"7";"15";"1";""
"202100032788";"143 168";"B01";"1";"1";"0";"2";"1";"1";"5";""
"202100032789";"143 165";"A01";"2";"7";"0";"2";"3";"1";"1";""
"202100032789";"143 166";"B01";"1";"7";"0";"2";"3";"13";"1";""
"202100032790";"143 164";"A01";"3";"1";"0";"0";"0";"0";"5";""
"202100032791";"143 162";"A01";"1";"7";"0";"9";"0";"2";"1";""
"202100032791";"143 163";"B01";"1";"1";"0";"2";"8";"2";"5";""
"202100032792";"143 161";"A01";"1";"7";"1";"0";"1";"1";"1";""
"202100032793";"143 159";"A01";"1";"7";"0";"2";"2";"5";"1";""
"202100032793";"143 160";"B01";"2";"15";"0";"2";"2";"21";"1";""
"202100032794";"143 158";"A01";"1";"32";"3";"0";"2";"1";"1";""
"202100032795";"143 157";"A01";"1";"33";"13";"0";"1";"1";"1";""
"202100032796";"143 155";"B01";"2";"7";"0";"2";"4";"2";"1";""
"202100032796";"143 156";"A01";"2";"15";"0";"2";"1";"2";"1";""
"202100032797";"143 154";"A01";"2";"7";"4";"0";"7";"14";"1";""
"202100032798";"143 149";"E01";"1";"7";"0";"2";"4";"2";"3";""
"202100032798";"143 150";"D01";"1";"7";"0";"2";"7";"0";"1";""
"202100032798";"143 151";"C01";"1";"7";"0";"2";"7";"2";"1";""
"202100032798";"143 152";"B01";"1";"7";"0";"2";"4";"2";"1";""
"202100032798";"143 153";"A01";"1";"10";"0";"2";"1";"2";"1";""
"202100032799";"143 147";"B01";"2";"7";"0";"2";"2";"1";"1";""
"202100032799";"143 148";"A01";"2";"7";"0";"2";"6";"11";"1";""
"202100032800";"143 145";"B01";"1";"17";"0";"2";"6";"1";"1";""
"202100032800";"143 146";"A01";"1";"7";"0";"2";"2";"14";"1";""
"202100032801";"143 144";"A01";"1";"7";"3";"0";"2";"21";"1";""
"202100032802";"143 142";"B01";"2";"43";"0";"2";"4";"11";"1";""
"202100032802";"143 143";"A01";"2";"7";"0";"2";"1";"12";"1";""
"202100032803";"143 140";"B01";"1";"7";"0";"2";"2";"1";"1";""
"202100032803";"143 141";"A01";"1";"2";"0";"2";"3";"15";"1";""
"202100032804";"143 138";"A01";"1";"20";"0";"2";"4";"23";"1";""
"202100032804";"143 139";"B01";"1";"20";"0";"2";"1";"0";"1";""
"202100032805";"143 137";"A01";"1";"30";"0";"1";"1";"17";"1";""
"202100032806";"143 136";"A01";"0";"3";"0";"1";"1";"1";"1";""
"202100032807";"143 134";"A01";" -1";"7";"1";"0";"0";"2";"0";""
"202100032807";"143 135";"B01";" -1";"7";"0";"2";"0";"1";"0";""
"202100032808";"143 133";"A01";"2";"10";"0";"1";"3";"1";"1";""
"202100032809";"143 131";"B01";"1";"10";"0";"2";"3";"1";"1";""
"202100032809";"143 132";"A01";"1";"7";"0";"2";"6";"15";"1";""
"202100032810";"143 129";"A01";"2";"7";"0";"2";"3";"9";"1";""
"202100032810";"143 130";"B01";"1";"30";"0";"2";"1";"1";"1";""
"202100032811";"143 128";"A01";"2";"31";"0";"1";"1";"1";"1";""
"202100032812";"143 125";"B01";"0";"10";"0";"0";"3";"1";"1";""
"202100032812";"143 126";"A01";"0";"30";"0";"2";"6";"17";"1";""
"202100032812";"143 127";"C01";"3";"10";"0";"2";"6";"0";"1";""
"202100032813";"143 124";"A01";"3";"33";"0";"0";"0";"26";"1";""
"202100032814";"143 122";"A01";"1";"30";"0";"2";"7";"9";"1";""
"202100032814";"143 123";"B01";"1";"33";"0";"2";"1";"1";"1";""
"202100032815";"143 120";"A01";"3";"2";"0";"2";"4";"26";"1";""
"202100032815";"143 121";"B01";"3";"7";"0";"2";"0";"0";"0";""
"202100032816";"143 119";"A01";"1";"10";"4";"0";"2";"16";"1";""
"202100032817";"143 117";"B01";"1";"30";"0";"2";"1";"9";"1";""
"202100032817";"143 118";"A01";"1";"7";"0";"2";"2";"1";"1";""
"202100032818";"143 115";"A01";"1";"7";"0";"2";"1";"15";"2";""
"202100032818";"143 116";"B01";"2";"60";"0";"2";"1";"1";"5";""
"202100032819";"143 114";"B01";"2";"7";"0";"1";"1";"1";"3";""
"202100032820";"143 112";"B01";"1";"7";"0";"2";"1";"1";"1";""
"202100032820";"143 113";"A01";"1";"7";"0";"2";"4";"23";"1";""
"202100032821";"143 111";"A01";"3";"7";"0";"1";"3";"1";"1";""
"202100032822";"143 110";"A01";"1";"7";"0";"1";"1";"12";"1";""
"202100032823";"143 107";"A01";"1";"10";"0";"9";"3";"16";"1";""
"202100032823";"143 108";"B01";"1";"1";"0";"2";"1";"1";"0";""
"202100032824";"143 105";"A01";"2";"7";"0";"2";"1";"19";"1";""
"202100032824";"143 106";"B01";"1";"50";"0";"2";"8";"1";"3";""
"202100032825";"143 103";"B01";"2";"7";"0";"2";"2";"1";"2";""
"202100032825";"143 104";"A01";"2";"7";"0";"2";"1";"9";"1";""
"202100032826";"143 101";"B01";"2";"7";"0";"2";"4";"2";"1";""
"202100032826";"143 102";"A01";"2";"7";"0";"2";"1";"2";"1";""
"202100032827";"143 100";"A01";"1";"30";"13";"0";"7";"14";"1";""
"202100032828";"143 099";"A01";"2";"7";"13";"0";"3";"13";"1";""
"202100032829";"143 097";"A01";"1";"7";"1";"2";"8";"9";"1";""
"202100032829";"143 098";"B01";"1";"7";"0";"2";"1";"1";"1";""
"202100032830";"143 095";"A01";"3";"33";"0";"2";"1";"17";"1";""
"202100032830";"143 096";"B01";"3";"7";"0";"2";"3";"21";"2";""
"202100032831";"143 093";"B01";"1";"34";"0";"2";"4";"2";"1";""
"202100032831";"143 094";"A01";"1";"7";"0";"2";"1";"2";"1";""
"202100032832";"143 090";"A01";"1";"7";"0";"2";"1";"1";"1";""
"202100032832";"143 091";"B01";"2";"7";"0";"2";"6";"1";"1";""
"202100032832";"143 092";"C01";"1";"7";"0";"2";"1";"1";"1";""
"202100032833";"143 088";"A01";"2";"7";"0";"2";"3";"11";"1";""
"202100032833";"143 089";"B01";"2";"7";"0";"2";"1";"1";"1";""
"202100032834";"143 086";"B01";"0";"37";"0";"2";"2";"1";"3";"3"
"202100032834";"143 087";"A01";"0";"7";"0";"2";"8";"15";"1";""
"202100032835";"143 084";"A01";"0";"7";"0";"2";"2";"1";"1";""
"202100032835";"143 085";"B01";"0";"7";"0";"2";"3";"15";"2";""
"202100032836";"143 082";"A01";"0";"33";"0";"2";"1";"2";"1";""
"202100032836";"143 083";"B01";"0";"7";"0";"2";"6";"2";"1";""
"202100032837";"143 081";"A01";"1";"7";"0";"1";"1";"1";"1";""
"202100032838";"143 079";"A01";"1";"7";"1";"2";"8";"1";"1";""
"202100032838";"143 080";"B01";"1";"37";"0";"2";"1";"1";"1";"1"
"202100032839";"143 077";"B01";"3";"38";"0";"2";"7";"1";"1";"1"
"202100032839";"143 078";"A01";"3";"30";"0";"2";"1";"9";"1";""
"202100032840";"143 076";"A01";"3";"7";"0";"1";"2";"1";"1";""
"202100032841";"143 073";"C01";"2";"7";"0";"2";"2";"0";"1";""
"202100032841";"143 074";"B01";"2";"7";"0";"2";"8";"0";"1";""
"202100032841";"143 075";"A01";"1";"7";"0";"2";"3";"13";"1";""
"202100032842";"143 068";"C01";"1";"7";"0";"2";"8";"23";"1";""
"202100032842";"143 069";"A01";"1";"7";"0";"2";"3";"15";"2";""
"202100032842";"143 070";"B01";"1";"7";"0";"2";"1";"1";"1";""
"202100032843";"143 063";"A01";"1";"10";"0";"2";"1";"2";"1";""
"202100032843";"143 064";"E01";"1";"7";"0";"2";"4";"23";"1";""
"202100032843";"143 065";"D01";"1";"7";"0";"2";"5";"23";"1";""
"202100032843";"143 066";"C01";"1";"7";"0";"2";"4";"23";"1";""
"202100032843";"143 067";"B01";"1";"7";"0";"2";"6";"23";"1";""
"202100032844";"143 061";"A01";"1";"7";"0";"2";"2";"16";"1";""
"202100032844";"143 062";"B01";"1";"1";"0";"2";"1";"1";"5";""
"202100032845";"143 059";"A01";"1";"7";"0";"2";"1";"9";"1";""
"202100032845";"143 060";"B01";"1";"1";"0";"2";"2";"1";"5";""
"202100032846";"143 057";"Z01";"2";"7";"0";"2";"0";"16";"1";""
"202100032846";"143 058";"A01";"1";"1";"0";"2";"7";"1";"5";""
"202100032847";"143 055";"B01";"1";"7";"0";"2";"5";"1";"1";""
"202100032847";"143 056";"A01";"1";"31";"0";"2";"1";"13";"1";""
"202100032848";"143 052";"A01";"1";"7";"0";"2";"1";"2";"1";""
"202100032848";"143 053";"B01";"1";"7";"0";"2";"4";"2";"1";""
"202100032848";"143 054";"C01";"1";"7";"0";"2";"4";"2";"1";""
"202100032849";"143 050";"B01";"1";"7";"0";"2";"4";"2";"1";""
"202100032849";"143 051";"A01";"1";"34";"0";"2";"1";"1";"1";""
"202100032850";"143 049";"A01";"1";"7";"0";"1";"1";"1";"1";""
"202100032851";"143 048";"A01";"2";"7";"0";"1";"3";"1";"1";""
"202100032852";"143 046";"B01";"1";"7";"0";"2";"7";"1";"1";""
"202100032852";"143 047";"A01";"1";"33";"0";"2";"1";"18";"1";""
"202100032853";"143 044";"B01";"1";"1";"0";"2";"7";"1";"5";""
"202100032853";"143 045";"A01";"1";"7";"0";"2";"3";"1";"1";""
"202100032854";"143 042";"B01";"1";"7";"0";"2";"5";"2";"1";""
"202100032854";"143 043";"A01";"1";"2";"0";"2";"1";"1";"1";""
"202100032855";"143 040";"A01";"2";"7";"0";"2";"2";"15";"1";""
"202100032855";"143 041";"B01";"1";"1";"0";"2";"8";"1";"0";""
"202100032856";"143 038";"A01";"1";"7";"0";"2";"3";"15";"1";""
"202100032856";"143 039";"B01";"2";"33";"0";"2";"1";"13";"1";""
"202100032857";"143 037";"A01";"1";"30";"0";"0";"1";"2";"1";""
"202100032858";"143 035";"B01";"2";"7";"0";"2";"1";"1";"1";""
"202100032858";"143 036";"A01";"1";"7";"0";"2";"1";"9";"1";""
"202100032859";"143 032";"C01";"3";"7";"0";"2";"4";"2";"1";""
"202100032859";"143 033";"B01";"3";"10";"0";"2";"1";"2";"1";""
"202100032859";"143 034";"A01";"3";"7";"0";"2";"1";"2";"1";""
"202100032860";"143 030";"A01";"1";"7";"0";"2";"2";"15";"1";""
"202100032860";"143 031";"B01";"2";"7";"0";"2";"1";"1";"1";""
"202100032861";"143 028";"A01";"0";"7";"0";"2";"1";"16";"1";""
"202100032861";"143 029";"B01";"1";"1";"0";"2";"8";"9";"5";""
"202100032862";"143 026";"A01";"1";"30";"0";"2";"1";"17";"1";""
"202100032862";"143 027";"B01";"2";"7";"0";"2";"3";"1";"1";""
"202100032863";"143 024";"A01";"3";"7";"0";"2";"2";"1";"1";""
"202100032863";"143 025";"B01";"3";"1";"0";"2";"1";"25";"5";""
"202100032864";"143 023";"A01";"2";"7";"11";"0";"3";"13";"1";""
"202100032865";"143 022";"A01";"1";"7";"0";"1";"1";"1";"1";""
"202100032866";"143 021";"A01";"1";"7";"0";"1";"5";"1";"1";""
"202100032867";"143 018";"B01";"1";"3";"0";"2";"4";"2";"1";""
"202100032867";"143 019";"C01";"1";"37";"0";"2";"3";"2";"1";"1"
"202100032867";"143 020";"A01";"1";"7";"0";"2";"1";"2";"1";""
"202100032868";"143 016";"A01";"1";"1";"0";"2";"8";"1";"5";""
"202100032868";"143 017";"B01";"1";"10";"0";"9";"1";"1";"1";""
"202100032869";"143 014";"A01";"3";"7";"0";"9";"1";"2";"1";""
"202100032869";"143 015";"B01";"3";"2";"0";"2";"4";"2";"1";""
"202100032870";"143 012";"A01";"1";"7";"0";"9";"3";"22";"1";""
"202100032870";"143 013";"B01";"1";"1";"0";"2";"2";"1";"5";""
"202100032871";"143 011";"A01";"2";"7";"0";"1";"2";"26";"0";""
"202100032872";"143 007";"A01";"1";"30";"0";"0";"2";"16";"1";""
"202100032873";"143 006";"A01";"0";"7";"2";"0";"3";"1";"1";""
"202100032874";"143 004";"A01";"2";"7";"0";"2";"3";"15";"1";""
"202100032874";"143 005";"B01";"2";"7";"0";"2";"5";"2";"1";""
"202100032875";"143 002";"A01";"1";"31";"0";"2";"3";"26";"1";""
"202100032875";"143 003";"B01";"1";"7";"0";"2";"1";"1";"3";""
"202100032876";"143 000";"B01";"3";"7";"0";"2";"1";"1";"1";""
"202100032876";"143 001";"A01";"3";"7";"0";"2";"8";"19";"1";""
"202100032877";"142 998";"A01";"3";"7";"0";"2";"1";"1";"1";""
"202100032877";"142 999";"B01";"3";"7";"0";"2";"4";"0";"1";""
"202100032878";"142 995";"C01";"2";"10";"0";"2";"1";"1";"1";""
"202100032878";"142 996";"B01";"2";"10";"0";"2";"9";"1";"1";""
"202100032878";"142 997";"A01";"2";"7";"0";"2";"3";"18";"1";""
"202100032879";"142 993";"A01";"3";"7";"0";"2";"1";"2";"1";""
"202100032879";"142 994";"B01";"3";"7";"0";"2";"4";"23";"1";""
"202100032880";"142 992";"A01";"2";"7";"0";"1";"1";"21";"1";""
"202100032881";"142 991";"A01";"1";"7";"9";"0";"1";"15";"1";""
"202100032882";"142 989";"A01";"1";"7";"0";"2";"4";"26";"1";""
"202100032882";"142 990";"B01";"1";"2";"0";"2";"1";"1";"1";""
"202100032883";"142 986";"A01";"2";"7";"0";"2";"1";"17";"1";""
"202100032883";"142 987";"B01";"1";"7";"0";"2";"3";"1";"1";""
"202100032883";"142 988";"D01";"2";"7";"0";"2";"6";"1";"1";""
"202100032884";"142 984";"A01";"1";"33";"0";"2";"2";"17";"1";""
"202100032884";"142 985";"B01";"1";"10";"0";"2";"3";"15";"1";""
"202100032885";"142 983";"A01";"1";"33";"0";"1";"7";"21";"1";""
"202100032886";"142 981";"A01";"0";"7";"0";"2";"1";"1";"0";""
"202100032886";"142 982";"B01";"0";"50";"0";"2";"8";"1";"3";""
"202100032887";"142 979";"A01";"3";"7";"0";"2";"1";"15";"1";""
"202100032887";"142 980";"B01";"3";"1";"0";"2";"1";"1";"5";""
"202100032888";"142 975";"B01";"3";"7";"0";"2";"1";"1";"1";""
"202100032888";"142 976";"A01";"3";"2";"0";"2";"7";"1";"1";""
"202100032889";"142 971";"A01";"2";"7";"0";"2";"2";"1";"1";""
"202100032889";"142 972";"B01";"1";"1";"0";"2";"5";"1";"5";""
"202100032890";"142 970";"A01";"0";"32";"0";"1";"1";"1";"1";""
"202100032891";"142 968";"B01";"1";"7";"0";"2";"6";"10";"1";""
"202100032891";"142 969";"A01";"1";"7";"0";"2";"1";"2";"1";""
"202100032892";"142 965";"A01";"1";"7";"1";"0";"7";"14";"1";""
"202100032892";"142 966";"C01";"0";"7";"0";"2";"0";"0";"1";""
"202100032892";"142 967";"B01";"0";"7";"0";"2";"0";"0";"1";""
"202100032893";"142 963";"A01";"1";"10";"0";"2";"1";"1";"1";""
"202100032893";"142 964";"B01";"1";"7";"0";"2";"5";"23";"1";""
"202100032894";"142 961";"A01";"1";"30";"1";"2";"1";"14";"1";""
"202100032894";"142 962";"B01";"1";"7";"1";"0";"4";"23";"1";""
"202100032895";"142 960";"A01";"2";"7";"0";"1";"1";"15";"1";""
"202100032896";"142 959";"A01";"2";"7";"6";"0";"1";"15";"1";""
"202100032897";"142 957";"A01";"1";"7";"0";"2";"3";"11";"1";""
"202100032897";"142 958";"B01";"1";"32";"0";"2";"2";"3";"1";""
"202100032898";"142 956";"A01";"0";"7";"4";"0";"9";"13";"1";""
"202100032899";"142 955";"A01";"1";"7";"0";"1";"3";"16";"1";""
"202100032900";"142 954";"Z01";"1";"34";"0";"1";"1";"1";"0";""
"202100032901";"142 952";"A01";"1";"30";"0";"2";"1";"2";"1";""
"202100032901";"142 953";"B01";"1";"7";"0";"2";"4";"2";"1";""
"202100032902";"142 950";"A01";"1";"7";"0";"2";"7";"9";"1";""
"202100032902";"142 951";"B01";"1";"33";"0";"2";"3";"1";"1";""
"202100032903";"142 948";"A01";"1";"30";"0";"2";"2";"1";"1";""
"202100032903";"142 949";"B01";"2";"7";"0";"2";"2";"1";"1";""
"202100032904";"142 946";"B01";"2";"31";"0";"2";"8";"2";"1";""
"202100032904";"142 947";"A01";"1";"7";"1";"2";"1";"12";"1";""
"202100032905";"142 944";"A01";"1";"80";"0";"2";"1";"1";"3";""
"202100032905";"142 945";"Z01";"2";"1";"0";"2";"3";"13";"0";""
"202100032906";"142 942";"A01";"1";"30";"0";"2";"1";"18";"1";""
"202100032906";"142 943";"B01";"1";"38";"0";"2";"7";"16";"1";"1"
"202100032907";"142 940";"B01";"2";"7";"0";"2";"3";"9";"1";""
"202100032907";"142 941";"A01";"2";"32";"0";"2";"2";"1";"1";""
"202100032908";"142 938";"B01";"1";"33";"1";"2";"3";"1";"1";""
"202100032908";"142 939";"A01";"1";"7";"1";"2";"2";"9";"1";""
"202100032909";"142 936";"B01";"2";"99";"0";"2";"1";"15";"0";""
"202100032909";"142 937";"A01";"2";"50";"0";"2";"1";"1";"3";""
"202100032910";"142 934";"Z01";"1";"30";"0";"2";"7";"17";"0";""
"202100032910";"142 935";"A01";"1";"80";"0";"2";"8";"1";"3";""
"202100032911";"142 933";"A01";"2";"10";"0";"1";"4";"4";"1";""
"202100032912";"142 931";"A01";"2";"1";"0";"2";"2";"1";"5";""
"202100032912";"142 932";"B01";"2";"33";"0";"2";"3";"1";"1";""
"202100032913";"142 929";"A01";"1";"7";"0";"2";"7";"15";"1";""
"202100032913";"142 930";"B01";"2";"7";"0";"2";"2";"1";"1";""
"202100032914";"142 927";"B01";"1";"7";"0";"4";"3";"15";"1";""
"202100032914";"142 928";"A01";"2";"40";"0";"2";"1";"1";"3";""
"202100032915";"142 925";"A01";"1";"7";"0";"2";"2";"16";"1";""
"202100032915";"142 926";"B01";"1";"1";"0";"2";"1";"1";"5";""
"202100032916";"142 923";"A01";"2";"1";"0";"2";"1";"25";"5";""
"202100032916";"142 924";"B01";"2";"50";"0";"2";"1";"26";"3";""
"202100032917";"142 921";"A01";"2";"31";"0";"2";"1";"16";"1";""
"202100032917";"142 922";"B01";"2";"7";"0";"2";"5";"10";"1";""
"202100032918";"142 919";"A01";"2";"7";"0";"2";"1";"1";"1";""
"202100032918";"142 920";"B01";"2";"7";"0";"2";"4";"1";"1";""
"202100032919";"142 917";"A01";"0";"7";"0";"2";"8";"9";"1";""
"202100032919";"142 918";"B01";"3";"33";"0";"2";"2";"1";"1";""
"202100032920";"142 915";"B01";"2";"7";"0";"0";"8";"15";"3";""
"202100032920";"142 916";"A01";"2";"7";"0";"2";"2";"17";"1";""
"202100032921";"142 913";"A01";"3";"7";"3";"0";"7";"10";"1";""
"202100032921";"142 914";"B01";"3";"7";"3";"2";"1";"1";"1";""
"202100032922";"142 910";"C01";"3";"7";"0";"0";"4";"2";"1";""
"202100032922";"142 911";"B01";"3";"7";"0";"2";"1";"0";"1";""
"202100032922";"142 912";"A01";"3";"7";"0";"2";"1";"2";"1";""
"202100032923";"142 908";"B01";"0";"31";"0";"2";"3";"0";"1";""
"202100032923";"142 909";"A01";"0";"3";"0";"2";"2";"18";"1";""
"202100032924";"142 907";"A01";"1";"7";"7";"0";"1";"0";"1";""
"202100032925";"142 906";"A01";"2";"10";"0";"1";"1";"16";"1";""
"202100032926";"142 905";"A01";"1";"15";"0";"1";"1";"1";"1";""
"202100032927";"142 903";"B01";"3";"7";"0";"2";"2";"2";"1";""
"202100032927";"142 904";"A01";"3";"99";"0";"2";"3";"15";"1";""
"202100032928";"142 901";"A01";"3";"7";"0";"2";"1";"1";"1";""
"202100032928";"142 902";"B01";"3";"32";"0";"2";"4";"1";"1";""
"202100032929";"142 900";"A01";"2";"33";"0";"1";"5";"16";"1";""
"202100032930";"142 899";"A01";"2";"32";"0";"1";"2";"17";"1";""
"202100032931";"142 898";"A01";"1";"7";"0";"1";"1";"1";"1";""
"202100032932";"142 897";"A01";"1";"7";"4";"0";"2";"11";"0";""
"202100032933";"142 895";"B01";"1";"7";"0";"2";"1";"1";"1";""
"202100032933";"142 896";"A01";"1";"7";"0";"2";"4";"4";"1";""
"202100032934";"142 892";"C01";"1";"7";"0";"2";"1";"1";"1";""
"202100032934";"142 893";"B01";"1";"7";"0";"2";"4";"23";"1";""
"202100032934";"142 894";"A01";"1";"7";"0";"2";"4";"23";"1";""
"202100032935";"142 890";"A01";"1";"7";"0";"2";"4";"1";"1";""
"202100032935";"142 891";"B01";"1";"32";"0";"2";"1";"1";"1";""
"202100032936";"142 887";"C01";"1";"7";"0";"2";"0";"0";"0";""
"202100032936";"142 888";"B01";"1";"7";"0";"2";"0";"0";"0";""
"202100032936";"142 889";"A01";"3";"32";"0";"2";"0";"9";"0";""
"202100032937";"142 886";"A01";"1";"10";"0";"1";"4";"20";"3";""
"202100032938";"142 883";"C01";"1";"3";"0";"2";"0";"0";"0";""
"202100032938";"142 884";"B01";"1";"7";"0";"2";"0";"0";"1";""
"202100032938";"142 885";"A01";"1";"30";"0";"2";"1";"1";"1";""
"202100032939";"142 881";"B01";"2";"7";"0";"2";"3";"1";"1";""
"202100032939";"142 882";"A01";"1";"1";"0";"2";"3";"13";"5";""
"202100032940";"142 876";"D01";"2";"13";"0";"2";"6";"0";"1";""
"202100032940";"142 877";"C01";"2";"7";"0";"2";"4";"0";"1";""
"202100032940";"142 878";"B01";"2";"7";"1";"2";"3";"9";"1";""
"202100032940";"142 879";"F01";"2";"7";"0";"2";"6";"1";"1";""
"202100032940";"142 880";"A01";"2";"7";"1";"2";"5";"12";"1";""
"202100032941";"142 874";"B01";"3";"50";"0";"2";"8";"1";"3";""
"202100032941";"142 875";"A01";"3";"7";"0";"9";"2";"1";"1";""
"202100032942";"142 872";"A01";"2";"50";"0";"2";"1";"1";"3";""
"202100032942";"142 873";"B01";"1";"7";"0";"2";"3";"15";"1";""
"202100032943";"142 870";"Z01";"1";"7";"0";"2";"8";"13";"0";""
"202100032943";"142 871";"A01";"1";"30";"0";"2";"5";"1";"1";""
"202100032944";"142 868";"A01";"2";"30";"0";"2";"3";"1";"0";""
"202100032944";"142 869";"B01";"1";"7";"0";"2";"2";"15";"1";""
"202100032945";"142 866";"A01";"2";"7";"0";"2";"3";"1";"1";""
"202100032945";"142 867";"B01";"2";"31";"0";"2";"2";"17";"1";""
"202100032946";"142 865";"A01";"2";"33";"9";"1";"1";"1";"1";""
"202100032947";"142 863";"B01";"1";"7";"8";"2";"2";"17";"1";""
"202100032947";"142 864";"A01";"1";"3";"13";"2";"3";"15";"1";""
"202100032948";"142 862";"A01";"3";"7";"0";"1";"2";"15";"1";""
"202100032949";"142 860";"A01";"1";"2";"0";"0";"4";"0";"1";""
"202100032949";"142 861";"B01";"1";"7";"0";"2";"1";"2";"1";""