"Num_Acc";"id_vehicule";"num_veh";"senc";"catv";"obs";"obsm";"choc";"manv";"motor";"occutc"
"202100033159";"142 492";"B01";"2";"7";"0";"2";"4";"2";"1";""
"202100033160";"142 490";"A01";"1";"7";"4";"0";"1";"11";"1";""
"202100033161";"142 488";"A01";"2";"10";"4";"2";"7";"12";"1";""
"202100033161";"142 489";"B01";"2";"10";"4";"2";"8";"1";"1";""
"202100033162";"142 486";"B01";"2";"34";"0";"2";"8";"3";"1";""
"202100033162";"142 487";"A01";"2";"7";"0";"2";"2";"12";"1";""
"202100033163";"142 485";"A01";"2";"7";"3";"0";"1";"21";"1";""
"202100033164";"142 483";"B01";"2";"10";"0";"2";"4";"23";"1";""
"202100033164";"142 484";"A01";"2";"7";"1";"0";"1";"2";"1";""
"202100033165";"142 481";"B01";"2";"7";"0";"2";"7";"1";"1";""
"202100033165";"142 482";"A01";"2";"31";"0";"2";"8";"3";"1";""
"202100033166";"142 480";"A01";"1";"7";"3";"0";"3";"26";"1";""
"202100033167";"142 479";"A01";"2";"7";"0";"1";"1";"1";"1";""
"202100033168";"142 476";"A01";"1";"7";"0";"1";"1";"1";"1";""
"202100033169";"142 474";"B01";"1";"7";"0";"2";"3";"1";"1";""
"202100033169";"142 475";"A01";"1";"30";"0";"2";"1";"2";"1";""
"202100033170";"142 471";"C01";"1";"7";"0";"2";"1";"1";"0";""
"202100033170";"142 472";"B01";"1";"7";"0";"2";"1";"2";"1";""
"202100033170";"142 473";"A01";"1";"7";"0";"2";"3";"17";"1";""
"202100033171";"142 470";"A01";"2";"32";"0";"2";"9";"26";"1";""
"202100033172";"142 468";"B01";"1";"7";"0";"2";"2";"0";"1";""
"202100033172";"142 469";"A01";"2";"7";"0";"2";"3";"1";"1";""
"202100033173";"142 467";"A01";"0";"7";"1";"0";"0";"0";"1";""
"202100033174";"142 465";"A01";"2";"10";"0";"2";"1";"1";"1";""
"202100033174";"142 466";"B01";"2";"7";"0";"2";"4";"23";"1";""
"202100033175";"142 464";"A01";"3";"30";"0";"2";"0";"21";"1";""
"202100033176";"142 462";"A01";"3";"7";"0";"2";"2";"19";"1";""
"202100033176";"142 463";"B01";"1";"7";"0";"2";"3";"1";"1";""
"202100033177";"142 461";"A01";"3";"7";"10";"0";"8";"15";"1";""
"202100033178";"142 459";"A01";"2";"50";"0";"2";"1";"19";"3";""
"202100033178";"142 460";"B01";"1";"7";"0";"2";"8";"1";"1";""
"202100033179";"142 458";"A01";"1";"32";"0";"1";"1";"9";"1";""
"202100033180";"142 456";"A01";"3";"7";"0";"2";"2";"1";"1";""
"202100033180";"142 457";"B01";"1";"1";"0";"2";"4";"2";"5";""
"202100033181";"142 454";"B01";"1";"1";"0";"0";"0";"0";"0";""
"202100033181";"142 455";"A01";"1";"7";"0";"9";"0";"26";"1";""
"202100033182";"142 452";"A01";"2";"30";"0";"2";"1";"15";"1";""
"202100033182";"142 453";"B01";"1";"7";"0";"2";"3";"2";"1";""
"202100033183";"142 450";"A01";"1";"7";"0";"2";"3";"10";"1";""
"202100033183";"142 451";"B01";"1";"32";"0";"2";"1";"1";"1";""
"202100033184";"142 448";"B01";"1";"7";"0";"2";"4";"1";"1";""
"202100033184";"142 449";"A01";"2";"31";"0";"2";"1";"1";"1";""
"202100033185";"142 446";"A01";"1";"7";"0";"2";"3";"19";"1";""
"202100033185";"142 447";"B01";"1";"2";"0";"2";"1";"1";"1";""
"202100033186";"142 444";"B01";"2";"7";"0";"2";"7";"1";"1";""
"202100033186";"142 445";"A01";"3";"50";"0";"2";"1";"1";"3";""
"202100033187";"142 442";"B01";"2";"7";"0";"2";"8";"15";"1";""
"202100033187";"142 443";"A01";"2";"80";"0";"2";"1";"1";"3";""
"202100033188";"142 440";"B01";"1";"60";"0";"2";"8";"19";"5";""
"202100033188";"142 441";"A01";"1";"7";"0";"2";"1";"26";"1";""
"202100033189";"142 438";"B01";"1";"7";"0";"2";"1";"16";"1";""
"202100033189";"142 439";"A01";"2";"10";"0";"2";"2";"1";"1";""
"202100033190";"142 436";"A01";"2";"33";"0";"2";"1";"1";"1";""
"202100033190";"142 437";"B01";"2";"7";"0";"2";"8";"16";"1";""
"202100033191";"142 434";"A01";"3";"50";"0";"2";"1";"9";"3";""
"202100033191";"142 435";"B01";"3";"7";"0";"2";"2";"26";"1";""
"202100033192";"142 433";"A01";"3";"1";"9";"0";"1";"26";"5";""
"202100033193";"142 431";"B01";"0";"1";"0";"2";"0";"0";"5";""
"202100033193";"142 432";"A01";"2";"7";"0";"2";"5";"14";"1";""
"202100033194";"142 430";"A01";"1";"7";"6";"0";"1";"1";"1";""
"202100033195";"142 428";"B01";"2";"1";"0";"2";"7";"1";"5";""
"202100033195";"142 429";"A01";"2";"7";"0";"2";"7";"17";"1";""
"202100033196";"142 427";"A01";"0";"7";"6";"0";"1";"1";"1";""
"202100033197";"142 423";"Z01";"1";"7";"8";"2";"2";"0";"1";""
"202100033197";"142 424";"A01";"1";"7";"0";"2";"6";"2";"1";""
"202100033197";"142 425";"B01";"1";"7";"1";"0";"4";"26";"1";""
"202100033197";"142 426";"C01";"1";"7";"2";"0";"4";"0";"1";""
"202100033198";"142 421";"B01";"0";"7";"0";"2";"1";"1";"1";""
"202100033198";"142 422";"A01";"0";"3";"0";"2";"1";"15";"1";""
"202100033199";"142 420";"A01";"2";"7";"9";"0";"1";"19";"1";""
"202100033200";"142 419";"A01";"2";"7";"0";"0";"9";"1";"1";""
"202100033201";"142 417";"A01";"3";"33";"0";"2";"4";"12";"1";""
"202100033201";"142 418";"B01";"3";"7";"0";"0";"0";"0";"1";""
"202100033202";"142 416";"A01";"1";"30";"0";"1";"1";"26";"1";""
"202100033203";"142 415";"A01";"2";"32";"0";"0";"1";"26";"1";""
"202100033204";"142 411";"B01";"2";"7";"0";"2";"6";"1";"1";""
"202100033204";"142 412";"A01";"2";"7";"0";"2";"3";"14";"1";""
"202100033205";"142 409";"A01";"1";"7";"0";"2";"1";"2";"1";""
"202100033205";"142 410";"B01";"1";"7";"0";"2";"4";"2";"1";""
"202100033206";"142 407";"A01";"2";"7";"0";"2";"1";"15";"1";""
"202100033206";"142 408";"B01";"2";"31";"0";"2";"8";"1";"1";""
"202100033207";"142 406";"A01";"1";"50";"0";"1";"0";"1";"3";""
"202100033208";"142 404";"B01";"1";"32";"0";"2";"3";"18";"1";""
"202100033208";"142 405";"A01";"1";"7";"0";"2";"2";"1";"1";""
"202100033209";"142 402";"A01";"1";"1";"0";"2";"1";"1";"5";""
"202100033209";"142 403";"Z01";"2";"1";"0";"2";"1";"13";"0";""
"202100033210";"142 400";"A01";"1";"10";"0";"2";"3";"22";"1";""
"202100033210";"142 401";"B01";"1";"2";"0";"2";"1";"1";"1";""
"202100033211";"142 397";"B01";"1";"1";"0";"2";"1";"1";"5";""
"202100033211";"142 398";"A01";"2";"7";"0";"2";"8";"5";"1";""
"202100033212";"142 396";"A01";"1";"1";"0";"1";"1";"5";"5";""
"202100033213";"142 394";"B01";"0";"1";"0";"2";"2";"1";"5";""
"202100033213";"142 395";"A01";"3";"32";"0";"2";"3";"1";"1";""
"202100033214";"142 393";"A01";"1";"32";"0";"1";"1";"17";"1";""
"202100033215";"142 391";"B01";"1";"2";"0";"2";"1";"2";"3";""
"202100033215";"142 392";"A01";"1";"7";"0";"0";"5";"23";"1";""
"202100033216";"142 389";"B01";"1";"1";"0";"2";"7";"1";"5";""
"202100033216";"142 390";"A01";"1";"7";"0";"2";"8";"22";"1";""
"202100033217";"142 388";"A01";"1";"1";"12";"0";"2";"14";"5";""
"202100033218";"142 386";"A01";"1";"1";"0";"2";"2";"1";"5";""
"202100033218";"142 387";"Z01";"2";"50";"0";"2";"0";"19";"3";""
"202100033219";"142 385";"A01";"3";"80";"0";"5";"8";"1";"3";""
"202100033220";"142 383";"B01";"1";"7";"0";"2";"1";"1";"1";""
"202100033220";"142 384";"A01";"2";"7";"15";"2";"3";"1";"1";""
"202100033221";"142 381";"B01";"2";"31";"0";"2";"7";"1";"1";""
"202100033221";"142 382";"A01";"1";"7";"0";"2";"3";"15";"1";""
"202100033222";"142 380";"A01";"1";"7";"1";"2";"8";"13";"1";""
"202100033223";"142 378";"B01";"1";"7";"0";"2";"1";"16";"1";""
"202100033223";"142 379";"A01";"2";"7";"0";"9";"4";"16";"1";""
"202100033224";"142 377";"A01";"0";"7";"1";"0";"2";"1";"1";""
"202100033225";"142 374";"A01";"3";"7";"0";"2";"2";"0";"1";""
"202100033225";"142 375";"B01";"0";"7";"0";"2";"6";"23";"1";""
"202100033225";"142 376";"C01";"0";"7";"0";"2";"4";"23";"1";""
"202100033226";"142 372";"A01";"3";"7";"0";"2";"2";"15";"0";""
"202100033226";"142 373";"B01";"3";"7";"0";"2";"1";"1";"0";""
"202100033227";"142 371";"A01";"1";"7";"9";"0";"1";"15";"2";""
"202100033228";"142 370";"A01";"2";"7";"0";"1";"1";"1";"2";""
"202100033229";"142 368";"A01";"1";"7";"0";"2";"7";"15";"1";""
"202100033229";"142 369";"B01";"2";"2";"0";"2";"1";"1";"1";""
"202100033230";"142 367";"A01";"1";"33";"8";"0";"1";"1";"1";""
"202100033231";"142 366";"A01";"2";"33";"13";"0";"1";"1";"1";""
"202100033232";"142 365";"A01";"1";"7";"13";"0";"1";"1";"1";""
"202100033233";"142 364";"A01";"2";"7";"0";"1";"2";"1";"1";""
"202100033234";"142 362";"A01";"1";"7";"0";"2";"2";"19";"1";""
"202100033234";"142 363";"B01";"2";"7";"0";"2";"2";"1";"1";""
"202100033235";"142 361";"A01";"1";"7";"2";"0";"1";"1";"1";""
"202100033236";"142 360";"A01";"1";"1";"0";"0";"9";"13";"5";""
"202100033237";"142 358";"A01";"1";"7";"0";"2";"3";"3";"1";""
"202100033237";"142 359";"B01";"2";"7";"0";"2";"3";"1";"1";""
"202100033238";"142 357";"A01";"2";"7";"13";"0";"1";"1";"1";""
"202100033239";"142 353";"A01";"3";"10";"0";"2";"8";"19";"1";""
"202100033239";"142 354";"B01";"2";"2";"0";"2";"1";"19";"1";""
"202100033240";"142 351";"A01";"2";"2";"0";"9";"1";"1";"1";""
"202100033241";"142 350";"A01";"1";"7";"2";"0";"1";"1";"1";""
"202100033242";"142 348";"B01";"1";"14";"0";"2";"7";"16";"1";""
"202100033242";"142 349";"A01";"3";"31";"0";"2";"8";"23";"1";""
"202100033243";"142 346";"B01";"3";"7";"0";"2";"3";"19";"1";""
"202100033243";"142 347";"A01";"1";"31";"0";"2";"1";"21";"1";""
"202100033244";"142 345";"A01";"1";"7";"1";"1";"2";"1";"1";""
"202100033245";"142 344";"A01";"1";"7";"0";"0";"3";"0";"0";""
"202100033246";"142 343";"A01";"2";"7";"2";"0";"1";"14";"1";""
"202100033247";"142 342";"A01";"1";"33";"0";"0";"6";"1";"1";""
"202100033248";"142 341";"A01";"2";"7";"0";"0";"9";"14";"1";""
"202100033249";"142 339";"A01";"1";"33";"0";"2";"2";"17";"1";""
"202100033249";"142 340";"B01";"1";"7";"0";"2";"6";"17";"1";""
"202100033250";"142 337";"A01";"3";"7";"0";"2";"1";"1";"1";""
"202100033250";"142 338";"B01";"3";"21";"0";"2";"3";"1";"1";""
"202100033251";"142 336";"A01";"1";"33";"0";"0";"7";"1";"1";""
"202100033252";"142 335";"A01";"1";"7";"4";"0";"2";"1";"1";""
"202100033253";"142 333";"A01";"2";"7";"0";"2";"1";"15";"1";""
"202100033253";"142 334";"B01";"1";"1";"0";"2";"8";"1";"5";""
"202100033254";"142 331";"B01";"1";"7";"0";"2";"1";"1";"1";""
"202100033254";"142 332";"A01";"2";"10";"0";"2";"7";"1";"1";""
"202100033255";"142 330";"A01";"1";"7";"2";"0";"1";"1";"1";""
"202100033256";"142 329";"A01";"1";"2";"8";"0";"1";"0";"1";""
"202100033257";"142 325";"A01";"1";"32";"0";"0";"0";"15";"1";""
"202100033257";"142 326";"B01";"1";"33";"0";"2";"1";"17";"1";""
"202100033258";"142 323";"A01";"2";"7";"0";"2";"1";"13";"1";""
"202100033258";"142 324";"B01";"1";"7";"3";"2";"3";"1";"1";""
"202100033259";"142 321";"B01";"3";"7";"0";"2";"8";"19";"1";""
"202100033259";"142 322";"A01";"0";"7";"0";"2";"1";"1";"1";""
"202100033260";"142 318";"A01";"2";"33";"16";"0";"3";"1";"1";""
"202100033261";"142 316";"B01";"3";"7";"0";"2";"7";"17";"1";""
"202100033261";"142 317";"A01";"3";"30";"0";"2";"8";"15";"1";""
"202100033262";"142 315";"A01";"2";"7";"13";"0";"1";"1";"1";""
"202100033263";"142 314";"A01";"1";"7";"13";"0";"1";"1";"1";""
"202100033264";"142 313";"A01";"1";"33";"0";"0";"1";"1";"1";""
"202100033265";"142 312";"A01";"3";"7";"15";"0";"3";"0";"1";""
"202100033266";"142 310";"A01";"1";"7";"0";"2";"3";"1";"1";""
"202100033266";"142 311";"B01";"1";"7";"0";"2";"2";"1";"1";""
"202100033267";"142 308";"A01";"1";"17";"1";"0";"2";"14";"1";""
"202100033267";"142 309";"B01";"1";"7";"0";"0";"6";"24";"1";""
"202100033268";"142 305";"B01";"1";"17";"0";"0";"7";"1";"1";""
"202100033268";"142 306";"A01";"1";"7";"13";"2";"1";"13";"1";""
"202100033269";"142 304";"A01";"1";"2";"12";"0";"8";"15";"0";""
"202100033270";"142 302";"B01";"2";"7";"0";"2";"1";"5";"3";""
"202100033270";"142 303";"A01";"1";"30";"0";"2";"1";"5";"1";""
"202100033271";"142 299";"C01";"1";"7";"0";"2";"3";"21";"1";""
"202100033271";"142 300";"B01";"2";"10";"0";"0";"6";"2";"1";""
"202100033271";"142 301";"A01";"2";"33";"0";"2";"1";"2";"1";""
"202100033272";"142 297";"A01";"1";"7";"0";"2";"1";"13";"1";""
"202100033272";"142 298";"B01";"2";"7";"0";"2";"1";"1";"1";""
"202100033273";"142 296";"A01";"2";"7";"13";"0";"3";"13";"1";""
"202100033274";"142 294";"A01";"3";"36";"1";"0";"1";"1";"1";""
"202100033274";"142 295";"B01";"0";"7";"0";"0";"3";"24";"1";""
"202100033275";"142 292";"B01";"3";"7";"0";"2";"1";"13";"1";""
"202100033275";"142 293";"A01";"3";"7";"0";"2";"1";"1";"1";""
"202100033276";"142 291";"A01";"1";"7";"0";"9";"1";"14";"1";""
"202100033277";"142 289";"A01";"2";"10";"0";"2";"2";"19";"1";""
"202100033277";"142 290";"B01";"3";"1";"0";"2";"3";"19";"5";""
"202100033278";"142 288";"A01";"1";"7";"2";"0";"3";"1";"1";""
"202100033279";"142 287";"A01";"2";"7";"12";"0";"1";"0";"1";""
"202100033280";"142 286";"A01";"1";"7";"3";"0";"3";"0";"1";""
"202100033281";"142 282";"B01";"2";"7";"0";"2";"6";"11";"1";""
"202100033281";"142 283";"A01";"2";"7";"0";"2";"2";"1";"1";""
"202100033282";"142 280";"A01";"1";"7";"0";"2";"7";"12";"1";""
"202100033282";"142 281";"B01";"1";"31";"0";"2";"1";"3";"1";""
"202100033283";"142 278";"B01";"1";"7";"0";"2";"2";"1";"1";""
"202100033283";"142 279";"A01";"1";"32";"0";"2";"1";"10";"1";""
"202100033284";"142 276";"A01";"1";"7";"0";"2";"4";"2";"1";""
"202100033284";"142 277";"B01";"2";"7";"0";"2";"1";"2";"1";""
"202100033285";"142 271";"C01";"2";"7";"0";"2";"4";"23";"1";""
"202100033285";"142 272";"D01";"2";"7";"0";"2";"4";"23";"1";""
"202100033285";"142 273";"E01";"2";"7";"0";"2";"1";"1";"1";""
"202100033285";"142 274";"B01";"2";"7";"0";"2";"4";"23";"1";""
"202100033285";"142 275";"A01";"2";"7";"0";"2";"4";"23";"1";""
"202100033286";"142 268";"C01";"1";"7";"0";"2";"4";"1";"1";""
"202100033286";"142 269";"A01";"1";"10";"0";"2";"1";"1";"1";""
"202100033286";"142 270";"B01";"1";"7";"0";"2";"4";"1";"1";""
"202100033287";"142 266";"A01";"2";"7";"0";"2";"1";"2";"1";""
"202100033287";"142 267";"B01";"2";"7";"0";"2";"4";"1";"1";""
"202100033288";"142 262";"B01";"2";"7";"0";"2";"4";"2";"1";""
"202100033288";"142 263";"A01";"2";"7";"0";"2";"1";"1";"1";""
"202100033288";"142 264";"D01";"2";"7";"0";"2";"4";"2";"1";""
"202100033288";"142 265";"C01";"2";"7";"0";"2";"4";"2";"1";""
"202100033289";"142 261";"A01";"1";"7";"4";"0";"1";"1";"1";""
"202100033290";"142 260";"A01";"1";"7";"4";"0";"1";"13";"1";""
"202100033291";"142 258";"B01";"1";"7";"0";"2";"4";"1";"1";""
"202100033291";"142 259";"A01";"1";"7";"0";"2";"1";"1";"1";""
"202100033292";"142 257";"A01";"1";"7";"0";"0";"9";"1";"1";""
"202100033293";"142 255";"A01";"2";"7";"3";"2";"1";"1";"1";""
"202100033293";"142 256";"B01";"2";"7";"0";"2";"6";"1";"1";""
"202100033294";"142 253";"A01";"2";"43";"0";"2";"1";"1";"1";""
"202100033294";"142 254";"B01";"2";"7";"0";"2";"4";"1";"3";""
"202100033295";"142 252";"A01";"1";"43";"0";"0";"0";"2";"1";""
"202100033296";"142 251";"Z01";"3";"7";"0";"1";"1";"1";"1";""
"202100033297";"142 250";"B01";"2";"1";"0";"1";"1";"1";"5";""
"202100033298";"142 249";"A01";"1";"7";"0";"1";"6";"4";"1";""
"202100033299";"142 248";"A01";"2";"33";"0";"1";"1";"1";"1";""
"202100033300";"142 246";"A01";"1";"7";"0";"2";"3";"13";"1";""
"202100033300";"142 247";"B01";"1";"2";"0";"2";"1";"1";"1";""
"202100033301";"142 244";"A01";"2";"1";"0";"2";"1";"5";"5";""
"202100033301";"142 245";"B01";"1";"10";"0";"2";"2";"15";"1";""
"202100033302";"142 243";"A01";"2";"7";"0";"1";"8";"0";"1";""
"202100033303";"142 241";"B01";"1";"7";"0";"2";"3";"1";"1";""
"202100033303";"142 242";"A01";"1";"10";"0";"2";"2";"9";"1";""
"202100033304";"142 239";"B01";"1";"1";"0";"2";"1";"1";"5";""
"202100033304";"142 240";"A01";"1";"7";"0";"2";"2";"19";"1";""
"202100033305";"142 238";"A01";"3";"50";"0";"0";"0";"1";"3";""
"202100033306";"142 236";"A01";"1";"7";"8";"2";"1";"19";"1";""
"202100033306";"142 237";"B01";"2";"7";"8";"2";"2";"1";"1";""
"202100033307";"142 232";"A01";"1";"7";"0";"2";"0";"2";"1";""
"202100033307";"142 233";"B01";"1";"7";"1";"0";"4";"2";"2";""
"202100033307";"142 234";"C01";"1";"33";"0";"2";"1";"2";"1";""
"202100033307";"142 235";"T01";"1";"0";"0";"0";"0";"0";"0";""
"202100033308";"142 231";"A01";"1";"7";"0";"1";"1";"1";"1";""
"202100033309";"142 229";"A01";"3";"3";"0";"2";"1";"13";"1";""
"202100033309";"142 230";"B01";"3";"7";"0";"2";"6";"1";"1";""
"202100033310";"142 227";"B01";"2";"7";"6";"2";"4";"16";"1";""
"202100033310";"142 228";"A01";"2";"7";"0";"2";"1";"1";"1";""
"202100033311";"142 225";"B01";"3";"7";"0";"2";"1";"1";"1";""
"202100033311";"142 226";"A01";"3";"7";"0";"2";"1";"15";"1";""
"202100033312";"142 224";"A01";"3";"7";"0";"1";"1";"26";"1";""
"202100033313";"142 222";"B01";"2";"1";"12";"2";"1";"1";"5";""
"202100033313";"142 223";"A01";"1";"10";"0";"2";"3";"17";"1";""
"202100033314";"142 220";"A01";"1";"7";"0";"2";"1";"15";"1";""
"202100033314";"142 221";"B01";"2";"7";"0";"2";"1";"9";"1";""
"202100033315";"142 219";"A01";"1";"33";"0";"0";"7";"1";"1";""
"202100033316";"142 218";"A01";"1";"7";"11";"0";"1";"1";"1";""
"202100033317";"142 215";"C01";"2";"50";"0";"0";"8";"1";"3";""
"202100033317";"142 216";"Z01";"2";"7";"0";"2";"2";"14";"1";""
"202100033317";"142 217";"B01";"2";"50";"0";"2";"4";"1";"3";""
"202100033318";"142 213";"B01";"2";"34";"0";"2";"2";"2";"1";""
"202100033318";"142 214";"A01";"2";"7";"0";"2";"3";"20";"1";""
"202100033319";"142 211";"A01";"3";"2";"0";"2";"1";"1";"1";""
"202100033319";"142 212";"B01";"3";"7";"0";"2";"4";"23";"1";""
"202100033320";"142 209";"A01";"3";"99";"0";"2";"1";"19";"1";""
"202100033320";"142 210";"B01";"3";"7";"0";"0";"0";"1";"0";""
"202100033321";"142 202";"B01";"3";"7";"0";"2";"0";"1";"1";""
"202100033321";"142 203";"C01";"3";"33";"0";"2";"1";"1";"1";""
"202100033321";"142 204";"A01";"3";"7";"0";"2";"1";"19";"1";""
"202100033322";"142 201";"A01";"0";"1";"4";"0";"0";"13";"5";""
"202100033323";"142 197";"A01";"1";"17";"0";"2";"1";"13";"1";""
"202100033323";"142 198";"B01";"2";"17";"0";"2";"8";"21";"1";""
"202100033324";"142 195";"A01";"1";"10";"0";"2";"8";"15";"1";""
"202100033324";"142 196";"B01";"2";"32";"0";"2";"2";"2";"1";""
"202100033325";"142 193";"B01";"0";"34";"0";"2";"1";"17";"1";""
"202100033325";"142 194";"A01";"1";"7";"0";"2";"3";"23";"1";""
"202100033326";"142 191";"A01";"1";"10";"0";"2";"0";"20";"1";""
"202100033326";"142 192";"B01";"1";"50";"0";"2";"0";"1";"3";""
"202100033327";"142 189";"A01";"1";"50";"0";"2";"1";"1";"3";""
"202100033327";"142 190";"B01";"1";"7";"0";"2";"2";"1";"1";""
"202100033328";"142 187";"Z01";"1";"7";"0";"2";"2";"1";"1";""
"202100033328";"142 188";"B01";"1";"32";"0";"2";"4";"1";"1";""
"202100033329";"142 186";"A01";"1";"7";"0";"0";"9";"9";"1";""
"202100033330";"142 184";"B01";"1";"7";"0";"2";"4";"1";"1";""
"202100033330";"142 185";"A01";"1";"7";"0";"2";"1";"1";"1";""
"202100033331";"142 183";"A01";"1";"34";"17";"0";"9";"1";"1";""
"202100033332";"142 182";"A01";"3";"7";"13";"0";"3";"0";"1";""
"202100033333";"142 181";"A01";"1";"33";"11";"0";"1";"1";"1";""
"202100033334";"142 180";"A01";"3";"7";"0";"1";"2";"16";"1";""
"202100033335";"142 178";"B01";"0";"7";"0";"2";"3";"15";"1";""
"202100033335";"142 179";"A01";"0";"1";"0";"2";"8";"1";"5";""
"202100033336";"142 177";"A01";"1";"7";"2";"0";"1";"14";"1";""
"202100033337";"142 176";"A01";"3";"10";"0";"1";"5";"15";"0";""
"202100033338";"142 175";"A01";"1";"30";"12";"0";"2";"14";"1";""
"202100033339";"142 174";"A01";"1";"1";"2";"0";"1";"14";"5";""
"202100033340";"142 173";"A01";"3";"7";"0";"1";"4";"4";"1";""
"202100033341";"142 169";"B01";"2";"7";"0";"2";"4";"23";"1";""
"202100033341";"142 170";"A01";"2";"7";"0";"2";"1";"2";"1";""
"202100033342";"142 167";"B01";"3";"1";"0";"2";"8";"15";"5";""
"202100033342";"142 168";"A01";"0";"33";"0";"2";"1";"1";"1";""
"202100033343";"142 166";"A01";"1";"7";"0";"1";"1";"2";"1";""
"202100033344";"142 165";"A01";"3";"7";"0";"1";"3";"1";"1";""
"202100033345";"142 164";"A01";"2";"10";"0";"1";"2";"16";"1";""
"202100033346";"142 162";"A01";"2";"15";"0";"2";"2";"17";"0";""
"202100033346";"142 163";"B01";"2";"7";"3";"2";"3";"18";"0";""
"202100033347";"142 159";"B01";"1";"7";"0";"2";"1";"1";"0";""
"202100033347";"142 160";"C01";"1";"7";"0";"2";"1";"1";"1";""
"202100033347";"142 161";"A01";"1";"7";"0";"2";"4";"1";"1";""
"202100033348";"142 157";"B01";"2";"7";"0";"2";"6";"1";"1";""
"202100033348";"142 158";"A01";"2";"7";"0";"2";"3";"5";"1";""
"202100033349";"142 155";"A01";"2";"10";"0";"2";"1";"21";"1";""
"202100033349";"142 156";"B01";"2";"7";"0";"2";"5";"2";"1";""
"202100033350";"142 153";"B01";"1";"1";"0";"2";"1";"1";"5";""
"202100033350";"142 154";"A01";"2";"7";"0";"2";"6";"15";"1";""
"202100033351";"142 152";"A01";"2";"7";"14";"0";"1";"1";"1";""
"202100033352";"142 150";"B01";"2";"7";"0";"2";"7";"1";"1";""
"202100033352";"142 151";"A01";"3";"7";"0";"2";"1";"9";"1";""
"202100033353";"142 149";"A01";"1";"7";"1";"0";"2";"1";"1";""
"202100033354";"142 147";"A01";"2";"2";"0";"2";"8";"26";"0";""
"202100033354";"142 148";"B01";"1";"7";"0";"2";"2";"15";"1";""
"202100033355";"142 146";"A01";"2";"7";"2";"0";"1";"13";"1";""
"202100033356";"142 144";"B01";"0";"34";"0";"2";"1";"15";"1";""
"202100033356";"142 145";"A01";"0";"7";"0";"2";"1";"15";"1";""
"202100033357";"142 143";"A01";"2";"7";"0";"1";"3";"26";"1";""
"202100033358";"142 141";"A01";"2";"7";"0";"2";"1";"2";"0";""
"202100033358";"142 142";"B01";"2";"7";"0";"2";"4";"2";"1";""
"202100033359";"142 139";"B01";"0";"50";"0";"2";"1";"1";"3";""
"202100033359";"142 140";"A01";"0";"7";"0";"2";"3";"1";"1";""
"202100033360";"142 137";"A01";"1";"2";"0";"2";"1";"9";"1";""
"202100033360";"142 138";"B01";"1";"7";"0";"2";"2";"1";"1";""
"202100033361";"142 135";"A01";"1";"33";"2";"0";"1";"13";"1";""
"202100033361";"142 136";"B01";"1";"33";"0";"0";"0";"14";"1";""
"202100033362";"142 134";"A01";"1";"50";"0";"1";"1";"1";"3";""
"202100033363";"142 133";"A01";"2";"33";"0";"1";"1";"17";"1";""
"202100033364";"142 131";"B01";"3";"32";"0";"2";"1";"21";"1";""
"202100033364";"142 132";"A01";"3";"7";"0";"2";"3";"15";"1";""
"202100033365";"142 129";"B01";"2";"1";"0";"2";"1";"2";"5";""
"202100033365";"142 130";"A01";"1";"7";"0";"9";"3";"24";"1";""
"202100033366";"142 126";"C01";"1";"7";"0";"0";"4";"1";"1";""
"202100033366";"142 127";"B01";"1";"7";"0";"2";"9";"2";"1";""
"202100033366";"142 128";"A01";"1";"7";"0";"2";"1";"2";"1";""
"202100033367";"142 124";"B01";"1";"2";"0";"2";"4";"0";"1";""
"202100033367";"142 125";"A01";"1";"7";"0";"2";"1";"2";"1";""
"202100033368";"142 123";"A01";"1";"7";"4";"0";"1";"13";"1";""
"202100033369";"142 122";"A01";"1";"31";"0";"2";"7";"1";"1";""
"202100033370";"142 120";"B01";"2";"10";"0";"2";"3";"1";"1";""
"202100033370";"142 121";"A01";"1";"7";"0";"2";"1";"13";"1";""
"202100033371";"142 116";"A01";"2";"7";"0";"1";"1";"26";"1";""
"202100033372";"142 115";"A01";"0";"7";"0";"1";"7";"1";"1";""
"202100033373";"142 113";"B01";"2";"1";"0";"2";"4";"1";"5";""
"202100033373";"142 114";"A01";"2";"10";"0";"2";"2";"1";"1";""
"202100033374";"142 112";"A01";"3";"30";"0";"0";"0";"26";"1";""
"202100033375";"142 110";"A01";"3";"7";"0";"2";"1";"1";"1";""
"202100033375";"142 111";"B01";"3";"7";"0";"2";"4";"1";"1";""
"202100033376";"142 108";"B01";"3";"7";"0";"2";"3";"1";"0";""
"202100033376";"142 109";"A01";"3";"1";"0";"2";"2";"19";"5";""
"202100033377";"142 106";"A01";"1";"7";"0";"2";"2";"1";"1";""
"202100033377";"142 107";"B01";"1";"50";"0";"2";"8";"11";"3";""
"202100033378";"142 104";"A01";"2";"7";"0";"2";"1";"1";"1";""
"202100033378";"142 105";"B01";"1";"1";"0";"2";"8";"1";"5";""
"202100033379";"142 102";"B01";"1";"7";"0";"2";"1";"2";"1";""
"202100033379";"142 103";"A01";"2";"7";"0";"2";"1";"5";"1";""
"202100033380";"142 100";"A01";"2";"7";"0";"2";"1";"15";"1";""
"202100033380";"142 101";"B01";"2";"7";"0";"2";"1";"1";"1";""