"Num_Acc";"id_vehicule";"num_veh";"senc";"catv";"obs";"obsm";"choc";"manv";"motor";"occutc"
"202100033381";"142 099";"A01";"1";"7";"0";"1";"1";"1";"1";""
"202100033382";"142 097";"B01";"1";"7";"0";"2";"1";"1";"1";""
"202100033382";"142 098";"A01";"1";"7";"0";"2";"4";"23";"1";""
"202100033383";"142 095";"B01";"2";"1";"0";"2";"8";"1";"5";""
"202100033383";"142 096";"A01";"1";"7";"0";"2";"1";"19";"1";""
"202100033384";"142 093";"B01";"1";"7";"0";"2";"2";"9";"1";""
"202100033384";"142 094";"A01";"1";"80";"0";"2";"3";"15";"3";""
"202100033385";"142 091";"A01";"3";"7";"0";"2";"2";"1";"1";""
"202100033385";"142 092";"B01";"3";"7";"0";"2";"6";"1";"1";""
"202100033386";"142 088";"B01";"0";"50";"0";"2";"8";"0";"3";""
"202100033386";"142 089";"A01";"0";"7";"0";"2";"1";"0";"1";""
"202100033387";"142 086";"A01";"3";"31";"0";"2";"1";"1";"1";""
"202100033387";"142 087";"B01";"3";"7";"0";"2";"6";"1";"1";""
"202100033388";"142 085";"A01";"3";"7";"0";"1";"2";"1";"1";""
"202100033389";"142 083";"A01";"2";"7";"0";"2";"1";"2";"1";""
"202100033389";"142 084";"B01";"2";"7";"0";"2";"4";"2";"1";""
"202100033390";"142 082";"A01";"1";"7";"1";"0";"1";"13";"1";""
"202100033391";"142 080";"A01";"2";"30";"0";"2";"2";"21";"1";""
"202100033391";"142 081";"B01";"2";"7";"0";"2";"3";"26";"1";""
"202100033392";"142 078";"B01";"2";"50";"0";"2";"1";"1";"3";""
"202100033392";"142 079";"A01";"1";"7";"0";"2";"8";"15";"1";""
"202100033393";"142 077";"A01";"1";"7";"0";"1";"3";"15";"1";""
"202100033394";"142 076";"A01";"2";"30";"12";"0";"3";"13";"1";""
"202100033395";"142 073";"B01";"2";"7";"0";"2";"4";"2";"1";""
"202100033395";"142 074";"A01";"2";"7";"0";"2";"1";"2";"1";""
"202100033395";"142 075";"C01";"2";"7";"0";"2";"4";"2";"1";""
"202100033396";"142 071";"B01";"1";"7";"0";"2";"1";"15";"1";""
"202100033396";"142 072";"A01";"2";"2";"0";"2";"1";"17";"1";""
"202100033397";"142 070";"A01";"3";"7";"0";"1";"1";"1";"2";""
"202100033398";"142 068";"A01";"0";"33";"0";"2";"8";"21";"1";""
"202100033398";"142 069";"B01";"0";"7";"0";"2";"6";"10";"1";""
"202100033399";"142 066";"A01";"1";"31";"0";"0";"0";"0";"1";""
"202100033399";"142 067";"B01";"1";"7";"0";"0";"3";"15";"1";""
"202100033400";"142 064";"B01";"1";"7";"0";"2";"4";"2";"1";""
"202100033400";"142 065";"A01";"1";"7";"0";"2";"1";"2";"1";""
"202100033401";"142 061";"A01";"1";"7";"0";"2";"1";"9";"1";""
"202100033401";"142 062";"B01";"1";"7";"0";"2";"4";"9";"1";""
"202100033401";"142 063";"C01";"1";"7";"0";"0";"4";"0";"1";""
"202100033402";"142 060";"A01";"1";"7";"2";"0";"1";"26";"1";""
"202100033403";"142 058";"A01";"2";"7";"0";"2";"1";"13";"1";""
"202100033403";"142 059";"B01";"1";"7";"0";"2";"1";"21";"1";""
"202100033404";"142 057";"A01";"1";"7";"1";"0";"1";"15";"1";""
"202100033405";"142 056";"Z01";"3";"30";"0";"1";"1";"25";"0";""
"202100033406";"142 054";"B01";"2";"33";"0";"2";"1";"16";"1";""
"202100033406";"142 055";"Z01";"2";"7";"0";"2";"0";"0";"0";""
"202100033407";"142 053";"A01";"1";"33";"3";"0";"1";"13";"1";""
"202100033408";"142 051";"A01";"0";"7";"0";"2";"2";"17";"1";""
"202100033408";"142 052";"B01";"0";"50";"0";"2";"8";"13";"3";""
"202100033409";"142 049";"B01";"1";"7";"0";"2";"3";"13";"1";""
"202100033409";"142 050";"A01";"2";"33";"0";"2";"1";"1";"1";""
"202100033410";"142 048";"A01";"3";"80";"0";"1";"1";"1";"3";""
"202100033411";"142 047";"A01";"1";"7";"0";"1";"3";"1";"1";""
"202100033412";"142 045";"B01";"2";"7";"14";"2";"2";"15";"0";""
"202100033412";"142 046";"A01";"2";"7";"8";"2";"3";"26";"1";""
"202100033413";"142 043";"B01";"2";"32";"0";"2";"1";"2";"1";""
"202100033413";"142 044";"Z01";"2";"7";"0";"2";"7";"16";"0";""
"202100033414";"142 042";"A01";"1";"33";"15";"0";"1";"26";"1";""
"202100033415";"142 041";"Z01";"1";"7";"0";"1";"1";"1";"1";""
"202100033416";"142 039";"B01";"2";"7";"0";"2";"4";"2";"1";""
"202100033416";"142 040";"A01";"0";"7";"0";"2";"3";"2";"1";""
"202100033417";"142 037";"B01";"1";"2";"0";"2";"0";"2";"1";""
"202100033417";"142 038";"A01";"0";"7";"0";"2";"6";"15";"1";""
"202100033418";"142 035";"A01";"2";"7";"0";"2";"2";"14";"0";""
"202100033418";"142 036";"B01";"2";"33";"0";"2";"6";"1";"1";""
"202100033419";"142 033";"B01";"2";"10";"0";"2";"5";"1";"1";""
"202100033419";"142 034";"A01";"2";"33";"0";"2";"1";"3";"1";""
"202100033420";"142 032";"Z01";"1";"7";"14";"0";"2";"13";"1";""
"202100033421";"142 030";"A01";"1";"32";"0";"2";"2";"3";"1";""
"202100033421";"142 031";"B01";"1";"7";"0";"2";"8";"11";"3";""
"202100033422";"142 028";"Z01";"2";"7";"0";"2";"1";"2";"0";""
"202100033422";"142 029";"A01";"2";"30";"0";"2";"6";"2";"1";""
"202100033423";"142 026";"B01";"1";"34";"0";"2";"1";"1";"1";""
"202100033423";"142 027";"A01";"1";"1";"0";"2";"8";"8";"5";""
"202100033424";"142 025";"Z01";"0";"7";"0";"1";"1";"16";"0";""
"202100033425";"142 023";"B01";"1";"1";"0";"2";"3";"7";"5";""
"202100033425";"142 024";"A01";"1";"7";"0";"2";"2";"17";"1";""
"202100033426";"142 021";"A01";"2";"31";"0";"2";"2";"1";"1";""
"202100033426";"142 022";"B01";"2";"7";"0";"2";"3";"16";"1";""
"202100033427";"142 020";"A01";"0";"33";"0";"1";"2";"1";"1";""
"202100033428";"142 019";"A01";"0";"7";"0";"1";"1";"1";"1";""
"202100033429";"142 017";"B01";"1";"7";"0";"2";"4";"2";"2";""
"202100033429";"142 018";"A01";"1";"1";"0";"2";"1";"2";"5";""
"202100033430";"142 016";"Z01";"2";"7";"0";"1";"1";"1";"0";""
"202100033431";"142 015";"A01";"1";"7";"1";"0";"3";"1";"1";""
"202100033432";"142 013";"A01";"2";"30";"0";"2";"2";"17";"3";""
"202100033432";"142 014";"B01";"2";"7";"0";"2";"3";"15";"2";""
"202100033433";"142 012";"A01";"1";"32";"14";"0";"0";"14";"1";""
"202100033434";"142 010";"A01";"3";"7";"0";"2";"1";"19";"1";""
"202100033434";"142 011";"B01";"3";"7";"0";"2";"8";"19";"1";""
"202100033435";"142 009";"A01";"2";"7";"0";"1";"1";"1";"1";""
"202100033436";"142 007";"A01";"1";"7";"0";"9";"3";"15";"1";""
"202100033436";"142 008";"B01";"1";"1";"0";"2";"1";"1";"5";""
"202100033437";"142 006";"A01";"1";"7";"0";"2";"1";"26";"0";""
"202100033438";"142 003";"A01";"1";"7";"0";"2";"1";"2";"1";""
"202100033438";"142 004";"B01";"1";"7";"0";"2";"4";"23";"1";""
"202100033438";"142 005";"C01";"1";"10";"0";"2";"4";"23";"1";""
"202100033439";"142 001";"A01";"1";"7";"0";"2";"3";"15";"0";""
"202100033439";"142 002";"B01";"1";"32";"0";"2";"2";"3";"1";""
"202100033440";"141 999";"A01";"1";"10";"0";"2";"8";"24";"1";""
"202100033440";"142 000";"B01";"1";"1";"1";"0";"0";"1";"5";""
"202100033441";"141 997";"A01";"1";"7";"0";"2";"7";"1";"1";""
"202100033441";"141 998";"B01";"1";"7";"0";"2";"1";"1";"1";""
"202100033442";"141 993";"D01";"1";"7";"0";"2";"4";"1";"1";""
"202100033442";"141 994";"C01";"1";"7";"0";"2";"4";"1";"1";""
"202100033442";"141 995";"B01";"1";"7";"0";"2";"4";"1";"1";""
"202100033442";"141 996";"A01";"1";"7";"0";"2";"1";"2";"1";""
"202100033443";"141 991";"A01";"1";"7";"0";"2";"7";"1";"0";""
"202100033443";"141 992";"B01";"1";"2";"0";"2";"8";"9";"1";""
"202100033444";"141 990";"A01";"1";"32";"1";"0";"1";"1";"1";""
"202100033445";"141 989";"A01";"2";"7";"0";"1";"1";"1";"1";""
"202100033446";"141 987";"Y01";"2";"1";"0";"2";"8";"1";"5";""
"202100033446";"141 988";"B01";"0";"7";"0";"2";"1";"1";"1";""
"202100033447";"141 985";"A01";"1";"7";"0";"2";"1";"1";"1";""
"202100033447";"141 986";"B01";"2";"7";"0";"2";"5";"9";"1";""
"202100033448";"141 982";"C01";"1";"7";"0";"2";"1";"1";"1";""
"202100033448";"141 983";"B01";"2";"7";"3";"2";"6";"1";"1";""
"202100033448";"141 984";"A01";"1";"7";"0";"2";"3";"13";"1";""
"202100033449";"141 980";"B01";"1";"33";"0";"2";"1";"2";"1";""
"202100033449";"141 981";"A01";"1";"33";"0";"0";"4";"2";"1";""
"202100033450";"141 978";"B01";"1";"33";"0";"2";"1";"1";"1";""
"202100033450";"141 979";"A01";"2";"7";"0";"2";"2";"19";"1";""
"202100033451";"141 976";"B01";"1";"10";"0";"2";"3";"1";"1";""
"202100033451";"141 977";"A01";"2";"33";"0";"2";"1";"1";"1";""
"202100033452";"141 974";"B01";"1";"7";"0";"2";"3";"1";"1";""
"202100033452";"141 975";"A01";"2";"7";"0";"2";"1";"13";"1";""
"202100033453";"141 972";"B01";"1";"33";"0";"2";"1";"1";"1";""
"202100033453";"141 973";"A01";"2";"7";"0";"2";"5";"15";"1";""
"202100033454";"141 971";"A01";"3";"7";"8";"0";"1";"1";"1";""
"202100033455";"141 969";"B01";"2";"2";"0";"2";"3";"1";"1";""
"202100033455";"141 970";"A01";"1";"7";"0";"2";"8";"5";"1";""
"202100033456";"141 967";"B01";"2";"7";"0";"2";"7";"17";"0";""
"202100033456";"141 968";"A01";"1";"2";"12";"0";"0";"1";"1";""
"202100033457";"141 966";"A01";"2";"7";"2";"0";"1";"1";"1";""
"202100033458";"141 963";"A01";"1";"7";"0";"2";"1";"5";"1";""
"202100033458";"141 964";"B01";"2";"7";"8";"2";"1";"21";"1";""
"202100033458";"141 965";"C01";"2";"10";"0";"2";"2";"21";"1";""
"202100033459";"141 962";"A01";"2";"2";"7";"0";"7";"1";"1";""
"202100033460";"141 959";"C01";"2";"3";"0";"2";"1";"21";"1";""
"202100033460";"141 960";"B01";"2";"7";"0";"2";"8";"23";"1";""
"202100033460";"141 961";"A01";"1";"2";"1";"1";"1";"17";"1";""
"202100033461";"141 958";"A01";"0";"7";"15";"0";"2";"1";"1";""
"202100033462";"141 957";"A01";"1";"7";"6";"0";"1";"0";"1";""
"202100033463";"141 955";"B01";"0";"7";"0";"2";"1";"1";"1";""
"202100033463";"141 956";"A01";"0";"7";"0";"2";"1";"1";"1";""
"202100033464";"141 954";"A01";"2";"33";"2";"0";"1";"1";"1";""
"202100033465";"141 952";"B01";"2";"7";"0";"0";"3";"1";"1";""
"202100033465";"141 953";"A01";"1";"7";"0";"0";"3";"13";"1";""
"202100033466";"141 951";"A01";"1";"7";"13";"0";"8";"16";"1";""
"202100033467";"141 949";"A01";"2";"7";"0";"9";"1";"9";"1";""
"202100033467";"141 950";"B01";"2";"1";"0";"2";"7";"1";"5";""
"202100033468";"141 947";"B01";"1";"7";"0";"2";"1";"1";"1";""
"202100033468";"141 948";"A01";"2";"7";"0";"2";"1";"13";"1";""
"202100033469";"141 945";"A01";"0";"1";"0";"2";"3";"15";"5";""
"202100033469";"141 946";"B01";"2";"7";"0";"2";"1";"1";"1";""
"202100033470";"141 944";"A01";"1";"7";"2";"0";"8";"1";"1";""
"202100033471";"141 943";"A01";"3";"7";"6";"1";"1";"20";"2";""
"202100033472";"141 942";"A01";"2";"7";"8";"9";"1";"2";"1";""
"202100033473";"141 940";"A01";"1";"33";"0";"2";"1";"17";"1";""
"202100033473";"141 941";"B01";"2";"7";"0";"2";"1";"1";"1";""
"202100033474";"141 938";"B01";"3";"7";"0";"0";"3";"1";"1";""
"202100033474";"141 939";"A01";"3";"7";"0";"2";"3";"1";"1";""
"202100033475";"141 937";"A01";"2";"33";"14";"0";"1";"1";"1";""
"202100033476";"141 936";"A01";"2";"31";"0";"0";"8";"1";"1";""
"202100033477";"141 933";"A01";"2";"36";"0";"2";"9";"1";"1";""
"202100033477";"141 934";"B01";"1";"7";"0";"2";"3";"1";"1";""
"202100033477";"141 935";"D01";"2";"7";"0";"2";"1";"23";"1";""
"202100033478";"141 931";"A01";"1";"7";"16";"0";"2";"2";"1";""
"202100033479";"141 930";"A01";"1";"33";"0";"6";"1";"1";"1";""
"202100033480";"141 929";"A01";"1";"7";"2";"0";"7";"1";"1";""
"202100033481";"141 928";"A01";"1";"7";"2";"0";"2";"1";"1";""
"202100033482";"141 926";"B01";"2";"7";"0";"2";"3";"1";"1";""
"202100033482";"141 927";"A01";"2";"2";"0";"2";"8";"15";"1";""
"202100033483";"141 925";"A01";"1";"7";"2";"0";"1";"1";"1";""
"202100033484";"141 923";"B01";"1";"2";"0";"2";"3";"1";"1";""
"202100033484";"141 924";"A01";"1";"3";"0";"2";"6";"20";"1";""
"202100033485";"141 921";"A01";"3";"7";"0";"2";"2";"15";"1";""
"202100033485";"141 922";"B01";"3";"7";"0";"2";"3";"1";"1";""
"202100033486";"141 920";"A01";"3";"2";"1";"0";"2";"0";"1";""
"202100033487";"141 918";"A01";"2";"7";"9";"0";"5";"6";"1";""
"202100033487";"141 919";"B01";"1";"7";"0";"2";"1";"5";"1";""
"202100033488";"141 917";"A01";"2";"7";"4";"0";"3";"1";"1";""
"202100033489";"141 914";"A01";"2";"38";"1";"0";"2";"1";"1";"12"
"202100033489";"141 915";"B01";"2";"14";"0";"0";"6";"24";"1";""
"202100033490";"141 913";"A01";"1";"7";"3";"0";"2";"17";"1";""
"202100033491";"141 912";"A01";"2";"7";"4";"0";"2";"1";"1";""
"202100033492";"141 911";"A01";"1";"7";"16";"0";"1";"1";"1";""
"202100033493";"141 909";"A01";"0";"1";"0";"2";"1";"19";"5";""
"202100033493";"141 910";"B01";"1";"7";"0";"0";"8";"1";"1";""
"202100033494";"141 908";"A01";"2";"33";"13";"0";"1";"0";"1";""
"202100033495";"141 906";"B01";"2";"7";"0";"2";"1";"11";"1";""
"202100033495";"141 907";"A01";"1";"7";"0";"2";"1";"1";"1";""
"202100033496";"141 904";"B01";"2";"2";"0";"2";"1";"16";"1";""
"202100033496";"141 905";"A01";"1";"7";"0";"2";"3";"1";"1";""
"202100033497";"141 903";"A01";"2";"7";"13";"0";"7";"14";"1";""
"202100033498";"141 901";"B01";"2";"7";"0";"2";"2";"1";"1";""
"202100033498";"141 902";"A01";"1";"7";"3";"2";"7";"17";"1";""
"202100033499";"141 899";"B01";"1";"7";"0";"2";"7";"1";"1";""
"202100033499";"141 900";"A01";"3";"7";"0";"2";"1";"9";"1";""
"202100033500";"141 898";"A01";"1";"7";"2";"0";"1";"0";"1";""
"202100033501";"141 897";"A01";"3";"7";"2";"0";"0";"0";"1";""
"202100033502";"141 896";"A01";"3";"13";"0";"1";"5";"4";"1";""
"202100033503";"141 895";"A01";"3";"1";"0";"1";"1";"1";"5";""
"202100033504";"141 893";"B01";"2";"7";"0";"2";"3";"1";"1";""
"202100033504";"141 894";"A01";"1";"7";"8";"2";"1";"13";"1";""
"202100033505";"141 891";"A01";"3";"7";"0";"2";"5";"19";"1";""
"202100033505";"141 892";"B01";"1";"33";"0";"2";"1";"1";"1";""
"202100033506";"141 889";"B01";"2";"17";"0";"2";"8";"15";"1";""
"202100033506";"141 890";"A01";"2";"33";"0";"2";"8";"17";"1";""
"202100033507";"141 887";"B01";"1";"7";"0";"2";"3";"2";"1";""
"202100033507";"141 888";"A01";"1";"2";"0";"0";"4";"2";"1";""
"202100033508";"141 885";"A01";"2";"7";"0";"2";"4";"1";"1";""
"202100033508";"141 886";"B01";"2";"7";"0";"2";"1";"1";"1";""
"202100033509";"141 884";"A01";"2";"7";"4";"5";"1";"26";"1";""
"202100033510";"141 880";"A01";"2";"7";"0";"2";"1";"1";"1";""
"202100033510";"141 881";"B01";"2";"7";"0";"2";"4";"2";"1";""
"202100033510";"141 882";"C01";"2";"7";"0";"2";"0";"2";"1";""
"202100033510";"141 883";"D01";"2";"7";"0";"2";"4";"2";"1";""
"202100033511";"141 877";"A01";"1";"33";"0";"2";"1";"2";"1";""
"202100033511";"141 878";"C01";"2";"7";"0";"2";"1";"1";"1";""
"202100033511";"141 879";"B01";"2";"7";"0";"2";"4";"1";"1";""
"202100033512";"141 874";"C01";"2";"7";"0";"2";"4";"2";"1";""
"202100033512";"141 875";"B01";"2";"7";"0";"2";"4";"2";"1";""
"202100033512";"141 876";"A01";"2";"10";"0";"2";"1";"2";"3";""
"202100033513";"141 873";"A01";"2";"7";"4";"2";"0";"26";"1";""
"202100033514";"141 871";"A01";"1";"33";"0";"2";"3";"3";"1";""
"202100033514";"141 872";"B01";"1";"7";"0";"2";"3";"12";"1";""
"202100033515";"141 868";"B01";"2";"7";"3";"2";"4";"2";"1";""
"202100033515";"141 869";"A01";"2";"33";"0";"2";"8";"18";"1";""
"202100033515";"141 870";"Z01";"2";"14";"0";"2";"0";"0";"0";""
"202100033516";"141 865";"C01";"2";"7";"0";"2";"2";"2";"1";""
"202100033516";"141 866";"B01";"2";"7";"0";"2";"3";"2";"1";""
"202100033516";"141 867";"A01";"2";"33";"0";"2";"1";"2";"1";""
"202100033517";"141 863";"Z01";"1";"10";"0";"2";"0";"0";"0";""
"202100033517";"141 864";"A01";"1";"32";"0";"2";"3";"2";"1";""
"202100033518";"141 861";"B01";"1";"10";"0";"2";"1";"21";"1";""
"202100033518";"141 862";"Z01";"1";"7";"0";"2";"1";"26";"1";""
"202100033519";"141 858";"Z01";"1";"7";"0";"2";"1";"2";"1";""
"202100033519";"141 859";"B01";"1";"7";"0";"2";"4";"12";"1";""
"202100033519";"141 860";"C01";"1";"7";"0";"2";"4";"13";"1";""
"202100033520";"141 856";"A01";"2";"7";"0";"2";"2";"12";"1";""
"202100033520";"141 857";"B01";"2";"7";"0";"2";"6";"1";"1";""
"202100033521";"141 854";"B01";"1";"33";"0";"2";"8";"3";"1";""
"202100033521";"141 855";"A01";"1";"7";"0";"2";"2";"14";"1";""
"202100033522";"141 853";"A01";"1";"31";"2";"0";"1";"2";"1";""
"202100033523";"141 849";"C01";"1";"7";"0";"2";"4";"1";"1";""
"202100033523";"141 850";"D01";"1";"7";"0";"2";"1";"1";"1";""
"202100033523";"141 851";"B01";"1";"10";"0";"2";"4";"1";"1";""
"202100033523";"141 852";"A01";"1";"7";"0";"2";"4";"1";"2";""
"202100033524";"141 847";"B01";"2";"7";"0";"2";"4";"1";"1";""
"202100033524";"141 848";"A01";"2";"7";"0";"2";"1";"1";"1";""
"202100033525";"141 845";"B01";"1";"34";"0";"2";"1";"3";"1";""
"202100033525";"141 846";"A01";"1";"7";"0";"2";"2";"12";"1";""
"202100033526";"141 844";"A01";"1";"7";"16";"1";"4";"19";"1";""
"202100033527";"141 842";"Z01";"2";"0";"0";"1";"1";"1";"0";""
"202100033528";"141 840";"B01";"3";"7";"0";"2";"3";"1";"1";""
"202100033528";"141 841";"A01";"3";"7";"0";"2";"3";"13";"1";""
"202100033529";"141 838";"B01";"1";"7";"0";"2";"3";"15";"1";""
"202100033529";"141 839";"A01";"1";"30";"0";"2";"1";"1";"1";""
"202100033530";"141 836";"A01";"1";"33";"0";"2";"7";"15";"1";""
"202100033530";"141 837";"B01";"1";"7";"0";"2";"3";"15";"1";""
"202100033531";"141 835";"A01";"3";"7";"1";"1";"2";"1";"1";""
"202100033532";"141 834";"A01";"1";"7";"0";"1";"8";"15";"1";""
"202100033533";"141 833";"A01";"3";"40";"0";"1";"2";"1";"3";""
"202100033534";"141 830";"A01";"1";"7";"0";"2";"2";"15";"1";""
"202100033534";"141 831";"B01";"1";"7";"0";"2";"3";"1";"1";""
"202100033534";"141 832";"C01";"2";"7";"0";"2";"3";"1";"1";""
"202100033535";"141 829";"A01";"1";"7";"4";"0";"3";"1";"1";""
"202100033536";"141 827";"A01";"1";"30";"0";"2";"1";"2";"1";""
"202100033536";"141 828";"B01";"1";"50";"0";"2";"4";"2";"3";""
"202100033537";"141 825";"B01";"1";"7";"0";"2";"2";"16";"2";""
"202100033537";"141 826";"A01";"1";"34";"0";"2";"3";"1";"1";""
"202100033538";"141 823";"B01";"3";"32";"0";"2";"1";"1";"1";""
"202100033538";"141 824";"A01";"3";"31";"0";"2";"1";"1";"1";""
"202100033539";"141 822";"A01";"0";"10";"0";"1";"1";"0";"0";""
"202100033540";"141 820";"B01";"2";"0";"0";"2";"8";"19";"0";""
"202100033540";"141 821";"A01";"1";"1";"0";"2";"1";"1";"5";""
"202100033541";"141 818";"B01";"3";"10";"0";"2";"3";"23";"1";""
"202100033541";"141 819";"A01";"3";"30";"0";"2";"1";"26";"1";""
"202100033542";"141 815";"B01";"2";"33";"1";"0";"0";"21";"1";""
"202100033542";"141 816";"A01";"1";"7";"0";"0";"0";"0";"1";""
"202100033542";"141 817";"C01";"1";"7";"0";"1";"4";"0";"1";""
"202100033543";"141 814";"A01";"1";"7";"0";"1";"1";"16";"1";""
"202100033544";"141 813";"A01";"2";"50";"12";"0";"1";"26";"3";""
"202100033545";"141 811";"B01";"2";"7";"0";"2";"8";"1";"1";""
"202100033545";"141 812";"A01";"2";"3";"0";"2";"1";"19";"1";""
"202100033546";"141 808";"A01";"1";"10";"0";"2";"1";"13";"1";""
"202100033546";"141 809";"B01";"2";"17";"0";"2";"8";"1";"1";""
"202100033547";"141 806";"B01";"2";"7";"0";"2";"4";"2";"1";""
"202100033547";"141 807";"A01";"2";"7";"15";"0";"1";"2";"1";""
"202100033548";"141 804";"A01";"3";"7";"0";"2";"2";"1";"1";""
"202100033548";"141 805";"B01";"3";"50";"0";"0";"0";"0";"3";""
"202100033549";"141 796";"A01";"3";"17";"0";"2";"1";"26";"1";""
"202100033549";"141 797";"B01";"3";"17";"0";"2";"6";"2";"1";""
"202100033549";"141 798";"C01";"3";"10";"0";"2";"7";"2";"1";""
"202100033549";"141 799";"F01";"3";"17";"0";"2";"1";"1";"1";""
"202100033549";"141 800";"E01";"3";"7";"0";"2";"9";"2";"1";""
"202100033549";"141 801";"D01";"3";"7";"0";"2";"4";"2";"1";""
"202100033550";"141 793";"C01";"0";"7";"0";"2";"1";"0";"1";""
"202100033550";"141 794";"B01";"0";"7";"0";"2";"1";"0";"1";""
"202100033550";"141 795";"A01";"0";"7";"0";"2";"1";"0";"1";""
"202100033551";"141 792";"A01";"2";"7";"1";"0";"2";"14";"1";""
"202100033552";"141 790";"B01";"1";"7";"0";"2";"3";"0";"1";""
"202100033552";"141 791";"A01";"2";"7";"0";"2";"1";"0";"1";""
"202100033553";"141 789";"A01";"1";"7";"0";"1";"3";"1";"1";""
"202100033554";"141 787";"B01";"1";"7";"0";"2";"4";"23";"1";""
"202100033554";"141 788";"A01";"1";"7";"0";"2";"1";"2";"1";""
"202100033555";"141 785";"B01";"3";"33";"0";"2";"3";"1";"1";""
"202100033555";"141 786";"A01";"3";"7";"0";"2";"3";"1";"1";""
"202100033556";"141 783";"A01";"3";"7";"0";"2";"1";"2";"1";""
"202100033556";"141 784";"B01";"3";"7";"0";"2";"3";"0";"1";""
"202100033557";"141 781";"A01";"1";"7";"0";"2";"1";"15";"1";""
"202100033557";"141 782";"B01";"1";"7";"0";"2";"8";"1";"1";""
"202100033558";"141 779";"B01";"0";"60";"0";"2";"0";"0";"5";""
"202100033558";"141 780";"A01";"3";"7";"0";"2";"1";"0";"0";""
"202100033559";"141 778";"A01";"1";"7";"0";"1";"3";"19";"1";""
"202100033560";"141 776";"A01";"1";"7";"0";"2";"1";"15";"1";""
"202100033560";"141 777";"B01";"2";"7";"0";"2";"1";"1";"1";""
"202100033561";"141 774";"B01";"0";"10";"0";"2";"3";"1";"1";""
"202100033561";"141 775";"A01";"0";"1";"0";"2";"3";"15";"5";""
"202100033562";"141 773";"A01";"3";"7";"0";"1";"4";"20";"1";""
"202100033563";"141 772";"A01";"1";"30";"12";"0";"3";"0";"1";""
"202100033564";"141 770";"A01";"3";"1";"0";"2";"1";"1";"5";""
"202100033564";"141 771";"B01";"3";"7";"0";"2";"8";"15";"1";""
"202100033565";"141 768";"B01";"3";"7";"0";"2";"3";"15";"1";""
"202100033565";"141 769";"A01";"2";"32";"0";"2";"2";"1";"1";""
"202100033566";"141 767";"A01";"1";"7";"0";"1";"1";"26";"1";""
"202100033567";"141 765";"A01";"1";"7";"0";"2";"3";"19";"1";""
"202100033567";"141 766";"B01";"1";"33";"0";"2";"4";"16";"1";""
"202100033568";"141 763";"A01";"3";"7";"0";"2";"1";"26";"0";""
"202100033568";"141 764";"B01";"3";"7";"0";"2";"2";"26";"0";""
"202100033569";"141 761";"A01";"1";"7";"0";"2";"1";"19";"1";""
"202100033569";"141 762";"B01";"0";"1";"0";"2";"8";"1";"5";""
"202100033570";"141 759";"A01";"0";"3";"0";"2";"1";"17";"0";""
"202100033570";"141 760";"B01";"0";"7";"0";"2";"1";"1";"1";""
"202100033571";"141 757";"A01";"3";"1";"0";"2";"6";"1";"5";""
"202100033571";"141 758";"Z01";"3";"7";"0";"2";"2";"2";"0";""
"202100033572";"141 755";"A01";"2";"50";"0";"2";"1";"5";"3";""
"202100033572";"141 756";"B01";"1";"7";"0";"2";"1";"1";"1";""
"202100033573";"141 753";"A01";"0";"7";"0";"2";"1";"9";"2";""
"202100033573";"141 754";"B01";"1";"2";"0";"2";"7";"1";"1";""
"202100033574";"141 752";"A01";"1";"7";"0";"1";"2";"1";"1";""
"202100033575";"141 750";"Z01";"1";"7";"0";"2";"2";"1";"1";""
"202100033575";"141 751";"A01";"2";"1";"0";"2";"8";"19";"0";""
"202100033576";"141 749";"A01";"2";"1";"0";"0";"0";"1";"5";""
"202100033577";"141 748";"A01";"2";"30";"0";"1";"5";"1";"1";""
"202100033578";"141 746";"B01";"3";"2";"0";"2";"1";"1";"1";""
"202100033578";"141 747";"A01";"3";"7";"0";"9";"3";"15";"1";""
"202100033579";"141 745";"A01";"0";"37";"0";"1";"2";"26";"1";"1"
"202100033580";"141 743";"Z01";"0";"0";"0";"2";"1";"9";"1";""
"202100033580";"141 744";"B01";"1";"1";"0";"2";"1";"19";"1";""
"202100033581";"141 741";"B01";"1";"7";"0";"2";"0";"1";"1";""
"202100033581";"141 742";"A01";"1";"2";"0";"2";"0";"15";"1";""
"202100033582";"141 739";"A01";"2";"30";"0";"2";"1";"2";"1";""
"202100033582";"141 740";"B01";"2";"7";"0";"0";"4";"16";"1";""
"202100033583";"141 737";"A01";"0";"2";"0";"2";"1";"9";"1";""
"202100033583";"141 738";"B01";"0";"37";"0";"2";"3";"1";"1";"1"
"202100033584";"141 736";"A01";"3";"1";"0";"4";"1";"1";"5";""
"202100033585";"141 734";"A01";"1";"7";"0";"2";"3";"15";"1";""
"202100033585";"141 735";"B01";"1";"2";"0";"2";"3";"1";"1";""
"202100033586";"141 732";"A01";"2";"7";"0";"2";"5";"15";"1";""
"202100033586";"141 733";"B01";"1";"33";"0";"2";"2";"21";"1";""
"202100033587";"141 730";"A01";"2";"31";"0";"2";"1";"17";"1";""
"202100033587";"141 731";"B01";"2";"7";"0";"2";"8";"15";"1";""
"202100033588";"141 728";"A01";"0";"7";"6";"1";"1";"1";"1";""
"202100033589";"141 726";"B01";"2";"1";"0";"2";"8";"1";"5";""
"202100033589";"141 727";"A01";"2";"7";"0";"2";"1";"16";"1";""