"Num_Acc";"id_vehicule";"num_veh";"senc";"catv";"obs";"obsm";"choc";"manv";"motor";"occutc"
"202100034008";"140 969";"B01";"2";"7";"0";"2";"3";"1";"1";""
"202100034008";"140 970";"A01";"1";"32";"0";"2";"1";"13";"1";""
"202100034009";"140 967";"A01";"3";"7";"0";"2";"1";"15";"1";""
"202100034009";"140 968";"B01";"3";"7";"0";"2";"3";"1";"1";""
"202100034010";"140 966";"A01";"2";"7";"0";"1";"1";"1";"1";""
"202100034011";"140 964";"A01";"3";"7";"0";"2";"1";"19";"1";""
"202100034011";"140 965";"B01";"1";"7";"0";"2";"3";"1";"1";""
"202100034012";"140 963";"A01";"1";"7";"0";"1";"2";"1";"1";""
"202100034013";"140 962";"A01";"2";"1";"0";"1";"1";"1";"5";""
"202100034014";"140 960";"A01";"2";"7";"0";"2";"1";"1";"1";""
"202100034014";"140 961";"B01";"2";"1";"0";"2";"4";"1";"5";""
"202100034015";"140 958";"A01";"1";"7";"0";"2";"1";"1";"1";""
"202100034015";"140 959";"B01";"2";"7";"1";"2";"8";"15";"1";""
"202100034016";"140 956";"B01";"2";"7";"0";"2";"5";"1";"1";""
"202100034016";"140 957";"A01";"2";"31";"0";"2";"1";"26";"1";""
"202100034017";"140 954";"A01";"1";"7";"0";"2";"1";"26";"1";""
"202100034017";"140 955";"B01";"1";"7";"0";"2";"3";"26";"1";""
"202100034018";"140 953";"A01";"3";"7";"0";"1";"3";"26";"1";""
"202100034019";"140 951";"B01";"2";"10";"0";"2";"1";"0";"1";""
"202100034019";"140 952";"A01";"1";"7";"9";"2";"2";"9";"1";""
"202100034020";"140 949";"A01";"1";"33";"0";"2";"7";"2";"1";""
"202100034020";"140 950";"B01";"1";"14";"0";"2";"8";"1";"1";""
"202100034021";"140 947";"A01";"1";"7";"6";"2";"6";"4";"1";""
"202100034021";"140 948";"B01";"2";"7";"0";"2";"2";"1";"1";""
"202100034022";"140 946";"A01";"3";"7";"0";"1";"1";"1";"1";""
"202100034023";"140 945";"A01";"2";"17";"0";"2";"2";"1";"1";""
"202100034024";"140 944";"A01";"1";"7";"0";"5";"3";"1";"1";""
"202100034025";"140 942";"A01";"2";"7";"0";"2";"1";"19";"1";""
"202100034025";"140 943";"B01";"2";"7";"0";"2";"7";"1";"1";""
"202100034026";"140 941";"A01";"2";"7";"0";"0";"8";"1";"1";""
"202100034027";"140 939";"A01";"2";"10";"0";"2";"4";"4";"1";""
"202100034027";"140 940";"B01";"2";"30";"0";"2";"1";"23";"1";""
"202100034028";"140 937";"A01";"1";"7";"0";"2";"1";"15";"1";""
"202100034028";"140 938";"B01";"2";"7";"0";"2";"7";"1";"1";""
"202100034029";"140 935";"B01";"3";"1";"0";"0";"0";"0";"5";""
"202100034029";"140 936";"A01";"3";"7";"0";"2";"2";"2";"1";""
"202100034030";"140 934";"A01";"1";"7";"8";"0";"1";"15";"1";""
"202100034031";"140 933";"A01";"0";"20";"0";"1";"1";"1";"1";""
"202100034032";"140 932";"A01";"3";"10";"0";"1";"8";"15";"1";""
"202100034033";"140 928";"B01";"0";"7";"0";"2";"4";"23";"1";""
"202100034033";"140 929";"A01";"0";"2";"0";"2";"1";"1";"1";""
"202100034034";"140 926";"B01";"3";"1";"0";"2";"0";"1";"5";""
"202100034034";"140 927";"A01";"3";"7";"0";"2";"0";"1";"1";""
"202100034035";"140 924";"A01";"1";"1";"0";"2";"8";"2";"5";""
"202100034035";"140 925";"B01";"1";"7";"0";"2";"7";"2";"1";""
"202100034036";"140 922";"A01";"3";"30";"0";"2";"1";"15";"1";""
"202100034036";"140 923";"B01";"0";"7";"0";"2";"1";"1";"1";""
"202100034037";"140 920";"A01";"3";"7";"0";"2";"2";"15";"1";""
"202100034037";"140 921";"B01";"3";"7";"0";"2";"3";"1";"1";""
"202100034038";"140 919";"A01";"1";"37";"0";"1";"1";"9";"0";"1"
"202100034039";"140 918";"A01";"1";"33";"0";"1";"1";"1";"1";""
"202100034040";"140 916";"B01";"1";"50";"0";"2";"5";"1";"3";""
"202100034040";"140 917";"A01";"1";"7";"0";"2";"2";"15";"1";""
"202100034041";"140 914";"B01";"2";"10";"0";"2";"3";"1";"1";""
"202100034041";"140 915";"A01";"1";"7";"0";"2";"3";"1";"1";""
"202100034042";"140 912";"A01";"1";"7";"0";"2";"2";"19";"1";""
"202100034042";"140 913";"B01";"1";"7";"0";"2";"1";"0";"1";""
"202100034043";"140 908";"A01";"2";"2";"0";"2";"3";"13";"1";""
"202100034043";"140 909";"B01";"1";"7";"0";"2";"8";"1";"1";""
"202100034043";"140 910";"C01";"1";"7";"0";"2";"8";"1";"1";""
"202100034043";"140 911";"D01";"1";"7";"0";"2";"8";"1";"1";""
"202100034044";"140 906";"B01";"2";"2";"0";"2";"2";"7";"1";""
"202100034044";"140 907";"A01";"2";"7";"0";"2";"3";"9";"1";""
"202100034045";"140 904";"B01";"1";"2";"0";"2";"1";"1";"1";""
"202100034045";"140 905";"A01";"2";"3";"0";"2";"7";"15";"1";""
"202100034046";"140 901";"A01";"1";"7";"0";"2";"1";"26";"1";""
"202100034046";"140 902";"B01";"1";"7";"0";"2";"4";"2";"2";""
"202100034046";"140 903";"C01";"1";"7";"0";"2";"4";"19";"1";""
"202100034047";"140 900";"A01";"2";"7";"4";"0";"2";"1";"1";""
"202100034048";"140 899";"A01";"2";"30";"14";"0";"1";"1";"1";""
"202100034049";"140 898";"A01";"3";"7";"0";"1";"2";"1";"1";""
"202100034050";"140 896";"B01";"1";"1";"0";"0";"6";"2";"5";""
"202100034050";"140 897";"A01";"0";"10";"0";"0";"2";"9";"0";""
"202100034051";"140 894";"A01";"1";"7";"0";"9";"1";"1";"0";""
"202100034051";"140 895";"B01";"1";"1";"0";"2";"4";"19";"5";""
"202100034052";"140 893";"A01";"2";"50";"0";"1";"1";"1";"3";""
"202100034053";"140 890";"C01";"2";"7";"0";"2";"6";"2";"2";""
"202100034053";"140 891";"B01";"2";"7";"0";"2";"5";"2";"1";""
"202100034053";"140 892";"A01";"2";"7";"0";"2";"3";"2";"1";""
"202100034054";"140 889";"A01";"1";"31";"0";"0";"0";"26";"1";""
"202100034055";"140 888";"A01";"1";"7";"0";"1";"1";"26";"1";""
"202100034056";"140 886";"A01";"1";"7";"0";"9";"3";"9";"1";""
"202100034056";"140 887";"B01";"3";"2";"0";"2";"5";"16";"1";""
"202100034057";"140 884";"B01";"3";"31";"0";"2";"7";"1";"1";""
"202100034057";"140 885";"A01";"0";"7";"0";"2";"1";"15";"1";""
"202100034058";"140 882";"B01";"2";"7";"0";"2";"3";"1";"1";""
"202100034058";"140 883";"A01";"2";"7";"0";"2";"1";"15";"1";""
"202100034059";"140 881";"A01";"1";"7";"1";"0";"2";"1";"1";""
"202100034060";"140 879";"B01";"0";"7";"0";"2";"5";"19";"1";""
"202100034060";"140 880";"A01";"1";"50";"0";"2";"1";"1";"3";""
"202100034061";"140 876";"A01";"2";"7";"0";"2";"1";"1";"1";""
"202100034061";"140 877";"B01";"2";"7";"0";"2";"4";"0";"1";""
"202100034061";"140 878";"C01";"2";"7";"0";"2";"4";"0";"1";""
"202100034062";"140 875";"A01";"3";"7";"0";"1";"4";"26";"0";""
"202100034063";"140 873";"B01";"1";"7";"0";"2";"3";"1";"1";""
"202100034063";"140 874";"A01";"1";"32";"0";"2";"1";"1";"1";""
"202100034064";"140 872";"A01";"2";"7";"9";"0";"1";"1";"1";""
"202100034065";"140 870";"A01";"3";"7";"0";"2";"1";"26";"1";""
"202100034065";"140 871";"B01";"3";"7";"0";"2";"1";"0";"2";""
"202100034066";"140 869";"A01";"2";"33";"8";"0";"1";"13";"1";""
"202100034067";"140 868";"A01";"1";"7";"15";"0";"1";"14";"1";""
"202100034068";"140 867";"A01";"1";"7";"13";"0";"1";"13";"1";""
"202100034069";"140 866";"A01";"1";"7";"6";"0";"2";"13";"1";""
"202100034070";"140 864";"B01";"1";"7";"0";"0";"8";"15";"1";""
"202100034070";"140 865";"A01";"1";"31";"0";"2";"1";"17";"1";""
"202100034071";"140 862";"B01";"1";"7";"0";"2";"3";"15";"1";""
"202100034071";"140 863";"A01";"1";"34";"0";"2";"2";"17";"1";""
"202100034072";"140 860";"B01";"3";"50";"1";"0";"0";"0";"3";""
"202100034072";"140 861";"A01";"3";"7";"0";"9";"0";"24";"1";""
"202100034073";"140 856";"A01";"1";"7";"0";"2";"1";"19";"1";""
"202100034073";"140 857";"B01";"1";"7";"0";"0";"8";"19";"1";""
"202100034074";"140 855";"A01";"1";"7";"9";"1";"2";"1";"2";""
"202100034075";"140 853";"B01";"2";"32";"0";"2";"7";"2";"1";""
"202100034075";"140 854";"A01";"2";"7";"0";"2";"8";"2";"1";""
"202100034076";"140 851";"A01";"3";"7";"0";"2";"1";"1";"1";""
"202100034076";"140 852";"B01";"1";"1";"0";"2";"1";"19";"0";""
"202100034077";"140 849";"B01";"1";"7";"0";"2";"8";"1";"1";""
"202100034077";"140 850";"A01";"1";"1";"0";"2";"1";"1";"5";""
"202100034078";"140 848";"A01";"2";"7";"0";"1";"2";"1";"1";""
"202100034079";"140 846";"B01";"0";"7";"0";"2";"1";"26";"1";""
"202100034079";"140 847";"A01";"0";"7";"0";"2";"2";"15";"1";""
"202100034080";"140 844";"B01";"2";"32";"0";"2";"3";"0";"1";""
"202100034080";"140 845";"A01";"2";"30";"0";"2";"2";"16";"1";""
"202100034081";"140 843";"A01";"2";"30";"0";"1";"8";"1";"1";""
"202100034082";"140 841";"A01";"1";"7";"0";"2";"2";"19";"1";""
"202100034082";"140 842";"B01";"2";"7";"0";"0";"3";"1";"1";""
"202100034083";"140 840";"A01";"1";"2";"1";"0";"2";"5";"1";""
"202100034084";"140 838";"B01";"3";"7";"0";"2";"6";"1";"0";""
"202100034084";"140 839";"A01";"1";"33";"0";"2";"3";"1";"0";""
"202100034085";"140 836";"B01";"0";"7";"0";"2";"5";"9";"1";""
"202100034085";"140 837";"A01";"0";"10";"0";"2";"1";"1";"1";""
"202100034086";"140 834";"B01";"1";"33";"0";"2";"3";"0";"1";""
"202100034086";"140 835";"A01";"2";"7";"0";"2";"2";"15";"1";""
"202100034087";"140 832";"B01";"3";"1";"0";"2";"4";"16";"5";""
"202100034087";"140 833";"A01";"3";"14";"0";"9";"1";"16";"1";""
"202100034088";"140 831";"A01";"3";"10";"0";"1";"4";"4";"1";""
"202100034089";"140 829";"A01";"2";"7";"0";"2";"1";"2";"1";""
"202100034089";"140 830";"B01";"2";"7";"0";"2";"4";"2";"2";""
"202100034090";"140 827";"A01";"1";"31";"0";"2";"3";"1";"1";""
"202100034090";"140 828";"B01";"1";"14";"0";"2";"2";"15";"1";""
"202100034091";"140 826";"A01";"1";"1";"0";"1";"1";"1";"5";""
"202100034092";"140 824";"B01";"1";"10";"0";"2";"2";"20";"1";""
"202100034092";"140 825";"A01";"1";"1";"0";"2";"1";"18";"5";""
"202100034093";"140 822";"Z01";"1";"7";"0";"2";"7";"17";"1";""
"202100034093";"140 823";"A01";"1";"1";"0";"2";"8";"1";"5";""
"202100034094";"140 821";"A01";"0";"7";"0";"1";"1";"15";"1";""
"202100034095";"140 819";"A01";"2";"7";"0";"2";"1";"2";"1";""
"202100034095";"140 820";"B01";"2";"1";"0";"2";"4";"2";"5";""
"202100034096";"140 817";"A01";"1";"34";"0";"2";"3";"1";"1";""
"202100034096";"140 818";"B01";"2";"50";"0";"2";"1";"15";"3";""
"202100034097";"140 815";"B01";"2";"7";"0";"2";"5";"15";"1";""
"202100034097";"140 816";"A01";"1";"1";"0";"2";"1";"1";"5";""
"202100034098";"140 813";"A01";"1";"31";"0";"2";"3";"23";"1";""
"202100034098";"140 814";"B01";"1";"7";"0";"2";"2";"14";"1";""
"202100034099";"140 812";"Z01";"1";"30";"0";"1";"1";"1";"0";""
"202100034100";"140 811";"A01";"1";"1";"0";"0";"0";"21";"5";""
"202100034101";"140 809";"B01";"1";"1";"0";"2";"7";"1";"5";""
"202100034101";"140 810";"A01";"2";"7";"0";"2";"2";"1";"1";""
"202100034102";"140 807";"A01";"1";"7";"0";"2";"8";"11";"1";""
"202100034102";"140 808";"B01";"1";"33";"0";"2";"1";"1";"1";""
"202100034103";"140 805";"B01";"2";"1";"0";"2";"8";"1";"5";""
"202100034103";"140 806";"A01";"2";"1";"0";"2";"0";"17";"5";""
"202100034104";"140 803";"A01";"2";"14";"0";"2";"0";"1";"1";""
"202100034104";"140 804";"B01";"1";"10";"0";"2";"3";"1";"1";""
"202100034105";"140 798";"A01";"1";"7";"0";"2";"3";"13";"2";""
"202100034105";"140 799";"B01";"1";"7";"0";"2";"3";"23";"1";""
"202100034105";"140 800";"C01";"1";"7";"0";"2";"7";"23";"1";""
"202100034105";"140 801";"E01";"1";"32";"0";"2";"8";"1";"1";""
"202100034105";"140 802";"D01";"1";"30";"0";"2";"9";"1";"1";""
"202100034106";"140 796";"B01";"1";"7";"0";"2";"3";"15";"2";""
"202100034106";"140 797";"A01";"2";"34";"0";"2";"3";"7";"1";""
"202100034107";"140 794";"A01";"1";"30";"0";"2";"1";"1";"1";""
"202100034107";"140 795";"B01";"1";"7";"0";"2";"0";"15";"1";""
"202100034108";"140 792";"B01";"1";"1";"0";"2";"7";"1";"5";""
"202100034108";"140 793";"A01";"1";"30";"0";"2";"8";"9";"1";""
"202100034109";"140 790";"B01";"1";"7";"1";"2";"2";"1";"1";""
"202100034109";"140 791";"A01";"1";"7";"1";"0";"2";"23";"1";""
"202100034110";"140 789";"A01";"1";"7";"6";"2";"1";"1";"1";""
"202100034111";"140 787";"A01";"1";"7";"0";"2";"2";"22";"1";""
"202100034111";"140 788";"Y01";"1";"50";"0";"2";"6";"18";"3";""
"202100034112";"140 786";"A01";"2";"10";"0";"1";"1";"13";"1";""
"202100034113";"140 785";"A01";"1";"7";"6";"0";"1";"2";"1";""
"202100034114";"140 783";"Z01";"1";"2";"0";"2";"1";"9";"1";""
"202100034114";"140 784";"A01";"1";"80";"0";"2";"7";"9";"3";""
"202100034115";"140 781";"B01";"2";"1";"0";"2";"4";"0";"5";""
"202100034115";"140 782";"A01";"2";"10";"0";"2";"2";"26";"1";""
"202100034116";"140 779";"A01";"2";"30";"0";"2";"1";"17";"1";""
"202100034116";"140 780";"B01";"2";"7";"0";"2";"3";"15";"1";""
"202100034117";"140 777";"A01";"1";"7";"0";"2";"1";"26";"0";""
"202100034117";"140 778";"B01";"1";"7";"0";"2";"3";"26";"0";""
"202100034118";"140 775";"B01";" -1";"32";"0";"0";"0";" -1";" -1";""
"202100034118";"140 776";"A01";"1";"10";"0";"2";"3";"2";"1";""
"202100034119";"140 774";"A01";"1";"14";"0";"1";"2";"1";"1";""
"202100034120";"140 772";"A01";"1";"20";"0";"2";"8";"1";"1";""
"202100034120";"140 773";"B01";"0";"2";"0";"2";"1";"1";"1";""
"202100034121";"140 771";"A01";"3";"7";"0";"1";"3";"17";"1";""
"202100034122";"140 770";"A01";"3";"13";"0";"1";"0";"1";"0";""
"202100034123";"140 768";"B01";"1";"13";"0";"2";"2";"1";"1";""
"202100034123";"140 769";"A01";"1";"99";"0";"0";"6";"16";"1";""
"202100034124";"140 766";"A01";"1";"34";"0";"2";"1";"1";"1";""
"202100034124";"140 767";"B01";"2";"7";"0";"2";"2";"15";"1";""
"202100034125";"140 765";"A01";"1";"7";"0";"1";"3";"9";"1";""
"202100034126";"140 764";"A01";"1";"7";"0";"1";"1";"1";"1";""
"202100034127";"140 763";"A01";"2";"32";"0";"1";"1";"26";"1";""
"202100034128";"140 762";"A01";"1";"7";"0";"1";"1";"16";"1";""
"202100034129";"140 760";"A01";"1";"32";"0";"2";"7";"17";"1";""
"202100034129";"140 761";"B01";"1";"7";"0";"2";"3";"15";"1";""
"202100034130";"140 758";"A01";"2";"1";"0";"2";"1";"1";"5";""
"202100034130";"140 759";"B01";"2";"7";"0";"2";"1";"15";"0";""
"202100034131";"140 757";"A01";"3";"7";"0";"2";"1";"1";"1";""
"202100034132";"140 754";"C01";"1";"7";"0";"2";"8";"23";"1";""
"202100034132";"140 755";"A01";"1";"33";"1";"2";"5";"17";"1";""
"202100034132";"140 756";"B01";"1";"7";"0";"2";"3";"15";"1";""
"202100034133";"140 752";"A01";"1";"2";"2";"2";"1";"1";"1";""
"202100034133";"140 753";"B01";"1";"14";"0";"2";"8";"22";"1";""
"202100034134";"140 749";"A01";"2";"30";"0";"2";"8";"18";"1";""
"202100034134";"140 750";"B01";"2";"7";"0";"2";"2";"1";"2";""
"202100034134";"140 751";"C01";"2";"7";"0";"2";"0";"24";"1";""
"202100034135";"140 747";"B01";"3";"7";"0";"2";"1";"1";"1";""
"202100034135";"140 748";"A01";"0";"7";"0";"2";"7";"10";"1";""
"202100034136";"140 745";"B01";"1";"32";"0";"2";"1";"1";"1";""
"202100034136";"140 746";"A01";"1";"7";"0";"2";"3";"15";"1";""
"202100034137";"140 743";"B01";"2";"33";"0";"2";"1";"17";"1";""
"202100034137";"140 744";"A01";"2";"7";"0";"2";"3";"15";"1";""
"202100034138";"140 742";"A01";"3";"7";"13";"0";"1";"1";"1";""
"202100034139";"140 740";"A01";"2";"7";"0";"2";"3";"13";"1";""
"202100034139";"140 741";"B01";"1";"7";"0";"2";"8";"1";"1";""
"202100034140";"140 738";"A01";"3";"33";"0";"2";"1";"21";"1";""
"202100034140";"140 739";"B01";"3";"10";"0";"2";"2";"19";"1";""
"202100034141";"140 735";"A01";"2";"3";"0";"2";"1";"11";"1";""
"202100034141";"140 736";"B01";"1";"7";"0";"0";"3";"1";"1";""
"202100034141";"140 737";"C01";"1";"7";"0";"2";"1";"0";"1";""
"202100034142";"140 733";"A01";"1";"7";"0";"2";"1";"1";"1";""
"202100034142";"140 734";"B01";"2";"7";"0";"2";"1";"13";"1";""
"202100034143";"140 731";"A01";"3";"7";"0";"2";"3";"1";"1";""
"202100034143";"140 732";"B01";"3";"1";"0";"2";"1";"1";"5";""
"202100034144";"140 729";"B01";"1";"1";"0";"2";"1";"1";"5";""
"202100034144";"140 730";"A01";"1";"7";"0";"2";"8";"19";"1";""
"202100034145";"140 727";"A01";"1";"33";"0";"2";"3";"13";"1";""
"202100034145";"140 728";"B01";"2";"7";"0";"2";"3";"0";"6";""
"202100034146";"140 726";"A01";"1";"7";"13";"0";"1";"1";"1";""
"202100034147";"140 725";"A01";"2";"7";"17";"0";"2";"1";"1";""
"202100034148";"140 724";"A01";"1";"7";"1";"0";"2";"14";"1";""
"202100034149";"140 720";"C01";"2";"15";"0";"2";"1";"1";"1";""
"202100034149";"140 721";"D01";"1";"15";"0";"2";"2";"1";"1";""
"202100034149";"140 722";"A01";"2";"7";"0";"2";"4";"1";"1";""
"202100034149";"140 723";"B01";"2";"7";"0";"2";"1";"1";"1";""
"202100034150";"140 719";"A01";"2";"1";"16";"0";"9";"1";"5";""
"202100034151";"140 717";"A01";"0";"7";"0";"2";"3";"14";"1";""
"202100034151";"140 718";"B01";"3";"7";"0";"2";"3";"0";"1";""
"202100034152";"140 714";"A01";"1";"7";"0";"2";"1";"11";"1";""
"202100034152";"140 715";"C01";"2";"7";"0";"2";"1";"1";"1";""
"202100034152";"140 716";"B01";"1";"7";"0";"2";"6";"1";"1";""
"202100034153";"140 712";"B01";"1";"31";"0";"2";"1";"2";"1";""
"202100034153";"140 713";"A01";"1";"32";"0";"0";"4";"2";"1";""
"202100034154";"140 711";"A01";"2";"33";"0";"0";"0";"16";"1";""
"202100034155";"140 708";"A01";"1";"7";"0";"2";"1";"2";"1";""
"202100034155";"140 709";"C01";"1";"7";"0";"0";"4";"1";"1";""
"202100034155";"140 710";"B01";"1";"7";"0";"0";"4";"2";"1";""
"202100034156";"140 706";"B01";"2";"10";"0";"2";"3";"2";"1";""
"202100034156";"140 707";"A01";"2";"33";"0";"2";"4";"2";"1";""
"202100034157";"140 704";"B01";"2";"43";"0";"2";"5";"1";"1";""
"202100034157";"140 705";"A01";"2";"7";"0";"2";"1";"1";"1";""
"202100034158";"140 703";"A01";"0";"36";"13";"0";"3";"1";"1";""
"202100034159";"140 701";"A01";"1";"7";"6";"0";"1";"1";"1";""
"202100034160";"140 700";"A01";"1";"7";"0";"1";"8";"1";"1";""
"202100034161";"140 698";"B01";"1";"7";"0";"2";"5";"2";"1";""
"202100034161";"140 699";"A01";"1";"34";"0";"2";"1";"2";"1";""
"202100034162";"140 696";"B01";"2";"34";"0";"2";"1";"1";"0";""
"202100034162";"140 697";"A01";"2";"7";"0";"2";"2";"19";"1";""
"202100034163";"140 695";"A01";"1";"7";"6";"0";"1";"14";"1";""
"202100034164";"140 692";"A01";"2";"2";"0";"2";"1";"17";"1";""
"202100034164";"140 693";"B01";"2";"7";"0";"2";"6";"15";"1";""
"202100034165";"140 691";"A01";"0";"7";"0";"0";"0";"1";"1";""
"202100034166";"140 690";"A01";"2";"2";"0";"0";"9";"1";"1";""
"202100034167";"140 688";"A01";"2";"7";"14";"2";"8";"13";"1";""
"202100034167";"140 689";"B01";"1";"7";"0";"2";"8";"1";"1";""
"202100034168";"140 686";"B01";"2";"7";"0";"0";"4";"1";"1";""
"202100034168";"140 687";"A01";"2";"7";"0";"2";"1";"2";"1";""
"202100034169";"140 685";"A01";"2";"7";"4";"0";"1";"1";"1";""
"202100034170";"140 683";"B01";"2";"7";"0";"2";"6";"1";"1";""
"202100034170";"140 684";"A01";"2";"15";"0";"2";"2";"12";"1";""
"202100034171";"140 678";"A01";"1";"10";"0";"2";"1";"2";"1";""
"202100034171";"140 679";"B01";"1";"7";"0";"2";"4";"2";"1";""
"202100034171";"140 680";"D01";"1";"7";"0";"0";"4";"2";"1";""
"202100034171";"140 681";"C01";"1";"7";"0";"2";"4";"2";"1";""
"202100034172";"140 673";"E01";"1";"10";"0";"2";"1";"1";"1";""
"202100034172";"140 674";"A01";"1";"7";"0";"0";"4";"1";"1";""
"202100034172";"140 675";"B01";"1";"7";"0";"2";"1";"1";"1";""
"202100034172";"140 676";"C01";"1";"7";"0";"0";"4";"1";"1";""
"202100034172";"140 677";"D01";"1";"7";"0";"2";"1";"1";"1";""
"202100034173";"140 667";"A01";"1";"10";"0";"0";"1";"26";"1";""
"202100034173";"140 668";"B01";"1";"7";"3";"2";"5";"13";"1";""
"202100034173";"140 669";"D01";"1";"7";"0";"2";"4";"17";"1";""
"202100034173";"140 670";"C01";"1";"10";"0";"2";"3";"17";"1";""
"202100034173";"140 671";"F01";"1";"10";"0";"2";"4";"17";"1";""
"202100034173";"140 672";"E01";"1";"7";"0";"2";"4";"17";"1";""
"202100034174";"140 665";"B01";"2";"7";"0";"2";"3";"1";"1";""
"202100034174";"140 666";"A01";"1";"7";"0";"2";"1";"5";"1";""
"202100034175";"140 663";"B01";"1";"33";"0";"2";"7";"17";"1";""
"202100034175";"140 664";"A01";"1";"7";"0";"2";"3";"15";"1";""
"202100034176";"140 661";"A01";"2";"7";"0";"2";"1";"9";"1";""
"202100034176";"140 662";"B01";"1";"7";"0";"2";"1";"1";"1";""
"202100034177";"140 659";"B01";"2";"1";"0";"2";"3";"1";"5";""
"202100034177";"140 660";"A01";"1";"7";"0";"2";"1";"26";"1";""
"202100034178";"140 657";"B01";"1";"14";"0";"0";"5";"2";"1";""
"202100034178";"140 658";"A01";"1";"7";"0";"2";"3";"2";"1";""
"202100034179";"140 656";"A01";"1";"7";"0";"0";"2";"14";"1";""
"202100034180";"140 654";"B01";"2";"20";"0";"0";"5";"2";"1";""
"202100034180";"140 655";"A01";"2";"10";"0";"0";"1";"2";"1";""
"202100034181";"140 652";"B01";"0";"7";"0";"2";"3";"15";"1";""
"202100034181";"140 653";"A01";"3";"7";"0";"0";"5";"15";"1";""
"202100034182";"140 650";"B01";"1";"7";"0";"0";"1";"1";"1";""
"202100034182";"140 651";"A01";"1";"33";"0";"0";"0";"1";"1";""
"202100034183";"140 649";"A01";"1";"33";"0";"0";"9";"26";"1";""
"202100034184";"140 647";"A01";"2";"10";"0";"2";"3";"15";"1";""
"202100034184";"140 648";"B01";"1";"33";"8";"2";"8";"0";"1";""
"202100034185";"140 645";"A01";"2";"7";"0";"2";"1";"11";"1";""
"202100034185";"140 646";"B01";"1";"7";"0";"2";"1";"1";"1";""
"202100034186";"140 643";"B01";"2";"1";"0";"2";"1";"0";"5";""
"202100034186";"140 644";"A01";"1";"10";"0";"2";"2";"9";"1";""
"202100034187";"140 642";"A01";"3";"33";"6";"0";"1";"26";"1";""
"202100034188";"140 641";"A01";"0";"7";"0";"1";"1";"26";"1";""
"202100034189";"140 639";"B01";"0";"10";"1";"0";"2";"1";"1";""
"202100034189";"140 640";"A01";"0";"10";"0";"0";"6";"24";"1";""
"202100034190";"140 638";"A01";"0";"7";"0";"1";"7";"12";"1";""
"202100034191";"140 636";"A01";"1";"7";"0";"2";"5";"2";"2";""
"202100034191";"140 637";"B01";"1";"7";"0";"2";"1";"2";"1";""
"202100034192";"140 633";"B01";"1";"7";"0";"2";"3";"2";"1";""
"202100034192";"140 634";"C01";"1";"7";"1";"0";"2";"1";"1";""
"202100034192";"140 635";"A01";"1";"33";"0";"2";"4";"1";"1";""
"202100034193";"140 631";"A01";"1";"7";"0";"2";"4";"2";"1";""
"202100034193";"140 632";"B01";"1";"7";"0";"2";"1";"2";"1";""
"202100034194";"140 630";"A01";"1";"34";"0";"0";"1";"1";"1";""
"202100034195";"140 627";"B01";"1";"7";"0";"9";"8";"1";"1";""
"202100034195";"140 628";"A01";"1";"7";"3";"0";"2";"21";"1";""
"202100034195";"140 629";"C01";"2";"7";"0";"9";"0";"1";"2";""
"202100034196";"140 625";"A01";"1";"31";"0";"2";"1";"3";"1";""
"202100034196";"140 626";"B01";"1";"10";"0";"2";"4";"11";"1";""
"202100034197";"140 623";"A01";"1";"33";"0";"2";"8";"3";"1";""
"202100034197";"140 624";"B01";"1";"7";"0";"2";"5";"1";"1";""
"202100034198";"140 620";"C01";"2";"7";"0";"2";"4";"1";"1";""
"202100034198";"140 621";"B01";"2";"10";"0";"2";"4";"1";"1";""
"202100034198";"140 622";"A01";"2";"10";"0";"2";"1";"1";"1";""
"202100034199";"140 616";"D01";"1";"7";"0";"2";"4";"0";"1";""
"202100034199";"140 617";"C01";"1";"7";"0";"2";"9";"0";"1";""
"202100034199";"140 618";"B01";"1";"7";"0";"2";"9";"0";"1";""
"202100034199";"140 619";"A01";"1";"7";"0";"2";"1";"0";"1";""
"202100034200";"140 615";"A01";"1";"7";"3";"0";"0";"26";"1";""
"202100034201";"140 613";"B01";"1";"7";"0";"2";"4";"1";"1";""
"202100034201";"140 614";"A01";"1";"43";"0";"2";"1";"1";"1";""
"202100034202";"140 610";"C01";"1";"7";"0";"2";"6";"0";"1";""
"202100034202";"140 611";"B01";"1";"7";"0";"2";"0";"0";"1";""
"202100034202";"140 612";"A01";"1";"7";"0";"2";"1";"26";"1";""
"202100034203";"140 609";"A01";"1";"34";"0";"6";"1";"1";"1";""
"202100034204";"140 608";"A01";"3";"32";"0";"1";"1";"17";"1";""
"202100034205";"140 607";"A01";"2";"7";"0";"1";"1";"1";"1";""
"202100034206";"140 605";"A01";"3";"7";"0";"2";"1";"9";"1";""
"202100034206";"140 606";"B01";"2";"1";"0";"2";"7";"1";"5";""
"202100034207";"140 604";"A01";"1";"30";"1";"0";"3";"13";"6";""
"202100034208";"140 602";"A01";"3";"7";"0";"2";"3";"26";"1";""
"202100034208";"140 603";"B01";"1";"30";"0";"2";"1";"26";"1";""
"202100034209";"140 600";"A01";"3";"7";"0";"2";"1";"1";"1";""
"202100034209";"140 601";"B01";"3";"7";"0";"2";"4";"1";"1";""
"202100034210";"140 598";"A01";"1";"7";"0";"2";"1";"13";"1";""
"202100034210";"140 599";"B01";"1";"7";"0";"2";"0";"0";"1";""