"Num_Acc";"id_vehicule";"num_veh";"senc";"catv";"obs";"obsm";"choc";"manv";"motor";"occutc"
"202100034618";"139 834";"A01";"2";"30";"0";"0";"1";"7";"3";""
"202100034619";"139 832";"A01";"2";"50";"0";"2";"8";"5";"3";""
"202100034619";"139 833";"B01";"1";"7";"0";"2";"3";"1";"1";""
"202100034620";"139 831";"A01";"1";"7";"0";"1";"1";"1";"1";""
"202100034621";"139 830";"A01";"2";"33";"0";"1";"3";"0";"1";""
"202100034622";"139 828";"B01";"1";"7";"0";"2";"1";"1";"1";""
"202100034622";"139 829";"A01";"1";"7";"0";"2";"3";"1";"6";""
"202100034623";"139 826";"A01";"2";"7";"0";"2";"2";"1";"1";""
"202100034623";"139 827";"B01";"1";"60";"0";"2";"7";"19";"5";""
"202100034624";"139 824";"A01";"1";"7";"0";"2";"1";"9";"1";""
"202100034624";"139 825";"B01";"1";"31";"0";"2";"1";"0";"1";""
"202100034625";"139 822";"B01";"0";"50";"0";"0";"8";"0";"3";""
"202100034625";"139 823";"A01";"1";"7";"0";"2";"1";"1";"1";""
"202100034626";"139 820";"A01";"1";"7";"0";"0";"0";"0";"0";""
"202100034626";"139 821";"B01";"3";"1";"0";"2";"1";"1";"0";""
"202100034627";"139 818";"B01";"2";"1";"0";"2";"1";"1";"0";""
"202100034627";"139 819";"A01";"1";"7";"0";"9";"7";"15";"1";""
"202100034628";"139 815";"C01";"3";"7";"0";"2";"6";"1";"1";""
"202100034628";"139 816";"B01";"3";"7";"0";"2";"2";"1";"1";""
"202100034628";"139 817";"A01";"0";"33";"0";"2";"3";"3";"1";""
"202100034629";"139 814";"A01";"2";"7";"0";"1";"3";"1";"1";""
"202100034630";"139 812";"A01";"3";"32";"0";"2";"3";"15";"1";""
"202100034630";"139 813";"B01";"0";"3";"0";"0";"0";"0";"0";""
"202100034631";"139 811";"A01";"2";"7";"0";"1";"1";"1";"2";""
"202100034632";"139 810";"A01";"3";"33";"0";"1";"3";"1";"1";""
"202100034633";"139 809";"A01";"1";"7";"2";"0";"1";"14";"1";""
"202100034634";"139 808";"A01";"1";"33";"15";"9";"1";"14";"1";""
"202100034635";"139 807";"A01";"1";"7";"2";"0";"2";"0";"1";""
"202100034636";"139 805";"A01";"1";"7";"0";"9";"1";"2";"1";""
"202100034636";"139 806";"B01";"1";"1";"0";"0";"4";"2";"5";""
"202100034637";"139 803";"B01";"2";"7";"0";"2";"3";"1";"1";""
"202100034637";"139 804";"A01";"1";"7";"0";"2";"1";"13";"1";""
"202100034638";"139 801";"B01";"2";"1";"0";"2";"1";"1";"5";""
"202100034638";"139 802";"A01";"1";"7";"0";"2";"2";"15";"1";""
"202100034639";"139 799";"B01";"2";"1";"0";"2";"4";"2";"5";""
"202100034639";"139 800";"A01";"2";"7";"0";"2";"2";"17";"1";""
"202100034640";"139 798";"A01";"1";"7";"2";"0";"1";"0";"1";""
"202100034641";"139 797";"A01";"1";"7";"0";"0";"9";"0";"1";""
"202100034642";"139 796";"A01";"1";"7";"8";"0";"2";"1";"1";""
"202100034643";"139 794";"B01";"2";"2";"0";"0";"4";"2";"1";""
"202100034643";"139 795";"A01";"2";"7";"0";"2";"1";"2";"2";""
"202100034644";"139 792";"B01";"1";"7";"0";"2";"3";"1";"1";""
"202100034644";"139 793";"A01";"2";"7";"0";"2";"3";"13";"1";""
"202100034645";"139 790";"A01";"2";"10";"0";"2";"2";"12";"1";""
"202100034645";"139 791";"B01";"2";"7";"0";"2";"4";"1";"1";""
"202100034646";"139 789";"A01";"0";"2";"3";"0";"1";"1";"1";""
"202100034647";"139 788";"A01";"1";"7";"0";"1";"7";"1";"1";""
"202100034648";"139 786";"B01";"2";"7";"0";"9";"2";"1";"1";""
"202100034648";"139 787";"A01";"0";"50";"0";"2";"2";"15";"3";""
"202100034649";"139 784";"B01";"1";"1";"0";"2";"0";"1";"5";""
"202100034649";"139 785";"A01";"2";"7";"0";"2";"1";"1";"1";""
"202100034650";"139 783";"A01";"1";"7";"8";"0";"1";"14";"1";""
"202100034651";"139 782";"A01";"3";"33";"0";"0";"0";"0";"0";""
"202100034652";"139 781";"A01";"3";"2";"0";"0";"8";"1";"1";""
"202100034653";"139 780";"A01";"3";"50";"0";"0";"0";"1";"3";""
"202100034654";"139 776";"A01";"3";"7";"0";"0";"0";"1";"1";""
"202100034654";"139 777";"B01";"3";"1";"0";"2";"0";"1";"6";""
"202100034655";"139 775";"A01";"1";"7";"13";"0";"1";"1";"1";""
"202100034656";"139 772";"A01";"3";"1";"0";"2";"1";"9";"5";""
"202100034656";"139 773";"B01";"2";"7";"0";"2";"7";"1";"1";""
"202100034657";"139 771";"A01";"1";"33";"0";"0";"1";"1";"1";""
"202100034658";"139 769";"A01";"1";"7";"13";"2";"1";"15";"1";""
"202100034658";"139 770";"B01";"2";"7";"0";"2";"1";"1";"1";""
"202100034659";"139 767";"B01";"1";"33";"0";"2";"1";"1";"1";""
"202100034659";"139 768";"A01";"1";"7";"0";"2";"8";"19";"1";""
"202100034660";"139 765";"B01";"2";"13";"0";"2";"3";"1";"1";""
"202100034660";"139 766";"A01";"1";"7";"0";"2";"3";"13";"1";""
"202100034661";"139 764";"A01";"1";"33";"8";"0";"1";"1";"1";""
"202100034662";"139 763";"A01";"2";"7";"2";"0";"0";"13";"1";""
"202100034663";"139 761";"B01";"3";"7";"0";"2";"3";"1";"1";""
"202100034663";"139 762";"A01";"3";"1";"0";"2";"1";"13";"5";""
"202100034664";"139 760";"A01";"3";"60";"0";"0";"0";"1";"5";""
"202100034665";"139 759";"A01";"2";"1";"0";"0";"1";"1";"5";""
"202100034666";"139 757";"A01";"0";"7";"0";"2";"3";"13";"1";""
"202100034666";"139 758";"B01";"0";"7";"0";"2";"3";"1";"1";""
"202100034667";"139 755";"A01";"1";"7";"0";"2";"1";"5";"1";""
"202100034667";"139 756";"B01";"2";"1";"0";"2";"1";"1";"5";""
"202100034668";"139 754";"A01";"2";"7";"8";"0";"9";"1";"1";""
"202100034669";"139 753";"A01";"1";"1";"0";"5";"1";"1";"5";""
"202100034670";"139 751";"B01";"1";"7";"0";"2";"1";"1";"1";""
"202100034670";"139 752";"A01";"2";"7";"0";"2";"1";"5";"1";""
"202100034671";"139 750";"A01";"3";"7";"0";"1";"4";"26";"0";""
"202100034672";"139 749";"A01";"2";"2";"2";"0";"1";"0";"1";""
"202100034673";"139 748";"A01";"1";"7";"2";"0";"1";"1";"1";""
"202100034674";"139 745";"B01";"3";"7";"0";"9";"6";"23";"1";""
"202100034674";"139 746";"A01";"3";"10";"0";"2";"2";"1";"1";""
"202100034674";"139 747";"C01";"3";"50";"0";"0";"8";"19";"3";""
"202100034675";"139 744";"A01";"1";"2";"9";"0";"1";"1";"1";""
"202100034676";"139 743";"A01";"2";"33";"0";"0";"2";"1";"1";""
"202100034677";"139 741";"B01";"1";"10";"0";"2";"2";"17";"1";""
"202100034677";"139 742";"A01";"1";"1";"0";"2";"8";"0";"5";""
"202100034678";"139 739";"A01";"1";"7";"0";"2";"5";"17";"1";""
"202100034678";"139 740";"B01";"1";"1";"0";"2";"3";"1";"6";""
"202100034679";"139 737";"A01";"0";"7";"12";"2";"1";"5";"1";""
"202100034679";"139 738";"B01";"0";"7";"12";"2";"1";"1";"1";""
"202100034680";"139 736";"A01";"1";"31";"0";"0";"8";"1";"1";""
"202100034681";"139 734";"B01";"0";"36";"0";"2";"2";"1";"1";""
"202100034681";"139 735";"A01";"0";"31";"0";"2";"1";"1";"1";""
"202100034682";"139 732";"B01";"3";"7";"0";"2";"9";"0";"1";""
"202100034682";"139 733";"A01";"3";"7";"7";"2";"2";"9";"1";""
"202100034683";"139 730";"A01";"0";"7";"0";"2";"1";"26";"1";""
"202100034683";"139 731";"B01";"3";"7";"0";"2";"2";"1";"1";""
"202100034684";"139 728";"B01";"0";"30";"0";"2";"4";"2";"1";""
"202100034684";"139 729";"A01";"0";"7";"0";"2";"1";"2";"0";""
"202100034685";"139 726";"B01";"2";"2";"0";"2";"4";"15";"1";""
"202100034685";"139 727";"A01";"2";"10";"0";"2";"2";"17";"1";""
"202100034686";"139 724";"A01";"3";"10";"0";"2";"3";"1";"1";""
"202100034686";"139 725";"B01";"3";"30";"0";"2";"1";"1";"1";""
"202100034687";"139 723";"A01";"1";"17";"13";"0";"3";"1";"1";""
"202100034688";"139 721";"B01";"1";"10";"1";"0";"2";"1";"1";""
"202100034688";"139 722";"A01";"1";"7";"0";"2";"8";"24";"1";""
"202100034689";"139 719";"B01";"2";"7";"0";"2";"1";"2";"1";""
"202100034689";"139 720";"A01";"2";"7";"0";"0";"4";"23";"1";""
"202100034690";"139 718";"A01";"2";"15";"0";"1";"2";"1";"1";""
"202100034691";"139 716";"B01";"2";"7";"0";"9";"3";"9";"1";""
"202100034691";"139 717";"A01";"3";"1";"0";"2";"1";"1";"5";""
"202100034692";"139 714";"B01";"1";"10";"0";"0";"4";"2";"1";""
"202100034692";"139 715";"A01";"1";"7";"4";"2";"1";"2";"1";""
"202100034693";"139 713";"A01";"3";"10";"0";"0";"3";"1";"1";""
"202100034694";"139 711";"B01";"1";"2";"0";"2";"8";"15";"1";""
"202100034694";"139 712";"A01";"1";"7";"0";"2";"2";"1";"1";""
"202100034695";"139 708";"B01";"2";"15";"1";"0";"2";"1";"1";""
"202100034695";"139 709";"C01";"2";"7";"0";"2";"1";"1";"1";""
"202100034695";"139 710";"A01";"2";"10";"0";"0";"4";"23";"1";""
"202100034696";"139 706";"A01";"1";"7";"0";"2";"6";"1";"1";""
"202100034696";"139 707";"B01";"2";"7";"0";"2";"3";"16";"1";""
"202100034697";"139 704";"A01";"1";"33";"0";"2";"1";"1";"1";""
"202100034697";"139 705";"B01";"2";"7";"0";"2";"1";"1";"1";""
"202100034698";"139 702";"A01";"3";"7";"0";"0";"2";"15";"1";""
"202100034698";"139 703";"B01";"3";"33";"0";"0";"3";"1";"1";""
"202100034699";"139 700";"A01";"1";"38";"0";"2";"3";"1";"1";"1"
"202100034699";"139 701";"B01";"2";"14";"0";"2";"3";"1";"1";""
"202100034700";"139 699";"A01";"2";"7";"10";"0";"2";"14";"1";""
"202100034701";"139 697";"B01";"1";"33";"0";"2";"2";"5";"1";""
"202100034701";"139 698";"A01";"2";"15";"0";"2";"1";"1";"1";""
"202100034702";"139 695";"B01";"2";"1";"0";"0";"7";"1";"5";""
"202100034702";"139 696";"A01";"0";"7";"0";"2";"1";"9";"1";""
"202100034703";"139 693";"A01";"2";"7";"0";"2";"7";"1";"1";""
"202100034703";"139 694";"B01";"2";"1";"0";"2";"8";"1";"5";""
"202100034704";"139 692";"A01";"2";"7";"13";"0";"9";"1";"1";""
"202100034705";"139 690";"B01";"1";"10";"0";"2";"3";"15";"1";""
"202100034705";"139 691";"A01";"1";"33";"0";"2";"1";"17";"1";""
"202100034706";"139 688";"B01";"3";"2";"0";"2";"1";"13";"1";""
"202100034706";"139 689";"A01";"3";"10";"0";"2";"1";"1";"1";""
"202100034707";"139 686";"A01";"1";"7";"0";"2";"1";"1";"1";""
"202100034707";"139 687";"B01";"2";"7";"0";"2";"1";"1";"1";""
"202100034708";"139 684";"B01";"0";"7";"0";"2";"7";"1";"1";""
"202100034708";"139 685";"A01";"0";"7";"0";"2";"1";"19";"1";""
"202100034709";"139 683";"A01";"2";"33";"14";"0";"1";"0";"1";""
"202100034710";"139 680";"A01";"1";"7";"0";"2";"4";"2";"1";""
"202100034710";"139 681";"B01";"1";"7";"0";"2";"1";"2";"1";""
"202100034710";"139 682";"C01";"1";"7";"0";"2";"1";"2";"1";""
"202100034711";"139 678";"B01";"1";"43";"0";"2";"1";"1";"1";""
"202100034711";"139 679";"A01";"1";"7";"0";"2";"5";"2";"1";""
"202100034712";"139 676";"A01";"1";"7";"0";"2";"4";"2";"1";""
"202100034712";"139 677";"B01";"1";"7";"0";"2";"1";"2";"1";""
"202100034713";"139 674";"A01";"1";"34";"0";"2";"4";"1";"1";""
"202100034713";"139 675";"B01";"1";"7";"0";"2";"1";"1";"1";""
"202100034714";"139 672";"B01";"1";"7";"0";"2";"5";"1";"1";""
"202100034714";"139 673";"A01";"1";"43";"0";"2";"3";"3";"1";""
"202100034715";"139 668";"T01";"2";"7";"0";"0";"0";"2";"1";""
"202100034715";"139 669";"C01";"1";"7";"0";"9";"1";"1";"1";""
"202100034715";"139 670";"A01";"2";"7";"0";"2";"1";"18";"1";""
"202100034715";"139 671";"B01";"2";"7";"0";"2";"5";"12";"1";""
"202100034716";"139 666";"A01";"1";"7";"4";"2";"2";"14";"1";""
"202100034716";"139 667";"B01";"2";"7";"0";"9";"1";"1";"1";""
"202100034717";"139 662";"A01";"1";"7";"0";"2";"1";"2";"1";""
"202100034717";"139 663";"B01";"1";"7";"0";"2";"4";"2";"1";""
"202100034717";"139 664";"C01";"1";"7";"0";"2";"4";"2";"1";""
"202100034717";"139 665";"D01";"1";"7";"0";"2";"4";"2";"1";""
"202100034718";"139 660";"B01";"2";"7";"0";"2";"3";"11";"1";""
"202100034718";"139 661";"A01";"2";"43";"0";"2";"1";"3";"1";""
"202100034719";"139 658";"A01";"2";"7";"0";"2";"2";"1";"1";""
"202100034719";"139 659";"B01";"2";"7";"0";"2";"6";"1";"1";""
"202100034720";"139 655";"A01";"1";"33";"0";"2";"1";"3";"1";""
"202100034720";"139 656";"B01";"1";"7";"0";"2";"6";"1";"1";""
"202100034720";"139 657";"C01";"1";"7";"0";"2";"5";"1";"1";""
"202100034721";"139 652";"A01";"1";"7";"0";"2";"1";"11";"1";""
"202100034721";"139 653";"B01";"1";"7";"0";"2";"1";"2";"1";""
"202100034721";"139 654";"C01";"1";"7";"0";"2";"4";"2";"1";""
"202100034722";"139 650";"B01";"2";"7";"0";"2";"0";"26";"1";""
"202100034722";"139 651";"A01";"2";"7";"0";"2";"0";"26";"1";""
"202100034723";"139 647";"C01";"1";"7";"0";"2";"0";"0";"1";""
"202100034723";"139 648";"A01";"1";"7";"0";"2";"1";"26";"1";""
"202100034723";"139 649";"B01";"1";"7";"0";"2";"4";"26";"1";""
"202100034724";"139 646";"A01";"1";"7";"4";"0";"9";"0";"1";""
"202100034725";"139 643";"A01";"2";"7";"0";"2";"1";"1";"1";""
"202100034725";"139 644";"B01";"1";"7";"0";"2";"4";"2";"1";""
"202100034725";"139 645";"C01";"1";"7";"0";"2";"4";"2";"1";""
"202100034726";"139 640";"A01";"2";"7";"0";"2";"1";"1";"1";""
"202100034726";"139 641";"B01";"2";"7";"0";"2";"4";"2";"1";""
"202100034726";"139 642";"C01";"2";"7";"0";"2";"4";"2";"1";""
"202100034727";"139 639";"A01";"2";"7";"4";"0";"9";"14";"1";""
"202100034728";"139 637";"A01";"2";"7";"0";"2";"1";"2";"2";""
"202100034728";"139 638";"B01";"2";"33";"0";"2";"4";"2";"1";""
"202100034729";"139 634";"C01";"2";"34";"0";"2";"1";"1";"1";""
"202100034729";"139 635";"B01";"2";"7";"0";"2";"6";"1";"2";""
"202100034729";"139 636";"A01";"2";"15";"0";"2";"5";"12";"1";""
"202100034730";"139 633";"A01";"2";"7";"4";"0";"3";"13";"1";""
"202100034731";"139 632";"A01";"2";"33";"0";"2";"2";"1";"1";""
"202100034732";"139 630";"B01";"1";"10";"0";"2";"4";"11";"1";""
"202100034732";"139 631";"A01";"1";"33";"0";"2";"1";"9";"1";""
"202100034733";"139 628";"B01";"1";"7";"0";"9";"7";"1";"1";""
"202100034733";"139 629";"A01";"1";"2";"0";"9";"1";"1";"1";""
"202100034734";"139 626";"Z01";"2";"7";"0";"2";"0";"16";"1";""
"202100034734";"139 627";"A01";"2";"1";"0";"2";"0";"0";"5";""
"202100034735";"139 623";"A01";"2";"7";"9";"2";"1";"1";"1";""
"202100034735";"139 624";"C01";"2";"1";"0";"2";"8";"1";"0";""
"202100034735";"139 625";"B01";"2";"32";"0";"2";"8";"1";"1";""
"202100034736";"139 621";"B01";"2";"7";"0";"2";"1";"1";"1";""
"202100034736";"139 622";"A01";"1";"80";"0";"2";"8";"1";"3";""
"202100034737";"139 620";"A01";"1";"30";"0";"0";"0";"1";"1";""
"202100034738";"139 618";"A01";"3";"30";"0";"2";"1";"17";"1";""
"202100034738";"139 619";"B01";"0";"7";"0";"2";"8";"15";"1";""
"202100034739";"139 616";"B01";"3";"1";"0";"2";"0";"0";"5";""
"202100034739";"139 617";"A01";"2";"10";"0";"2";"7";"16";"1";""
"202100034740";"139 615";"A01";"1";"33";"0";"0";"7";"14";"1";""
"202100034741";"139 613";"A01";"1";"7";"0";"1";"1";"1";"1";""
"202100034742";"139 611";"A01";"2";"7";"0";"2";"3";"2";"1";""
"202100034742";"139 612";"B01";"2";"7";"1";"2";"4";"2";"1";""
"202100034743";"139 609";"A01";"1";"30";"0";"2";"1";"15";"1";""
"202100034743";"139 610";"X01";"1";"7";"0";"2";"0";"0";"0";""
"202100034744";"139 607";"B01";"0";"32";"0";"2";"2";"1";"1";""
"202100034744";"139 608";"A01";"1";"7";"0";"2";"3";"9";"0";""
"202100034745";"139 605";"B01";"2";"33";"0";"2";"4";"1";"1";""
"202100034745";"139 606";"A01";"1";"7";"0";"2";"3";"9";"1";""
"202100034746";"139 601";"A01";"2";"30";"0";"1";"1";"1";"1";""
"202100034747";"139 600";"A01";"0";"7";"0";"1";"2";"0";"1";""
"202100034748";"139 598";"B01";"2";"1";"0";"2";"1";"1";"0";""
"202100034748";"139 599";"A01";"1";"10";"0";"2";"8";"15";"1";""
"202100034749";"139 597";"A01";"2";"2";"12";"0";"0";"1";"1";""
"202100034750";"139 593";"A01";"2";"7";"0";"2";"1";"2";"1";""
"202100034750";"139 594";"B01";"2";"7";"0";"2";"4";"2";"1";""
"202100034750";"139 595";"C01";"2";"7";"0";"2";"4";"2";"1";""
"202100034750";"139 596";"D01";"2";"7";"14";"0";"4";"2";"1";""
"202100034751";"139 592";"A01";"1";"7";"0";"1";"1";"2";"1";""
"202100034752";"139 591";"A01";"1";"7";"0";"1";"1";"26";"2";""
"202100034753";"139 590";"A01";"2";"10";"0";"1";"3";"1";"1";""
"202100034754";"139 588";"A01";"2";"7";"0";"2";"8";"10";" -1";""
"202100034754";"139 589";"B01";"1";"7";"0";"2";"1";"1";" -1";""
"202100034755";"139 587";"A01";"2";"33";"0";"0";"0";"1";"1";""
"202100034756";"139 585";"A01";"2";"30";"0";"2";"7";"19";"1";""
"202100034756";"139 586";"B01";"2";"7";"0";"2";"8";"1";"1";""
"202100034757";"139 583";"B01";"2";"32";"0";"2";"6";"21";"1";""
"202100034757";"139 584";"A01";"2";"7";"0";"2";"2";"12";"1";""
"202100034758";"139 582";"A01";"1";"7";"1";"0";"2";"2";"1";""
"202100034759";"139 580";"A01";"2";"7";"0";"2";"3";"10";"1";""
"202100034759";"139 581";"B01";"2";"33";"0";"2";"2";"2";"1";""
"202100034760";"139 578";"A01";"2";"7";"15";"2";"4";"26";"1";""
"202100034760";"139 579";"B01";"2";"7";"0";"2";"2";"26";"1";""
"202100034761";"139 577";"A01";"1";"7";"16";"0";"1";"14";"1";""
"202100034762";"139 575";"B01";"2";"7";"0";"0";"0";"0";"1";""
"202100034762";"139 576";"A01";"1";"34";"0";"2";"3";"17";"1";""
"202100034763";"139 573";"B01";"3";"31";"0";"2";"8";"1";"1";""
"202100034763";"139 574";"Z01";"1";"7";"0";"2";"1";"15";"0";""
"202100034764";"139 571";"B01";"1";"7";"0";"2";"8";"0";"1";""
"202100034764";"139 572";"A01";"2";"7";"0";"2";"1";"13";"1";""
"202100034765";"139 570";"A01";"1";"31";"1";"0";"1";"1";"1";""
"202100034766";"139 568";"B01";"3";"7";"0";"2";"1";"1";"1";""
"202100034766";"139 569";"A01";"0";"1";"0";"2";"5";"1";"5";""
"202100034767";"139 567";"A01";"3";"7";"0";"1";"3";"1";"1";""
"202100034768";"139 566";"A01";"1";"33";"8";"0";"1";"14";"1";""
"202100034769";"139 564";"A01";"2";"33";"0";"2";"1";"1";"0";""
"202100034769";"139 565";"B01";"1";"7";"0";"2";"8";"15";"1";""
"202100034770";"139 563";"A01";"2";"7";"0";"1";"3";"9";"1";""
"202100034771";"139 561";"B01";"2";"7";"0";"2";"3";"2";"1";""
"202100034771";"139 562";"A01";"2";"32";"0";"2";"2";"17";"1";""
"202100034772";"139 560";"A01";"1";"7";"1";"0";"3";"13";"1";""
"202100034773";"139 558";"B01";"1";"7";"0";"2";"4";"2";"1";""
"202100034773";"139 559";"A01";"1";"7";"0";"2";"1";"2";"1";""
"202100034774";"139 554";"B01";"2";"7";"0";"2";"2";"13";"2";""
"202100034774";"139 555";"A01";"1";"7";"0";"2";"1";"9";"1";""
"202100034774";"139 556";"C01";"3";"7";"1";"0";"6";"0";"1";""
"202100034774";"139 557";"D01";"3";"7";"1";"0";"0";"0";"1";""
"202100034775";"139 552";"A01";"2";"7";"0";"2";"1";"9";"1";""
"202100034775";"139 553";"B01";"1";"33";"0";"2";"2";"26";"1";""
"202100034776";"139 550";"A01";"1";"33";"0";"2";"3";"2";"1";""
"202100034776";"139 551";"B01";"1";"7";"0";"2";"5";"2";"1";""
"202100034777";"139 548";"B01";"1";"7";"0";"2";"3";"11";"1";""
"202100034777";"139 549";"A01";"1";"33";"0";"2";"2";"3";"1";""
"202100034778";"139 547";"A01";"1";"7";"0";"1";"3";"1";"2";""
"202100034779";"139 544";"C01";"1";"7";"0";"2";"8";"7";"1";""
"202100034779";"139 545";"B01";"1";"7";"0";"2";"5";"1";"2";""
"202100034779";"139 546";"A01";"1";"33";"0";"2";"3";"18";"1";""
"202100034780";"139 543";"A01";"1";"30";"0";"1";"1";"5";"1";""
"202100034781";"139 541";"A01";"2";"7";"0";"2";"2";"9";"1";""
"202100034781";"139 542";"B01";"1";"80";"0";"2";"1";"1";"3";""
"202100034782";"139 539";"A01";"1";"34";"0";"2";"2";"17";"1";""
"202100034782";"139 540";"B01";"1";"7";"0";"2";"3";"15";"1";""
"202100034783";"139 537";"B01";"1";"7";"0";"2";"3";"1";"1";""
"202100034783";"139 538";"A01";"1";"1";"0";"2";"7";"15";"5";""
"202100034784";"139 536";"A01";"1";"50";"1";"0";"0";"14";"3";""
"202100034785";"139 534";"A01";"1";"32";"0";"2";"4";"2";"1";""
"202100034785";"139 535";"Z01";"1";"7";"0";"2";"1";"2";"0";""
"202100034786";"139 532";"A01";"2";"1";"0";"2";"1";"1";"5";""
"202100034786";"139 533";"B01";"1";"34";"0";"2";"3";"1";"1";""
"202100034787";"139 531";"A01";"2";"50";"0";"1";"1";"1";"3";""
"202100034788";"139 530";"A01";"3";"32";"0";"1";"4";"25";"1";""
"202100034789";"139 528";"B01";"2";"1";"0";"2";"1";"1";"5";""
"202100034789";"139 529";"A01";"1";"50";"0";"2";"1";"5";"3";""
"202100034790";"139 526";"A01";"2";"50";"0";"2";"2";"5";"3";""
"202100034790";"139 527";"B01";"1";"33";"0";"2";"2";"1";"1";""
"202100034791";"139 524";"A01";"0";"1";"0";"2";"1";"1";"5";""
"202100034791";"139 525";"B01";"0";"10";"0";"2";"7";"1";"1";""
"202100034792";"139 522";"A01";"2";"1";"0";"2";"1";"1";"5";""
"202100034792";"139 523";"B01";"1";"7";"0";"2";"6";"15";"1";""
"202100034793";"139 521";"A01";"2";"10";"0";"1";"1";"15";"1";""
"202100034794";"139 520";"A01";"2";"7";"0";"1";"8";"15";"1";""
"202100034795";"139 516";"B01";"1";"7";"0";"0";"3";"0";"1";""
"202100034795";"139 517";"A01";"2";"7";"1";"2";"2";"0";"1";""
"202100034795";"139 518";"C01";"1";"7";"0";"0";"3";"0";"1";""
"202100034795";"139 519";"KD01";"1";"7";"0";"0";"0";"0";"1";""
"202100034796";"139 515";"A01";"1";"10";"0";"2";"3";"15";"1";""
"202100034797";"139 513";"A01";"1";"7";"0";"9";"3";"19";"1";""
"202100034797";"139 514";"B01";"1";"50";"0";"2";"1";"1";"3";""
"202100034798";"139 511";"B01";"1";"50";"0";"2";"3";"1";"3";""
"202100034798";"139 512";"A01";"1";"7";"0";"2";"6";"1";"1";""
"202100034799";"139 509";"A01";"0";"7";"0";"2";"3";"1";"0";""
"202100034799";"139 510";"B01";"1";"33";"0";"2";"1";"2";"0";""
"202100034800";"139 507";"B01";"1";"60";"0";"2";"1";"1";"5";""
"202100034800";"139 508";"A01";"2";"10";"0";"2";"1";"16";"1";""
"202100034801";"139 506";"A01";"2";"30";"0";"2";"1";"17";"1";""
"202100034802";"139 503";"B01";"1";"10";"0";"2";"4";"1";"1";""
"202100034802";"139 504";"C01";"1";"7";"0";"2";"4";"1";"1";""
"202100034802";"139 505";"A01";"1";"7";"0";"2";"1";"1";"1";""
"202100034803";"139 501";"A01";"2";"7";"0";"0";"0";"0";"1";""
"202100034803";"139 502";"B01";"0";"7";"0";"0";"0";"0";"1";""
"202100034804";"139 498";"B01";"1";"1";"0";"2";"2";"5";"5";""
"202100034804";"139 499";"A01";"2";"2";"0";"9";"1";"18";"1";""
"202100034805";"139 496";"A01";" -1";"7";"0";"2";"2";"9";"0";""
"202100034805";"139 497";"B01";" -1";"99";"0";"2";"1";"3";"0";""
"202100034806";"139 494";"A01";"1";"7";"0";"2";"3";"15";"1";""
"202100034806";"139 495";"Z01";"1";"7";"0";"2";"1";"0";"1";""
"202100034807";"139 492";"B01";"1";"1";"0";"2";"1";"1";"5";""
"202100034807";"139 493";"A01";"1";"7";"0";"2";"4";"23";"1";""
"202100034808";"139 490";"B01";"2";"2";"0";"2";"1";"1";"1";""
"202100034808";"139 491";"A01";"2";"7";"0";"2";"8";"10";"1";""
"202100034809";"139 489";"A01";"2";"34";"0";"1";"1";"5";"1";""
"202100034810";"139 488";"A01";"2";"43";"8";"0";"9";"26";"1";""
"202100034811";"139 486";"A01";"0";"7";"0";"2";"3";"15";"2";""
"202100034811";"139 487";"B01";"2";"37";"0";"2";"2";"1";"1";"1"
"202100034812";"139 484";"B01";"2";"7";"0";"2";"3";"15";"1";""
"202100034812";"139 485";"A01";"1";"2";"0";"2";"1";"1";"1";""
"202100034813";"139 482";"A01";"3";"43";"0";"2";"1";"1";"1";""
"202100034813";"139 483";"B01";"3";"3";"0";"2";"4";"0";"1";""
"202100034814";"139 481";"A01";"2";"32";"0";"0";"1";"13";"1";""
"202100034815";"139 480";"A01";"1";"60";"0";"1";"1";"1";"5";""
"202100034816";"139 478";"A01";"2";"7";"0";"2";"2";"11";"1";""
"202100034816";"139 479";"B01";"2";"7";"0";"2";"2";"1";"1";""
"202100034817";"139 477";"A01";"3";"7";"13";"0";"1";"1";"1";""
"202100034818";"139 475";"A01";"2";"2";"0";"2";"1";"19";"1";""
"202100034818";"139 476";"B01";"1";"7";"0";"2";"8";"19";"1";""
"202100034819";"139 473";"B01";"1";"7";"0";"2";"3";"1";"1";""
"202100034819";"139 474";"A01";"2";"7";"0";"2";"6";"26";"1";""
"202100034820";"139 472";"A01";"1";"33";"0";"0";"0";"9";"1";""
"202100034821";"139 471";"A01";"3";"36";"0";"0";"0";"0";"1";""
"202100034822";"139 469";"B01";"1";"7";"0";"2";"6";"2";"1";""
"202100034822";"139 470";"A01";"1";"33";"0";"2";"1";"2";"1";""
"202100034823";"139 467";"A01";"1";"7";"0";"2";"3";"15";"1";""
"202100034823";"139 468";"B01";"2";"7";"0";"2";"1";"1";"1";""
"202100034824";"139 466";"A01";"1";"7";"13";"0";"2";"14";"1";""
"202100034825";"139 463";"A01";"2";"33";"0";"2";"1";"1";"1";""
"202100034825";"139 464";"B01";"2";"33";"0";"2";"1";"1";"1";""
"202100034825";"139 465";"C01";"1";"7";"0";"2";"1";"17";"1";""
"202100034826";"139 461";"A01";"2";"10";"0";"2";"7";"17";"1";""
"202100034826";"139 462";"B01";"2";"21";"0";"2";"3";"15";"1";""
"202100034827";"139 457";"B01";"1";"7";"0";"2";"3";"1";"1";""