"Num_Acc";"id_vehicule";"num_veh";"senc";"catv";"obs";"obsm";"choc";"manv";"motor";"occutc"
"202100034827";"139 458";"A01";"1";"33";"0";"2";"0";"17";"1";""
"202100034828";"139 456";"A01";"2";"33";"0";"0";"0";"1";"1";""
"202100034829";"139 455";"A01";"3";"7";"2";"0";"8";"1";"1";""
"202100034830";"139 454";"A01";"1";"7";"2";"0";"1";"13";"1";""
"202100034831";"139 450";"D01";"1";"7";"0";"0";"0";"1";"1";""
"202100034831";"139 451";"A01";"1";"33";"0";"2";"3";"1";"1";""
"202100034831";"139 452";"B01";"2";"7";"0";"2";"1";"1";"1";""
"202100034831";"139 453";"C01";"1";"7";"0";"2";"3";"1";"2";""
"202100034832";"139 448";"B01";"2";"33";"0";"2";"5";"2";"1";""
"202100034832";"139 449";"A01";"2";"33";"0";"2";"1";"2";"1";""
"202100034833";"139 446";"A01";"1";"33";"0";"2";"1";"1";"1";""
"202100034833";"139 447";"B01";"2";"7";"0";"2";"1";"1";"1";""
"202100034834";"139 444";"A01";"1";"7";"0";"2";"2";"15";"1";""
"202100034834";"139 445";"B01";"2";"33";"0";"2";"1";"1";"1";""
"202100034835";"139 443";"A01";"2";"2";"0";"0";"0";"1";"1";""
"202100034836";"139 441";"A01";"1";"10";"0";"2";"2";"1";"1";""
"202100034836";"139 442";"B01";"1";"30";"0";"2";"4";"1";"1";""
"202100034837";"139 440";"A01";"1";"7";"7";"0";"9";"1";"1";""
"202100034838";"139 438";"B01";"2";"31";"0";"2";"1";"1";"1";""
"202100034838";"139 439";"A01";"2";"50";"0";"2";"8";"15";"3";""
"202100034839";"139 435";"C01";"1";"33";"0";"0";"4";"0";"1";""
"202100034839";"139 436";"B01";"1";"33";"0";"0";"4";"0";"1";""
"202100034839";"139 437";"A01";"1";"33";"0";"2";"1";"0";"1";""
"202100034840";"139 433";"B01";"3";"33";"0";"2";"1";"1";"1";""
"202100034840";"139 434";"A01";"3";"7";"0";"2";"8";"1";"1";""
"202100034841";"139 432";"A01";"2";"33";"5";"0";"1";"1";"1";""
"202100034842";"139 430";"B01";"1";"2";"13";"0";"4";"15";"1";""
"202100034842";"139 431";"A01";"1";"7";"0";"2";"1";"17";"1";""
"202100034843";"139 428";"B01";"1";"7";"0";"2";"5";"2";"1";""
"202100034843";"139 429";"A01";"1";"33";"0";"2";"1";"2";"1";""
"202100034844";"139 427";"A01";"1";"33";"5";"0";"1";"13";"1";""
"202100034845";"139 423";"A01";"2";"33";"0";"2";"1";"17";"1";""
"202100034845";"139 424";"B01";"2";"7";"0";"2";"6";"15";"1";""
"202100034846";"139 422";"A01";"2";"33";"3";"0";"7";"1";"1";""
"202100034847";"139 421";"A01";"2";"7";"13";"0";"1";"1";"1";""
"202100034848";"139 419";"B01";"0";"33";"0";"2";"1";"1";"6";""
"202100034848";"139 420";"A01";"3";"7";"0";"2";"7";"15";"6";""
"202100034849";"139 418";"A01";"1";"7";"2";"0";"3";"1";"1";""
"202100034850";"139 416";"A01";"2";"33";"0";"2";"1";"1";"1";""
"202100034850";"139 417";"B01";"2";"7";"0";"2";"4";"15";"1";""
"202100034851";"139 414";"A01";"1";"33";"0";"0";"8";"0";"1";""
"202100034852";"139 412";"A01";"3";"7";"0";"0";"1";"1";"1";""
"202100034853";"139 411";"A01";"2";"3";"16";"0";"1";"1";"1";""
"202100034854";"139 409";"A01";"1";"7";"0";"2";"1";"0";"1";""
"202100034854";"139 410";"B01";"2";"7";"0";"2";"1";"0";"1";""
"202100034855";"139 407";"B01";"1";"7";"0";"2";"3";"1";"1";""
"202100034855";"139 408";"A01";"2";"7";"0";"2";"3";"13";"1";""
"202100034856";"139 402";"A01";"0";"7";"0";"9";"8";"15";"1";""
"202100034856";"139 403";"B01";"3";"1";"0";"2";"1";"17";"5";""
"202100034856";"139 404";"C01";"3";"1";"0";"2";"1";"17";"5";""
"202100034856";"139 405";"D01";"3";"1";"0";"2";"1";"17";"5";""
"202100034856";"139 406";"E01";"3";"1";"0";"2";"1";"17";"5";""
"202100034857";"139 401";"A01";"1";"7";"2";"0";"7";"1";"1";""
"202100034858";"139 399";"A01";"3";"2";"0";"2";"8";"13";"1";""
"202100034858";"139 400";"B01";"3";"7";"0";"2";"3";"1";"1";""
"202100034859";"139 398";"A01";"1";"7";"0";"0";"1";"13";"1";""
"202100034860";"139 397";"A01";"2";"33";"0";"0";"0";"1";"1";""
"202100034861";"139 395";"B01";"1";"1";"0";"2";"8";"1";"5";""
"202100034861";"139 396";"A01";"2";"7";"0";"2";"3";"15";"1";""
"202100034862";"139 393";"B01";"3";"7";"0";"2";"1";"1";"1";""
"202100034862";"139 394";"A01";"3";"7";"0";"2";"8";"19";"1";""
"202100034863";"139 392";"A01";"1";"7";"13";"0";"1";"0";"1";""
"202100034864";"139 391";"A01";"1";"7";"6";"0";"1";"13";"1";""
"202100034865";"139 389";"B01";"3";"60";"0";"2";"3";"0";"5";""
"202100034865";"139 390";"A01";"1";"7";"0";"9";"2";"1";"1";""
"202100034866";"139 387";"A01";"1";"10";"0";"2";"1";"13";"1";""
"202100034866";"139 388";"B01";"2";"7";"0";"2";"1";"0";"1";""
"202100034867";"139 386";"A01";"2";"33";"13";"0";"1";"1";"1";""
"202100034868";"139 385";"A01";"1";"33";"0";"0";"1";"2";"1";""
"202100034869";"139 384";"A01";"1";"7";"16";"0";"2";"26";"1";""
"202100034870";"139 383";"A01";"3";"33";"2";"0";"1";"14";"1";""
"202100034871";"139 381";"B01";"2";"33";"0";"2";"1";"2";"1";""
"202100034871";"139 382";"A01";"2";"7";"0";"0";"4";"23";"1";""
"202100034872";"139 380";"A01";"2";"7";"4";"0";"8";"19";"1";""
"202100034873";"139 379";"A01";"1";"7";"13";"0";"2";"0";"1";""
"202100034874";"139 378";"A01";"2";"7";"13";"0";"9";"14";"1";""
"202100034875";"139 376";"B01";"3";"33";"0";"2";"1";"13";"1";""
"202100034875";"139 377";"A01";"3";"7";"0";"2";"7";"9";"1";""
"202100034876";"139 374";"A01";"1";"10";"0";"1";"2";"1";"1";""
"202100034877";"139 372";"B01";"1";"7";"0";"2";"1";"2";"1";""
"202100034877";"139 373";"A01";"2";"7";"0";"2";"1";"13";"0";""
"202100034878";"139 371";"A01";"3";"7";"8";"0";"2";"1";"1";""
"202100034879";"139 369";"A01";"0";"7";"0";"2";"1";"1";"1";""
"202100034879";"139 370";"B01";"0";"30";"0";"2";"1";"1";"1";""
"202100034880";"139 368";"A01";"2";"10";"0";"1";"1";"1";"1";""
"202100034881";"139 366";"A01";"0";"7";"0";"2";"3";"20";"1";""
"202100034881";"139 367";"B01";"0";"2";"0";"2";"0";"26";"0";""
"202100034882";"139 365";"A01";"1";"7";"0";"1";"3";"1";"1";""
"202100034883";"139 364";"A01";"1";"33";"6";"0";"1";"26";"1";""
"202100034884";"139 363";"A01";"1";"33";"5";"0";"1";"14";"1";""
"202100034885";"139 358";"B01";"3";"2";"0";"2";"7";"1";"1";""
"202100034885";"139 359";"A01";"3";"7";"0";"2";"8";"15";"1";""
"202100034886";"139 356";"B01";"2";"7";"0";"2";"3";"1";"1";""
"202100034886";"139 357";"A01";"1";"7";"0";"0";"8";"1";"1";""
"202100034887";"139 355";"A01";"1";"2";"3";"0";"0";"1";"1";""
"202100034888";"139 353";"A01";"2";"7";"0";"2";"3";"15";"1";""
"202100034888";"139 354";"B01";"2";"33";"0";"2";"2";"17";"1";""
"202100034889";"139 352";"A01";"2";"33";"0";"0";"8";"1";"1";""
"202100034890";"139 351";"A01";"1";"1";"0";"0";"1";"1";"5";""
"202100034891";"139 349";"A01";"2";"33";"0";"2";"1";"13";"1";""
"202100034891";"139 350";"B01";"1";"33";"0";"0";"1";"1";"1";""
"202100034892";"139 348";"A01";"3";"7";"0";"1";"3";"1";"1";""
"202100034893";"139 344";"A01";"3";"2";"0";"2";"3";"1";"1";""
"202100034893";"139 345";"B01";"3";"21";"0";"2";"3";"1";"1";""
"202100034894";"139 342";"B01";"0";"7";"0";"2";"3";"1";"1";""
"202100034894";"139 343";"A01";"0";"7";"0";"2";"3";"1";"1";""
"202100034895";"139 339";"A01";"2";"33";"0";"2";"3";"1";"1";""
"202100034895";"139 340";"B01";"2";"7";"0";"0";"4";"23";"1";""
"202100034895";"139 341";"C01";"1";"33";"0";"2";"1";"5";"1";""
"202100034896";"139 337";"B01";"2";"33";"0";"2";"1";"1";"1";""
"202100034896";"139 338";"A01";"2";"7";"0";"2";"3";"26";"1";""
"202100034897";"139 336";"A01";"3";"31";"8";"0";"8";"17";"1";""
"202100034898";"139 334";"B01";"1";"7";"0";"2";"1";"1";"1";""
"202100034898";"139 335";"A01";"2";"7";"0";"2";"1";"13";"1";""
"202100034899";"139 332";"B01";"2";"7";"0";"2";"4";"2";"1";""
"202100034899";"139 333";"A01";"2";"7";"0";"2";"1";"2";"1";""
"202100034900";"139 329";"C01";"2";"33";"0";"2";"1";"1";"1";""
"202100034900";"139 330";"A01";"1";"7";"0";"2";"1";"13";"1";""
"202100034900";"139 331";"B01";"2";"7";"0";"2";"8";"1";"1";""
"202100034901";"139 328";"A01";"0";"7";"13";"0";"0";"0";"1";""
"202100034902";"139 326";"B01";"0";"0";"0";"2";"5";"15";"1";""
"202100034902";"139 327";"A01";"3";"2";"1";"2";"3";"1";"1";""
"202100034903";"139 325";"A01";"0";"2";"0";"0";"0";"0";"1";""
"202100034904";"139 322";"A01";"2";"7";"4";"2";"4";"11";"1";""
"202100034904";"139 323";"C01";"2";"7";"0";"2";"1";"2";"1";""
"202100034904";"139 324";"B01";"2";"7";"4";"2";"4";"2";"1";""
"202100034905";"139 319";"A01";"2";"7";"0";"2";"4";"2";"1";""
"202100034905";"139 320";"B01";"2";"7";"0";"2";"4";"2";"1";""
"202100034905";"139 321";"C01";"2";"7";"0";"2";"1";"2";"1";""
"202100034906";"139 317";"B01";"2";"7";"0";"2";"1";"1";"1";""
"202100034906";"139 318";"A01";"2";"7";"0";"2";"1";"11";"1";""
"202100034907";"139 314";"A01";"2";"33";"0";"2";"1";"3";"1";""
"202100034907";"139 315";"B01";"2";"7";"0";"2";"3";"2";"1";""
"202100034907";"139 316";"C01";"2";"7";"0";"2";"5";"1";"1";""
"202100034908";"139 311";"A01";"1";"10";"0";"2";"3";"9";"1";""
"202100034908";"139 312";"C01";"1";"7";"0";"2";"1";"1";"1";""
"202100034908";"139 313";"B01";"1";"10";"0";"2";"2";"1";"1";""
"202100034909";"139 310";"A01";"1";"7";"4";"0";"1";"14";"1";""
"202100034910";"139 307";"A01";"1";"10";"0";"2";"1";"9";"1";""
"202100034910";"139 308";"B01";"1";"7";"0";"2";"4";"1";"1";""
"202100034910";"139 309";"C01";"1";"7";"0";"2";"4";"1";"1";""
"202100034911";"139 305";"B01";"1";"33";"0";"2";"0";"26";"1";""
"202100034911";"139 306";"Z01";"1";"10";"0";"2";"0";"0";"0";""
"202100034912";"139 303";"A01";"1";"7";"1";"0";"1";"1";"1";""
"202100034912";"139 304";"B01";"1";"10";"0";"2";"4";"23";"1";""
"202100034913";"139 301";"A01";"1";"15";"0";"2";"7";"14";"1";""
"202100034913";"139 302";"B01";"1";"7";"0";"2";"8";"1";"1";""
"202100034914";"139 298";"A01";"2";"7";"0";"2";"1";"2";"1";""
"202100034914";"139 299";"B01";"2";"7";"0";"2";"4";"1";"1";""
"202100034914";"139 300";"C01";"2";"7";"0";"2";"1";"2";"1";""
"202100034915";"139 296";"A01";"2";"33";"0";"2";"8";"3";"1";""
"202100034915";"139 297";"B01";"2";"7";"0";"2";"5";"1";"1";""
"202100034916";"139 294";"B01";"1";"17";"0";"2";"4";"2";"1";""
"202100034916";"139 295";"A01";"1";"7";"0";"2";"1";"2";"1";""
"202100034917";"139 292";"B01";"1";"10";"8";"2";"3";"1";"0";""
"202100034917";"139 293";"A01";"2";"7";"0";"2";"1";"19";"0";""
"202100034918";"139 291";"A01";"2";"7";"0";"1";"3";"1";"1";""
"202100034919";"139 290";"A01";"3";"7";"1";"0";"5";"24";"1";""
"202100034920";"139 287";"C01";"2";"7";"0";"2";"2";"1";"1";""
"202100034920";"139 288";"A01";"2";"10";"0";"2";"2";"15";"1";""
"202100034920";"139 289";"B01";"1";"33";"0";"2";"1";"1";"1";""
"202100034921";"139 285";"B01";"2";"7";"0";"2";"1";"1";"1";""
"202100034921";"139 286";"A01";"1";"30";"0";"2";"1";"13";"1";""
"202100034922";"139 283";"A01";"2";"7";"0";"2";"5";"15";"1";""
"202100034922";"139 284";"B01";"1";"50";"0";"2";"1";"1";"3";""
"202100034923";"139 282";"A01";"2";"7";"0";"1";"1";"16";"1";""
"202100034924";"139 280";"A01";"1";"32";"0";"2";"3";"1";"1";""
"202100034924";"139 281";"B01";"2";"50";"0";"2";"2";"15";"3";""
"202100034925";"139 279";"A01";"2";"2";"0";"1";"1";"17";"1";""
"202100034926";"139 278";"A01";"1";"33";"0";"1";"1";"19";"1";""
"202100034927";"139 276";"A01";"1";"43";"0";"2";"1";"2";"1";""
"202100034927";"139 277";"B01";"1";"10";"0";"0";"4";"2";"1";""
"202100034928";"139 275";"B01";"1";"33";"0";"2";"5";"1";"1";""
"202100034929";"139 273";"A01";"2";"7";"0";"2";"1";"11";"1";""
"202100034929";"139 274";"B01";"2";"7";"14";"2";"4";"1";"1";""
"202100034930";"139 271";"A01";"1";"33";"0";"9";"1";"13";"1";""
"202100034930";"139 272";"B01";"2";"21";"0";"0";"3";"1";"1";""
"202100034931";"139 270";"A01";"1";"7";"0";"1";"1";"1";"1";""
"202100034932";"139 269";"A01";"3";"7";"0";"1";"5";"26";"1";""
"202100034933";"139 266";"C01";"2";"7";"14";"2";"4";"2";"2";""
"202100034933";"139 267";"A01";"2";"7";"0";"2";"1";"2";"1";""
"202100034933";"139 268";"B01";"2";"7";"0";"2";"4";"2";"1";""
"202100034934";"139 264";"B01";"3";"1";"14";"2";"1";"1";"5";""
"202100034934";"139 265";"A01";"3";"7";"0";"2";"7";"16";"1";""
"202100034935";"139 261";"A01";"2";"7";"0";"2";"1";"2";"1";""
"202100034935";"139 262";"B01";"2";"7";"0";"2";"4";"2";"1";""
"202100034935";"139 263";"C01";"2";"7";"0";"2";"4";"2";"1";""
"202100034936";"139 259";"B01";"3";"1";"0";"2";"8";"1";"0";""
"202100034936";"139 260";"A01";"3";"7";"0";"2";"1";"9";"1";""
"202100034937";"139 257";"B01";"2";"33";"0";"2";"2";"2";"1";""
"202100034937";"139 258";"A01";"2";"7";"0";"2";"3";"15";"1";""
"202100034938";"139 255";"B01";"1";"43";"0";"2";"3";"1";"1";""
"202100034938";"139 256";"A01";"2";"7";"1";"0";"3";"13";"1";""
"202100034939";"139 253";"B01";"2";"7";"0";"2";"3";"13";"1";""
"202100034939";"139 254";"A01";"1";"31";"0";"2";"1";"17";"1";""
"202100034940";"139 252";"A01";"0";"7";"0";"1";"2";"1";"1";""
"202100034941";"139 250";"B01";"0";"7";"0";"2";"1";"2";"1";""
"202100034941";"139 251";"A01";"0";"10";"0";"2";"4";"2";"1";""
"202100034942";"139 248";"B01";"1";"1";"0";"2";"1";"1";"5";""
"202100034942";"139 249";"A01";"2";"7";"0";"2";"1";"17";"1";""
"202100034943";"139 246";"B01";"2";"1";"0";"2";"1";"1";"5";""
"202100034943";"139 247";"A01";"1";"7";"0";"2";"1";"15";"1";""
"202100034944";"139 244";"B01";"1";"7";"0";"2";"4";"2";"1";""
"202100034944";"139 245";"A01";"1";"30";"0";"2";"1";"2";"1";""
"202100034945";"139 242";"A01";"3";"10";"0";"2";"1";"9";"0";""
"202100034945";"139 243";"B01";"2";"33";"0";"2";"7";"1";"1";""
"202100034946";"139 241";"A01";"1";"10";"0";"1";"4";"4";"1";""
"202100034947";"139 237";"A01";"1";"7";"0";"2";"1";"2";"1";""
"202100034947";"139 238";"B01";"1";"7";"0";"2";"4";"2";"2";""
"202100034947";"139 239";"C01";"1";"7";"0";"2";"4";"2";"1";""
"202100034947";"139 240";"D01";"1";"7";"0";"2";"4";"2";"2";""
"202100034948";"139 236";"A01";"0";"33";"8";"0";"1";"0";"1";""
"202100034949";"139 234";"A01";"1";"33";"0";"2";"1";"21";"1";""
"202100034949";"139 235";"B01";"1";"7";"0";"2";"4";"23";"1";""
"202100034950";"139 233";"A01";"1";"7";"8";"0";"0";"13";"1";""
"202100034951";"139 232";"A01";"0";"33";"8";"0";"1";"1";"1";""
"202100034952";"139 230";"B01";"1";"33";"0";"2";"1";"1";"1";""
"202100034952";"139 231";"A01";"2";"7";"0";"2";"2";"15";"2";""
"202100034953";"139 227";"C01";"3";"7";"0";"2";"4";"2";"1";""
"202100034953";"139 228";"B01";"3";"33";"0";"2";"4";"2";"1";""
"202100034953";"139 229";"A01";"3";"7";"0";"2";"1";"2";"1";""
"202100034954";"139 225";"B01";"0";"60";"0";"2";"3";"9";"5";""
"202100034954";"139 226";"Z01";"1";"0";"0";"2";"1";"17";"0";""
"202100034955";"139 223";"A01";"2";"7";"0";"2";"3";"9";"1";""
"202100034955";"139 224";"B01";"2";"7";"0";"2";"2";"1";"1";""
"202100034956";"139 221";"A01";"1";"30";"0";"2";"1";"1";"1";""
"202100034956";"139 222";"B01";"1";"37";"0";"2";"6";"1";"1";"1"
"202100034957";"139 219";"B01";"2";"2";"0";"2";"1";"1";"1";""
"202100034957";"139 220";"A01";"1";"7";"0";"2";"2";"15";"1";""
"202100034958";"139 216";"A01";"2";"7";"0";"2";"1";"1";"1";""
"202100034958";"139 217";"B01";"1";"7";"0";"2";"5";"1";"1";""
"202100034958";"139 218";"C01";"2";"7";"0";"2";"1";"1";"1";""
"202100034959";"139 214";"B01";"1";"7";"0";"2";"2";"1";"1";""
"202100034959";"139 215";"A01";"1";"30";"0";"2";"2";"26";"1";""
"202100034960";"139 212";"A01";"1";"34";"0";"2";"1";"9";"1";""
"202100034960";"139 213";"B01";"2";"7";"0";"2";"1";"1";"1";""
"202100034961";"139 209";"A01";"2";"7";"0";"2";"1";"1";"1";""
"202100034961";"139 210";"B01";"2";"7";"0";"2";"1";"1";"0";""
"202100034961";"139 211";"C01";"2";"7";"0";"2";"4";"0";"1";""
"202100034962";"139 207";"B01";"3";"30";"0";"2";"1";"19";"1";""
"202100034962";"139 208";"A01";"2";"7";"0";"2";"2";"1";"1";""
"202100034963";"139 205";"B01";"1";"7";"0";"2";"5";"15";"1";""
"202100034963";"139 206";"A01";"2";"7";"0";"2";"2";"1";"1";""
"202100034964";"139 203";"A01";"2";"7";"0";"2";"7";"1";"1";""
"202100034964";"139 204";"B01";"3";"1";"0";"2";"1";"19";"5";""
"202100034965";"139 201";"A01";"2";"7";"0";"2";"3";"9";"1";""
"202100034965";"139 202";"B01";"1";"2";"0";"2";"1";"1";"1";""
"202100034966";"139 198";"B01";"2";"50";"0";"2";"0";"0";"3";""
"202100034966";"139 199";"A01";"1";"7";"0";"9";"2";"15";"1";""
"202100034967";"139 196";"A01";"1";"7";"0";"2";"1";"2";"1";""
"202100034967";"139 197";"B01";"1";"30";"0";"2";"4";"23";"1";""
"202100034968";"139 194";"A01";"1";"33";"0";"2";"1";"26";"1";""
"202100034968";"139 195";"B01";"2";"7";"0";"2";"1";"15";"1";""
"202100034969";"139 192";"A01";"1";"7";"0";"2";"2";"14";"1";""
"202100034969";"139 193";"B01";"2";"1";"0";"2";"3";"15";"5";""
"202100034970";"139 190";"A01";"1";"7";"0";"2";"1";"14";"1";""
"202100034970";"139 191";"B01";"1";"50";"0";"2";"0";"1";"3";""
"202100034971";"139 188";"B01";"1";"1";"0";"2";"0";"1";"5";""
"202100034971";"139 189";"A01";"2";"7";"0";"0";"0";"1";"1";""
"202100034972";"139 187";"A01";"3";"2";"6";"0";"1";"14";"1";""
"202100034973";"139 185";"A01";"2";"30";"0";"2";"1";"9";"1";""
"202100034973";"139 186";"B01";"1";"7";"0";"2";"6";"9";"1";""
"202100034974";"139 182";"Z01";"1";"7";"0";"2";"0";"0";"0";""
"202100034974";"139 183";"B01";"1";"7";"0";"2";"4";"1";"1";""
"202100034974";"139 184";"A01";"1";"7";"0";"2";"1";"1";"1";""
"202100034975";"139 180";"A01";"3";"1";"0";"2";"1";"26";"5";""
"202100034975";"139 181";"B01";"3";"7";"0";"2";"2";"2";"1";""
"202100034976";"139 178";"B01";"1";"7";"0";"2";"2";"1";"1";""
"202100034976";"139 179";"A01";"2";"7";"0";"2";"3";"19";"1";""
"202100034977";"139 176";"B01";"1";"32";"0";"2";"1";"2";"1";""
"202100034977";"139 177";"A01";"1";"7";"0";"2";"8";"15";"1";""
"202100034978";"139 174";"A01";"2";"7";"0";"2";"1";"9";"1";""
"202100034978";"139 175";"B01";"1";"30";"0";"2";"1";"1";"1";""
"202100034979";"139 172";"B01";"1";"7";"0";"2";"1";"1";" -1";""
"202100034979";"139 173";"A01";"3";"33";"0";"0";"7";"1";"1";""
"202100034980";"139 170";"A01";"1";"32";"0";"2";"3";"21";"1";""
"202100034980";"139 171";"B01";"2";"7";"0";"2";"3";"9";"1";""
"202100034981";"139 169";"A01";"2";"30";"14";"2";"8";"17";"1";""
"202100034982";"139 168";"A01";"2";"7";"0";"1";"3";"1";"1";""
"202100034983";"139 166";"B01";"1";"7";"0";"2";"4";"2";"1";""
"202100034983";"139 167";"A01";"1";"7";"0";"2";"1";"2";"1";""
"202100034984";"139 163";"C01";"1";"7";"0";"2";"0";"0";"0";""
"202100034984";"139 164";"B01";"1";"33";"0";"2";"3";"0";"1";""
"202100034984";"139 165";"A01";"1";"7";"0";"2";"6";"1";"1";""
"202100034985";"139 161";"A01";"0";"33";"0";"2";"8";"13";"1";""
"202100034985";"139 162";"B01";"1";"7";"0";"2";"2";"1";"1";""
"202100034986";"139 160";"A01";"2";"7";"0";"1";"2";"1";"1";""
"202100034987";"139 158";"B01";"2";"7";"0";"2";"1";"1";"1";""
"202100034987";"139 159";"A01";"1";"7";"0";"2";"1";"11";"1";""
"202100034988";"139 156";"A01";"2";"7";"0";"2";"0";"26";"1";""
"202100034988";"139 157";"B01";"2";"33";"0";"0";"0";"0";"1";""
"202100034989";"139 154";"A01";"2";"7";"0";"2";"5";"15";"1";""
"202100034989";"139 155";"B01";"1";"7";"0";"2";"1";"1";"1";""
"202100034990";"139 152";"B01";"3";"14";"0";"2";"3";"0";"0";""
"202100034990";"139 153";"A01";"3";"7";"0";"2";"1";"17";"1";""
"202100034991";"139 150";"B01";"3";"1";"0";"2";"1";"19";"5";""
"202100034991";"139 151";"A01";"2";"7";"0";"2";"2";"1";"1";""
"202100034992";"139 148";"A01";"2";"20";"0";"2";"6";"13";"1";""
"202100034992";"139 149";"B01";"2";"1";"0";"2";"1";"17";"1";""
"202100034993";"139 146";"B01";"1";"7";"0";"2";"4";"2";"1";""
"202100034993";"139 147";"A01";"1";"7";"0";"2";"1";"2";"1";""
"202100034994";"139 144";"B01";"3";"7";"0";"2";"2";"1";"1";""
"202100034994";"139 145";"A01";"3";"30";"0";"2";"1";"26";"1";""
"202100034995";"139 142";"B01";"1";"1";"0";"2";"1";"2";"5";""
"202100034995";"139 143";"A01";"1";"7";"0";"2";"5";"20";"1";""
"202100034996";"139 140";"B01";"0";"7";"0";"2";"4";"2";"1";""
"202100034996";"139 141";"A01";"0";"2";"0";"2";"1";"2";"1";""
"202100034997";"139 138";"A01";"0";"7";"0";"2";"2";"19";"1";""
"202100034997";"139 139";"B01";"0";"31";"0";"2";"1";"1";"1";""
"202100034998";"139 136";"B01";"2";"1";"0";"2";"8";"1";"0";""
"202100034998";"139 137";"A01";"2";"7";"0";"2";"7";"2";"1";""
"202100034999";"139 134";"A01";"2";"33";"0";"2";"1";"17";"1";""
"202100034999";"139 135";"B01";"1";"7";"0";"2";"3";"1";"1";""
"202100035000";"139 133";"A01";"1";"7";"0";"1";"4";"4";"1";""
"202100035001";"139 131";"A01";"1";"50";"12";"2";"1";"15";"3";""
"202100035001";"139 132";"B01";"1";"30";"0";"2";"1";"26";"1";""
"202100035002";"139 130";"A01";"1";"7";"0";"0";"2";"14";"1";""
"202100035003";"139 128";"B01";"1";"1";"0";"2";"3";"26";"5";""
"202100035003";"139 129";"A01";"1";"7";"0";"2";"2";"16";"1";""
"202100035004";"139 127";"A01";"2";"7";"0";"1";"1";"1";"1";""
"202100035005";"139 125";"B01";"1";"1";"0";"2";"0";"1";"5";""
"202100035005";"139 126";"Z01";"1";"7";"0";"0";"0";"1";"0";""
"202100035006";"139 123";"A01";"2";"7";"0";"2";"3";"9";"0";""
"202100035006";"139 124";"B01";"2";"2";"0";"2";"1";"1";"1";""
"202100035007";"139 122";"A01";"3";"2";"0";"0";"2";"9";"1";""
"202100035008";"139 121";"A01";"3";"33";"0";"0";"1";"1";"1";""
"202100035009";"139 120";"A01";"2";"1";"15";"0";"1";"1";"5";""
"202100035010";"139 119";"A01";"2";"30";"0";"0";"8";"0";"1";""
"202100035011";"139 118";"A01";"3";"7";"0";"1";"3";"16";"1";""
"202100035012";"139 116";"A01";"2";"33";"0";"2";"1";"2";"1";""
"202100035012";"139 117";"B01";"2";"10";"0";"2";"4";"1";"1";""
"202100035013";"139 114";"A01";"2";"17";"0";"2";"7";"14";"1";""
"202100035013";"139 115";"B01";"2";"33";"0";"2";"4";"3";"1";""
"202100035014";"139 110";"A01";"3";"7";"0";"2";"3";"18";"1";""
"202100035014";"139 111";"B01";"3";"7";"0";"0";"7";"1";"1";""
"202100035014";"139 112";"C01";"3";"7";"0";"2";"5";"1";"1";""
"202100035014";"139 113";"D01";"0";"7";"0";"2";"6";"23";"1";""
"202100035015";"139 109";"A01";"2";"31";"0";"0";"1";"1";"1";""
"202100035016";"139 107";"A01";"0";"7";"0";"2";"0";"26";"0";""
"202100035016";"139 108";"B01";"0";"31";"0";"2";"7";"0";"1";""
"202100035017";"139 105";"A01";"3";"7";"0";"2";"8";"10";"1";""
"202100035017";"139 106";"B01";"3";"33";"0";"2";"1";"2";"1";""
"202100035018";"139 104";"A01";"1";"7";"0";"1";"2";"1";"1";""
"202100035019";"139 102";"A01";"1";"37";"0";"2";"3";"14";"1";"1"
"202100035019";"139 103";"B01";"1";"1";"0";"2";"9";"26";"5";""
"202100035020";"139 101";"A01";"3";"7";"0";"1";"1";"26";"1";""
"202100035021";"139 099";"A01";"1";"7";"0";"2";"1";"19";"1";""
"202100035021";"139 100";"B01";"1";"7";"0";"2";"6";"1";"1";""
"202100035022";"139 097";"B01";"2";"1";"0";"2";"0";"1";"5";""
"202100035022";"139 098";"A01";"2";"7";"0";"2";"1";"9";"1";""
"202100035023";"139 095";"A01";"2";"7";"0";"2";"1";"9";"1";""
"202100035023";"139 096";"B01";"3";"50";"0";"2";"5";"1";"3";""
"202100035024";"139 091";"A01";"2";"7";"0";"1";"1";"1";"0";""
"202100035025";"139 089";"A01";"3";"7";"0";"2";"2";"9";"0";""
"202100035025";"139 090";"B01";"3";"1";"0";"0";"4";"16";"5";""
"202100035026";"139 087";"B01";"1";"7";"0";"2";"4";"1";"1";""
"202100035026";"139 088";"A01";"1";"32";"0";"2";"1";"26";"1";""
"202100035027";"139 084";"B01";"3";"7";"0";"2";"3";"1";"1";""
"202100035027";"139 085";"A01";"3";"33";"0";"2";"1";"13";"1";""
"202100035028";"139 082";"B01";"3";"7";"0";"2";"8";"1";"1";""
"202100035028";"139 083";"A01";"3";"7";"0";"2";"1";"13";"1";""
"202100035029";"139 080";"B01";"2";"33";"0";"2";"1";"1";"1";""
"202100035029";"139 081";"A01";"1";"33";"0";"2";"1";"1";"1";""
"202100035030";"139 078";"B01";"3";"7";"0";"2";"2";"1";"1";""
"202100035030";"139 079";"A01";"3";"7";"0";"2";"3";"20";"1";""
"202100035031";"139 077";"A01";"2";"7";"0";"2";"1";"1";"2";""