"Num_Acc";"id_vehicule";"num_veh";"senc";"catv";"obs";"obsm";"choc";"manv";"motor";"occutc"
"202100035458";"138 329";"C01";"1";"7";"1";"2";"3";"23";"1";""
"202100035458";"138 330";"B01";"1";"7";"0";"2";"3";"15";"1";""
"202100035459";"138 327";"A01";"1";"7";"0";"1";"5";"20";"1";""
"202100035460";"138 326";"A01";"3";"3";"1";"0";"3";"1";"1";""
"202100035461";"138 325";"A01";"3";"7";"0";"1";"1";"1";"1";""
"202100035462";"138 323";"B01";"2";"7";"0";"2";"1";"2";"1";""
"202100035462";"138 324";"A01";"2";"30";"0";"2";"4";"23";"1";""
"202100035463";"138 322";"A01";"0";"10";"0";"1";"1";"16";"1";""
"202100035464";"138 321";"A01";"1";"32";"0";"1";"2";"17";"1";""
"202100035465";"138 318";"C01";"2";"7";"0";"2";"1";"1";"1";""
"202100035465";"138 319";"B01";"1";"10";"0";"2";"6";"2";"1";""
"202100035465";"138 320";"A01";"1";"33";"0";"2";"2";"13";"1";""
"202100035466";"138 314";"C01";"1";"34";"0";"2";"1";"1";"1";""
"202100035466";"138 315";"B01";"2";"7";"0";"2";"1";"1";"1";""
"202100035466";"138 316";"A01";"2";"7";"0";"2";"2";"15";"1";""
"202100035467";"138 313";"A01";"3";"37";"9";"1";"7";"16";"0";"1"
"202100035468";"138 311";"A01";"1";"7";"0";"2";"7";"17";"1";""
"202100035468";"138 312";"B01";"1";"33";"0";"2";"8";"3";"1";""
"202100035469";"138 310";"A01";"2";"7";"1";"0";"9";"14";"1";""
"202100035470";"138 308";"A01";"3";"7";"0";"4";"2";"1";"1";""
"202100035470";"138 309";"B01";"3";"40";"0";"2";"3";"1";"3";""
"202100035471";"138 307";"A01";"1";"31";"0";"1";"3";"1";"1";""
"202100035472";"138 305";"A01";"1";"7";"0";"2";"2";"16";"1";""
"202100035472";"138 306";"B01";"1";"1";"0";"2";"1";"1";"5";""
"202100035473";"138 303";"A01";"1";"7";"1";"2";"1";"13";"1";""
"202100035473";"138 304";"B01";"1";"7";"0";"2";"7";"23";"1";""
"202100035474";"138 301";"A01";"1";"7";"0";"2";"3";"1";"1";""
"202100035474";"138 302";"B01";"2";"1";"0";"2";"1";"5";"5";""
"202100035475";"138 299";"B01";"0";"2";"0";"2";"1";"1";"1";""
"202100035475";"138 300";"A01";"0";"7";"0";"2";"7";"9";"1";""
"202100035476";"138 298";"A01";"0";"7";"0";"1";"7";"9";"1";""
"202100035477";"138 297";"A01";"1";"7";"0";"1";"1";"1";"1";""
"202100035478";"138 295";"B01";"2";"7";"0";"2";"3";"1";"1";""
"202100035478";"138 296";"A01";"1";"1";"0";"2";"7";"15";"5";""
"202100035479";"138 293";"A01";"1";"50";"0";"2";"3";"1";"3";""
"202100035479";"138 294";"B01";"1";"7";"0";"2";"1";"1";"1";""
"202100035480";"138 292";"A01";"2";"50";"0";"0";"0";"0";"3";""
"202100035481";"138 290";"B01";"0";"33";"0";"2";"1";"1";"1";""
"202100035481";"138 291";"A01";"3";"7";"0";"2";"1";"15";"1";""
"202100035482";"138 288";"B01";"2";"7";"0";"2";"4";"2";"1";""
"202100035482";"138 289";"A01";"2";"30";"0";"2";"1";"1";"1";""
"202100035483";"138 286";"B01";"2";"7";"0";"2";"4";"1";"1";""
"202100035483";"138 287";"A01";"2";"7";"0";"2";"1";"1";"1";""
"202100035484";"138 284";"A01";"1";"14";"0";"2";"7";"14";"1";""
"202100035484";"138 285";"B01";"1";"7";"0";"2";"8";"1";"1";""
"202100035485";"138 282";"A01";"1";"7";"0";"2";"1";"15";"1";""
"202100035485";"138 283";"B01";"1";"1";"0";"2";"1";"1";"5";""
"202100035486";"138 280";"A01";"2";"33";"0";"2";"2";"21";"1";""
"202100035486";"138 281";"B01";"1";"7";"0";"2";"1";"15";"1";""
"202100035487";"138 279";"A01";"1";"7";"0";"1";"3";"1";"1";""
"202100035488";"138 278";"A01";"3";"7";"0";"1";"3";"1";"1";""
"202100035489";"138 276";"A01";"2";"33";"0";"2";"1";"13";"1";""
"202100035489";"138 277";"B01";"2";"7";"0";"2";"3";"10";"1";""
"202100035490";"138 274";"A01";"2";"7";"0";"2";"1";"17";"1";""
"202100035490";"138 275";"B01";"2";"7";"6";"2";"8";"15";"1";""
"202100035491";"138 271";"B01";"2";"7";"0";"2";"2";"1";"1";""
"202100035491";"138 272";"A01";"1";"1";"0";"2";"1";"1";"5";""
"202100035492";"138 269";"A01";"3";"1";"0";"2";"1";"9";"5";""
"202100035492";"138 270";"B01";"0";"7";"0";"2";"2";"1";"1";""
"202100035493";"138 267";"A01";"0";"80";"0";"2";"8";"19";"3";""
"202100035493";"138 268";"B01";"0";"7";"0";"2";"5";"1";"1";""
"202100035494";"138 265";"B01";"0";"7";"0";"2";"4";"1";"1";""
"202100035494";"138 266";"A01";"0";"2";"0";"2";"1";"1";"1";""
"202100035495";"138 264";"A01";"1";"3";"0";"0";"9";"26";"3";""
"202100035496";"138 262";"B01";"1";"1";"0";"2";"4";"26";"5";""
"202100035496";"138 263";"A01";"1";"7";"0";"2";"2";"26";"1";""
"202100035497";"138 261";"A01";"1";"2";"0";"0";"0";"26";"1";""
"202100035498";"138 259";"A01";"2";"7";"0";"1";"3";"5";"1";""
"202100035498";"138 260";"B01";"1";"7";"0";"2";"1";"23";"1";""
"202100035499";"138 258";"A01";"2";"3";"15";"0";"0";"14";"1";""
"202100035500";"138 256";"A01";"1";"33";"9";"2";"1";"7";"1";""
"202100035500";"138 257";"B01";"1";"7";"0";"0";"0";"0";"1";""
"202100035501";"138 254";"B01";"1";"33";"0";"2";"7";"1";"1";""
"202100035501";"138 255";"A01";"1";"1";"0";"2";"8";"9";"5";""
"202100035502";"138 252";"B01";"2";"7";"0";"2";"3";"9";"1";""
"202100035502";"138 253";"A01";"2";"7";"0";"2";"7";"9";"1";""
"202100035503";"138 250";"B01";"3";"7";"0";"2";"8";"1";"1";""
"202100035503";"138 251";"A01";"3";"7";"0";"2";"1";"1";"1";""
"202100035504";"138 249";"A01";"3";"7";"0";"1";"2";"1";"1";""
"202100035505";"138 247";"B01";"2";"10";"0";"2";"2";"1";"1";""
"202100035505";"138 248";"A01";"1";"7";"0";"2";"7";"19";"1";""
"202100035506";"138 245";"A01";"3";"1";"0";"2";"8";"19";"6";""
"202100035506";"138 246";"B01";"1";"10";"0";"2";"2";"1";"1";""
"202100035507";"138 243";"B01";"3";"2";"0";"2";"5";"12";"1";""
"202100035507";"138 244";"A01";"3";"7";"0";"2";"1";"9";"1";""
"202100035508";"138 241";"A01";"1";"32";"0";"2";"1";"26";"1";""
"202100035508";"138 242";"B01";"1";"7";"0";"2";"4";"26";"1";""
"202100035509";"138 239";"B01";"3";"7";"0";"2";"1";"1";"1";""
"202100035509";"138 240";"A01";"3";"7";"0";"2";"1";"5";"1";""
"202100035510";"138 238";"A01";"3";"7";"0";"1";"2";"21";"1";""
"202100035511";"138 236";"B01";"2";"1";"0";"2";"0";"1";"5";""
"202100035511";"138 237";"A01";"2";"7";"0";"2";"2";"16";"1";""
"202100035512";"138 234";"A01";"2";"7";"0";"2";"2";"15";"1";""
"202100035512";"138 235";"B01";"3";"80";"0";"2";"0";"1";"3";""
"202100035513";"138 232";"B01";"1";"10";"0";"2";"5";"1";"0";""
"202100035513";"138 233";"A01";"1";"33";"0";"2";"1";"1";"1";""
"202100035514";"138 231";"A01";"3";"15";"0";"9";"7";"26";"1";""
"202100035515";"138 229";"B01";"3";"7";"0";"2";"6";"2";"1";""
"202100035515";"138 230";"A01";"3";"7";"0";"2";"1";"2";"1";""
"202100035516";"138 227";"Z01";"1";"7";"0";"2";"4";"1";"0";""
"202100035516";"138 228";"B01";"1";"3";"0";"2";"1";"1";"1";""
"202100035517";"138 225";"A01";"2";"33";"0";"2";"1";"17";"1";""
"202100035517";"138 226";"B01";"2";"7";"0";"2";"8";"15";"1";""
"202100035518";"138 223";"B01";"1";"1";"0";"2";"7";"26";"0";""
"202100035518";"138 224";"A01";"1";"7";"0";"2";"0";"26";"1";""
"202100035519";"138 221";"A01";"2";"7";"0";"2";"2";"9";"1";""
"202100035519";"138 222";"B01";"2";"2";"0";"2";"3";"17";"1";""
"202100035520";"138 220";"A01";"2";"7";"0";"1";"2";"1";"1";""
"202100035521";"138 218";"B01";"0";"32";"0";"2";"0";"21";"1";""
"202100035521";"138 219";"A01";"0";"7";"0";"0";"0";"1";"1";""
"202100035522";"138 216";"B01";"1";"7";"9";"2";"1";"1";"1";""
"202100035522";"138 217";"A01";"1";"7";"0";"2";"2";"1";"1";""
"202100035523";"138 214";"B01";"2";"7";"0";"2";"3";"16";"1";""
"202100035523";"138 215";"A01";"1";"7";"0";"2";"5";"12";"1";""
"202100035524";"138 212";"A01";"1";"7";"0";"9";"3";"9";"1";""
"202100035524";"138 213";"B01";"1";"31";"0";"2";"3";"9";"1";""
"202100035525";"138 210";"A01";"3";"7";"0";"2";"3";"9";"1";""
"202100035525";"138 211";"B01";"3";"1";"0";"2";"2";"1";"5";""
"202100035526";"138 208";"A01";"2";"31";"0";"2";"3";"3";"1";""
"202100035526";"138 209";"B01";"2";"10";"0";"2";"5";"1";"1";""
"202100035527";"138 206";"A01";"1";"7";"0";"2";"5";"12";"1";""
"202100035527";"138 207";"B01";"1";"31";"0";"2";"3";"3";"1";""
"202100035528";"138 204";"B01";"1";"7";"0";"2";"7";"12";"1";""
"202100035528";"138 205";"A01";"1";"33";"0";"2";"3";"3";"1";""
"202100035529";"138 202";"A01";"1";"7";"0";"2";"1";"2";"1";""
"202100035529";"138 203";"B01";"1";"33";"0";"2";"4";"2";"1";""
"202100035530";"138 200";"A01";"2";"33";"0";"2";"1";"1";"1";""
"202100035530";"138 201";"Z01";"1";"10";"0";"0";"4";"11";"0";""
"202100035531";"138 197";"A01";"2";"33";"0";"2";"1";"3";"1";""
"202100035531";"138 198";"B01";"2";"7";"0";"2";"7";"12";"1";""
"202100035531";"138 199";"C01";"2";"7";"0";"2";"6";"1";"1";""
"202100035532";"138 196";"A01";"1";"14";"0";"1";"7";"1";"1";""
"202100035533";"138 194";"B01";"1";"7";"0";"2";"8";"1";"1";""
"202100035533";"138 195";"A01";"1";"32";"0";"2";"2";"1";"1";""
"202100035534";"138 192";"B01";"1";"10";"0";"2";"1";"1";"3";""
"202100035534";"138 193";"A01";"2";"33";"0";"2";"1";"8";"1";""
"202100035535";"138 190";"A01";"2";"30";"0";"2";"2";"14";"1";""
"202100035535";"138 191";"B01";"2";"7";"0";"2";"2";"7";"1";""
"202100035536";"138 188";"A01";"1";"10";"0";"2";"8";"22";"1";""
"202100035536";"138 189";"B01";"1";"80";"0";"2";"1";"2";"3";""
"202100035537";"138 187";"A01";"1";"32";"14";"0";"2";"14";"1";""
"202100035538";"138 185";"A01";"1";"7";"0";"2";"1";"1";"2";""
"202100035538";"138 186";"B01";"1";"1";"0";"2";"4";"23";"5";""
"202100035539";"138 183";"B01";"2";"7";"0";"2";"1";"1";"1";""
"202100035539";"138 184";"A01";"1";"30";"0";"2";"2";"1";"1";""
"202100035540";"138 182";"A01";"1";"7";"0";"1";"2";"1";"1";""
"202100035541";"138 180";"A01";"2";"7";"0";"2";"1";"2";"1";""
"202100035541";"138 181";"B01";"2";"7";"0";"2";"5";"23";"1";""
"202100035542";"138 178";"A01";"2";"13";"0";"2";"4";"4";"1";""
"202100035542";"138 179";"B01";"2";"30";"0";"2";"1";"2";"1";""
"202100035543";"138 176";"A01";"1";"32";"0";"2";"1";"1";"1";""
"202100035543";"138 177";"B01";"0";"1";"0";"2";"1";"1";"5";""
"202100035544";"138 174";"A01";"2";"7";"0";"2";"2";"2";"1";""
"202100035544";"138 175";"B01";"2";"31";"0";"2";"8";"23";"1";""
"202100035545";"138 172";"Z01";"1";"7";"0";"2";"1";"2";"1";""
"202100035545";"138 173";"A01";"1";"30";"0";"2";"4";"23";"1";""
"202100035546";"138 170";"A01";"2";"30";"0";"2";"1";"2";"3";""
"202100035546";"138 171";"B01";"2";"7";"0";"2";"6";"23";"2";""
"202100035547";"138 169";"A01";"2";"7";"0";"1";"1";"1";"2";""
"202100035548";"138 167";"A01";"3";"32";"0";"2";"4";"23";"1";""
"202100035548";"138 168";"Z01";"3";"7";"0";"2";"1";"1";"1";""
"202100035549";"138 165";"A01";"2";"1";"0";"2";"0";"14";"5";""
"202100035549";"138 166";"B01";"1";"1";"0";"2";"0";"1";"5";""
"202100035550";"138 164";"A01";"0";"1";"0";"0";"0";"1";"5";""
"202100035551";"138 163";"A01";"1";"50";"14";"0";"1";"14";"3";""
"202100035552";"138 162";"A01";"1";"1";"14";"0";"1";"14";"5";""
"202100035553";"138 161";"A01";"1";"1";"14";"0";"1";"14";"5";""
"202100035554";"138 159";"B01";"1";"1";"0";"2";"7";"1";"5";""
"202100035554";"138 160";"A01";"1";"10";"0";"2";"3";"15";"1";""
"202100035555";"138 157";"B01";"3";"1";"0";"9";"1";"1";"0";""
"202100035555";"138 158";"A01";"3";"1";"0";"9";"1";"16";"5";""
"202100035556";"138 156";"A01";"1";"15";"0";"1";"2";"1";"1";""
"202100035557";"138 154";"B01";"2";"7";"0";"2";"3";"1";"1";""
"202100035557";"138 155";"A01";"1";"30";"0";"2";"3";"5";"1";""
"202100035558";"138 153";"A01";"3";"33";"15";"0";"1";"1";"1";""
"202100035559";"138 152";"A01";"2";"7";"0";"1";"3";"10";"1";""
"202100035560";"138 150";"B01";"2";"10";"0";"2";"4";"9";"1";""
"202100035560";"138 151";"A01";"1";"33";"0";"2";"1";"2";"1";""
"202100035561";"138 149";"A01";"1";"7";"0";"1";"0";"26";"1";""
"202100035562";"138 147";"A01";"2";"7";"0";"2";"2";"15";"1";""
"202100035562";"138 148";"B01";"1";"31";"0";"2";"1";"1";"1";""
"202100035563";"138 146";"A01";"3";"7";"0";"1";"3";"1";"1";""
"202100035564";"138 145";"A01";"2";"7";"0";"1";"2";"26";"1";""
"202100035565";"138 143";"A01";"1";"30";"0";"2";"4";"2";"1";""
"202100035565";"138 144";"B01";"1";"7";"0";"2";"1";"2";"1";""
"202100035566";"138 142";"A01";"2";"7";"0";"1";"2";"15";"1";""
"202100035567";"138 140";"B01";"3";"7";"0";"2";"1";"15";"1";""
"202100035567";"138 141";"A01";"3";"7";"0";"2";"2";"19";"1";""
"202100035568";"138 138";"B01";"1";"60";"0";"2";"7";"9";"5";""
"202100035568";"138 139";"A01";"1";"7";"0";"2";"6";"4";"1";""
"202100035569";"138 136";"A01";"1";"7";"0";"9";"1";"16";"1";""
"202100035569";"138 137";"B01";"1";"50";"0";"2";"0";"0";"3";""
"202100035570";"138 134";"B01";"1";"2";"0";"2";"0";"2";"1";""
"202100035570";"138 135";"A01";"1";"7";"0";"2";"3";"15";"1";""
"202100035571";"138 133";"A01";"2";"43";"11";"0";"1";"15";"1";""
"202100035572";"138 132";"A01";"2";"7";"0";"1";"7";"1";"1";""
"202100035573";"138 130";"B01";"1";"32";"0";"2";"1";"2";"1";""
"202100035573";"138 131";"A01";"1";"33";"0";"2";"4";"1";"1";""
"202100035574";"138 128";"A01";"2";"1";"0";"2";"1";"1";"5";""
"202100035574";"138 129";"B01";"2";"7";"0";"2";"0";"15";"1";""
"202100035575";"138 126";"A01";"1";"10";"0";"2";"2";"1";"1";""
"202100035575";"138 127";"B01";"1";"34";"0";"2";"3";"15";"1";""
"202100035576";"138 125";"A01";"1";"33";"0";"0";"8";"16";"1";""
"202100035577";"138 123";"A01";"1";"7";"0";"2";"1";"15";"1";""
"202100035577";"138 124";"B01";"2";"1";"0";"2";"1";"15";"0";""
"202100035578";"138 121";"B01";"2";"10";"0";"2";"2";"16";"1";""
"202100035578";"138 122";"A01";"2";"34";"0";"2";"1";"16";"1";""
"202100035579";"138 120";"A01";"1";"1";"0";"1";"1";"15";"5";""
"202100035580";"138 119";"A01";"1";"7";"0";"1";"1";"15";"1";""
"202100035581";"138 117";"A01";"1";"7";"0";"2";"1";"2";"1";""
"202100035581";"138 118";"B01";"1";"7";"1";"2";"4";"1";"1";""
"202100035582";"138 114";"C01";"1";"7";"0";"2";"6";"26";"1";""
"202100035582";"138 115";"B01";"1";"7";"0";"2";"6";"23";"1";""
"202100035582";"138 116";"A01";"1";"7";"0";"2";"2";"17";"1";""
"202100035583";"138 112";"A01";"1";"7";"0";"2";"6";"15";"1";""
"202100035583";"138 113";"B01";"1";"99";"0";"2";"1";"1";"3";""
"202100035584";"138 111";"A01";"3";"7";"0";"1";"0";"1";"1";""
"202100035585";"138 109";"A01";"2";"7";"0";"2";"8";"1";"1";""
"202100035585";"138 110";"B01";"2";"10";"0";"2";"3";"1";"1";""
"202100035586";"138 107";"B01";"2";"33";"0";"2";"7";"12";"1";""
"202100035586";"138 108";"A01";"2";"7";"0";"2";"3";"1";"1";""
"202100035587";"138 105";"A01";"1";"7";"0";"2";"1";"5";"2";""
"202100035587";"138 106";"B01";"2";"7";"0";"2";"1";"1";"1";""
"202100035588";"138 103";"A01";"3";"2";"0";"2";"1";"1";"1";""
"202100035588";"138 104";"B01";"3";"7";"0";"2";"3";"19";"1";""
"202100035589";"138 101";"A01";"1";"43";"0";"9";"1";"1";"1";""
"202100035590";"138 100";"A01";"3";"31";"0";"0";"0";"15";"1";""
"202100035591";"138 099";"A01";"1";"14";"13";"0";"7";"14";"1";""
"202100035592";"138 098";"A01";"1";"7";"0";"1";"4";"9";"2";""
"202100035593";"138 097";"A01";"2";"10";"2";"0";"5";"13";"0";""
"202100035594";"138 095";"A01";"2";"7";"0";"2";"3";"1";"1";""
"202100035594";"138 096";"B01";"1";"7";"0";"2";"3";"1";"1";""
"202100035595";"138 093";"A01";"1";"33";"0";"2";"1";"1";"1";""
"202100035595";"138 094";"B01";"2";"7";"0";"2";"2";"15";"1";""
"202100035596";"138 091";"A01";"3";"7";"0";"2";"3";"17";"0";""
"202100035596";"138 092";"B01";"3";"14";"0";"2";"3";"0";"1";""
"202100035597";"138 090";"A01";"1";"1";"0";"5";"0";"1";"5";""
"202100035598";"138 087";"C01";"2";"7";"0";"2";"6";"1";"3";""
"202100035598";"138 088";"B01";"2";"7";"0";"2";"1";"1";"1";""
"202100035598";"138 089";"A01";"1";"7";"0";"2";"3";"5";"1";""
"202100035599";"138 085";"A01";"1";"2";"0";"2";"6";"1";"1";""
"202100035599";"138 086";"B01";"1";"7";"0";"2";"2";"1";"1";""
"202100035600";"138 083";"B01";"2";"1";"0";"2";"1";"1";"0";""
"202100035600";"138 084";"A01";"1";"7";"0";"9";"3";"26";"1";""
"202100035601";"138 082";"A01";"1";"7";"0";"0";"0";"1";"1";""
"202100035602";"138 081";"A01";"1";"80";"0";"0";"1";"1";"3";""
"202100035603";"138 080";"A01";"2";"7";"13";"0";"3";"13";"1";""
"202100035604";"138 078";"A01";"2";"7";"0";"2";"8";"15";"1";""
"202100035604";"138 079";"B01";"1";"10";"0";"2";"1";"1";"1";""
"202100035605";"138 076";"A01";"2";"7";"0";"2";"3";"13";"1";""
"202100035605";"138 077";"B01";"1";"7";"0";"2";"3";"1";"1";""
"202100035606";"138 075";"A01";"3";"7";"0";"1";"1";"15";"1";""
"202100035607";"138 073";"B01";"1";"10";"0";"2";"1";"2";"1";""
"202100035607";"138 074";"A01";"1";"7";"0";"2";"4";"1";"1";""
"202100035608";"138 071";"B01";"1";"7";"9";"2";"1";"1";"1";""
"202100035608";"138 072";"A01";"2";"7";"0";"2";"1";"15";"1";""
"202100035609";"138 069";"A01";"1";"1";"0";"2";"1";"1";"5";""
"202100035609";"138 070";"B01";"2";"37";"0";"9";"8";"1";"1";"1"
"202100035610";"138 067";"A01";"1";"7";"0";"2";"2";"2";"1";""
"202100035610";"138 068";"B01";"1";"33";"0";"2";"4";"1";"1";""
"202100035611";"138 066";"A01";"3";"7";"2";"0";"5";"1";"1";""
"202100035612";"138 064";"B01";"2";"7";"0";"2";"3";"1";"1";""
"202100035612";"138 065";"A01";"1";"7";"0";"2";"3";"17";"1";""
"202100035613";"138 062";"A01";"3";"7";"0";"2";"3";"1";"1";""
"202100035613";"138 063";"B01";"3";"2";"0";"2";"1";"13";"1";""
"202100035614";"138 060";"A01";"1";"7";"0";"2";"1";"1";"1";""
"202100035614";"138 061";"B01";"2";"7";"0";"2";"1";"1";"1";""
"202100035615";"138 058";"A01";"1";"10";"0";"2";"7";"17";"1";""
"202100035615";"138 059";"B01";"1";"1";"0";"2";"8";"1";"5";""
"202100035616";"138 056";"A01";"1";"7";"0";"2";"1";"13";"1";""
"202100035616";"138 057";"B01";"2";"7";"0";"2";"1";"1";"1";""
"202100035617";"138 055";"A01";"1";"33";"2";"0";"0";"1";"1";""
"202100035618";"138 053";"B01";"1";"7";"0";"2";"3";"1";"1";""
"202100035618";"138 054";"A01";"2";"7";"0";"2";"3";"13";"1";""
"202100035619";"138 051";"B01";"1";"7";"0";"2";"2";"1";"1";""
"202100035619";"138 052";"A01";"0";"1";"0";"2";"1";"15";"5";""
"202100035620";"138 050";"A01";"3";"1";"0";"0";"0";"1";"5";""
"202100035621";"138 048";"A01";"3";"1";"0";"2";"1";"2";"5";""
"202100035621";"138 049";"B01";"3";"7";"0";"2";"8";"16";"1";""
"202100035622";"138 046";"B01";"2";"7";"0";"2";"3";"1";"1";""
"202100035622";"138 047";"A01";"1";"2";"0";"2";"3";"13";"1";""
"202100035623";"138 045";"A01";"1";"7";"0";"0";"9";"17";"1";""
"202100035624";"138 044";"A01";"1";"33";"13";"0";"1";"0";"1";""
"202100035625";"138 042";"B01";"1";"2";"0";"2";"1";"1";"1";""
"202100035625";"138 043";"A01";"1";"7";"0";"2";"2";"1";"1";""
"202100035626";"138 041";"A01";"3";"10";"0";"0";"8";"1";"1";""
"202100035627";"138 038";"A01";"2";"7";"0";"2";"8";"13";"1";""
"202100035627";"138 039";"B01";"1";"7";"2";"2";"8";"1";"1";""
"202100035627";"138 040";"C01";"2";"7";"0";"2";"1";"1";"1";""
"202100035628";"138 034";"D01";"1";"7";"0";"2";"3";"1";"1";""
"202100035628";"138 035";"C01";"1";"7";"0";"2";"8";"1";"1";""
"202100035628";"138 036";"A01";"2";"7";"0";"2";"1";"2";"1";""
"202100035628";"138 037";"B01";"2";"7";"0";"2";"4";"2";"1";""
"202100035629";"138 032";"B01";"1";"7";"0";"2";"2";"1";"1";""
"202100035629";"138 033";"A01";"1";"7";"0";"2";"1";"26";"1";""
"202100035630";"138 029";"A01";"1";"7";"0";"2";"3";"16";"1";""
"202100035630";"138 030";"B01";"1";"33";"0";"2";"2";"16";"1";""
"202100035631";"138 027";"B01";"3";"7";"2";"0";"6";"9";"1";""
"202100035631";"138 028";"A01";"1";"7";"0";"2";"1";"1";"1";""
"202100035632";"138 026";"A01";"1";"33";"0";"0";"0";"1";"1";""
"202100035633";"138 024";"A01";"1";"7";"0";"0";"1";"1";"1";""
"202100035633";"138 025";"B01";"1";"7";"1";"0";"4";"1";"1";""
"202100035634";"138 021";"C01";"2";"10";"0";"2";"3";"1";"1";""
"202100035634";"138 022";"A01";"1";"7";"14";"2";"3";"5";"1";""
"202100035634";"138 023";"B01";"1";"7";"0";"2";"6";"23";"1";""
"202100035635";"138 020";"A01";"1";"33";"0";"9";"0";"0";"1";""
"202100035636";"138 018";"A01";"0";"31";"16";"0";"0";"0";"1";""
"202100035637";"138 016";"A01";"2";"2";"0";"2";"3";"2";"1";""
"202100035637";"138 017";"B01";"2";"7";"0";"0";"5";"2";"1";""
"202100035638";"138 015";"A01";"3";"1";"0";"1";"2";"0";"6";""
"202100035639";"138 014";"A01";"1";"7";"6";"0";"1";"17";"1";""
"202100035640";"138 013";"A01";"1";"2";"2";"0";"0";"0";"1";""
"202100035641";"138 011";"B01";"0";"7";"0";"0";"4";"1";"1";""
"202100035641";"138 012";"A01";"0";"10";"0";"2";"1";"2";"1";""
"202100035642";"138 008";"A01";"1";"7";"0";"2";"4";"2";"1";""
"202100035642";"138 009";"C01";"1";"7";"0";"2";"1";"2";"1";""
"202100035642";"138 010";"B01";"1";"7";"0";"2";"4";"2";"1";""
"202100035643";"138 006";"A01";"2";"34";"0";"2";"3";"3";"1";""
"202100035643";"138 007";"B01";"2";"7";"0";"2";"5";"1";"1";""
"202100035644";"138 004";"B01";"2";"7";"0";"2";"4";"2";"1";""
"202100035644";"138 005";"A01";"2";"7";"0";"2";"1";"2";"1";""
"202100035645";"137 999";"A01";"1";"7";"4";"2";"1";"5";"1";""
"202100035645";"138 000";"B01";"2";"7";"0";"2";"1";"1";"1";""
"202100035645";"138 001";"C01";"1";"17";"0";"2";"2";"21";"1";""
"202100035645";"138 002";"D01";"2";"7";"0";"2";"2";"21";"1";""
"202100035645";"138 003";"E01";"2";"7";"0";"9";"1";"1";"1";""
"202100035646";"137 996";"A01";"2";"7";"0";"2";"1";"2";"1";""
"202100035646";"137 997";"B01";"2";"7";"0";"2";"4";"2";"1";""
"202100035646";"137 998";"C01";"2";"10";"0";"0";"4";"1";"1";""
"202100035647";"137 994";"B01";"1";"7";"4";"2";"4";"1";"1";""
"202100035647";"137 995";"A01";"1";"7";"0";"2";"1";"1";"1";""
"202100035648";"137 992";"A01";"1";"17";"0";"2";"2";"12";"1";""
"202100035648";"137 993";"B01";"1";"7";"0";"2";"4";"1";"1";""
"202100035649";"137 990";"A01";"2";"7";"0";"2";"1";"2";"1";""
"202100035649";"137 991";"B01";"2";"7";"0";"2";"4";"2";"1";""
"202100035650";"137 989";"A01";"1";"33";"0";"0";"0";"1";"1";""
"202100035651";"137 988";"A01";"1";"33";"0";"0";"0";"1";"1";""
"202100035652";"137 986";"B01";"1";"7";"0";"2";"4";"2";"1";""
"202100035652";"137 987";"A01";"1";"7";"0";"2";"2";"2";"1";""
"202100035653";"137 984";"A01";"1";"33";"0";"2";"1";"2";"1";""
"202100035653";"137 985";"B01";"1";"7";"0";"2";"4";"12";"1";""
"202100035654";"137 982";"A01";"2";"34";"0";"2";"1";"2";"1";""
"202100035654";"137 983";"B01";"2";"7";"0";"2";"4";"2";"2";""
"202100035655";"137 980";"B01";"2";"7";"0";"2";"6";"12";"1";""
"202100035655";"137 981";"A01";"2";"33";"0";"2";"1";"3";"0";""
"202100035656";"137 978";"A01";"0";"7";"0";"0";"0";"9";"1";""
"202100035656";"137 979";"B01";"0";"32";"0";"0";"0";"0";"1";""
"202100035657";"137 976";"B01";"2";"7";"0";"2";"2";"1";"1";""
"202100035657";"137 977";"A01";"2";"7";"0";"2";"3";"11";"1";""
"202100035658";"137 973";"A01";"1";"31";"0";"2";"8";"3";"1";""
"202100035658";"137 974";"B01";"1";"7";"0";"2";"7";"17";"1";""
"202100035658";"137 975";"C01";"1";"7";"0";"2";"6";"1";"1";""
"202100035659";"137 970";"A01";"1";"17";"0";"2";"6";"1";"1";""
"202100035659";"137 971";"C01";"1";"33";"0";"2";"3";"3";"1";""
"202100035659";"137 972";"B01";"1";"7";"0";"2";"7";"0";"1";""
"202100035660";"137 967";"B01";"2";"7";"0";"2";"4";"12";"1";""
"202100035660";"137 968";"C01";"2";"7";"0";"2";"7";"1";"1";""
"202100035660";"137 969";"A01";"2";"33";"0";"2";"9";"3";"1";""
"202100035661";"137 966";"Z01";"2";"7";"0";"1";"0";"0";"0";""
"202100035662";"137 965";"A01";"1";"43";"4";"0";"8";"13";"1";""
"202100035663";"137 963";"A01";"1";"10";"0";"2";"4";"1";"0";""
"202100035663";"137 964";"B01";"1";"7";"0";"2";"1";"26";"0";""
"202100035664";"137 961";"B01";"2";"32";"0";"2";"2";"17";"1";""
"202100035664";"137 962";"A01";"2";"7";"0";"2";"3";"10";"1";""
"202100035665";"137 960";"A01";"1";"7";"0";"1";"2";"9";"1";""
"202100035666";"137 959";"A01";"3";"7";"0";"1";"0";"9";"0";""