"Num_Acc";"id_vehicule";"num_veh";"senc";"catv";"obs";"obsm";"choc";"manv";"motor";"occutc"
"202100035667";"137 958";"A01";"1";"0";"0";"0";"0";"1";"0";""
"202100035668";"137 956";"A01";"1";"2";"0";"2";"1";"7";"1";""
"202100035668";"137 957";"B01";"1";"7";"0";"2";"3";"1";"1";""
"202100035669";"137 955";"A01";"2";"7";"0";"1";"1";"1";"0";""
"202100035670";"137 953";"B01";"2";"37";"0";"2";"8";"22";"1";"1"
"202100035670";"137 954";"A01";"2";"7";"0";"2";"1";"17";"1";""
"202100035671";"137 952";"A01";"1";"7";"0";"9";"2";"21";"1";""
"202100035672";"137 950";"B01";"1";"31";"0";"2";"1";"1";"1";""
"202100035672";"137 951";"A01";"1";"10";"0";"2";"7";"15";"1";""
"202100035673";"137 949";"A01";"2";"7";"8";"0";"1";"1";"1";""
"202100035674";"137 947";"A01";"1";"10";"0";"0";"1";"1";"1";""
"202100035674";"137 948";"B01";"1";"1";"0";"2";"4";"2";"5";""
"202100035675";"137 942";"E01";"3";"7";"1";"0";"6";"0";"1";""
"202100035675";"137 943";"D01";"3";"7";"1";"0";"2";"0";"1";""
"202100035675";"137 944";"C01";"3";"7";"1";"0";"8";"0";"1";""
"202100035675";"137 945";"B01";"3";"7";"0";"2";"8";"20";"1";""
"202100035675";"137 946";"A01";"3";"7";"0";"2";"1";"1";"1";""
"202100035676";"137 941";"A01";"0";"33";"0";"1";"0";"1";" -1";""
"202100035677";"137 940";"A01";"1";"32";"12";"1";"1";"1";"1";""
"202100035678";"137 939";"Z01";"1";"7";"0";"1";"2";"9";"0";""
"202100035679";"137 937";"B01";"1";"33";"0";"2";"1";"1";"1";""
"202100035679";"137 938";"A01";"1";"7";"0";"2";"5";"12";"1";""
"202100035680";"137 935";"B01";"0";"7";"0";"2";"4";"2";"1";""
"202100035680";"137 936";"A01";"0";"7";"0";"2";"1";"2";"1";""
"202100035681";"137 933";"B01";"2";"1";"0";"2";"1";"1";"5";""
"202100035681";"137 934";"A01";"2";"7";"0";"2";"3";"22";"1";""
"202100035682";"137 931";"A01";"1";"7";"0";"2";"1";"2";"1";""
"202100035682";"137 932";"B01";"1";"33";"0";"2";"4";"2";"1";""
"202100035683";"137 929";"B01";"3";"7";"0";"2";"2";"9";"1";""
"202100035683";"137 930";"A01";"0";"7";"0";"2";"3";"9";"1";""
"202100035684";"137 927";"B01";"1";"7";"13";"2";"3";"1";"1";""
"202100035684";"137 928";"A01";"2";"7";"6";"2";"3";"13";"1";""
"202100035685";"137 926";"A01";"1";"7";"0";"1";"1";"1";"1";""
"202100035686";"137 924";"A01";"2";"7";"0";"2";"7";"16";"1";""
"202100035686";"137 925";"B01";"2";"1";"0";"2";"1";"1";"5";""
"202100035687";"137 923";"A01";"2";"33";"15";"0";"8";"25";"1";""
"202100035688";"137 921";"B01";"0";"10";"0";"2";"4";"2";"1";""
"202100035688";"137 922";"A01";"0";"7";"0";"2";"1";"2";"1";""
"202100035689";"137 919";"B01";"2";"7";"0";"2";"1";"0";"1";""
"202100035689";"137 920";"A01";"2";"10";"0";"2";"1";"13";"1";""
"202100035690";"137 917";"A01";"2";"7";"0";"2";"3";"15";"1";""
"202100035690";"137 918";"B01";"1";"60";"0";"2";"1";"1";"5";""
"202100035691";"137 916";"A01";"1";"30";"0";"1";"8";"1";"1";""
"202100035692";"137 914";"B01";"1";"1";"0";"2";"1";"0";"5";""
"202100035692";"137 915";"A01";"2";"7";"0";"2";"3";"23";"1";""
"202100035693";"137 912";"B01";"1";"7";"0";"2";"8";"26";"1";""
"202100035693";"137 913";"A01";"1";"30";"0";"2";"1";"1";"1";""
"202100035694";"137 909";"A01";"1";"13";"0";"2";"0";"17";"1";""
"202100035694";"137 910";"B01";"1";"31";"0";"2";"0";"2";"1";""
"202100035695";"137 907";"A01";"2";"34";"0";"2";"1";"7";"1";""
"202100035695";"137 908";"B01";"0";"3";"0";"0";"8";"9";"1";""
"202100035696";"137 905";"B01";"1";"7";"0";"2";"4";"26";"1";""
"202100035696";"137 906";"A01";"1";"10";"0";"2";"2";"1";"1";""
"202100035697";"137 904";"A01";"1";"1";"0";"1";"1";"1";"5";""
"202100035698";"137 903";"A01";"3";"7";"0";"1";"1";"15";"1";""
"202100035699";"137 901";"B01";"1";"7";"0";"2";"2";"16";"1";""
"202100035699";"137 902";"A01";"1";"50";"0";"2";"8";"18";"3";""
"202100035700";"137 899";"B01";"1";"50";"0";"2";"1";"26";"3";""
"202100035700";"137 900";"A01";"1";"7";"0";"2";"5";"16";"1";""
"202100035701";"137 896";"B01";"1";"7";"0";"2";"4";"2";"1";""
"202100035701";"137 897";"C01";"1";"7";"0";"2";"4";"2";"1";""
"202100035701";"137 898";"A01";"1";"10";"0";"2";"1";"2";"1";""
"202100035702";"137 895";"A01";"1";"7";"1";"0";"2";"9";"1";""
"202100035703";"137 893";"B01";"3";"30";"0";"2";"1";"1";"1";""
"202100035703";"137 894";"A01";"1";"7";"0";"2";"2";"15";"1";""
"202100035704";"137 892";"A01";"1";"30";"1";"0";"1";"26";"1";""
"202100035705";"137 890";"B01";"3";"10";"0";"2";"2";"16";"1";""
"202100035705";"137 891";"A01";"3";"30";"0";"2";"1";"21";"1";""
"202100035706";"137 888";"A01";"1";"7";"0";"2";"1";"26";"6";""
"202100035706";"137 889";"B01";"1";"33";"0";"2";"4";"9";"6";""
"202100035707";"137 886";"A01";"1";"7";"0";"2";"2";"21";"1";""
"202100035707";"137 887";"B01";"1";"7";"0";"2";"6";"1";"1";""
"202100035708";"137 883";"B01";"1";"10";"0";"2";"4";"1";"1";""
"202100035708";"137 884";"C01";"1";"7";"0";"2";"1";"2";"1";""
"202100035708";"137 885";"A01";"1";"7";"0";"2";"1";"2";"1";""
"202100035709";"137 881";"B01";"3";"32";"0";"2";"1";"1";"1";""
"202100035709";"137 882";"A01";"2";"7";"0";"2";"3";"1";"1";""
"202100035710";"137 879";"A01";"3";"50";"0";"2";"1";"1";"3";""
"202100035710";"137 880";"B01";"3";"33";"0";"9";"8";"1";"1";""
"202100035711";"137 878";"A01";"1";"7";"0";"1";"1";"1";"1";""
"202100035712";"137 876";"B01";"1";"7";"0";"2";"4";"0";"1";""
"202100035712";"137 877";"A01";"1";"2";"0";"2";"1";"2";"1";""
"202100035713";"137 875";"A01";"1";"7";"6";"0";"1";"26";"1";""
"202100035714";"137 873";"B01";"2";"7";"0";"2";"4";"2";"1";""
"202100035714";"137 874";"A01";"2";"7";"0";"2";"1";"2";"1";""
"202100035715";"137 872";"A01";"1";"7";"0";"1";"1";"26";"1";""
"202100035716";"137 870";"B01";"1";"1";"0";"2";"0";"1";"5";""
"202100035716";"137 871";"A01";"0";"7";"0";"2";"5";"16";"1";""
"202100035717";"137 868";"A01";"1";"10";"0";"2";"8";"22";"1";""
"202100035717";"137 869";"B01";"1";"1";"1";"0";"7";"1";"5";""
"202100035718";"137 867";"Z01";"1";"10";"0";"1";"3";"11";"1";""
"202100035719";"137 865";"A01";"2";"7";"1";"0";"8";"22";"2";""
"202100035719";"137 866";"B01";"1";"1";"1";"0";"1";"2";"6";""
"202100035720";"137 863";"A01";"3";"7";"0";"2";"3";"0";"1";""
"202100035720";"137 864";"B01";"3";"7";"0";"2";"3";"0";"1";""
"202100035721";"137 861";"A01";"2";"7";"0";"2";"2";"15";"1";""
"202100035721";"137 862";"B01";"1";"7";"0";"2";"8";"1";"1";""
"202100035722";"137 860";"A01";"2";"7";"0";"0";"2";"1";"1";""
"202100035723";"137 858";"B01";"1";"7";"0";"2";"4";"15";"1";""
"202100035723";"137 859";"A01";"1";"14";"0";"2";"1";"1";"1";""
"202100035724";"137 856";"B01";"0";"7";"0";"2";"0";"0";"1";""
"202100035724";"137 857";"A01";"2";"7";"0";"2";"2";"1";"1";""
"202100035725";"137 855";"A01";"3";"30";"12";"0";"1";"26";"1";""
"202100035726";"137 854";"A01";"2";"7";"0";"1";"7";"1";"1";""
"202100035727";"137 852";"B01";"1";"33";"0";"2";"2";"1";"1";""
"202100035727";"137 853";"Z01";"1";"30";"0";"2";"3";"15";"1";""
"202100035728";"137 850";"A01";"1";"34";"0";"2";"1";"26";"1";""
"202100035728";"137 851";"B01";"1";"7";"0";"2";"1";"9";"1";""
"202100035729";"137 848";"A01";"1";"7";"0";"2";"0";"16";"0";""
"202100035729";"137 849";"B01";"1";"50";"0";"2";"0";"0";"0";""
"202100035730";"137 846";"A01";"1";"7";"0";"2";"1";"1";"1";""
"202100035730";"137 847";"B01";"1";"15";"0";"2";"4";"1";"1";""
"202100035731";"137 844";"B01";"3";"7";"0";"0";"0";"0";"1";""
"202100035731";"137 845";"A01";"3";"7";"0";"2";"7";"26";"1";""
"202100035732";"137 842";"Z01";"3";"32";"0";"2";"1";"17";"0";""
"202100035732";"137 843";"B01";"1";"1";"0";"2";"4";"1";"5";""
"202100035733";"137 840";"B01";"1";"7";"0";"2";"1";"5";"1";""
"202100035733";"137 841";"A01";"2";"7";"0";"2";"1";"1";"1";""
"202100035734";"137 838";"B01";"2";"32";"0";"2";"2";"3";"1";""
"202100035734";"137 839";"A01";"1";"7";"0";"2";"2";"15";"1";""
"202100035735";"137 837";"A01";"1";"7";"0";"1";"1";"1";"1";""
"202100035736";"137 835";"B01";"3";"7";"0";"2";"1";"21";"1";""
"202100035736";"137 836";"A01";"3";"99";"0";"2";"1";"17";"1";""
"202100035737";"137 833";"A01";"3";"7";"0";"2";"7";"0";"1";""
"202100035737";"137 834";"B01";"3";"1";"0";"2";"1";"19";"5";""
"202100035738";"137 831";"A01";"1";"7";"0";"2";"3";"20";"1";""
"202100035738";"137 832";"B01";"1";"31";"0";"2";"1";"1";"1";""
"202100035739";"137 828";"B01";"2";"7";"0";"2";"3";"1";"1";""
"202100035739";"137 829";"C01";"2";"10";"0";"2";"4";"1";"1";""
"202100035739";"137 830";"A01";"2";"7";"0";"2";"1";"1";"1";""
"202100035740";"137 824";"D01";"2";"7";"0";"2";"0";"1";" -1";""
"202100035740";"137 825";"A01";"2";"2";"0";"2";"0";"0";"0";""
"202100035740";"137 826";"B01";"2";"2";"0";"2";"0";"0";"1";""
"202100035740";"137 827";"C01";"2";"7";"0";"2";"2";"2";"1";""
"202100035741";"137 822";"A01";"1";"2";"0";"2";"2";"15";"1";""
"202100035741";"137 823";"B01";"2";"7";"0";"2";"3";"1";"1";""
"202100035742";"137 820";"B01";"1";"7";"0";"2";"1";"1";"1";""
"202100035742";"137 821";"A01";"2";"7";"0";"2";"2";"1";"1";""
"202100035743";"137 817";"C01";"2";"7";"0";"2";"1";"2";"2";""
"202100035743";"137 818";"B01";"2";"7";"0";"2";"4";"2";"1";""
"202100035743";"137 819";"A01";"2";"7";"0";"2";"4";"23";"1";""
"202100035744";"137 814";"C01";"2";"7";"0";"2";"6";"1";"1";""
"202100035744";"137 815";"A01";"2";"32";"0";"2";"3";"17";"1";""
"202100035744";"137 816";"B01";"1";"7";"0";"2";"8";"1";"1";""
"202100035745";"137 812";"B01";"1";"2";"0";"2";"3";"15";"1";""
"202100035745";"137 813";"A01";"1";"7";"0";"2";"2";"17";"1";""
"202100035746";"137 810";"A01";"1";"1";"0";"2";"8";"1";"5";""
"202100035746";"137 811";"Z01";"1";"7";"0";"2";"2";"17";"0";""
"202100035747";"137 809";"A01";"2";"7";"0";"1";"1";"15";"1";""
"202100035748";"137 808";"A01";"1";"40";"0";"1";"3";"1";"3";""
"202100035749";"137 806";"B01";"2";"1";"0";"2";"1";"1";"5";""
"202100035749";"137 807";"A01";"2";"7";"0";"9";"1";"15";"2";""
"202100035750";"137 804";"B01";"1";"33";"0";"2";"2";"15";"1";""
"202100035750";"137 805";"A01";"2";"7";"0";"2";"2";"1";"1";""
"202100035751";"137 803";"A01";"1";"1";"0";"1";"1";"1";"5";""
"202100035752";"137 802";"Z01";"1";"7";"0";"1";"1";"16";"1";""
"202100035753";"137 800";"B01";"2";"31";"0";"2";"2";"1";"1";""
"202100035753";"137 801";"A01";"1";"30";"0";"2";"3";"9";"1";""
"202100035754";"137 798";"A01";"1";"32";"0";"2";"1";"2";"1";""
"202100035754";"137 799";"B01";"1";"7";"0";"2";"5";"2";"1";""
"202100035755";"137 796";"Z01";"2";"14";"0";"2";"2";"14";"6";""
"202100035755";"137 797";"A01";"2";"33";"4";"2";"3";"3";"1";""
"202100035756";"137 794";"A01";"2";"50";"0";"2";"1";"1";"3";""
"202100035756";"137 795";"B01";"2";"7";"0";"2";"3";"1";"1";""
"202100035757";"137 792";"A01";"3";"10";"0";"2";"5";"14";"1";""
"202100035757";"137 793";"B01";"3";"30";"0";"2";"3";"1";"1";""
"202100035758";"137 790";"A01";"1";"7";"0";"2";"2";"16";"1";""
"202100035758";"137 791";"B01";"1";"1";"0";"2";"1";"1";"5";""
"202100035759";"137 788";"B01";"1";"1";"0";"2";"3";"18";"5";""
"202100035759";"137 789";"A01";"1";"7";"0";"2";"5";"22";"1";""
"202100035760";"137 786";"B01";"2";"1";"0";"2";"1";"1";"5";""
"202100035760";"137 787";"A01";"2";"10";"0";"2";"3";"15";"1";""
"202100035761";"137 784";"A01";"3";"7";"0";"2";"1";"2";"1";""
"202100035761";"137 785";"B01";"0";"32";"0";"2";"4";"23";"1";""
"202100035762";"137 783";"A01";"2";"80";"0";"0";"1";"1";"3";""
"202100035763";"137 781";"A01";"2";"32";"0";"2";"1";"13";"1";""
"202100035763";"137 782";"B01";"1";"1";"0";"2";"1";"1";"5";""
"202100035764";"137 780";"A01";"1";"7";"0";"0";"5";"22";"0";""
"202100035765";"137 778";"B01";"1";"32";"0";"0";"1";"1";"1";""
"202100035765";"137 779";"A01";"1";"2";"0";"0";"8";"1";"1";""
"202100035766";"137 776";"A01";"0";"10";"0";"9";"3";"2";"1";""
"202100035766";"137 777";"B01";"1";"99";"0";"2";"1";"7";"0";""
"202100035767";"137 774";"A01";"2";"7";"1";"0";"1";"1";"1";""
"202100035767";"137 775";"B01";"2";"7";"1";"0";"4";"24";"1";""
"202100035768";"137 773";"A01";"1";"10";"0";"1";"1";"15";"1";""
"202100035769";"137 772";"A01";"3";"7";"0";"1";"1";"16";"1";""
"202100035770";"137 770";"B01";"0";"7";"1";"2";"7";"1";"1";""
"202100035770";"137 771";"A01";"0";"7";"0";"2";"3";"24";"1";""
"202100035771";"137 769";"A01";"0";"7";"0";"1";"2";"26";"1";""
"202100035772";"137 767";"A01";"1";"7";"0";"2";"2";"1";"1";""
"202100035772";"137 768";"Y01";"2";"1";"0";"2";"1";"19";"0";""
"202100035773";"137 765";"B01";"1";"7";"0";"2";"8";"1";"1";""
"202100035773";"137 766";"A01";"1";"30";"0";"2";"7";"17";"1";""
"202100035774";"137 763";"B01";"1";"7";"0";"2";"2";"16";"1";""
"202100035774";"137 764";"A01";"0";"31";"0";"2";"7";"1";"1";""
"202100035775";"137 760";"A01";"3";"7";"0";"2";"4";"4";"2";""
"202100035775";"137 761";"B01";"3";"33";"0";"2";"1";"2";"1";""
"202100035775";"137 762";"C01";"3";"7";"0";"2";"4";"20";"1";""
"202100035776";"137 759";"A01";"2";"7";"0";"1";"0";"26";"1";""
"202100035777";"137 757";"B01";"3";"7";"0";"2";"3";"16";"1";""
"202100035777";"137 758";"A01";"2";"33";"0";"2";"3";"16";"1";""
"202100035778";"137 754";"A01";"1";"7";"0";"2";"1";"26";"1";""
"202100035778";"137 755";"B01";"1";"7";"0";"2";"4";"1";"1";""
"202100035778";"137 756";"C01";"1";"7";"0";"2";"4";"1";"1";""
"202100035779";"137 752";"A01";"1";"32";"0";"2";"1";"2";"1";""
"202100035779";"137 753";"B01";"2";"7";"0";"2";"2";"15";"1";""
"202100035780";"137 750";"B01";"0";"30";"0";"2";"8";"16";"1";""
"202100035780";"137 751";"A01";"0";"30";"0";"2";"7";"16";"1";""
"202100035781";"137 748";"A01";"2";"7";"0";"2";"2";"16";"1";""
"202100035781";"137 749";"B01";"2";"1";"0";"2";"8";"1";"5";""
"202100035782";"137 746";"A01";"3";"7";"0";"2";"3";"9";"1";""
"202100035782";"137 747";"B01";"3";"30";"0";"2";"0";"0";"1";""
"202100035783";"137 744";"B01";"3";"7";"0";"2";"4";"23";"0";""
"202100035783";"137 745";"A01";"0";"1";"0";"2";"4";"26";"6";""
"202100035784";"137 742";"B01";"2";"32";"0";"2";"3";"0";"1";""
"202100035784";"137 743";"A01";"2";"7";"0";"2";"1";"15";"1";""
"202100035785";"137 738";"C01";"2";"7";"0";"2";"2";"1";"1";""
"202100035785";"137 739";"A01";"1";"7";"0";"2";"1";"5";"1";""
"202100035785";"137 740";"B01";"2";"7";"0";"2";"1";"1";"1";""
"202100035785";"137 741";"D01";"2";"7";"0";"2";"1";"1";"1";""
"202100035786";"137 737";"A01";"1";"32";"0";"0";"0";"21";"1";""
"202100035787";"137 735";"A01";"1";"33";"0";"2";"1";"17";"1";""
"202100035787";"137 736";"B01";"1";"7";"0";"2";"8";"15";"1";""
"202100035788";"137 733";"B01";"1";"31";"0";"2";"2";"1";"1";""
"202100035788";"137 734";"A01";"1";"7";"0";"2";"3";"9";"1";""
"202100035789";"137 732";"A01";"2";"33";"8";"0";"0";"1";"1";""
"202100035790";"137 731";"A01";"1";"33";"14";"0";"1";"1";"1";""
"202100035791";"137 729";"B01";"2";"7";"3";"2";"3";"1";"1";""
"202100035791";"137 730";"A01";"1";"10";"3";"0";"3";"1";"1";""
"202100035792";"137 728";"A01";"1";"33";"0";"0";"0";"21";"1";""
"202100035793";"137 727";"A01";"1";"7";"0";"0";"0";"1";"1";""
"202100035794";"137 725";"B01";"1";"33";"0";"2";"1";"1";"0";""
"202100035794";"137 726";"A01";"1";"7";"0";"2";"3";"9";"1";""
"202100035795";"137 723";"B01";"2";"43";"0";"2";"0";"11";"1";""
"202100035795";"137 724";"A01";"2";"7";"0";"0";"8";"2";"1";""
"202100035796";"137 722";"A01";"1";"3";"0";"0";"9";"0";"1";""
"202100035797";"137 721";"A01";"1";"33";"3";"0";"2";"1";"1";""
"202100035798";"137 719";"B01";"2";"33";"0";"2";"3";"2";"1";""
"202100035798";"137 720";"A01";"2";"7";"0";"0";"5";"15";"1";""
"202100035799";"137 718";"A01";"2";"7";"0";"0";"9";"0";"1";""
"202100035800";"137 717";"A01";"1";"33";"15";"0";"1";"1";"1";""
"202100035801";"137 715";"A01";"1";"7";"0";"2";"1";"13";"1";""
"202100035801";"137 716";"B01";"2";"7";"0";"2";"1";"1";"1";""
"202100035802";"137 713";"A01";"2";"7";"0";"2";"1";"5";"1";""
"202100035802";"137 714";"B01";"1";"7";"0";"2";"1";"1";"1";""
"202100035803";"137 711";"A01";"1";"7";"0";"2";"3";"1";"1";""
"202100035803";"137 712";"B01";"2";"7";"0";"2";"3";"1";"1";""
"202100035804";"137 709";"B01";"1";"31";"0";"2";"7";"3";"1";""
"202100035804";"137 710";"A01";"1";"10";"0";"2";"8";"11";"1";""
"202100035805";"137 707";"A01";"3";"7";"0";"2";"2";"0";"0";""
"202100035805";"137 708";"B01";"3";"1";"0";"2";"1";"0";"5";""
"202100035806";"137 705";"B01";"2";"15";"0";"2";"6";"2";"1";""
"202100035806";"137 706";"A01";"2";"1";"0";"2";"0";"9";"5";""
"202100035807";"137 701";"A01";"1";"7";"0";"2";"7";"15";"1";""
"202100035807";"137 702";"B01";"2";"7";"0";"2";"1";"1";"1";""
"202100035808";"137 700";"A01";" -1";"33";"0";"0";"0";"0";"1";""
"202100035809";"137 699";"A01";"2";"2";"0";"0";"8";"15";"1";""
"202100035810";"137 697";"B01";"2";"7";"0";"2";"3";"1";"1";""
"202100035810";"137 698";"A01";"1";"7";"0";"2";"3";"13";"1";""
"202100035811";"137 695";"A01";"3";"1";"0";"0";"4";"9";"5";""
"202100035811";"137 696";"B01";"3";"10";"0";"2";"3";"1";"1";""
"202100035812";"137 693";"A01";"2";"7";"0";"2";"1";"1";"1";""
"202100035812";"137 694";"B01";"1";"7";"0";"2";"1";"1";"1";""
"202100035813";"137 691";"A01";"1";"1";"0";"2";"3";"1";"5";""
"202100035813";"137 692";"B01";"2";"20";"0";"9";"0";"26";"1";""
"202100035814";"137 689";"B01";"1";"10";"0";"2";"2";"1";"1";""
"202100035814";"137 690";"A01";"2";"10";"0";"2";"1";"1";"1";""
"202100035815";"137 688";"A01";"1";"7";"8";"0";"1";"1";"1";""
"202100035816";"137 686";"A01";"2";"7";"0";"2";"2";"1";"1";""
"202100035816";"137 687";"B01";"1";"2";"0";"2";"3";"15";"1";""
"202100035817";"137 684";"A01";"1";"33";"0";"2";"1";"1";"1";""
"202100035817";"137 685";"B01";"2";"7";"0";"2";"3";"1";"1";""
"202100035818";"137 683";"A01";"1";"7";"6";"0";"1";"1";"1";""
"202100035819";"137 682";"A01";"3";"7";"0";"1";"2";"1";"1";""
"202100035820";"137 677";"A01";"2";"7";"0";"2";"4";"1";"1";""
"202100035820";"137 678";"B01";"2";"7";"0";"2";"4";"1";"1";""
"202100035820";"137 679";"C01";"2";"7";"0";"2";"1";"1";"1";""
"202100035821";"137 676";"A01";"3";"7";"6";"0";"2";"15";"1";""
"202100035822";"137 675";"A01";"2";"33";"0";"6";"1";"1";"1";""
"202100035823";"137 672";"A01";"2";"33";"13";"0";"1";"1";"1";""
"202100035823";"137 673";"B01";"2";"33";"13";"0";"1";"1";"1";""
"202100035824";"137 670";"A01";"0";"2";"0";"2";"8";"13";"1";""
"202100035824";"137 671";"B01";"0";"7";"0";"2";"8";"1";"1";""
"202100035825";"137 669";"A01";"1";"7";"15";"0";"1";"0";"1";""
"202100035826";"137 668";"A01";"2";"7";"15";"0";"7";"1";"1";""
"202100035827";"137 666";"A01";"1";"2";"0";"2";"8";"9";"1";""
"202100035827";"137 667";"B01";"2";"33";"0";"2";"7";"1";"1";""
"202100035828";"137 665";"A01";"1";"33";"0";"0";"9";"1";"1";""
"202100035829";"137 661";"D01";"1";"7";"0";"9";"2";"2";"1";""
"202100035829";"137 662";"C01";"1";"10";"0";"2";"3";"2";"1";""
"202100035829";"137 663";"B01";"1";"7";"0";"0";"4";"2";"1";""
"202100035829";"137 664";"A01";"1";"10";"0";"2";"1";"2";"1";""
"202100035830";"137 659";"A01";"2";"7";"0";"0";"3";"1";"1";""
"202100035830";"137 660";"B01";"1";"7";"0";"0";"3";"1";"1";""
"202100035831";"137 655";"C01";"1";"10";"0";"2";"3";"1";"1";""
"202100035831";"137 656";"D01";"1";"7";"14";"0";"2";"21";"1";""
"202100035831";"137 657";"B01";"1";"7";"8";"2";"3";"1";"1";""
"202100035831";"137 658";"A01";"2";"7";"0";"2";"3";"21";"1";""
"202100035832";"137 654";"A01";"3";"2";"13";"0";"1";"1";"1";""
"202100035833";"137 652";"B01";"2";"33";"0";"2";"7";"16";"1";""
"202100035833";"137 653";"A01";"1";"7";"0";"2";"3";"9";"1";""
"202100035834";"137 650";"B01";"1";"1";"0";"2";"1";"1";"5";""
"202100035834";"137 651";"A01";"2";"37";"0";"9";"2";"15";"1";"1"
"202100035835";"137 648";"B01";"2";"7";"0";"9";"2";"1";"1";""
"202100035835";"137 649";"A01";"1";"1";"0";"0";"4";"9";"5";""
"202100035836";"137 647";"A01";"3";"2";"0";"2";"3";"0";"1";""
"202100035837";"137 645";"A01";"3";"1";"0";"2";"1";"19";"5";""
"202100035837";"137 646";"B01";"3";"7";"0";"2";"2";"16";"1";""
"202100035838";"137 644";"A01";"1";"1";"0";"9";"0";"1";"5";""
"202100035839";"137 641";"B01";"3";"1";"0";"0";"8";"19";"5";""
"202100035839";"137 642";"A01";"3";"7";"0";"9";"1";"15";"1";""
"202100035840";"137 639";"A01";"2";"7";"0";"0";"6";"9";"1";""
"202100035840";"137 640";"B01";"2";"1";"0";"0";"1";"9";"6";""
"202100035841";"137 638";"A01";"1";"7";"0";"0";"0";"1";"1";""
"202100035842";"137 635";"A01";"2";"33";"0";"2";"1";"2";"1";""
"202100035842";"137 636";"B01";"2";"7";"0";"2";"4";"2";"0";""
"202100035843";"137 633";"B01";"2";"2";"0";"2";"7";"1";"1";""
"202100035843";"137 634";"A01";"3";"7";"0";"2";"3";"9";"1";""
"202100035844";"137 631";"B01";"1";"7";"4";"2";"1";"1";"1";""
"202100035844";"137 632";"A01";"1";"7";"0";"0";"4";"1";"1";""
"202100035845";"137 629";"B01";"2";"33";"0";"2";"2";"2";"1";""
"202100035845";"137 630";"A01";"2";"21";"0";"0";"3";"2";"1";""
"202100035846";"137 625";"B01";"2";"7";"0";"2";"1";"23";"1";""
"202100035846";"137 626";"A01";"2";"7";"0";"2";"4";"23";"1";""
"202100035846";"137 627";"D01";"2";"7";"0";"2";"1";"2";"1";""
"202100035846";"137 628";"C01";"2";"7";"0";"2";"4";"23";"1";""
"202100035847";"137 623";"A01";"1";"7";"0";"2";"4";"1";"1";""
"202100035847";"137 624";"B01";"1";"7";"0";"2";"1";"1";"1";""
"202100035848";"137 620";"C01";"1";"14";"0";"2";"1";"2";"1";""
"202100035848";"137 621";"B01";"1";"14";"0";"2";"1";"2";"1";""
"202100035848";"137 622";"A01";"1";"7";"0";"2";"4";"2";"1";""
"202100035849";"137 618";"A01";"2";"10";"0";"2";"4";"2";"1";""
"202100035849";"137 619";"B01";"1";"7";"0";"2";"1";"2";"1";""
"202100035850";"137 614";"B01";"2";"7";"0";"2";"4";"2";"1";""
"202100035850";"137 615";"C01";"2";"7";"0";"2";"4";"2";"1";""
"202100035850";"137 616";"D01";"2";"7";"0";"2";"1";"2";"1";""
"202100035850";"137 617";"A01";"2";"10";"0";"2";"4";"2";"1";""
"202100035851";"137 612";"B01";"2";"10";"0";"2";"6";"1";"1";""
"202100035851";"137 613";"A01";"1";"10";"0";"2";"1";"12";"1";""
"202100035852";"137 610";"A01";"2";"7";"0";"2";"3";"11";"1";""
"202100035852";"137 611";"B01";"2";"33";"0";"2";"1";"3";"1";""
"202100035853";"137 608";"B01";"2";"10";"0";"2";"4";"1";"1";""
"202100035853";"137 609";"A01";"2";"7";"0";"2";"1";"2";"1";""
"202100035854";"137 605";"A01";"2";"7";"0";"2";"1";"2";"3";""
"202100035854";"137 606";"B01";"2";"7";"0";"2";"4";"2";"1";""
"202100035854";"137 607";"C01";"2";"7";"0";"2";"4";"2";"1";""
"202100035855";"137 603";"B01";"1";"10";"0";"0";"1";"2";"1";""
"202100035855";"137 604";"A01";"1";"7";"0";"2";"4";"2";"1";""
"202100035856";"137 599";"B01";"1";"10";"0";"2";"4";"2";"1";""
"202100035856";"137 600";"C01";"1";"7";"0";"2";"4";"2";"1";""
"202100035856";"137 601";"D01";"1";"7";"0";"2";"4";"2";"1";""
"202100035856";"137 602";"A01";"1";"10";"0";"2";"1";"2";"1";""
"202100035857";"137 597";"A01";"1";"14";"0";"2";"2";"12";"1";""
"202100035857";"137 598";"B01";"2";"10";"0";"2";"6";"1";"1";""
"202100035858";"137 594";"C01";"2";"7";"0";"2";"6";"2";"1";""
"202100035858";"137 595";"B01";"2";"7";"0";"2";"4";"2";"1";""
"202100035858";"137 596";"A01";"2";"7";"0";"2";"1";"2";"1";""
"202100035859";"137 590";"D01";"1";"10";"0";"2";"4";"2";"1";""
"202100035859";"137 591";"C01";"1";"7";"0";"2";"4";"2";"1";""
"202100035859";"137 592";"B01";"1";"7";"0";"2";"4";"2";"1";""
"202100035859";"137 593";"A01";"1";"10";"0";"2";"1";"2";"1";""
"202100035860";"137 585";"A01";"1";"7";"0";"2";"7";"12";"1";""
"202100035860";"137 586";"B01";"1";"34";"0";"2";"8";"3";"1";""
"202100035861";"137 583";"B01";"1";"10";"0";"2";"6";"11";"1";""
"202100035861";"137 584";"A01";"1";"33";"0";"2";"1";"3";"1";""
"202100035862";"137 582";"A01";"0";"33";"0";"1";"1";"1";"1";""