"Num_Acc";"id_vehicule";"num_veh";"senc";"catv";"obs";"obsm";"choc";"manv";"motor";"occutc"
"202100035863";"137 581";"A01";"1";"1";"0";"1";"1";"19";"5";""
"202100035864";"137 580";"A01";"3";"7";"0";"1";"1";"1";"1";""
"202100035865";"137 578";"A01";"2";"10";"16";"0";"9";"14";"1";""
"202100035866";"137 576";"A01";"2";"50";"0";"2";"1";"5";"3";""
"202100035866";"137 577";"B01";"1";"2";"0";"9";"1";"1";"1";""
"202100035867";"137 574";"A01";"2";"10";"0";"2";"2";"1";"1";""
"202100035867";"137 575";"B01";"2";"2";"0";"2";"4";"1";"1";""
"202100035868";"137 572";"A01";"1";"32";"0";"2";"7";"1";"1";""
"202100035868";"137 573";"B01";"2";"7";"0";"2";"1";"1";"1";""
"202100035869";"137 570";"B01";"1";"1";"0";"2";"0";"26";"5";""
"202100035869";"137 571";"A01";"2";"7";"0";"2";"0";"15";"1";""
"202100035870";"137 566";"D01";"1";"1";"0";"2";"0";"2";"5";""
"202100035870";"137 567";"C01";"1";"1";"0";"2";"4";"2";"5";""
"202100035870";"137 568";"B01";"1";"1";"0";"2";"4";"2";"5";""
"202100035870";"137 569";"A01";"1";"7";"0";"9";"1";"18";"1";""
"202100035871";"137 565";"A01";"2";"7";"4";"0";"1";"26";"1";""
"202100035872";"137 563";"B01";"1";"2";"14";"9";"1";"1";"1";""
"202100035872";"137 564";"A01";"1";"7";"0";"2";"4";"9";"1";""
"202100035873";"137 561";"A01";"1";"7";"0";"2";"1";"17";"1";""
"202100035873";"137 562";"B01";"1";"7";"0";"2";"3";"15";"1";""
"202100035874";"137 560";"A01";"2";"7";"0";"1";"1";"19";"1";""
"202100035875";"137 559";"A01";"1";"7";"14";"0";"1";"13";"1";""
"202100035876";"137 558";"A01";"3";"7";"1";"1";"6";"20";"1";""
"202100035877";"137 557";"A01";"3";"7";"0";"1";"2";"1";"1";""
"202100035878";"137 555";"B01";"1";"7";"0";"2";"7";"1";"1";""
"202100035878";"137 556";"A01";"1";"31";"0";"2";"1";"9";"1";""
"202100035879";"137 553";"A01";"2";"34";"0";"2";"1";"3";"1";""
"202100035879";"137 554";"B01";"2";"7";"0";"2";"8";"15";"1";""
"202100035880";"137 552";"A01";"3";"10";"0";"1";"2";"15";"1";""
"202100035881";"137 551";"A01";"1";"33";"0";"2";"0";"1";"1";""
"202100035882";"137 549";"A01";"2";"7";"0";"2";"1";"17";"1";""
"202100035882";"137 550";"B01";"1";"7";"0";"2";"3";"1";"1";""
"202100035883";"137 546";"A01";"1";"7";"0";"2";"1";"1";"1";""
"202100035883";"137 547";"B01";"2";"7";"0";"2";"1";"1";"1";""
"202100035884";"137 543";"A01";"1";"7";"0";"2";"6";"19";"1";""
"202100035884";"137 544";"B01";"2";"7";"0";"2";"1";"1";"1";""
"202100035884";"137 545";"C01";"2";"15";"0";"2";"1";"1";"1";""
"202100035885";"137 542";"A01";"1";"1";"0";"1";"4";"1";"5";""
"202100035886";"137 541";"A01";"1";"7";"0";"1";"2";"1";"0";""
"202100035887";"137 540";"A01";"2";"7";"8";"0";"1";"14";"1";""
"202100035888";"137 539";"A01";"1";"10";"0";"2";"4";"20";"1";""
"202100035889";"137 537";"B01";"1";"0";"0";"2";"1";"0";"0";""
"202100035889";"137 538";"A01";"1";"1";"0";"2";"4";"0";"5";""
"202100035890";"137 535";"A01";"0";"50";"0";"2";"1";"5";"3";""
"202100035890";"137 536";"B01";"1";"7";"0";"2";"3";"1";"1";""
"202100035891";"137 533";"B01";"0";"7";"0";"2";"6";"15";"1";""
"202100035891";"137 534";"A01";"0";"7";"0";"2";"1";"1";"1";""
"202100035892";"137 531";"B01";"3";"1";"0";"2";"1";"1";"5";""
"202100035892";"137 532";"A01";"2";"7";"0";"2";"3";"9";"1";""
"202100035893";"137 529";"B01";"1";"7";"0";"2";"8";"15";"1";""
"202100035893";"137 530";"A01";"1";"30";"0";"2";"1";"17";"1";""
"202100035894";"137 528";"A01";"1";"30";"0";"0";"0";"21";"1";""
"202100035895";"137 526";"B01";"1";"1";"0";"2";"4";"2";"5";""
"202100035895";"137 527";"A01";"1";"7";"0";"2";"1";"26";"1";""
"202100035896";"137 524";"A01";"1";"30";"0";"2";"1";"19";"1";""
"202100035896";"137 525";"B01";"1";"7";"0";"2";"1";"19";"1";""
"202100035897";"137 523";"A01";"3";"7";"0";"1";"4";"4";"1";""
"202100035898";"137 521";"B01";"2";"10";"0";"2";"1";"1";"1";""
"202100035898";"137 522";"A01";"2";"33";"0";"2";"1";"1";"1";""
"202100035899";"137 520";"A01";"1";"7";"0";"1";"1";"1";"1";""
"202100035900";"137 518";"C01";"2";"7";"0";"2";"3";"1";"1";""
"202100035900";"137 519";"A01";"1";"7";"1";"2";"3";"1";"1";""
"202100035901";"137 516";"B01";"2";"1";"0";"2";"8";"19";"5";""
"202100035901";"137 517";"A01";"2";"7";"0";"2";"1";"9";"1";""
"202100035902";"137 514";"B01";"3";"40";"0";"2";"1";"1";"3";""
"202100035902";"137 515";"A01";"2";"7";"0";"4";"8";"15";"1";""
"202100035903";"137 513";"A01";"1";"2";"12";"0";"1";"14";"1";""
"202100035904";"137 511";"B01";"2";"33";"0";"2";"7";"1";"1";""
"202100035904";"137 512";"A01";"2";"7";"0";"2";"3";"1";"1";""
"202100035905";"137 510";"A01";"2";"7";"15";"0";"1";"14";"1";""
"202100035906";"137 508";"A01";"1";"7";"1";"0";"3";"1";"1";""
"202100035906";"137 509";"C01";"1";"2";"0";"2";"0";"2";"1";""
"202100035907";"137 507";"A01";"0";"7";"1";"0";"9";"20";"1";""
"202100035908";"137 505";"B01";"3";"7";"0";"2";"4";"2";"1";""
"202100035908";"137 506";"A01";"3";"7";"0";"2";"1";"2";"1";""
"202100035909";"137 503";"A01";"3";"7";"0";"2";"2";"2";"1";""
"202100035909";"137 504";"B01";"2";"2";"0";"2";"1";"16";"1";""
"202100035910";"137 501";"A01";"1";"2";"0";"2";"1";"2";"1";""
"202100035910";"137 502";"B01";"1";"7";"0";"2";"4";"2";"1";""
"202100035911";"137 499";"B01";"3";"50";"0";"2";"1";"1";"3";""
"202100035911";"137 500";"A01";"3";"21";"0";"2";"6";"24";"1";""
"202100035912";"137 497";"A01";"1";"7";"0";"2";"8";"16";"1";""
"202100035912";"137 498";"B01";"1";"7";"0";"2";"2";"1";"1";""
"202100035913";"137 495";"A01";"1";"7";"0";"2";"3";"1";"1";""
"202100035913";"137 496";"B01";"0";"1";"0";"2";"1";"9";"5";""
"202100035914";"137 490";"A01";"1";"7";"0";"2";"1";"15";"1";""
"202100035914";"137 491";"B01";"1";"33";"0";"2";"8";"1";"1";""
"202100035915";"137 488";"A01";"2";"7";"0";"2";"2";"16";"1";""
"202100035915";"137 489";"B01";"2";"1";"0";"2";"1";"1";"5";""
"202100035916";"137 487";"A01";"1";"7";"1";"0";"3";"13";"1";""
"202100035917";"137 485";"Y01";"3";"50";"0";"2";"0";"1";"3";""
"202100035917";"137 486";"A01";"3";"7";"0";"2";"3";"9";"1";""
"202100035918";"137 483";"A01";"1";"7";"0";"2";"3";"15";"1";""
"202100035918";"137 484";"B01";"2";"2";"0";"2";"1";"1";"1";""
"202100035919";"137 481";"B01";"1";"7";"0";"2";"2";"9";"1";""
"202100035919";"137 482";"A01";"1";"7";"0";"2";"3";"1";"1";""
"202100035920";"137 480";"A01";"2";"33";"16";"0";"9";"26";"1";""
"202100035921";"137 478";"B01";"0";"7";"0";"0";"4";"1";"1";""
"202100035921";"137 479";"A01";"0";"7";"0";"2";"1";"2";"1";""
"202100035922";"137 477";"A01";"1";"7";"15";"0";"8";"13";"1";""
"202100035923";"137 476";"A01";"2";"30";"0";"0";"0";"26";"1";""
"202100035924";"137 474";"A01";"2";"7";"0";"2";"1";"13";"1";""
"202100035924";"137 475";"B01";"1";"7";"0";"2";"1";"1";"1";""
"202100035925";"137 472";"B01";"1";"7";"0";"2";"4";"2";"1";""
"202100035925";"137 473";"A01";"1";"7";"0";"2";"1";"2";"1";""
"202100035926";"137 470";"A01";"1";"7";"0";"2";"1";"13";"1";""
"202100035926";"137 471";"B01";"2";"7";"0";"2";"1";"1";"1";""
"202100035927";"137 469";"A01";"2";"7";"10";"0";"1";"1";"1";""
"202100035928";"137 467";"A01";"3";"7";"0";"2";"3";"15";"1";""
"202100035928";"137 468";"B01";"3";"2";"0";"2";"1";"5";"1";""
"202100035929";"137 466";"A01";"1";"32";"0";"1";"1";"1";"1";""
"202100035930";"137 464";"A01";"2";"7";"0";"2";"3";"5";"1";""
"202100035930";"137 465";"B01";"1";"2";"0";"2";"1";"2";"1";""
"202100035931";"137 463";"A01";"2";"33";"3";"0";"9";"17";"1";""
"202100035932";"137 461";"A01";"1";"7";"0";"2";"3";"9";"1";""
"202100035932";"137 462";"B01";"3";"1";"0";"2";"0";"0";"5";""
"202100035933";"137 459";"A01";"3";"32";"0";"2";"3";"15";"6";""
"202100035933";"137 460";"B01";"0";"7";"0";"2";"2";"15";"0";""
"202100035934";"137 458";"A01";"2";"7";"7";"0";"1";"14";"1";""
"202100035935";"137 456";"B01";"2";"7";"0";"2";"3";"15";"1";""
"202100035935";"137 457";"A01";"2";"31";"0";"2";"7";"17";"1";""
"202100035936";"137 452";"B01";"1";"7";"0";"2";"0";"1";"1";""
"202100035936";"137 453";"A01";"2";"7";"0";"2";"0";"9";"1";""
"202100035936";"137 454";"D01";"1";"7";"0";"0";"0";"0";"1";""
"202100035936";"137 455";"C01";"1";"7";"0";"0";"0";"0";"0";""
"202100035937";"137 449";"Z01";"2";"7";"0";"2";"0";"2";"0";""
"202100035937";"137 450";"B01";"2";"10";"0";"2";"4";"2";"1";""
"202100035937";"137 451";"A01";"2";"7";"0";"2";"4";"2";"1";""
"202100035938";"137 447";"B01";"1";"7";"0";"2";"8";"11";"1";""
"202100035938";"137 448";"A01";"1";"33";"0";"2";"7";"3";"1";""
"202100035939";"137 445";"B01";"2";"33";"0";"2";"8";"18";"1";""
"202100035939";"137 446";"A01";"2";"7";"0";"2";"2";"16";"1";""
"202100035940";"137 443";"A01";"2";"30";"0";"2";"2";"5";"1";""
"202100035940";"137 444";"B01";"1";"1";"0";"2";"2";"1";"5";""
"202100035941";"137 442";"A01";"1";"1";"0";"1";"2";"1";"5";""
"202100035942";"137 440";"A01";"1";"80";"0";"2";"1";"1";"3";""
"202100035942";"137 441";"B01";"1";"7";"0";"2";"7";"22";"1";""
"202100035943";"137 438";"A01";"2";"30";"0";"2";"5";"17";"1";""
"202100035943";"137 439";"B01";"2";"1";"0";"2";"4";"1";"5";""
"202100035944";"137 436";"B01";"1";"30";"0";"2";"7";"17";"3";""
"202100035944";"137 437";"A01";"1";"10";"0";"2";"8";"15";"6";""
"202100035945";"137 434";"B01";"2";"33";"0";"2";"1";"13";"1";""
"202100035945";"137 435";"A01";"1";"10";"0";"2";"3";"23";"1";""
"202100035946";"137 431";"A01";"2";"7";"0";"2";"7";"22";"1";""
"202100035946";"137 432";"B01";"2";"30";"0";"2";"1";"18";"1";""
"202100035946";"137 433";"C01";"2";"7";"0";"2";"3";"1";"1";""
"202100035947";"137 429";"A01";"1";"7";"0";"2";"2";"13";"1";""
"202100035947";"137 430";"B01";"1";"1";"0";"2";"8";"17";"5";""
"202100035948";"137 428";"A01";"1";"50";"0";"0";"0";"1";"3";""
"202100035949";"137 426";"B01";"2";"1";"0";"2";"1";"17";"5";""
"202100035949";"137 427";"A01";"2";"7";"0";"2";"8";"22";"2";""
"202100035950";"137 424";"B01";"2";"43";"0";"2";"6";"23";"1";""
"202100035950";"137 425";"A01";"2";"30";"0";"2";"1";"2";"1";""
"202100035951";"137 422";"B01";"1";"2";"0";"2";"1";"0";"1";""
"202100035951";"137 423";"A01";"1";"7";"0";"2";"2";"0";"1";""
"202100035952";"137 420";"Y01";"1";"1";"1";"0";"7";"18";"5";""
"202100035952";"137 421";"A01";"1";"7";"0";"2";"2";"23";"1";""
"202100035953";"137 418";"B01";"1";"33";"0";"2";"9";"1";"1";""
"202100035953";"137 419";"A01";"1";"10";"0";"2";"2";"15";"1";""
"202100035954";"137 416";"A01";"1";"10";"0";"2";"7";"16";"1";""
"202100035954";"137 417";"B01";"1";"1";"0";"0";"0";"0";"5";""
"202100035955";"137 414";"A01";"2";"7";"0";"2";"1";"9";"1";""
"202100035955";"137 415";"B01";"2";"1";"0";"2";"3";"9";"5";""
"202100035956";"137 412";"A01";"2";"7";"0";"2";"1";"1";"1";""
"202100035956";"137 413";"B01";"1";"50";"0";"2";"1";"1";"3";""
"202100035957";"137 410";"A01";"1";"34";"0";"2";"8";"9";"1";""
"202100035957";"137 411";"B01";"1";"7";"0";"2";"2";"1";"1";""
"202100035958";"137 409";"A01";"3";"34";"0";"1";"2";"1";"1";""
"202100035959";"137 407";"A01";"1";"34";"1";"0";"8";"1";"1";""
"202100035959";"137 408";"B01";"1";"3";"0";"2";"2";"14";"1";""
"202100035960";"137 405";"A01";"3";"0";"0";"2";"4";"1";"3";""
"202100035960";"137 406";"B01";"3";"7";"0";"9";"2";"0";"1";""
"202100035961";"137 403";"B01";"1";"50";"0";"2";"0";"0";"3";""
"202100035961";"137 404";"A01";"1";"7";"0";"9";"1";"16";"1";""
"202100035962";"137 401";"B01";"3";"7";"0";"2";"2";"16";"0";""
"202100035962";"137 402";"A01";"3";"7";"0";"2";"3";"1";"0";""
"202100035963";"137 399";"A01";"0";"7";"0";"2";"2";"1";"1";""
"202100035963";"137 400";"B01";"0";"1";"0";"2";"3";"19";"5";""
"202100035964";"137 397";"B01";"3";"30";"0";"2";"7";"19";"1";""
"202100035964";"137 398";"A01";"3";"7";"0";"2";"1";"15";"1";""
"202100035965";"137 396";"A01";"1";"7";"0";"1";"1";"1";"1";""
"202100035966";"137 394";"B01";"1";"33";"0";"2";"1";"1";"1";""
"202100035966";"137 395";"A01";"1";"7";"0";"2";"8";"15";"1";""
"202100035967";"137 392";"B01";"3";"10";"1";"2";"5";"13";"1";""
"202100035967";"137 393";"A01";"1";"30";"1";"2";"5";"26";"1";""
"202100035968";"137 390";"B01";"2";"2";"0";"2";"8";"1";"1";""
"202100035968";"137 391";"A01";"2";"7";"0";"2";"7";"14";"1";""
"202100035969";"137 389";"A01";"2";"1";"0";"1";"1";"7";"5";""
"202100035970";"137 387";"A01";"1";"7";"0";"2";"3";"1";"1";""
"202100035970";"137 388";"B01";"1";"30";"0";"2";"1";"1";"1";""
"202100035971";"137 385";"A01";"1";"7";"0";"2";"2";"16";"1";""
"202100035971";"137 386";"B01";"1";"2";"0";"2";"1";"7";"1";""
"202100035972";"137 383";"A01";"3";"34";"0";"2";"1";"12";"1";""
"202100035972";"137 384";"B01";"3";"7";"0";"2";"4";"23";"1";""
"202100035973";"137 382";"A01";"3";"32";"0";"1";"0";"0";"0";""
"202100035974";"137 380";"A01";"3";"7";"0";"2";"1";"2";"1";""
"202100035974";"137 381";"B01";"3";"7";"0";"2";"4";"1";"1";""
"202100035975";"137 379";"A01";"3";"1";"0";"0";"0";"1";"5";""
"202100035976";"137 378";"A01";"2";"7";"13";"0";"1";"14";"1";""
"202100035977";"137 376";"B01";"3";"10";"0";"2";"8";"1";"1";""
"202100035977";"137 377";"A01";"3";"2";"0";"2";"1";"1";"1";""
"202100035978";"137 374";"B01";"1";"10";"0";"2";"2";"1";"1";""
"202100035978";"137 375";"A01";"1";"1";"0";"2";"8";"9";"5";""
"202100035979";"137 372";"A01";"1";"7";"0";"2";"1";"13";"1";""
"202100035979";"137 373";"B01";"2";"7";"0";"2";"1";"1";"1";""
"202100035980";"137 370";"B01";"2";"7";"0";"2";"6";"1";"1";""
"202100035980";"137 371";"A01";"1";"7";"0";"2";"2";"9";"1";""
"202100035981";"137 368";"A01";"3";"7";"0";"2";"3";"13";"1";""
"202100035981";"137 369";"B01";"3";"31";"0";"0";"3";"1";"1";""
"202100035982";"137 366";"B01";"2";"33";"0";"2";"1";"1";"1";""
"202100035982";"137 367";"A01";"1";"14";"0";"2";"6";"9";"1";""
"202100035983";"137 365";"A01";"3";"7";"8";"0";"1";"14";"1";""
"202100035984";"137 363";"A01";"1";"7";"0";"2";"1";"1";"1";""
"202100035984";"137 364";"B01";"2";"10";"0";"2";"1";"5";"1";""
"202100035985";"137 361";"B01";"2";"1";"0";"2";"5";"1";"5";""
"202100035985";"137 362";"A01";"2";"7";"0";"9";"1";"1";"1";""
"202100035986";"137 360";"A01";"1";"10";"0";"1";"2";"1";"1";""
"202100035987";"137 359";"A01";"1";"1";"0";"0";"0";"1";"5";""
"202100035988";"137 357";"A01";"2";"33";"0";"2";"1";"1";"1";""
"202100035988";"137 358";"B01";"1";"7";"0";"2";"6";"1";"1";""
"202100035989";"137 356";"A01";"2";"7";"16";"0";"1";"1";"1";""
"202100035990";"137 355";"A01";"3";"7";"13";"0";"1";"16";"1";""
"202100035991";"137 353";"A01";"1";"7";"0";"2";"2";"15";"1";""
"202100035991";"137 354";"B01";"2";"7";"0";"2";"1";"21";"2";""
"202100035992";"137 352";"A01";"3";"36";"0";"0";"1";"1";"1";""
"202100035993";"137 350";"A01";"2";"33";"0";"2";"3";"13";"1";""
"202100035993";"137 351";"B01";"1";"7";"0";"2";"3";"21";"1";""
"202100035994";"137 349";"A01";"2";"7";"12";"9";"7";"26";"1";""
"202100035995";"137 347";"B01";"2";"10";"0";"2";"8";"1";"1";""
"202100035995";"137 348";"A01";"3";"50";"0";"2";"1";"19";"3";""
"202100035996";"137 346";"A01";"1";"7";"8";"0";"1";"1";"1";""
"202100035997";"137 344";"A01";"1";"7";"0";"2";"1";"19";"1";""
"202100035997";"137 345";"B01";"2";"7";"0";"2";"8";"1";"1";""
"202100035998";"137 342";"A01";"2";"7";"0";"2";"3";"1";"1";""
"202100035998";"137 343";"B01";"1";"15";"0";"0";"3";"1";"1";""
"202100035999";"137 340";"B01";"1";"7";"0";"2";"1";"1";"1";""
"202100035999";"137 341";"A01";"2";"7";"0";"2";"1";"1";"1";""
"202100036000";"137 338";"A01";"2";"7";"1";"0";"1";"14";"1";""
"202100036000";"137 339";"B01";"2";"7";"3";"2";"7";"14";"1";""
"202100036001";"137 336";"B01";"2";"7";"0";"2";"1";"1";"1";""
"202100036001";"137 337";"A01";"1";"10";"0";"2";"1";"5";"1";""
"202100036002";"137 332";"C01";"1";"7";"0";"2";"1";"1";"1";""
"202100036002";"137 333";"D01";"1";"7";"0";"2";"3";"1";"1";""
"202100036002";"137 334";"B01";"1";"7";"0";"2";"6";"15";"1";""
"202100036002";"137 335";"A01";"1";"33";"0";"2";"1";"1";"1";""
"202100036003";"137 331";"A01";"1";"7";"6";"0";"8";"1";"1";""
"202100036004";"137 328";"B01";"1";"7";"0";"2";"3";"1";"1";""
"202100036004";"137 329";"A01";"2";"10";"0";"2";"3";"1";"1";""
"202100036005";"137 326";"A01";"2";"37";"0";"2";"3";"1";"1";"1"
"202100036005";"137 327";"B01";"1";"7";"0";"2";"3";"5";"0";""
"202100036006";"137 325";"A01";"1";"33";"13";"0";"2";"1";"1";""
"202100036007";"137 324";"A01";"1";"7";"0";"1";"3";"1";"2";""
"202100036008";"137 323";"A01";"2";"7";"16";"0";"1";"2";"1";""
"202100036009";"137 321";"A01";"1";"1";"0";"2";"1";"2";"5";""
"202100036009";"137 322";"B01";"1";"1";"0";"2";"4";"1";"5";""
"202100036010";"137 320";"A01";"2";"2";"17";"0";"0";"1";"1";""
"202100036011";"137 318";"B01";"2";"7";"0";"0";"1";"1";"1";""
"202100036011";"137 319";"A01";"1";"10";"0";"2";"2";"10";"1";""
"202100036012";"137 317";"A01";"3";"2";"0";"0";"8";"0";"1";""
"202100036013";"137 315";"B01";"2";"33";"0";"2";"2";"1";"1";""
"202100036013";"137 316";"A01";"1";"7";"0";"2";"3";"15";"1";""
"202100036014";"137 314";"A01";"1";"7";"0";"1";"2";"2";"1";""
"202100036015";"137 312";"A01";"2";"10";"0";"2";"1";"17";"1";""
"202100036015";"137 313";"B01";"1";"15";"0";"2";"1";"1";"1";""
"202100036016";"137 310";"B01";"1";"14";"0";"2";"7";"17";"1";""
"202100036016";"137 311";"A01";"1";"2";"0";"2";"1";"15";"1";""
"202100036017";"137 309";"A01";"1";"7";"13";"0";"2";"21";"1";""
"202100036018";"137 307";"A01";"2";"7";"0";"0";"8";"2";"1";""
"202100036018";"137 308";"B01";"1";"7";"0";"0";"3";"2";"1";""
"202100036019";"137 306";"A01";"2";"7";"0";"1";"1";"1";"1";""
"202100036020";"137 304";"A01";"2";"7";"0";"2";"6";"15";"1";""
"202100036020";"137 305";"B01";"2";"34";"0";"2";"2";"17";"0";""
"202100036021";"137 301";"C01";"1";"10";"0";"2";"1";"21";"1";""
"202100036021";"137 302";"B01";"1";"10";"0";"2";"1";"0";"1";""
"202100036021";"137 303";"A01";"2";"10";"0";"2";"1";"13";"1";""
"202100036022";"137 299";"A01";"1";"7";"0";"2";"3";"13";"1";""
"202100036022";"137 300";"B01";"2";"7";"0";"2";"3";"1";"1";""
"202100036023";"137 297";"B01";"2";"7";"0";"2";"1";"1";"1";""
"202100036023";"137 298";"A01";"1";"10";"0";"2";"1";"17";"1";""
"202100036024";"137 296";"A01";"2";"7";"4";"0";"9";"1";"1";""
"202100036025";"137 293";"A01";"1";"7";"0";"2";"3";"2";"1";""
"202100036025";"137 294";"B01";"1";"33";"4";"2";"2";"2";"1";""
"202100036026";"137 291";"A01";"2";"3";"0";"2";"7";"19";"1";""
"202100036026";"137 292";"B01";"1";"7";"0";"2";"3";"1";"1";""
"202100036027";"137 289";"B01";"3";"1";"0";"2";"7";"1";"5";""
"202100036027";"137 290";"A01";"3";"7";"0";"2";"3";"26";"1";""
"202100036028";"137 287";"B01";"3";"7";"0";"2";"3";"15";"1";""
"202100036028";"137 288";"A01";"1";"34";"0";"0";"1";"17";"1";""
"202100036029";"137 285";"A01";"2";"7";"0";"2";"7";"17";"1";""
"202100036029";"137 286";"B01";"2";"1";"0";"2";"8";"1";"5";""
"202100036030";"137 283";"A01";"1";"7";"0";"2";"2";"15";"1";""
"202100036030";"137 284";"B01";"2";"7";"0";"2";"3";"1";"1";""
"202100036031";"137 281";"A01";"1";"10";"0";"0";"6";"23";"1";""
"202100036031";"137 282";"B01";"1";"33";"0";"2";"1";"1";"1";""
"202100036032";"137 280";"A01";"2";"32";"0";"0";"0";"1";"1";""
"202100036033";"137 279";"A01";"3";"7";"0";"1";"1";"26";"1";""
"202100036034";"137 277";"B01";"1";"7";"0";"2";"5";"2";"1";""
"202100036034";"137 278";"A01";"1";"1";"0";"2";"8";"2";"5";""
"202100036035";"137 275";"A01";"1";"33";"0";"2";"2";"17";"1";""
"202100036035";"137 276";"B01";"1";"7";"0";"2";"3";"1";"1";""
"202100036036";"137 274";"A01";"2";"7";"0";"0";"1";"0";"1";""
"202100036037";"137 272";"B01";"0";"1";"0";"2";"8";"15";"5";""
"202100036037";"137 273";"A01";"2";"7";"0";"0";"1";"1";"1";""
"202100036038";"137 270";"A01";"1";"7";"0";"2";"4";"0";"3";""
"202100036038";"137 271";"B01";"1";"7";"0";"2";"1";"0";"1";""
"202100036039";"137 269";"A01";"2";"7";"3";"0";"8";"1";"1";""
"202100036040";"137 267";"A01";"1";"7";"0";"2";"1";"1";"2";""
"202100036040";"137 268";"B01";"1";"33";"0";"2";"4";"1";"1";""
"202100036041";"137 264";"C01";"1";"7";"0";"2";"4";"0";"1";""
"202100036041";"137 265";"B01";"1";"7";"0";"2";"4";"26";"1";""
"202100036041";"137 266";"A01";"1";"7";"0";"2";"1";"26";"1";""
"202100036042";"137 262";"B01";"2";"7";"0";"2";"8";"1";"1";""
"202100036042";"137 263";"A01";"2";"13";"0";"2";"2";"12";"1";""
"202100036043";"137 259";"A01";"1";"33";"0";"2";"3";"2";"1";""
"202100036043";"137 260";"B01";"1";"7";"0";"9";"6";"1";"1";""
"202100036044";"137 257";"A01";"1";"7";"0";"2";"1";"17";"1";""
"202100036044";"137 258";"B01";"1";"7";"0";"2";"1";"1";"1";""
"202100036045";"137 255";"Z01";"1";"7";"0";"2";"1";"0";"0";""
"202100036045";"137 256";"A01";"1";"30";"0";"2";"4";"1";"1";""
"202100036046";"137 253";"B01";"1";"7";"0";"2";"5";"2";"1";""
"202100036046";"137 254";"A01";"1";"34";"0";"2";"1";"2";"1";""
"202100036047";"137 251";"A01";"3";"30";"0";"2";"3";"1";"1";""
"202100036047";"137 252";"B01";"3";"50";"0";"2";"1";"25";"3";""
"202100036048";"137 250";"A01";"1";"30";"15";"0";"1";"15";"1";""
"202100036049";"137 249";"A01";"2";"7";"6";"0";"1";"1";"1";""
"202100036050";"137 247";"A01";"3";"7";"0";"2";"6";"2";"1";""
"202100036050";"137 248";"B01";"3";"2";"0";"0";"0";"0";"1";""
"202100036051";"137 245";"B01";"1";"33";"0";"2";"1";"1";"1";""
"202100036051";"137 246";"A01";"1";"7";"0";"2";"3";"15";"1";""
"202100036052";"137 244";"A01";"2";"7";"1";"0";"7";"21";"1";""
"202100036053";"137 241";"B01";"3";"7";"0";"2";"4";"1";"1";""
"202100036053";"137 242";"A01";"1";"7";"0";"2";"1";"2";"1";""
"202100036053";"137 243";"C01";"3";"7";"0";"2";"4";"2";"1";""
"202100036054";"137 239";"A01";"2";"7";"0";"2";"8";"15";"1";""
"202100036054";"137 240";"B01";"2";"33";"0";"2";"7";"1";"1";""
"202100036055";"137 234";"A01";"2";"33";"0";"2";"4";"23";"1";""
"202100036055";"137 235";"B01";"2";"2";"0";"2";"1";"1";"1";""
"202100036056";"137 233";"A01";"3";"7";"2";"0";"2";"1";"1";""
"202100036057";"137 229";"B01";"2";"7";"0";"2";"3";"16";"1";""
"202100036057";"137 230";"A01";"2";"7";"0";"2";"1";"15";"1";""
"202100036058";"137 228";"Z01";"3";"7";"5";"1";"1";"1";"1";""
"202100036059";"137 226";"B01";"2";"50";"0";"2";"1";"26";"3";""
"202100036059";"137 227";"A01";"1";"7";"0";"9";"2";"26";"1";""
"202100036060";"137 224";"A01";"3";"7";"0";"2";"3";"1";"1";""
"202100036060";"137 225";"B01";"3";"7";"0";"2";"7";"0";"1";""
"202100036061";"137 223";"A01";"3";"7";"0";"1";"1";"20";"1";""
"202100036062";"137 221";"B01";"3";"3";"0";"2";"1";"15";"0";""
"202100036062";"137 222";"A01";"3";"3";"0";"2";"3";"1";"0";""
"202100036063";"137 219";"Z01";"0";"7";"0";"9";"8";"26";"1";""
"202100036063";"137 220";"B01";"1";"50";"0";"2";"8";"15";"3";""
"202100036064";"137 217";"B01";"1";"7";"0";"9";"1";"1";"1";""
"202100036064";"137 218";"A01";"1";"1";"0";"2";"1";"25";"5";""
"202100036065";"137 216";"A01";"3";"7";"7";"0";"1";"26";"1";""
"202100036066";"137 214";"B01";"1";"2";"0";"2";"7";"17";"1";""
"202100036066";"137 215";"A01";"1";"1";"0";"2";"8";"1";"5";""
"202100036067";"137 213";"A01";"0";"7";"6";"0";"1";"13";"1";""
"202100036068";"137 211";"B01";"3";"33";"0";"2";"1";"1";"1";""
"202100036068";"137 212";"A01";"3";"7";"0";"2";"7";"1";"1";""
"202100036069";"137 210";"A01";"2";"7";"13";"0";"1";"14";"1";""
"202100036070";"137 209";"A01";"3";"1";"0";"0";"0";"1";"5";""
"202100036071";"137 207";"B01";"2";"7";"0";"2";"1";"0";"0";""
"202100036071";"137 208";"A01";"1";"7";"14";"2";"1";"26";"0";""
"202100036072";"137 206";"A01";"1";"7";"0";"1";"4";"4";"1";""
"202100036073";"137 204";"A01";"2";"7";"0";"2";"3";"15";"1";""
"202100036073";"137 205";"B01";"2";"1";"0";"2";"8";"1";"5";""