"Num_Acc";"id_vehicule";"num_veh";"senc";"catv";"obs";"obsm";"choc";"manv";"motor";"occutc"
"202100036725";"136 067";"A01";"1";"7";"0";"2";"2";"15";"1";""
"202100036726";"136 063";"A01";"1";"33";"0";"2";"1";"17";"1";""
"202100036726";"136 064";"B01";"2";"7";"0";"2";"3";"21";"1";""
"202100036726";"136 065";"C01";"1";"17";"0";"2";"6";"1";"1";""
"202100036727";"136 061";"A01";"1";"7";"0";"2";"2";"15";"1";""
"202100036727";"136 062";"B01";"2";"7";"0";"2";"1";"1";"1";""
"202100036728";"136 059";"B01";"2";"7";"0";"2";"1";"1";"1";""
"202100036728";"136 060";"A01";"1";"7";"0";"2";"1";"13";"1";""
"202100036729";"136 058";"A01";"1";"7";"13";"0";"2";"15";"1";""
"202100036730";"136 056";"B01";"1";"7";"0";"2";"1";"1";"1";""
"202100036730";"136 057";"A01";"2";"7";"0";"2";"1";"5";"1";""
"202100036731";"136 054";"B01";"1";"7";"0";"2";"3";"9";"1";""
"202100036731";"136 055";"A01";"2";"33";"0";"2";"7";"1";"1";""
"202100036732";"136 053";"A01";"2";"10";"6";"0";"1";"1";"1";""
"202100036733";"136 051";"B01";"2";"7";"0";"2";"7";"1";"1";""
"202100036733";"136 052";"A01";"3";"10";"0";"2";"2";"9";"1";""
"202100036734";"136 048";"A01";"1";"7";"0";"2";"1";"1";"1";""
"202100036734";"136 049";"C01";"1";"7";"0";"2";"1";"1";"1";""
"202100036734";"136 050";"B01";"1";"7";"0";"2";"3";"1";"1";""
"202100036735";"136 043";"A01";"1";"10";"0";"2";"4";"2";"1";""
"202100036735";"136 044";"B01";"1";"10";"0";"2";"1";"2";"1";""
"202100036735";"136 045";"C01";"1";"10";"0";"2";"1";"1";"1";""
"202100036735";"136 046";"E01";"1";"10";"0";"2";"1";"1";"1";""
"202100036735";"136 047";"D01";"1";"10";"0";"2";"1";"1";"1";""
"202100036736";"136 041";"A01";"1";"33";"0";"2";"1";"1";"1";""
"202100036736";"136 042";"B01";"1";"10";"0";"9";"5";"1";"1";""
"202100036737";"136 038";"A01";"2";"17";"0";"2";"2";"14";"1";""
"202100036737";"136 039";"C01";"2";"7";"0";"2";"3";"11";"1";""
"202100036737";"136 040";"B01";"2";"7";"0";"2";"4";"1";"1";""
"202100036738";"136 036";"B01";"1";"7";"0";"2";"5";"2";"1";""
"202100036738";"136 037";"A01";"1";"7";"0";"2";"1";"2";"1";""
"202100036739";"136 034";"A01";"1";"33";"0";"2";"1";"12";"1";""
"202100036739";"136 035";"B01";"1";"10";"0";"2";"4";"1";"1";""
"202100036740";"136 033";"A01";"2";"7";"3";"0";"1";"1";"0";""
"202100036741";"136 031";"A01";"2";"7";"0";"2";"1";"1";"1";""
"202100036741";"136 032";"B01";"2";"10";"0";"2";"6";"2";"1";""
"202100036742";"136 029";"B01";"2";"7";"0";"2";"8";"11";"1";""
"202100036742";"136 030";"A01";"2";"15";"0";"2";"2";"1";"1";""
"202100036743";"136 027";"B01";"2";"7";"0";"2";"4";"2";"1";""
"202100036743";"136 028";"A01";"2";"33";"0";"2";"1";"3";"1";""
"202100036744";"136 024";"C01";"1";"7";"0";"2";"6";"1";"1";""
"202100036744";"136 025";"B01";"1";"7";"0";"2";"5";"12";"1";""
"202100036744";"136 026";"A01";"1";"33";"0";"2";"1";"3";"1";""
"202100036745";"136 022";"A01";"2";"7";"0";"2";"6";"1";"1";""
"202100036745";"136 023";"B01";"2";"34";"0";"2";"1";"2";"1";""
"202100036746";"136 021";"A01";"3";"37";"0";"1";"2";"1";"1";"1"
"202100036747";"136 020";"A01";"3";"7";"0";"1";"0";"26";"1";""
"202100036748";"136 016";"B01";"2";"7";"0";"2";"8";"19";"1";""
"202100036748";"136 017";"A01";"2";"30";"0";"2";"1";"19";"1";""
"202100036749";"136 015";"A01";"2";"7";"0";"1";"1";"17";"1";""
"202100036750";"136 014";"A01";"2";"7";"0";"1";"1";"1";"1";""
"202100036751";"136 012";"B01";"1";"14";"0";"2";"7";"1";"1";""
"202100036751";"136 013";"A01";"1";"7";"8";"2";"1";"1";"1";""
"202100036752";"136 010";"A01";"2";"7";"0";"2";"1";"1";"1";""
"202100036752";"136 011";"B01";"2";"7";"0";"2";"4";"23";"1";""
"202100036753";"136 008";"A01";"2";"7";"0";"2";"6";"11";"1";""
"202100036753";"136 009";"B01";"2";"7";"0";"2";"2";"1";"1";""
"202100036754";"136 006";"A01";"2";"7";"0";"2";"3";"15";"1";""
"202100036754";"136 007";"B01";"2";"32";"0";"2";"1";"1";"1";""
"202100036755";"136 004";"B01";"2";"50";"0";"2";"8";"1";"3";""
"202100036755";"136 005";"Z01";"2";"10";"0";"9";"2";"14";"0";""
"202100036756";"136 002";"A01";"2";"7";"0";"2";"2";"13";"1";""
"202100036756";"136 003";"B01";"1";"7";"0";"2";"2";"23";"1";""
"202100036757";"136 000";"B01";"2";"7";"0";"2";"2";"16";"1";""
"202100036757";"136 001";"A01";"2";"33";"0";"2";"1";"7";"1";""
"202100036758";"135 999";"A01";"1";"32";"9";"0";"7";"12";"1";""
"202100036759";"135 997";"A01";"1";"7";"0";"2";"7";"2";"0";""
"202100036759";"135 998";"B01";"1";"34";"0";"2";"8";"2";"1";""
"202100036760";"135 996";"A01";"3";"7";"0";"1";"0";"20";"1";""
"202100036761";"135 994";"B01";"2";"33";"0";"2";"8";"1";"1";""
"202100036761";"135 995";"A01";"2";"7";"0";"2";"2";"15";"1";""
"202100036762";"135 992";"A01";"1";"37";"0";"0";"4";"23";"0";"1"
"202100036762";"135 993";"B01";"1";"10";"0";"2";"1";"1";"0";""
"202100036763";"135 991";"A01";"2";"1";"0";"0";"1";"1";"5";""
"202100036764";"135 989";"B01";"1";"7";"0";"2";"6";"2";"1";""
"202100036764";"135 990";"A01";"1";"7";"0";"2";"3";"13";"1";""
"202100036765";"135 988";"A01";"1";"10";"0";"1";"6";"20";"1";""
"202100036766";"135 987";"A01";"1";"7";"0";"1";"3";"26";"1";""
"202100036767";"135 986";"A01";"1";"7";"0";"2";"2";"1";"1";""
"202100036768";"135 984";"A01";"3";"7";"0";"9";"0";"0";"1";""
"202100036768";"135 985";"B01";"3";"1";"0";"2";"0";"0";"0";""
"202100036769";"135 983";"A01";"1";"33";"0";"0";"8";"1";"1";""
"202100036770";"135 981";"B01";"2";"1";"0";"2";"0";"19";"5";""
"202100036770";"135 982";"A01";"2";"7";"0";"9";"1";"1";"1";""
"202100036771";"135 979";"B01";"3";"7";"0";"2";"2";"0";"0";""
"202100036771";"135 980";"A01";"3";"30";"0";"2";"2";"11";"0";""
"202100036772";"135 975";"B01";"1";"7";"0";"2";"2";"1";"1";""
"202100036772";"135 976";"A01";"3";"7";"0";"2";"3";"5";"2";""
"202100036773";"135 974";"A01";"0";"7";"0";"2";"1";"1";"1";""
"202100036774";"135 973";"B01";"1";"7";"0";"1";"1";"19";"1";""
"202100036775";"135 972";"A01";"1";"7";"0";"1";"8";"15";"1";""
"202100036776";"135 971";"A01";"1";"40";"0";"1";"3";"1";"3";""
"202100036777";"135 970";"A01";"2";"7";"0";"1";"3";"1";"1";""
"202100036778";"135 969";"A01";"1";"7";"0";"1";"2";"1";"1";""
"202100036779";"135 967";"B01";"3";"10";"0";"2";"6";"2";"1";""
"202100036779";"135 968";"A01";"3";"30";"0";"2";"1";"2";"1";""
"202100036780";"135 964";"C01";"1";"10";"0";"2";"4";"1";"1";""
"202100036780";"135 965";"B01";"1";"7";"0";"2";"9";"1";"1";""
"202100036780";"135 966";"A01";"1";"7";"0";"2";"1";"1";"1";""
"202100036781";"135 962";"B01";"3";"7";"0";"2";"5";"2";"1";""
"202100036781";"135 963";"A01";"3";"30";"0";"2";"1";"2";"1";""
"202100036782";"135 960";"A01";"0";"33";"0";"2";"7";"9";"1";""
"202100036782";"135 961";"B01";"0";"7";"0";"2";"2";"1";"1";""
"202100036783";"135 958";"B01";"3";"1";"0";"2";"4";"1";"5";""
"202100036783";"135 959";"A01";"3";"7";"0";"2";"3";"9";"1";""
"202100036784";"135 957";"A01";"2";"2";"12";"0";"2";"21";"1";""
"202100036785";"135 956";"A01";"1";"7";"0";"1";"1";"26";"1";""
"202100036786";"135 954";"A01";"1";"33";"0";"2";"2";"17";"1";""
"202100036786";"135 955";"B01";"1";"7";"0";"2";"1";"26";"1";""
"202100036787";"135 952";"A01";"1";"7";"0";"2";"1";"1";"1";""
"202100036787";"135 953";"B01";"0";"7";"0";"2";"4";"1";"1";""
"202100036788";"135 950";"A01";"0";"10";"0";"2";"1";"20";"1";""
"202100036788";"135 951";"B01";"0";"33";"1";"2";"1";"0";"1";""
"202100036789";"135 948";"B01";"1";"1";"0";"2";"1";"1";"5";""
"202100036789";"135 949";"A01";"2";"7";"0";"2";"1";"15";"1";""
"202100036790";"135 946";"A01";"1";"7";"0";"2";"3";"15";"1";""
"202100036790";"135 947";"B01";"2";"33";"0";"2";"1";"1";"1";""
"202100036791";"135 944";"A01";"1";"30";"0";"2";"7";"1";"1";""
"202100036791";"135 945";"B01";"2";"7";"0";"2";"1";"1";"1";""
"202100036792";"135 942";"A01";"1";"2";"0";"2";"1";"17";"1";""
"202100036792";"135 943";"B01";"1";"7";"0";"2";"8";"15";"1";""
"202100036793";"135 940";"B01";"1";"1";"0";"2";"7";"1";"5";""
"202100036793";"135 941";"A01";"1";"7";"0";"9";"1";"26";"1";""
"202100036794";"135 938";"B01";"1";"50";"0";"2";"1";"1";"3";""
"202100036794";"135 939";"A01";"3";"7";"0";"2";"3";"9";"1";""
"202100036795";"135 937";"A01";"3";"2";"0";"0";"2";"26";"1";""
"202100036796";"135 935";"A01";"1";"7";"0";"2";"3";"11";"1";""
"202100036796";"135 936";"B01";"1";"33";"0";"2";"7";"0";"1";""
"202100036797";"135 934";"A01";"3";"7";"0";"1";"2";"1";"2";""
"202100036798";"135 932";"A01";"2";"33";"0";"2";"1";"1";"1";""
"202100036798";"135 933";"B01";"2";"7";"0";"2";"6";"1";"1";""
"202100036799";"135 930";"A01";"2";"33";"0";"2";"1";"1";"1";""
"202100036799";"135 931";"B01";"1";"7";"0";"2";"1";"15";"1";""
"202100036800";"135 927";"A01";"3";"30";"0";"1";"0";"0";"1";""
"202100036801";"135 925";"A01";"1";"50";"14";"0";"1";"1";"3";""
"202100036802";"135 923";"B01";"3";"30";"0";"2";"1";"1";"1";""
"202100036802";"135 924";"A01";"3";"30";"0";"2";"1";"13";"1";""
"202100036803";"135 921";"B01";"1";"33";"0";"2";"1";"1";"1";""
"202100036803";"135 922";"A01";"2";"10";"0";"2";"7";"15";"1";""
"202100036804";"135 920";"A01";"0";"7";"0";"1";"2";"26";"1";""
"202100036805";"135 918";"B01";"1";"32";"0";"2";"2";"17";"1";""
"202100036805";"135 919";"A01";"1";"7";"0";"2";"8";"15";"1";""
"202100036806";"135 916";"A01";"2";"33";"0";"2";"4";"23";"1";""
"202100036806";"135 917";"B01";"2";"10";"0";"2";"1";"2";"1";""
"202100036807";"135 914";"B01";"1";"1";"0";"2";"1";"1";"5";""
"202100036807";"135 915";"A01";"2";"7";"0";"9";"1";"9";"1";""
"202100036808";"135 912";"B01";"1";"7";"0";"2";"4";"4";"1";""
"202100036808";"135 913";"A01";"1";"7";"0";"2";"1";"1";"1";""
"202100036809";"135 910";"B01";"2";"31";"0";"0";"5";"12";"1";""
"202100036809";"135 911";"A01";"1";"7";"0";"2";"2";"9";"1";""
"202100036810";"135 907";"C01";"3";"7";"0";"2";"1";"1";"1";""
"202100036810";"135 908";"B01";"3";"7";"0";"2";"6";"23";"1";""
"202100036810";"135 909";"A01";"3";"7";"0";"2";"1";"17";"1";""
"202100036811";"135 905";"B01";"2";"1";"0";"2";"4";"1";"5";""
"202100036811";"135 906";"A01";"2";"7";"0";"9";"3";"1";"1";""
"202100036812";"135 903";"B01";"0";"50";"0";"2";"1";"1";"3";""
"202100036812";"135 904";"A01";"3";"7";"0";"2";"3";"15";"1";""
"202100036813";"135 901";"A01";"2";"7";"0";"2";"2";"1";"3";""
"202100036813";"135 902";"B01";"2";"1";"0";"2";"1";"19";"5";""
"202100036814";"135 900";"A01";"1";"7";"0";"1";"1";"1";"1";""
"202100036815";"135 896";"B01";"1";"7";"0";"2";"1";"1";"1";""
"202100036815";"135 897";"A01";"1";"7";"0";"2";"3";"15";"1";""
"202100036816";"135 894";"B01";"2";"7";"0";"2";"8";"1";"1";""
"202100036816";"135 895";"A01";"1";"7";"0";"2";"6";"1";"1";""
"202100036817";"135 891";"A01";"2";"7";"0";"2";"1";"21";"1";""
"202100036817";"135 892";"B01";"2";"7";"0";"2";"0";"19";"1";""
"202100036817";"135 893";"C01";"1";"7";"0";"2";"4";"15";"0";""
"202100036818";"135 889";"A01";"1";"7";"0";"2";"3";"17";"1";""
"202100036818";"135 890";"B01";"2";"33";"0";"2";"8";"15";"1";""
"202100036819";"135 887";"Z01";"0";"7";"0";"2";"0";"1";"0";""
"202100036819";"135 888";"A01";"2";"32";"0";"2";"0";"1";"1";""
"202100036820";"135 885";"A01";"1";"7";"0";"2";"1";"2";"1";""
"202100036820";"135 886";"B01";"1";"7";"0";"2";"4";"2";"1";""
"202100036821";"135 883";"B01";"3";"7";"0";"0";"2";"9";"1";""
"202100036821";"135 884";"A01";"3";"31";"0";"0";"6";"9";"1";""
"202100036822";"135 881";"A01";"1";"7";"0";"2";"1";"9";"1";""
"202100036822";"135 882";"B01";"2";"1";"0";"2";"7";"26";"5";""
"202100036823";"135 879";"A01";"3";"7";"0";"2";"8";"24";"1";""
"202100036823";"135 880";"B01";"3";"1";"1";"2";"1";"1";"5";""
"202100036824";"135 878";"A01";"3";"1";"0";"0";"1";"1";"5";""
"202100036825";"135 877";"A01";"1";"7";"0";"1";"1";"1";"1";""
"202100036826";"135 875";"B01";"3";"34";"0";"2";"8";"0";"1";""
"202100036826";"135 876";"A01";"3";"7";"0";"2";"5";"16";"1";""
"202100036827";"135 873";"B01";"1";"7";"0";"2";"6";"2";"2";""
"202100036827";"135 874";"A01";"1";"7";"0";"2";"2";"2";"1";""
"202100036828";"135 872";"A01";"2";"7";"0";"2";"2";"21";"1";""
"202100036829";"135 869";"A01";"1";"31";"0";"2";"8";"3";"1";""
"202100036829";"135 870";"B01";"1";"7";"0";"2";"7";"1";"1";""
"202100036829";"135 871";"C01";"1";"31";"0";"2";"1";"3";"1";""
"202100036830";"135 866";"B01";"1";"7";"0";"2";"5";"2";"1";""
"202100036830";"135 867";"C01";"1";"10";"0";"2";"6";"2";"1";""
"202100036830";"135 868";"A01";"1";"33";"0";"2";"1";"3";"1";""
"202100036831";"135 864";"A01";"1";"10";"0";"2";"4";"20";"1";""
"202100036831";"135 865";"B01";"1";"1";"0";"2";"1";"1";"5";""
"202100036832";"135 862";"A01";"2";"33";"0";"2";"1";"18";"1";""
"202100036832";"135 863";"B01";"2";"7";"0";"2";"5";"16";"1";""
"202100036833";"135 860";"B01";"2";"43";"0";"2";"2";"3";"1";""
"202100036833";"135 861";"A01";"1";"7";"0";"2";"3";"9";"1";""
"202100036834";"135 858";"A01";"1";"32";"0";"2";"1";"1";"1";""
"202100036834";"135 859";"B01";"1";"7";"0";"2";"2";"9";"1";""
"202100036835";"135 856";"B01";"2";"1";"0";"2";"3";"1";"5";""
"202100036835";"135 857";"A01";"2";"7";"0";"2";"2";"14";"1";""
"202100036836";"135 854";"A01";"3";"7";"0";"2";"2";"12";"1";""
"202100036836";"135 855";"B01";"3";"1";"0";"2";"3";"1";"5";""
"202100036837";"135 852";"A01";"1";"1";"0";"2";"8";"19";"5";""
"202100036837";"135 853";"B01";"1";"2";"0";"2";"1";"1";"1";""
"202100036838";"135 850";"A01";"2";"10";"0";"2";"8";"22";"1";""
"202100036838";"135 851";"B01";"2";"1";"0";"2";"7";"17";"5";""
"202100036839";"135 848";"A01";"1";"32";"0";"2";"1";"1";"1";""
"202100036839";"135 849";"Z01";"1";"7";"0";"2";"2";"1";"1";""
"202100036840";"135 847";"A01";"2";"30";"0";"1";"1";"1";"1";""
"202100036841";"135 846";"A01";"2";"50";"0";"1";"1";"1";"3";""
"202100036842";"135 844";"B01";"1";"80";"0";"2";"2";"1";"3";""
"202100036842";"135 845";"A01";"1";"10";"0";"2";"3";"22";"1";""
"202100036843";"135 842";"A01";"1";"1";"0";"2";"3";"2";"5";""
"202100036843";"135 843";"B01";"1";"1";"0";"2";"4";"1";"5";""
"202100036844";"135 840";"B01";"2";"33";"0";"2";"8";"1";"1";""
"202100036844";"135 841";"A01";"1";"10";"0";"2";"1";"15";"1";""
"202100036845";"135 838";"A01";"2";"50";"0";"2";"1";"17";"3";""
"202100036845";"135 839";"Z01";"2";"10";"0";"0";"8";"22";"6";""
"202100036846";"135 836";"A01";"1";"32";"0";"2";"0";"1";"0";""
"202100036846";"135 837";"B01";"1";"7";"0";"0";"0";"11";"1";""
"202100036847";"135 834";"B01";"1";"7";"0";"2";"1";"1";"1";""
"202100036847";"135 835";"A01";"1";"7";"0";"2";"1";"1";"1";""
"202100036848";"135 830";"A01";"1";"7";"0";"2";"9";"26";"1";""
"202100036848";"135 831";"D01";"1";"2";"0";"2";"9";"0";"1";""
"202100036848";"135 832";"C01";"1";"7";"0";"2";"4";"26";"1";""
"202100036848";"135 833";"B01";"1";"7";"0";"2";"1";"0";"1";""
"202100036849";"135 828";"A01";"1";"43";"0";"2";"2";"17";"1";""
"202100036849";"135 829";"B01";"1";"7";"0";"2";"8";"13";"1";""
"202100036850";"135 826";"A01";"1";"7";"0";"2";"2";"19";"1";""
"202100036850";"135 827";"B01";"1";"31";"0";"2";"1";"1";"1";""
"202100036851";"135 824";"A01";"1";"32";"0";"2";"1";"3";"1";""
"202100036851";"135 825";"B01";"2";"7";"0";"2";"3";"15";"1";""
"202100036852";"135 823";"A01";"0";"7";"12";"0";"3";"1";"1";""
"202100036853";"135 822";"A01";"2";"10";"0";"1";"8";"22";"1";""
"202100036854";"135 821";"A01";"2";"7";"0";"1";"2";"26";"1";""
"202100036855";"135 820";"A01";"1";"7";"0";"1";"0";"1";"1";""
"202100036856";"135 817";"C01";"1";"7";"0";"9";"8";"1";"1";""
"202100036856";"135 818";"A01";"2";"50";"0";"2";"1";"19";"3";""
"202100036856";"135 819";"B01";"2";"50";"0";"2";"1";"19";"3";""
"202100036857";"135 815";"A01";"1";"7";"0";"2";"1";"26";"1";""
"202100036857";"135 816";"B01";"2";"50";"0";"2";"1";"9";"3";""
"202100036858";"135 814";"A01";"1";"7";"0";"1";"4";"4";"0";""
"202100036859";"135 812";"B01";"2";"7";"0";"2";"2";"1";"1";""
"202100036859";"135 813";"A01";"2";"7";"0";"2";"3";"9";"1";""
"202100036860";"135 809";"C01";"1";"7";"0";"0";"0";"0";"1";""
"202100036860";"135 810";"B01";"1";"20";"0";"0";"8";"22";"0";""
"202100036860";"135 811";"A01";"1";"30";"1";"0";"2";"2";"1";""
"202100036861";"135 808";"A01";"3";"7";"0";"1";"2";"21";"1";""
"202100036862";"135 806";"B01";"3";"32";"0";"2";"2";"1";"1";""
"202100036862";"135 807";"Z01";"0";"10";"0";"2";"5";"10";"1";""
"202100036863";"135 804";"A01";"1";"7";"0";"2";"3";"23";"1";""
"202100036863";"135 805";"B01";"1";"1";"0";"2";"2";"20";"5";""
"202100036864";"135 802";"B01";"2";"7";"0";"2";"4";"1";"1";""
"202100036864";"135 803";"A01";"2";"3";"0";"2";"1";"1";"0";""
"202100036865";"135 801";"A01";"0";"7";"0";"1";"1";"12";"1";""
"202100036866";"135 800";"A01";"1";"7";"0";"1";"4";"20";"0";""
"202100036867";"135 799";"A01";"2";"1";"0";"1";"1";"1";"5";""
"202100036868";"135 798";"A01";"3";"1";"0";"1";"1";"26";"5";""
"202100036869";"135 797";"A01";"1";"34";"0";"1";"2";"0";"1";""
"202100036870";"135 795";"Z01";"1";"7";"0";"2";"2";"15";"0";""
"202100036870";"135 796";"A01";"2";"1";"0";"2";"6";"1";"5";""
"202100036871";"135 793";"B01";"2";"10";"0";"2";"1";"1";"1";""
"202100036871";"135 794";"A01";"3";"50";"0";"2";"7";"19";"3";""
"202100036872";"135 791";"B01";"1";"7";"0";"2";"5";"15";"1";""
"202100036872";"135 792";"A01";"1";"7";"0";"2";"3";"1";"1";""
"202100036873";"135 789";"B01";"0";"30";"0";"2";"3";"9";"1";""
"202100036873";"135 790";"A01";"2";"1";"0";"2";"5";"1";"5";""
"202100036874";"135 785";"Z01";"2";"7";"0";"2";"7";"14";"0";""
"202100036874";"135 786";"B01";"2";"32";"0";"2";"1";"3";"1";""
"202100036874";"135 787";"C01";"2";"7";"0";"2";"4";"1";"1";""
"202100036874";"135 788";"D01";"2";"7";"0";"2";"5";"1";"1";""
"202100036875";"135 783";"B01";"1";"7";"0";"2";"8";"13";"0";""
"202100036875";"135 784";"A01";"2";"2";"0";"2";"3";"14";"1";""
"202100036876";"135 780";"A01";"2";"7";"0";"2";"1";"13";"1";""
"202100036876";"135 781";"C01";"1";"7";"6";"0";"3";"1";"1";""
"202100036876";"135 782";"B01";"2";"7";"13";"0";"6";"1";"1";""
"202100036877";"135 779";"A01";"1";"7";"7";"0";"9";"0";"1";""
"202100036878";"135 778";"A01";"2";"7";"2";"0";"3";"13";"1";""
"202100036879";"135 777";"A01";"1";"7";"3";"0";"3";"1";"1";""
"202100036880";"135 775";"A01";"0";"7";"0";"9";"3";"1";"0";""
"202100036880";"135 776";"B01";"3";"1";"0";"2";"8";"1";"0";""
"202100036881";"135 773";"A01";"2";"7";"0";"2";"1";"1";"1";""
"202100036881";"135 774";"B01";"2";"7";"0";"2";"3";"0";"1";""
"202100036882";"135 772";"A01";"2";"7";"13";"0";"4";"1";"1";""
"202100036883";"135 771";"A01";"1";"10";"13";"0";"2";"14";"1";""
"202100036884";"135 769";"A01";"1";"7";"0";"2";"1";"5";"1";""
"202100036884";"135 770";"B01";"2";"7";"0";"2";"1";"1";"1";""
"202100036885";"135 767";"B01";"3";"21";"0";"2";"8";"19";"6";""
"202100036885";"135 768";"A01";"2";"10";"0";"2";"1";"1";"1";""
"202100036886";"135 766";"A01";"1";"33";"2";"0";"7";"1";"1";""
"202100036887";"135 764";"A01";"1";"7";"0";"2";"1";"19";"1";""
"202100036887";"135 765";"B01";"1";"1";"0";"2";"8";"1";"5";""
"202100036888";"135 763";"A01";"2";"33";"0";"0";"0";"1";"1";""
"202100036889";"135 760";"C01";"2";"7";"0";"0";"6";"1";"1";""
"202100036889";"135 761";"B01";"2";"33";"0";"0";"4";"1";"1";""
"202100036889";"135 762";"A01";"2";"7";"0";"2";"1";"2";"1";""
"202100036890";"135 758";"A01";"1";"10";"0";"2";"1";"1";"1";""
"202100036890";"135 759";"B01";"2";"7";"0";"0";"7";"1";"1";""
"202100036891";"135 756";"B01";"1";"10";"0";"2";"3";"1";"1";""
"202100036891";"135 757";"A01";"1";"2";"0";"2";"7";"1";"1";""
"202100036892";"135 754";"B01";"1";"7";"0";"0";"3";"1";"1";""
"202100036892";"135 755";"A01";"2";"7";"0";"2";"1";"15";"1";""
"202100036893";"135 753";"A01";"1";"33";"14";"0";"9";"1";"1";""
"202100036894";"135 752";"A01";"0";"7";"6";"0";"1";"1";"1";""
"202100036895";"135 750";"B01";"3";"7";"0";"2";"3";"15";"1";""
"202100036895";"135 751";"A01";" -1";"33";"0";"2";"1";"1";"1";""
"202100036896";"135 749";"A01";"0";"2";"6";"0";"1";"0";"0";""
"202100036897";"135 747";"B01";"3";"7";"0";"2";"3";"1";"1";""
"202100036897";"135 748";"A01";"3";"2";"0";"2";"8";"19";"1";""
"202100036898";"135 745";"A01";"2";"7";"0";"9";"2";"17";"1";""
"202100036898";"135 746";"B01";"2";"60";"0";"2";"0";"15";"5";""
"202100036899";"135 744";"A01";"3";"1";"14";"0";"0";"1";"5";""
"202100036900";"135 743";"A01";"1";"7";"0";"1";"2";"1";"1";""
"202100036901";"135 741";"A01";"1";"30";"0";"2";"1";"5";"1";""
"202100036901";"135 742";"B01";"2";"7";"0";"2";"1";"1";"1";""
"202100036902";"135 740";"A01";"1";"7";"6";"0";"1";"0";"1";""
"202100036903";"135 738";"A01";"1";"7";"0";"2";"3";"15";"1";""
"202100036903";"135 739";"B01";"1";"33";"0";"2";"2";"17";"1";""
"202100036904";"135 736";"B01";"0";"7";"0";"0";"0";"26";"1";""
"202100036904";"135 737";"A01";"0";"7";"15";"0";"1";"21";"1";""
"202100036905";"135 734";"A01";"2";"33";"0";"2";"1";"1";"1";""
"202100036905";"135 735";"B01";"2";"14";"0";"2";"3";"20";"1";""
"202100036906";"135 731";"A01";"3";"30";"0";"0";"8";"15";"1";""
"202100036907";"135 729";"A01";"1";"33";"3";"2";"1";"17";"1";""
"202100036907";"135 730";"B01";"1";"7";"0";"2";"6";"1";"1";""
"202100036908";"135 727";"A01";"2";"7";"0";"2";"3";"1";"1";""
"202100036908";"135 728";"B01";"1";"7";"0";"2";"3";"15";"1";""
"202100036909";"135 725";"B01";"1";"7";"0";"0";"3";"1";"1";""
"202100036909";"135 726";"A01";"2";"7";"0";"2";"3";"1";"1";""
"202100036910";"135 724";"A01";"2";"7";"0";"1";"1";"1";"1";""
"202100036911";"135 723";"A01";"2";"33";"6";"0";"1";"16";"1";""
"202100036912";"135 722";"A01";"3";"7";"8";"0";"2";"1";"1";""
"202100036913";"135 721";"A01";"2";"33";"12";"0";"2";"1";"1";""
"202100036914";"135 717";"B01";"1";"7";"8";"0";"8";"1";"1";""
"202100036914";"135 718";"A01";"2";"7";"7";"2";"1";"1";"1";""
"202100036915";"135 715";"B01";"3";"39";"0";"2";"1";"1";"1";""
"202100036915";"135 716";"A01";"3";"7";"0";"4";"2";"9";"1";""
"202100036916";"135 714";"A01";"3";"33";"0";"0";"0";"1";"1";""
"202100036917";"135 713";"A01";"2";"34";"0";"1";"3";"1";"1";""
"202100036918";"135 712";"A01";"1";"7";"0";"1";"2";"1";"1";""
"202100036919";"135 710";"A01";"1";"14";"0";"2";"3";"1";"1";""
"202100036919";"135 711";"B01";"1";"7";"0";"0";"4";"15";"1";""
"202100036920";"135 708";"A01";"2";"10";"0";"2";"1";"2";"1";""
"202100036920";"135 709";"B01";"2";"17";"0";"0";"4";"1";"1";""
"202100036921";"135 706";"B01";"1";"7";"3";"0";"4";"2";"1";""
"202100036921";"135 707";"A01";"1";"7";"0";"2";"1";"2";"1";""
"202100036922";"135 705";"A01";"2";"7";"2";"0";"1";"1";"1";""
"202100036923";"135 703";"B01";"2";"7";"0";"2";"1";"1";"1";""
"202100036923";"135 704";"A01";"1";"7";"0";"2";"1";"1";"1";""
"202100036924";"135 700";"A01";"3";"1";"0";"1";"1";"17";"0";""
"202100036925";"135 699";"A01";"1";"7";"13";"0";"2";"1";"1";""
"202100036926";"135 698";"A01";"1";"33";"0";"0";"0";"2";"1";""
"202100036927";"135 697";"A01";"2";"33";"16";"0";"1";"1";"1";""
"202100036928";"135 696";"A01";"1";"7";"16";"0";"9";"1";"1";""
"202100036929";"135 695";"A01";"1";"7";"1";"0";"1";"1";"1";""
"202100036930";"135 693";"A01";"1";"7";"0";"2";"1";"1";"1";""
"202100036930";"135 694";"B01";"1";"10";"0";"2";"4";"1";"1";""
"202100036931";"135 691";"A01";"1";"7";"0";"2";"4";"1";"1";""
"202100036931";"135 692";"B01";"2";"7";"0";"2";"1";"2";"1";""
"202100036932";"135 689";"B01";"1";"33";"0";"2";"1";"2";"1";""
"202100036932";"135 690";"A01";"1";"10";"0";"2";"4";"2";"1";""
"202100036933";"135 688";"A01";"2";"14";"0";"1";"1";"1";"1";""
"202100036934";"135 684";"D01";"1";"7";"0";"2";"4";"2";"1";""