"Num_Acc";"id_vehicule";"num_veh";"senc";"catv";"obs";"obsm";"choc";"manv";"motor";"occutc"
"202100036934";"135 685";"C01";"1";"10";"0";"2";"4";"2";"1";""
"202100036934";"135 686";"B01";"1";"7";"0";"2";"4";"2";"1";""
"202100036934";"135 687";"A01";"1";"10";"0";"2";"1";"1";"1";""
"202100036935";"135 681";"C01";"2";"7";"0";"2";"4";"2";"1";""
"202100036935";"135 682";"B01";"2";"7";"0";"2";"1";"2";"1";""
"202100036935";"135 683";"A01";"2";"33";"0";"2";"4";"2";"1";""
"202100036936";"135 678";"Z01";"2";"7";"0";"2";"2";"2";"1";""
"202100036936";"135 679";"B01";"2";"7";"0";"2";"6";"1";"1";""
"202100036936";"135 680";"A01";"2";"7";"0";"2";"4";"2";"1";""
"202100036937";"135 677";"A01";"1";"7";"1";"1";"2";"14";"1";""
"202100036938";"135 674";"C01";"2";"10";"4";"2";"4";"2";"1";""
"202100036938";"135 675";"B01";"2";"10";"4";"2";"4";"2";"1";""
"202100036938";"135 676";"A01";"2";"10";"4";"2";"1";"2";"1";""
"202100036939";"135 671";"C01";"2";"7";"0";"2";"4";"1";"1";""
"202100036939";"135 672";"A01";"2";"7";"0";"2";"1";"1";"1";""
"202100036939";"135 673";"B01";"2";"7";"0";"2";"4";"1";"1";""
"202100036940";"135 667";"A01";"2";"43";"0";"2";"1";"3";"1";""
"202100036940";"135 668";"B01";"2";"7";"0";"2";"4";"23";"1";""
"202100036940";"135 669";"C01";"2";"7";"0";"2";"7";"1";"1";""
"202100036940";"135 670";"D01";"2";"10";"0";"2";"8";"1";"1";""
"202100036941";"135 665";"B01";"1";"7";"0";"2";"1";"1";"1";""
"202100036941";"135 666";"Z01";"1";"7";"0";"2";"4";"21";"1";""
"202100036942";"135 664";"A01";"1";"7";"4";"0";"1";"21";"1";""
"202100036943";"135 662";"B01";"1";"7";"0";"2";"4";"15";"1";""
"202100036943";"135 663";"A01";"1";"7";"0";"2";"1";"1";"1";""
"202100036944";"135 661";"A01";"3";"7";"0";"1";"1";"26";"1";""
"202100036945";"135 660";"A01";"1";"32";"0";"1";"1";"1";"1";""
"202100036946";"135 659";"A01";"2";"7";"1";"0";"1";"14";"1";""
"202100036947";"135 657";"B01";"1";"10";"0";"2";"8";"1";"1";""
"202100036947";"135 658";"A01";"2";"7";"0";"2";"1";"1";"1";""
"202100036948";"135 655";"B01";"2";"10";"0";"2";"4";"1";"1";""
"202100036948";"135 656";"A01";"2";"30";"0";"2";"1";"1";"1";""
"202100036949";"135 653";"B01";"3";"7";"0";"9";"3";"1";"1";""
"202100036949";"135 654";"A01";"3";"7";"0";"9";"3";"15";"1";""
"202100036950";"135 651";"B01";"1";"10";"0";"0";"4";"0";"1";""
"202100036950";"135 652";"A01";"1";"10";"0";"2";"1";"26";"1";""
"202100036951";"135 650";"A01";"1";"7";"4";"1";"3";"1";"1";""
"202100036952";"135 648";"B01";"2";"7";"0";"2";"7";"1";"1";""
"202100036952";"135 649";"A01";"2";"7";"0";"2";"1";"1";"1";""
"202100036953";"135 646";"B01";"0";"1";"0";"2";"1";"19";"5";""
"202100036953";"135 647";"A01";"2";"7";"0";"2";"3";"1";"1";""
"202100036954";"135 644";"A01";"1";"7";"0";"2";"3";"22";"1";""
"202100036954";"135 645";"B01";"1";"1";"1";"0";"1";"1";"5";""
"202100036955";"135 642";"B01";"2";"33";"0";"2";"8";"1";"1";""
"202100036955";"135 643";"A01";"1";"10";"0";"2";"3";"15";"1";""
"202100036956";"135 641";"A01";"1";"10";"0";"1";"1";"1";"1";""
"202100036957";"135 639";"B01";"1";"99";"0";"2";"8";"19";"3";""
"202100036957";"135 640";"A01";"1";"7";"0";"2";"1";"1";"1";""
"202100036958";"135 637";"B01";"1";"37";"0";"2";"2";"7";"1";"1"
"202100036958";"135 638";"A01";"1";"7";"0";"2";"3";"15";"1";""
"202100036959";"135 635";"Z01";"3";"17";"0";"2";"2";"13";"1";""
"202100036959";"135 636";"A01";"3";"7";"0";"2";"6";"20";"1";""
"202100036960";"135 634";"A01";"3";"10";"1";"1";"1";"0";"1";""
"202100036961";"135 633";"A01";"3";"7";"0";"1";"4";"20";"1";""
"202100036962";"135 631";"B01";"1";"33";"0";"2";"1";"17";"1";""
"202100036962";"135 632";"A01";"2";"7";"0";"2";"2";"9";"2";""
"202100036963";"135 629";"B01";"3";"31";"12";"2";"7";"2";"1";""
"202100036963";"135 630";"Z01";"3";"7";"0";"2";"8";"13";"1";""
"202100036964";"135 627";"A01";" -1";"7";"0";"2";"1";"15";"1";""
"202100036964";"135 628";"B01";" -1";"7";"0";"2";"3";"0";"1";""
"202100036965";"135 625";"A01";"0";"7";"0";"2";"1";"1";"1";""
"202100036965";"135 626";"B01";"0";"7";"0";"2";"4";"1";"1";""
"202100036966";"135 623";"A01";"0";"7";"0";"2";"1";"1";"1";""
"202100036966";"135 624";"B01";"0";"7";"0";"2";"4";"1";"1";""
"202100036967";"135 622";"A01";"2";"10";"0";"0";"0";"1";"0";""
"202100036968";"135 621";"A01";"2";"7";"0";"1";"1";"1";"1";""
"202100036969";"135 619";"A01";"3";"38";"0";"1";"7";"16";"1";"1"
"202100036970";"135 616";"C01";"1";"7";"0";"2";"4";"23";"1";""
"202100036970";"135 617";"B01";"1";"7";"0";"2";"4";"2";"1";""
"202100036970";"135 618";"A01";"1";"14";"0";"2";"1";"2";"1";""
"202100036971";"135 614";"A01";"1";"7";"0";"2";"1";"1";"1";""
"202100036971";"135 615";"B01";"2";"7";"0";"2";"3";"0";"3";""
"202100036972";"135 612";"A01";"2";"7";"0";"9";"3";"9";"1";""
"202100036972";"135 613";"B01";"3";"1";"0";"2";"1";"1";"5";""
"202100036973";"135 610";"A01";"2";"50";"0";"0";"0";"1";"3";""
"202100036974";"135 608";"A01";"0";"30";"0";"0";"7";"0";"1";""
"202100036975";"135 606";"B01";"3";"7";"0";"2";"7";"1";"1";""
"202100036975";"135 607";"A01";"1";"7";"0";"2";"1";"1";"1";""
"202100036976";"135 604";"B01";"2";"7";"0";"0";"5";"23";"1";""
"202100036976";"135 605";"A01";"2";"7";"0";"2";"3";"1";"1";""
"202100036977";"135 602";"B01";"1";"33";"0";"2";"3";"1";"1";""
"202100036977";"135 603";"A01";"2";"7";"0";"2";"1";"15";"1";""
"202100036978";"135 601";"A01";"1";"7";"0";"1";"5";"1";"6";""
"202100036979";"135 599";"A01";"1";"35";"0";"2";"0";"13";"1";""
"202100036979";"135 600";"B01";"2";"7";"0";"2";"3";"1";"1";""
"202100036980";"135 597";"B01";"2";"1";"0";"2";"0";"19";"5";""
"202100036980";"135 598";"A01";"1";"10";"0";"2";"1";"10";"1";""
"202100036981";"135 595";"A01";"1";"7";"0";"2";"2";"1";"1";""
"202100036981";"135 596";"B01";"1";"1";"0";"2";"1";"13";"5";""
"202100036982";"135 594";"A01";"1";"7";"0";"1";"1";"1";"1";""
"202100036983";"135 592";"Z01";"1";"7";"0";"2";"1";"1";"1";""
"202100036983";"135 593";"A01";"1";"7";"0";"2";"8";"1";"1";""
"202100036984";"135 590";"A01";"3";"60";"0";"2";"2";"15";"5";""
"202100036984";"135 591";"B01";"3";"7";"0";"2";"3";"16";"1";""
"202100036985";"135 589";"A01";"1";"33";"0";"0";"0";"11";"1";""
"202100036986";"135 588";"A01";"3";"30";"0";"2";"4";"26";"1";""
"202100036987";"135 586";"B01";"2";"13";"0";"2";"5";"21";"1";""
"202100036987";"135 587";"A01";"2";"30";"0";"2";"1";"21";"1";""
"202100036988";"135 584";"A01";"1";"7";"0";"2";"2";"10";"1";""
"202100036988";"135 585";"B01";"1";"33";"0";"2";"1";"1";"1";""
"202100036989";"135 580";"A01";"3";"7";"0";"9";"8";"15";"1";""
"202100036989";"135 581";"B01";"3";"33";"0";"2";"1";"1";"1";""
"202100036990";"135 577";"A01";"2";"30";"0";"2";"1";"26";"1";""
"202100036990";"135 578";"B01";"1";"10";"0";"2";"2";"19";"1";""
"202100036991";"135 575";"B01";"1";"37";"0";"2";"1";"1";"1";"2"
"202100036991";"135 576";"A01";"1";"7";"0";"2";"7";"16";"1";""
"202100036992";"135 573";"B01";"1";"7";"0";"2";"6";"1";"1";""
"202100036992";"135 574";"A01";"1";"33";"0";"2";"1";"2";"1";""
"202100036993";"135 572";"A01";"2";"7";"0";"1";"4";"4";"3";""
"202100036994";"135 571";"A01";"1";"30";"14";"0";"1";"1";"1";""
"202100036995";"135 569";"B01";"1";"7";"0";"2";"3";"16";"1";""
"202100036995";"135 570";"A01";"2";"33";"0";"2";"2";"1";"1";""
"202100036996";"135 566";"A01";"2";"7";"0";"2";"1";"2";"1";""
"202100036996";"135 567";"B01";"2";"7";"0";"2";"4";"2";"1";""
"202100036996";"135 568";"C01";"2";"7";"0";"2";"4";"23";"2";""
"202100036997";"135 564";"A01";"1";"7";"0";"2";"2";"2";"1";""
"202100036997";"135 565";"B01";"1";"7";"0";"2";"6";"16";"1";""
"202100036998";"135 562";"B01";"1";"7";"0";"2";"4";"2";"1";""
"202100036998";"135 563";"A01";"1";"2";"0";"2";"1";"2";"3";""
"202100036999";"135 560";"B01";"3";"1";"0";"2";"1";"26";"5";""
"202100036999";"135 561";"A01";"3";"7";"0";"2";"1";"26";"1";""
"202100037000";"135 559";"A01";"3";"7";"0";"1";"3";"26";"1";""
"202100037001";"135 558";"A01";"2";"7";"0";"1";"0";"15";"1";""
"202100037002";"135 557";"A01";"1";"7";"0";"1";"1";"15";"2";""
"202100037003";"135 556";"A01";"2";"7";"0";"0";"9";"14";"1";""
"202100037004";"135 555";"A01";"1";"7";"0";"1";"2";"1";"1";""
"202100037005";"135 554";"A01";"1";"33";"0";"0";"1";"1";"1";""
"202100037006";"135 553";"A01";"3";"1";"14";"0";"1";"1";"5";""
"202100037007";"135 551";"B01";"3";"7";"0";"2";"7";"15";"1";""
"202100037007";"135 552";"A01";"1";"7";"0";"2";"1";"1";"1";""
"202100037008";"135 549";"B01";"3";"80";"0";"2";"1";"1";"3";""
"202100037008";"135 550";"A01";"3";"7";"0";"2";"1";"9";"1";""
"202100037009";"135 547";"B01";"3";"7";"0";"2";"3";"15";"1";""
"202100037009";"135 548";"A01";"1";"7";"0";"2";"2";"13";"1";""
"202100037010";"135 546";"A01";"2";"7";"0";"1";"8";"2";"1";""
"202100037011";"135 544";"A01";"0";"1";"0";"2";"1";"15";"5";""
"202100037011";"135 545";"Z01";"0";"0";"0";"2";"0";"0";"0";""
"202100037012";"135 542";"A01";"1";"7";"0";"2";"4";"15";"1";""
"202100037012";"135 543";"B01";"1";"31";"0";"2";"1";"2";"1";""
"202100037013";"135 541";"A01";"2";"7";"0";"1";"2";"26";"1";""
"202100037014";"135 540";"A01";"1";"99";"0";"1";"7";"1";"3";""
"202100037015";"135 538";"A01";"0";"7";"0";"2";"0";"26";"1";""
"202100037015";"135 539";"B01";"3";"7";"2";"2";"3";"1";"1";""
"202100037016";"135 536";"A01";"0";"7";"14";"2";"1";"19";"1";""
"202100037016";"135 537";"B01";"0";"7";"0";"2";"1";"1";"1";""
"202100037017";"135 534";"A01";"1";"2";"1";"0";"1";"1";"1";""
"202100037017";"135 535";"B01";"1";"7";"0";"2";"6";"15";"1";""
"202100037018";"135 533";"A01";"1";"10";"6";"1";"7";"1";"1";""
"202100037019";"135 531";"A01";"2";"1";"0";"2";"6";"15";"5";""
"202100037019";"135 532";"B01";"2";"33";"0";"2";"1";"17";"1";""
"202100037020";"135 529";"B01";"1";"1";"1";"0";"1";"2";"5";""
"202100037020";"135 530";"A01";"1";"14";"0";"2";"6";"24";"1";""
"202100037021";"135 527";"A01";"1";"37";"0";"2";"5";"1";"1";"1"
"202100037021";"135 528";"B01";"1";"80";"0";"2";"1";"9";"5";""
"202100037022";"135 526";"A01";"1";"7";"3";"0";"9";"13";"1";""
"202100037023";"135 524";"A01";"3";"7";"0";"2";"3";"2";"1";""
"202100037023";"135 525";"B01";"3";"7";"0";"2";"3";"13";"1";""
"202100037024";"135 521";"A01";"1";"10";"0";"1";"1";"15";"1";""
"202100037025";"135 519";"B01";"1";"1";"0";"2";"6";"1";"5";""
"202100037025";"135 520";"A01";"1";"2";"0";"2";"1";"1";"1";""
"202100037026";"135 517";"A01";"1";"7";"0";"2";"3";"13";"0";""
"202100037026";"135 518";"B01";"2";"33";"0";"2";"1";"1";"1";""
"202100037027";"135 515";"B01";"1";"30";"0";"2";"0";"0";"1";""
"202100037027";"135 516";"A01";"1";"7";"0";"2";"6";"15";"1";""
"202100037028";"135 513";"B01";"2";"7";"0";"2";"4";"2";"1";""
"202100037028";"135 514";"A01";"2";"7";"0";"2";"1";"2";"1";""
"202100037029";"135 511";"B01";"2";"7";"0";"2";"4";"2";"1";""
"202100037029";"135 512";"A01";"1";"7";"0";"2";"1";"2";"1";""
"202100037030";"135 509";"B01";"3";"7";"0";"2";"4";"2";"1";""
"202100037030";"135 510";"A01";"3";"7";"0";"2";"1";"2";"1";""
"202100037031";"135 507";"B01";"1";"33";"0";"2";"1";"1";"1";""
"202100037031";"135 508";"A01";"1";"7";"0";"2";"2";"1";"1";""
"202100037032";"135 506";"A01";"3";"10";"0";"1";"4";"4";"1";""
"202100037033";"135 505";"A01";"2";"7";"8";"0";"1";"26";"1";""
"202100037034";"135 503";"A01";"2";"7";"0";"2";"0";"0";"1";""
"202100037034";"135 504";"B01";"1";"33";"0";"2";"2";"15";"1";""
"202100037035";"135 501";"B01";"1";"7";"0";"2";"8";"1";"1";""
"202100037035";"135 502";"A01";"1";"17";"0";"2";"2";"12";"1";""
"202100037036";"135 499";"A01";"2";"33";"0";"2";"3";"3";"1";""
"202100037036";"135 500";"B01";"2";"7";"0";"2";"5";"1";"1";""
"202100037037";"135 496";"C01";"1";"7";"0";"2";"6";"1";"1";""
"202100037037";"135 497";"B01";"1";"7";"0";"2";"5";"1";"1";""
"202100037037";"135 498";"A01";"1";"33";"0";"2";"3";"3";"1";""
"202100037038";"135 494";"A01";"2";"7";"0";"2";"1";"12";"1";""
"202100037038";"135 495";"B01";"2";"7";"0";"2";"6";"11";"1";""
"202100037039";"135 492";"A01";"1";"7";"0";"2";"1";"2";"1";""
"202100037039";"135 493";"B01";"1";"14";"0";"2";"4";"2";"0";""
"202100037040";"135 490";"B01";"1";"7";"0";"2";"3";"1";"1";""
"202100037040";"135 491";"A01";"2";"33";"1";"2";"1";"17";"1";""
"202100037041";"135 488";"B01";"2";"60";"0";"2";"8";"1";"5";""
"202100037041";"135 489";"A01";"2";"10";"0";"2";"2";"14";"1";""
"202100037042";"135 486";"A01";"1";"7";"0";"2";"3";"2";"1";""
"202100037042";"135 487";"B01";"1";"33";"0";"2";"4";"17";"1";""
"202100037043";"135 485";"A01";"1";"30";"0";"1";"1";"1";"3";""
"202100037044";"135 483";"B01";"1";"7";"0";"2";"7";"22";"1";""
"202100037044";"135 484";"A01";"3";"1";"0";"2";"1";"18";"5";""
"202100037045";"135 481";"A01";"3";"10";"0";"2";"2";"1";"1";""
"202100037045";"135 482";"B01";"0";"43";"0";"2";"1";"16";"1";""
"202100037046";"135 479";"B01";"2";"7";"0";"2";"4";"2";"1";""
"202100037046";"135 480";"A01";"2";"30";"0";"2";"1";"2";"1";""
"202100037047";"135 478";"A01";"1";"30";"1";"0";"1";"13";"3";""
"202100037048";"135 476";"A01";"1";"7";"0";"2";"2";"15";"2";""
"202100037048";"135 477";"B01";"2";"30";"0";"2";"1";"1";"1";""
"202100037049";"135 474";"A01";"3";"7";"0";"2";"8";"22";"1";""
"202100037049";"135 475";"B01";"3";"30";"0";"2";"1";"3";"1";""
"202100037050";"135 473";"A01";"0";"30";"0";"1";"7";"26";"3";""
"202100037051";"135 472";"A01";"2";"7";"0";"1";"5";"1";"1";""
"202100037052";"135 470";"B01";"1";"32";"0";"2";"6";"20";"1";""
"202100037052";"135 471";"A01";"3";"10";"0";"2";"8";"1";"1";""
"202100037053";"135 468";"A01";"1";"32";"0";"2";"1";"18";"1";""
"202100037053";"135 469";"B01";"1";"7";"0";"2";"5";"2";"1";""
"202100037054";"135 467";"A01";"3";"1";"12";"0";"7";"14";"5";""
"202100037055";"135 465";"B01";"2";"7";"0";"2";"3";"16";"1";""
"202100037055";"135 466";"A01";"2";"33";"0";"2";"3";"18";"1";""
"202100037056";"135 463";"B01";"0";"1";"0";"2";"7";"19";"5";""
"202100037056";"135 464";"A01";"0";"32";"0";"2";"1";"17";"1";""
"202100037057";"135 462";"A01";"0";"7";"14";"0";"1";"1";"1";""
"202100037058";"135 460";"A01";"1";"7";"0";"2";"7";"17";"1";""
"202100037058";"135 461";"B01";"1";"1";"0";"2";"8";"2";"5";""
"202100037059";"135 458";"B01";"1";"14";"0";"2";"3";"1";"1";""
"202100037059";"135 459";"A01";"1";"30";"0";"2";"1";"13";"1";""
"202100037060";"135 456";"B01";"2";"37";"0";"2";"7";"1";"1";"2"
"202100037060";"135 457";"A01";"2";"37";"0";"2";"3";"9";"1";"1"
"202100037061";"135 454";"C01";"2";"1";"0";"2";"6";"1";"5";""
"202100037061";"135 455";"A01";"2";"7";"0";"2";"2";"1";"1";""
"202100037062";"135 453";"A01";"1";"30";"0";"0";"7";"1";"1";""
"202100037063";"135 451";"B01";"1";"1";"0";"2";"3";"13";"5";""
"202100037063";"135 452";"A01";"2";"7";"0";"2";"2";"14";"1";""
"202100037064";"135 449";"A01";"3";"30";"0";"2";"0";"1";"1";""
"202100037064";"135 450";"B01";"3";"7";"0";"2";"3";"1";"1";""
"202100037065";"135 447";"B01";"3";"7";"0";"2";"5";"9";"1";""
"202100037065";"135 448";"A01";"3";"7";"0";"2";"1";"26";"1";""
"202100037066";"135 445";"B01";"0";"7";"0";"2";"1";"2";"1";""
"202100037066";"135 446";"A01";"0";"7";"0";"2";"4";"0";"1";""
"202100037067";"135 443";"A01";"3";"3";"0";"2";"1";"26";"1";""
"202100037067";"135 444";"B01";"3";"7";"0";"2";"1";"1";"1";""
"202100037068";"135 442";"A01";"0";"99";"0";"1";"0";"25";"0";""
"202100037069";"135 440";"B01";"2";"7";"0";"2";"8";"1";"1";""
"202100037069";"135 441";"A01";"1";"7";"0";"2";"1";"1";"1";""
"202100037070";"135 438";"B01";"1";"7";"0";"2";"1";"19";"1";""
"202100037070";"135 439";"A01";"2";"30";"0";"2";"8";"21";"1";""
"202100037071";"135 437";"A01";"1";"7";"0";"1";"2";"15";"0";""
"202100037072";"135 435";"A01";"3";"7";"0";"2";"1";"2";"1";""
"202100037072";"135 436";"B01";"3";"10";"0";"2";"4";"0";"1";""
"202100037073";"135 433";"B01";"1";"7";"0";"2";"7";"16";"1";""
"202100037073";"135 434";"A01";"1";"2";"0";"2";"1";"18";"1";""
"202100037074";"135 431";"A01";"1";"14";"0";"2";"2";"2";"1";""
"202100037074";"135 432";"B01";"1";"7";"0";"2";"6";"1";"1";""
"202100037075";"135 430";"A01";"1";"30";"0";"0";"1";"13";"1";""
"202100037076";"135 428";"B01";"1";"10";"0";"2";"2";"9";"1";""
"202100037076";"135 429";"A01";"1";"33";"1";"2";"1";"19";"1";""
"202100037077";"135 426";"B01";"3";"50";"0";"2";"8";"1";"3";""
"202100037077";"135 427";"A01";"3";"7";"0";"2";"2";"16";"1";""
"202100037078";"135 424";"A01";"3";"34";"0";"2";"6";"1";"1";""
"202100037078";"135 425";"B01";"3";"7";"0";"2";"2";"16";"1";""
"202100037079";"135 422";"B01";"1";"7";"0";"0";"2";"0";"0";""
"202100037079";"135 423";"A01";"1";"2";"0";"2";"2";"3";"1";""
"202100037080";"135 420";"A01";"0";"30";"0";"1";"1";"5";"0";""
"202100037081";"135 419";"A01";"1";"7";"13";"0";"2";"14";"1";""
"202100037082";"135 417";"B01";"2";"7";"0";"0";"1";"1";"1";""
"202100037082";"135 418";"A01";"1";"10";"0";"0";"2";"1";"1";""
"202100037083";"135 416";"A01";"0";"2";"0";"0";"0";"1";"1";""
"202100037084";"135 415";"A01";"2";"14";"2";"0";"1";"1";"1";""
"202100037085";"135 414";"A01";"2";"2";"12";"0";"3";"13";"1";""
"202100037086";"135 413";"A01";"1";"7";"0";"1";"2";"1";"1";""
"202100037087";"135 411";"B01";"3";"7";"0";"2";"3";"1";"1";""
"202100037087";"135 412";"A01";"3";"7";"0";"2";"3";"1";"1";""
"202100037088";"135 409";"B01";"3";"10";"0";"2";"3";"1";"1";""
"202100037088";"135 410";"A01";"3";"7";"0";"2";"3";"13";"1";""
"202100037089";"135 406";"A01";"3";"36";"13";"0";"1";"13";"1";""
"202100037090";"135 405";"A01";"2";"33";"9";"0";"7";"1";"1";""
"202100037091";"135 404";"A01";"1";"7";"0";"0";"0";"17";"1";""
"202100037092";"135 401";"A01";"1";"7";"6";"0";"3";"13";"1";""
"202100037093";"135 399";"A01";"1";"7";"0";"2";"3";"1";"1";""
"202100037093";"135 400";"B01";"2";"7";"0";"2";"3";"1";"1";""
"202100037094";"135 398";"A01";"2";"33";"4";"0";"2";"15";"1";""
"202100037095";"135 397";"A01";"3";"31";"0";"0";"0";"1";"1";""
"202100037096";"135 396";"A01";"0";"7";"9";"0";"3";"1";"1";""
"202100037097";"135 394";"B01";"2";"7";"0";"2";"3";"17";"1";""
"202100037097";"135 395";"A01";"1";"7";"0";"2";"3";"13";"1";""
"202100037098";"135 392";"B01";"2";"7";"0";"2";"6";"26";"1";""
"202100037098";"135 393";"A01";"2";"7";"0";"2";"1";"19";"1";""
"202100037099";"135 391";"A01";"3";"80";"12";"0";"0";"1";"3";""
"202100037100";"135 390";"A01";"2";"7";"13";"0";"2";"1";"1";""
"202100037101";"135 388";"B01";"1";"10";"0";"0";"3";"15";"1";""
"202100037101";"135 389";"A01";"1";"33";"0";"2";"1";"2";"1";""
"202100037102";"135 383";"B01";"2";"33";"0";"2";"1";"13";"1";""
"202100037102";"135 384";"A01";"1";"7";"0";"2";"1";"1";"1";""
"202100037103";"135 381";"A01";"0";"7";"0";"2";"3";"9";"1";""
"202100037103";"135 382";"B01";"1";"38";"0";"2";"2";"1";"1";"1"
"202100037104";"135 379";"B01";"2";"7";"0";"2";"3";"1";"1";""
"202100037104";"135 380";"A01";"2";"1";"0";"2";"1";"9";"5";""
"202100037105";"135 377";"A01";"1";"7";"0";"2";"3";"1";"1";""
"202100037105";"135 378";"B01";"2";"7";"0";"2";"3";"1";"1";""
"202100037106";"135 375";"D01";"1";"17";"0";"0";"0";"1";"1";""
"202100037106";"135 376";"A01";"2";"10";"1";"0";"1";"1";"1";""
"202100037107";"135 374";"A01";"3";"36";"13";"0";"1";"0";"1";""
"202100037108";"135 372";"B01";"2";"33";"0";"2";"1";"17";"1";""
"202100037108";"135 373";"A01";"2";"21";"0";"0";"3";"15";"1";""
"202100037109";"135 370";"B01";"3";"10";"1";"2";"3";"5";"1";""
"202100037109";"135 371";"A01";"3";"7";"0";"0";"3";"23";"1";""
"202100037110";"135 368";"C01";"1";"16";"1";"0";"1";"1";"1";""
"202100037110";"135 369";"A01";"1";"17";"0";"0";"4";"23";"1";""
"202100037111";"135 366";"A01";"1";"1";"0";"2";"1";"1";"5";""
"202100037111";"135 367";"B01";"1";"10";"0";"2";"7";"19";"1";""
"202100037112";"135 364";"B01";"2";"38";"0";"2";"6";"16";"1";"1"
"202100037112";"135 365";"A01";"2";"33";"0";"2";"1";"3";"1";""
"202100037113";"135 360";"D01";"1";"7";"0";"2";"2";"17";"1";""
"202100037113";"135 361";"C01";"1";"15";"0";"2";"1";"2";"1";""
"202100037113";"135 362";"B01";"1";"15";"0";"2";"1";"2";"1";""
"202100037113";"135 363";"A01";"1";"15";"0";"2";"4";"2";"1";""
"202100037114";"135 359";"A01";"1";"7";"13";"0";"1";"0";"1";""
"202100037115";"135 358";"A01";"1";"33";"13";"0";"3";"2";"1";""
"202100037116";"135 357";"A01";"1";"7";"16";"0";"1";"1";"1";""
"202100037117";"135 355";"B01";"0";"10";"0";"2";"6";"24";"1";""
"202100037117";"135 356";"A01";"0";"7";"1";"0";"3";"1";"1";""
"202100037118";"135 354";"A01";"2";"7";"15";"0";"2";"1";"1";""
"202100037119";"135 353";"A01";"1";"7";"2";"0";"1";"1";"1";""
"202100037120";"135 351";"A01";"1";"7";"0";"2";"1";"13";"1";""
"202100037120";"135 352";"B01";"2";"7";"0";"2";"3";"1";"1";""
"202100037121";"135 349";"B01";"0";"7";"0";"2";"2";"15";"1";""
"202100037121";"135 350";"A01";"0";"33";"0";"2";"8";"1";"1";""
"202100037122";"135 347";"B01";"2";"1";"0";"2";"1";"1";"5";""
"202100037122";"135 348";"A01";"2";"10";"0";"2";"7";"16";"1";""
"202100037123";"135 346";"A01";"0";"7";"0";"1";"1";"1";"1";""
"202100037124";"135 345";"A01";"2";"33";"0";"0";"9";"1";"1";""
"202100037125";"135 343";"B01";"2";"33";"0";"2";"2";"2";"1";""
"202100037125";"135 344";"A01";"2";"7";"0";"2";"3";"15";"1";""
"202100037126";"135 338";"E01";"1";"7";"13";"0";"0";"21";"1";""
"202100037126";"135 339";"D01";"1";"7";"0";"2";"3";"1";"1";""
"202100037126";"135 340";"C01";"2";"7";"0";"2";"3";"1";"1";""
"202100037126";"135 341";"B01";"1";"7";"0";"2";"3";"1";"1";""
"202100037126";"135 342";"A01";"2";"7";"0";"2";"1";"17";"1";""
"202100037127";"135 337";"A01";"1";"2";"12";"0";"2";"20";"1";""
"202100037128";"135 333";"A01";"2";"7";"0";"9";"8";"1";"1";""
"202100037128";"135 334";"B01";"1";"1";"0";"2";"1";"1";"5";""
"202100037129";"135 332";"A01";"1";"33";"0";"0";"0";"17";"1";""
"202100037130";"135 329";"A01";"2";"7";"0";"2";"4";"1";"1";""
"202100037130";"135 330";"B01";"2";"7";"0";"2";"4";"2";"1";""
"202100037130";"135 331";"C01";"2";"7";"0";"2";"1";"2";"1";""
"202100037131";"135 328";"A01";"1";"7";"3";"0";"1";"21";"1";""
"202100037132";"135 324";"C01";"1";"7";"1";"0";"1";"2";"1";""
"202100037132";"135 325";"B01";"1";"33";"1";"0";"4";"0";"1";""
"202100037132";"135 326";"A01";"1";"7";"0";"0";"4";"2";"1";""
"202100037132";"135 327";"D01";"1";"7";"1";"0";"1";"2";"1";""
"202100037133";"135 323";"A01";"1";"7";"4";"0";"1";"1";"1";""
"202100037134";"135 319";"D01";"1";"7";"0";"2";"4";"2";"1";""
"202100037134";"135 320";"C01";"1";"7";"0";"2";"4";"2";"1";""
"202100037134";"135 321";"B01";"1";"10";"0";"2";"4";"2";"1";""
"202100037134";"135 322";"A01";"1";"31";"0";"2";"1";"2";"1";""
"202100037135";"135 317";"B01";"1";"7";"0";"2";"4";"1";"1";""
"202100037135";"135 318";"A01";"1";"10";"0";"2";"1";"14";"1";""
"202100037136";"135 314";"A01";"2";"7";"0";"2";"2";"9";"1";""
"202100037136";"135 315";"C01";"2";"7";"0";"2";"4";"1";"1";""
"202100037136";"135 316";"B01";"2";"7";"0";"2";"6";"0";"1";""
"202100037137";"135 311";"A01";"1";"7";"0";"2";"2";"1";"1";""
"202100037137";"135 312";"B01";"1";"10";"0";"2";"1";"2";"1";""
"202100037137";"135 313";"C01";"1";"17";"0";"2";"4";"2";"1";""
"202100037138";"135 309";"A01";"1";"33";"0";"2";"4";"2";"1";""
"202100037138";"135 310";"B01";"1";"7";"0";"2";"1";"2";"1";""
"202100037139";"135 307";"A01";"2";"33";"0";"2";"4";"2";"1";""
"202100037139";"135 308";"B01";"2";"7";"0";"2";"1";"2";"1";""
"202100037140";"135 306";"A01";"2";"7";"3";"0";"1";"1";"1";""
"202100037141";"135 304";"A01";"2";"7";"0";"0";"4";"0";"1";""
"202100037141";"135 305";"B01";"2";"14";"0";"0";"0";"0";"1";""
"202100037142";"135 300";"C01";"2";"7";"0";"2";"6";"23";"1";""