"Num_Acc";"id_vehicule";"num_veh";"senc";"catv";"obs";"obsm";"choc";"manv";"motor";"occutc"
"202100037763";"134 161";"A01";"2";"32";"0";"2";"1";"1";"1";""
"202100037764";"134 159";"A01";"1";"36";"0";"0";"7";"15";"1";""
"202100037765";"134 157";"A01";"1";"33";"12";"2";"8";"21";"1";""
"202100037765";"134 158";"B01";"1";"7";"0";"2";"0";"16";"1";""
"202100037766";"134 155";"A01";"1";"10";"0";"2";"3";"22";"1";""
"202100037766";"134 156";"B01";"1";"1";"1";"0";"1";"1";"5";""
"202100037767";"134 153";"A01";"1";"7";"0";"2";"1";"2";"1";""
"202100037767";"134 154";"B01";"1";"7";"0";"2";"4";"15";"1";""
"202100037768";"134 151";"A01";"2";"30";"0";"2";"1";"19";"1";""
"202100037768";"134 152";"B01";"1";"10";"0";"2";"7";"1";"1";""
"202100037769";"134 150";"A01";"3";"0";"0";"1";"0";"2";"0";""
"202100037770";"134 148";"A01";"0";"7";"0";"2";"3";"1";"1";""
"202100037770";"134 149";"B01";"0";"7";"0";"2";"1";"1";"1";""
"202100037771";"134 146";"B01";"3";"1";"0";"2";"9";"19";"0";""
"202100037771";"134 147";"A01";"1";"10";"0";"2";"2";"1";"1";""
"202100037772";"134 145";"A01";"2";"7";"1";"0";"9";"1";"1";""
"202100037773";"134 144";"A01";"1";"7";"9";"1";"9";"14";"1";""
"202100037774";"134 142";"A01";"1";"7";"0";"4";"8";"9";"1";""
"202100037774";"134 143";"B01";"3";"39";"0";"2";"1";"1";"0";""
"202100037775";"134 140";"A01";"1";"7";"0";"2";"3";"13";"1";""
"202100037775";"134 141";"B01";"2";"7";"1";"2";"3";"1";"1";""
"202100037776";"134 138";"B01";"1";"32";"0";"2";"1";"1";"1";""
"202100037776";"134 139";"A01";"1";"7";"0";"9";"2";"15";"1";""
"202100037777";"134 136";"A01";"3";"33";"0";"2";"1";"1";"1";""
"202100037777";"134 137";"B01";"3";"7";"0";"9";"4";"1";"1";""
"202100037778";"134 134";"B01";"0";"1";"1";"0";"1";"1";"5";""
"202100037778";"134 135";"A01";"0";"7";"0";"2";"8";"24";"1";""
"202100037779";"134 132";"A01";"2";"7";"0";"2";"7";"17";"1";""
"202100037779";"134 133";"B01";"2";"2";"0";"2";"8";"17";"1";""
"202100037780";"134 129";"C01";"0";"7";"0";"0";"4";"2";"1";""
"202100037780";"134 130";"B01";"0";"7";"0";"2";"4";"2";"1";""
"202100037780";"134 131";"A01";"0";"7";"0";"2";"1";"2";"1";""
"202100037781";"134 127";"A01";"3";"7";"0";"2";"3";"19";"1";""
"202100037781";"134 128";"B01";"0";"7";"0";"2";"3";"19";"1";""
"202100037782";"134 125";"A01";"1";"7";"0";"9";"5";"16";"1";""
"202100037782";"134 126";"B01";"3";"50";"0";"2";"1";"19";"3";""
"202100037783";"134 124";"A01";"1";"7";"4";"0";"1";"1";"1";""
"202100037784";"134 122";"B01";"1";"2";"0";"2";"8";"7";"1";""
"202100037784";"134 123";"A01";"1";"7";"0";"2";"7";"16";"1";""
"202100037785";"134 120";"A01";"1";"7";"0";"2";"2";"26";"1";""
"202100037785";"134 121";"B01";"1";"7";"0";"2";"1";"0";"1";""
"202100037786";"134 119";"A01";"1";"7";"0";"1";"3";"26";"1";""
"202100037787";"134 117";"B01";"2";"7";"0";"2";"7";"1";"1";""
"202100037787";"134 118";"A01";"3";"7";"0";"2";"1";"26";"1";""
"202100037788";"134 115";"A01";"3";"31";"0";"2";"1";"19";"1";""
"202100037788";"134 116";"B01";"3";"7";"0";"2";"2";"0";"1";""
"202100037789";"134 114";"A01";"3";"30";"9";"0";"1";"1";"1";""
"202100037790";"134 113";"A01";"3";"7";"0";"1";"3";"1";"1";""
"202100037791";"134 112";"A01";"3";"2";"0";"0";"8";"26";"1";""
"202100037792";"134 110";"B01";"1";"10";"0";"2";"6";"1";"0";""
"202100037792";"134 111";"A01";"1";"30";"0";"2";"2";"17";"1";""
"202100037793";"134 108";"B01";"3";"7";"0";"2";"5";"12";"1";""
"202100037793";"134 109";"A01";"3";"7";"0";"2";"3";"1";"1";""
"202100037794";"134 106";"A01";"2";"1";"0";"2";"2";"2";"5";""
"202100037794";"134 107";"B01";"2";"7";"0";"2";"6";"2";"1";""
"202100037795";"134 104";"B01";"1";"7";"8";"2";"7";"23";"1";""
"202100037795";"134 105";"A01";"2";"37";"14";"0";"7";"1";"1";"1"
"202100037796";"134 102";"A01";"0";"1";"1";"0";"1";"21";"6";""
"202100037796";"134 103";"B01";"1";"10";"0";"2";"7";"22";"1";""
"202100037797";"134 101";"A01";"2";"33";"0";"1";"1";"1";"1";""
"202100037798";"134 098";"A01";"3";"30";"0";"1";"1";"25";"1";""
"202100037799";"134 096";"A01";"1";"7";"0";"2";"2";"19";"1";""
"202100037799";"134 097";"B01";"2";"7";"0";"2";"1";"1";"1";""
"202100037800";"134 094";"B01";"3";"33";"0";"2";"1";"0";"1";""
"202100037800";"134 095";"A01";"3";"7";"0";"2";"3";"15";"1";""
"202100037801";"134 092";"B01";"1";"7";"0";"2";"4";"20";"1";""
"202100037801";"134 093";"A01";"1";"7";"0";"2";"1";"1";"1";""
"202100037802";"134 088";"A01";"3";"32";"0";"2";"1";"17";"1";""
"202100037802";"134 089";"B01";"3";"7";"0";"2";"6";"15";"1";""
"202100037803";"134 086";"B01";"1";"7";"0";"1";"1";"1";"1";""
"202100037803";"134 087";"A01";"1";"7";"1";"2";"1";"26";"1";""
"202100037804";"134 084";"B01";"0";"7";"0";"2";"2";"1";"1";""
"202100037804";"134 085";"A01";"0";"7";"0";"2";"1";"1";"1";""
"202100037805";"134 080";"B01";"1";"7";"0";"2";"6";"24";"1";""
"202100037805";"134 081";"A01";"1";"7";"1";"0";"3";"1";"1";""
"202100037806";"134 078";"A01";"1";"7";"0";"2";"1";"1";"1";""
"202100037806";"134 079";"B01";"1";"7";"0";"2";"4";"1";"1";""
"202100037807";"134 076";"A01";"1";"7";"0";"2";"1";"1";"1";""
"202100037807";"134 077";"B01";"1";"1";"0";"2";"1";"1";"5";""
"202100037808";"134 074";"A01";"1";"7";"0";"2";"1";"1";"1";""
"202100037808";"134 075";"B01";"1";"1";"0";"2";"1";"1";"5";""
"202100037809";"134 073";"A01";"1";"7";"0";"1";"1";"1";"1";""
"202100037810";"134 071";"Z01";"3";"7";"0";"2";"1";"0";"1";""
"202100037810";"134 072";"A01";"3";"33";"0";"2";"4";"1";"1";""
"202100037811";"134 069";"A01";"3";"7";"0";"2";"2";"5";"1";""
"202100037811";"134 070";"B01";"3";"2";"0";"2";"1";"9";"1";""
"202100037812";"134 067";"Z01";"0";"7";"0";"2";"0";"0";"0";""
"202100037812";"134 068";"A01";"0";"7";"0";"2";"0";"26";"1";""
"202100037813";"134 065";"A01";"3";"7";"0";"2";"1";"1";"1";""
"202100037813";"134 066";"B01";"3";"7";"0";"2";"4";"23";"1";""
"202100037814";"134 063";"A01";"1";"33";"12";"2";"2";"15";"1";""
"202100037814";"134 064";"B01";"1";"30";"12";"2";"1";"1";"0";""
"202100037815";"134 061";"B01";"3";"1";"0";"2";"7";"2";"0";""
"202100037815";"134 062";"A01";"2";"7";"0";"2";"3";"9";"1";""
"202100037816";"134 060";"A01";"1";"7";"0";"1";"1";"1";"1";""
"202100037817";"134 058";"A01";"2";"7";"0";"2";"3";"9";"2";""
"202100037817";"134 059";"B01";"3";"30";"0";"2";"1";"1";"1";""
"202100037818";"134 057";"A01";"2";"7";"1";"0";"2";"0";"1";""
"202100037819";"134 055";"A01";"3";"33";"0";"2";"1";"26";"1";""
"202100037819";"134 056";"B01";"3";"43";"0";"2";"1";"0";"1";""
"202100037820";"134 053";"B01";"1";"10";"0";"2";"3";"23";"1";""
"202100037820";"134 054";"A01";"2";"32";"0";"2";"1";"21";"1";""
"202100037821";"134 052";"A01";"1";"7";"13";"0";"6";"1";"1";""
"202100037822";"134 049";"A01";"2";"10";"0";"2";"1";"1";"1";""
"202100037822";"134 050";"B01";"2";"7";"0";"2";"4";"1";"1";""
"202100037822";"134 051";"C01";"2";"7";"0";"2";"4";"1";"1";""
"202100037823";"134 047";"B01";"1";"33";"0";"2";"3";"21";"1";""
"202100037823";"134 048";"Z01";"2";"7";"0";"2";"0";"0";"0";""
"202100037824";"134 045";"A01";"3";"7";"0";"2";"3";"13";"1";""
"202100037824";"134 046";"B01";"3";"33";"0";"2";"1";"1";"1";""
"202100037825";"134 043";"B01";"1";"33";"0";"2";"1";"21";"1";""
"202100037825";"134 044";"A01";"2";"7";"0";"0";"2";"19";"1";""
"202100037826";"134 042";"A01";"1";"33";"0";"0";"7";"21";"1";""
"202100037827";"134 040";"B01";"1";"50";"0";"2";"7";"5";"3";""
"202100037827";"134 041";"A01";"2";"7";"0";"2";"1";"16";"2";""
"202100037828";"134 038";"A01";"2";"31";"0";"2";"1";"1";"1";""
"202100037828";"134 039";"B01";"2";"50";"0";"2";"4";"15";"3";""
"202100037829";"134 036";"B01";"1";"80";"0";"2";"4";"1";"3";""
"202100037829";"134 037";"A01";"3";"30";"0";"2";"1";"16";"1";""
"202100037830";"134 034";"B01";"1";"1";"0";"2";"1";"2";"5";""
"202100037830";"134 035";"A01";"1";"1";"0";"2";"3";"10";"5";""
"202100037831";"134 033";"A01";"2";"40";"0";"1";"7";"1";"3";""
"202100037832";"134 032";"A01";"1";"32";"0";"0";"0";"21";"1";""
"202100037833";"134 031";"A01";"1";"43";"0";"1";"1";"1";"1";""
"202100037834";"134 029";"B01";"3";"7";"0";"2";"6";"23";"1";""
"202100037834";"134 030";"A01";"3";"43";"0";"2";"1";"1";"1";""
"202100037835";"134 027";"A01";"2";"7";"0";"2";"8";"22";"1";""
"202100037835";"134 028";"B01";"0";"43";"0";"2";"7";"17";"1";""
"202100037836";"134 025";"B01";"2";"7";"0";"2";"7";"16";"3";""
"202100037836";"134 026";"A01";"2";"33";"8";"2";"2";"18";"1";""
"202100037837";"134 024";"A01";"1";"30";"0";"1";"1";"1";"1";""
"202100037838";"134 023";"A01";"2";"30";"1";"0";"2";"14";"1";""
"202100037839";"134 021";"A01";"0";"30";"12";"2";"7";"14";"1";""
"202100037839";"134 022";"B01";"0";"30";"0";"2";"0";"1";"1";""
"202100037840";"134 019";"B01";"2";"1";"0";"2";"1";"1";"5";""
"202100037840";"134 020";"A01";"2";"7";"0";"2";"8";"22";"1";""
"202100037841";"134 017";"B01";"2";"1";"0";"2";"1";"1";"5";""
"202100037841";"134 018";"A01";"2";"10";"0";"2";"5";"4";"1";""
"202100037842";"134 015";"B01";"2";"7";"0";"2";"1";"15";"1";""
"202100037842";"134 016";"A01";"2";"50";"0";"2";"7";"19";"3";""
"202100037843";"134 014";"A01";"2";"7";"0";"1";"1";"1";"1";""
"202100037844";"134 013";"A01";"1";"7";"1";"0";"1";"1";"1";""
"202100037845";"134 012";"A01";"2";"43";"0";"1";"2";"26";"1";""
"202100037846";"134 010";"A01";"3";"7";"8";"2";"1";"16";"1";""
"202100037846";"134 011";"B01";"3";"2";"8";"2";"1";"1";"1";""
"202100037847";"134 009";"A01";"1";"7";"0";"1";"3";"1";"1";""
"202100037848";"134 007";"A01";"2";"7";"0";"2";"8";"15";"1";""
"202100037848";"134 008";"B01";"2";"34";"0";"2";"7";"17";"1";""
"202100037849";"134 005";"B01";"2";"7";"9";"2";"3";"26";"1";""
"202100037849";"134 006";"Z01";"2";"7";"0";"2";"2";"0";"1";""
"202100037850";"134 003";"A01";"3";"7";"0";"2";"7";"5";"1";""
"202100037850";"134 004";"B01";"3";"7";"0";"2";"8";"23";"1";""
"202100037851";"134 002";"A01";"2";"10";"8";"0";"1";"9";"1";""
"202100037852";"134 000";"Z01";"3";"7";"0";"2";"0";"16";"1";""
"202100037852";"134 001";"B01";"3";"10";"0";"2";"7";"24";"1";""
"202100037853";"133 999";"A01";"3";"7";"3";"0";"9";"1";"1";""
"202100037854";"133 997";"B01";"1";"31";"0";"0";"8";"1";"1";""
"202100037854";"133 998";"A01";"2";"7";"0";"2";"0";"15";"0";""
"202100037855";"133 995";"B01";"3";"10";"0";"2";"2";"2";"3";""
"202100037855";"133 996";"A01";"1";"7";"0";"2";"1";"26";"1";""
"202100037856";"133 994";"Z01";"3";"30";"9";"1";"0";"26";"1";""
"202100037857";"133 992";"B01";"0";"1";"0";"0";"0";"0";"0";""
"202100037857";"133 993";"A01";"1";"15";"0";"2";"7";"16";"1";""
"202100037858";"133 991";"A01";"0";"7";"6";"0";"1";"19";"1";""
"202100037859";"133 990";"A01";"2";"7";"0";"1";"1";"1";"1";""
"202100037860";"133 988";"A01";"1";"7";"0";"2";"5";"2";"1";""
"202100037860";"133 989";"B01";"1";"10";"0";"2";"3";"2";"1";""
"202100037861";"133 986";"A01";"2";"7";"0";"2";"2";"15";"1";""
"202100037861";"133 987";"B01";"1";"33";"0";"2";"1";"0";"1";""
"202100037862";"133 984";"B01";"3";"2";"0";"2";"0";"15";"1";""
"202100037862";"133 985";"A01";"3";"7";"0";"2";"1";"1";"1";""
"202100037863";"133 982";"B01";"1";"7";"14";"9";"4";"0";"0";""
"202100037863";"133 983";"A01";"2";"1";"14";"0";"1";"26";"5";""
"202100037864";"133 980";"A01";"0";"7";"0";"0";"0";"13";"1";""
"202100037864";"133 981";"B01";"0";"2";"0";"2";"0";"3";"1";""
"202100037865";"133 978";"B01";"3";"33";"0";"2";"8";"1";"1";""
"202100037865";"133 979";"A01";"3";"7";"0";"2";"1";"15";"1";""
"202100037866";"133 976";"A01";"1";"7";"0";"2";"1";"15";"1";""
"202100037866";"133 977";"B01";"1";"7";"0";"2";"2";"0";"1";""
"202100037867";"133 975";"A01";"2";"7";"14";"0";"1";"1";"1";""
"202100037868";"133 974";"A01";"2";"1";"0";"1";"1";"1";"5";""
"202100037869";"133 972";"A01";"1";"33";"0";"2";"1";"11";"1";""
"202100037869";"133 973";"B01";"1";"30";"0";"2";"4";"2";"1";""
"202100037870";"133 970";"A01";"3";"2";"0";"2";"7";"17";"1";""
"202100037870";"133 971";"B01";"3";"7";"0";"2";"3";"15";"1";""
"202100037871";"133 968";"B01";"2";"32";"0";"2";"6";"18";"1";""
"202100037871";"133 969";"A01";"2";"13";"0";"2";"5";"1";"1";""
"202100037872";"133 966";"A01";"2";"7";"0";"2";"4";"15";"1";""
"202100037872";"133 967";"B01";"2";"31";"0";"2";"1";"2";"1";""
"202100037873";"133 964";"B01";"3";"43";"0";"2";"4";"1";"1";""
"202100037873";"133 965";"A01";"2";"7";"0";"2";"1";"2";"2";""
"202100037874";"133 963";"A01";"2";"7";"0";"1";"1";"16";"1";""
"202100037875";"133 961";"A01";"2";"33";"0";"2";"2";"2";"0";""
"202100037875";"133 962";"B01";"2";"32";"0";"2";"6";"1";"1";""
"202100037876";"133 960";"A01";"1";"7";"1";"9";"2";"1";"1";""
"202100037877";"133 957";"C01";"2";"7";"0";"2";"4";"23";"1";""
"202100037877";"133 958";"B01";"2";"7";"0";"2";"4";"23";"2";""
"202100037877";"133 959";"A01";"2";"10";"14";"0";"1";"1";"1";""
"202100037878";"133 956";"A01";"1";"0";"8";"0";"7";"25";"0";""
"202100037879";"133 954";"B01";"2";"33";"0";"2";"7";"1";"1";""
"202100037879";"133 955";"A01";"1";"7";"0";"2";"1";"19";"1";""
"202100037880";"133 952";"B01";"1";"7";"8";"0";"3";"1";"1";""
"202100037880";"133 953";"A01";"2";"7";"0";"0";"3";"1";"1";""
"202100037881";"133 950";"B01";"1";"10";"0";"2";"6";"15";"1";""
"202100037881";"133 951";"A01";"1";"33";"0";"2";"1";"15";"1";""
"202100037882";"133 949";"A01";"3";"7";"0";"1";"5";"4";"1";""
"202100037883";"133 948";"A01";"2";"7";"0";"1";"2";"1";"1";""
"202100037884";"133 946";"A01";"2";"33";"14";"2";"2";"2";"1";""
"202100037884";"133 947";"B01";"2";"7";"0";"0";"6";"2";"1";""
"202100037885";"133 944";"A01";"2";"33";"0";"2";"8";"1";"1";""
"202100037885";"133 945";"B01";"1";"7";"0";"2";"8";"1";"1";""
"202100037886";"133 942";"B01";"1";"33";"0";"2";"2";"17";"1";""
"202100037886";"133 943";"A01";"1";"7";"0";"2";"3";"17";"1";""
"202100037887";"133 941";"A01";"1";"33";"7";"0";"0";"1";"1";""
"202100037888";"133 939";"B01";"1";"1";"0";"2";"1";"13";"5";""
"202100037888";"133 940";"A01";"1";"7";"0";"2";"1";"1";"1";""
"202100037889";"133 938";"A01";"3";"2";"0";"1";"1";"1";"1";""
"202100037890";"133 936";"B01";"1";"1";"0";"2";"4";"1";"5";""
"202100037890";"133 937";"A01";"1";"1";"0";"2";"1";"2";"5";""
"202100037891";"133 933";"B01";"3";"7";"0";"0";"0";"26";"1";""
"202100037891";"133 934";"C01";"2";"21";"0";"2";"3";"1";"6";""
"202100037891";"133 935";"A01";"2";"2";"0";"2";"1";"21";"1";""
"202100037892";"133 932";"A01";"2";"2";"12";"0";"3";"15";"1";""
"202100037893";"133 930";"B01";"2";"7";"0";"0";"5";"1";"1";""
"202100037893";"133 931";"A01";"2";"7";"0";"2";"3";"1";"1";""
"202100037894";"133 929";"A01";"2";"1";"1";"0";"1";"14";"5";""
"202100037895";"133 926";"A01";"1";"7";"0";"2";"3";"13";"1";""
"202100037895";"133 927";"B01";"2";"7";"0";"2";"3";"1";"1";""
"202100037896";"133 924";"A01";"1";"7";"6";"2";"3";"2";"1";""
"202100037896";"133 925";"B01";"2";"7";"6";"2";"3";"2";"1";""
"202100037897";"133 922";"A01";"1";"7";"0";"0";"8";"9";"1";""
"202100037897";"133 923";"B01";"1";"1";"0";"2";"1";"9";"0";""
"202100037898";"133 921";"A01";"1";"7";"8";"0";"3";"0";"1";""
"202100037899";"133 920";"A01";"1";"7";"0";"0";"3";"14";"1";""
"202100037900";"133 918";"A01";"2";"7";"0";"2";"7";"15";"1";""
"202100037900";"133 919";"B01";"1";"31";"0";"2";"1";"1";"1";""
"202100037901";"133 916";"A01";"1";"10";"0";"2";"1";"1";"1";""
"202100037901";"133 917";"B01";"0";"7";"0";"2";"3";"16";"1";""
"202100037902";"133 915";"A01";"2";"2";"0";"0";"0";"1";"1";""
"202100037903";"133 913";"B01";"2";"1";"0";"9";"1";"2";"5";""
"202100037903";"133 914";"A01";"2";"1";"0";"9";"1";"2";"5";""
"202100037904";"133 912";"A01";"2";"33";"0";"6";"0";"1";"1";""
"202100037905";"133 910";"A01";"2";"7";"0";"2";"1";"1";"1";""
"202100037905";"133 911";"B01";"3";"7";"0";"2";"7";"9";"1";""
"202100037906";"133 907";"C01";"1";"2";"0";"2";"3";"1";"1";""
"202100037906";"133 908";"B01";"1";"7";"0";"2";"8";"1";"1";""
"202100037906";"133 909";"A01";"3";"7";"0";"2";"3";"21";"1";""
"202100037907";"133 905";"A01";"2";"7";"8";"2";"7";"15";"1";""
"202100037907";"133 906";"B01";"2";"7";"0";"2";"1";"1";"1";""
"202100037908";"133 904";"A01";"2";"33";"3";"0";"0";"1";"1";""
"202100037909";"133 903";"A01";"0";"36";"0";"0";"1";"0";"1";""
"202100037910";"133 901";"B01";"2";"7";"0";"2";"1";"15";"1";""
"202100037910";"133 902";"A01";"1";"2";"0";"2";"1";"0";"1";""
"202100037911";"133 899";"B01";"2";"33";"0";"2";"3";"1";"1";""
"202100037911";"133 900";"A01";"1";"10";"0";"2";"3";"1";"1";""
"202100037912";"133 897";"B01";"2";"33";"0";"2";"3";"1";"1";""
"202100037912";"133 898";"A01";"2";"7";"0";"0";"5";"15";"1";""
"202100037913";"133 896";"A01";"2";"7";"13";"0";"1";"0";"1";""
"202100037914";"133 895";"A01";"1";"33";"6";"0";"8";"1";"1";""
"202100037915";"133 894";"A01";"1";"33";"0";"0";"8";"26";"1";""
"202100037916";"133 893";"A01";"2";"1";"13";"0";"2";"1";"5";""
"202100037917";"133 891";"A01";"2";"7";"0";"2";"3";"9";"1";""
"202100037917";"133 892";"B01";"1";"7";"3";"2";"1";"1";"1";""
"202100037918";"133 890";"A01";"1";"7";"1";"0";"3";"1";"1";""
"202100037919";"133 888";"B01";"1";"0";"0";"9";"2";"1";"0";""
"202100037919";"133 889";"A01";"1";"1";"0";"0";"4";"1";"5";""
"202100037920";"133 886";"A01";"0";"33";"0";"2";"1";"1";"1";""
"202100037920";"133 887";"B01";"0";"7";"0";"9";"1";"1";"1";""
"202100037921";"133 883";"C01";"2";"33";"0";"2";"1";"1";"1";""
"202100037921";"133 884";"B01";"2";"33";"0";"2";"1";"1";"1";""
"202100037921";"133 885";"A01";"2";"7";"0";"0";"4";"1";"1";""
"202100037922";"133 882";"A01";"3";"7";"9";"1";"1";"1";"1";""
"202100037923";"133 880";"B01";"2";"7";"0";"0";"1";"1";"1";""
"202100037923";"133 881";"A01";"1";"10";"0";"2";"1";"13";"1";""
"202100037924";"133 879";"A01";"1";"1";"0";"0";"0";"1";"5";""
"202100037925";"133 876";"C01";"0";"14";"0";"0";"0";"15";"1";""
"202100037925";"133 877";"A01";"1";"1";"0";"9";"1";"1";"5";""
"202100037925";"133 878";"B01";"1";"1";"0";"9";"1";"1";"5";""
"202100037926";"133 875";"A01";"2";"33";"13";"0";"1";"1";"1";""
"202100037927";"133 873";"B01";"2";"33";"0";"2";"1";"1";"1";""
"202100037927";"133 874";"A01";"1";"7";"0";"2";"2";"15";"1";""
"202100037928";"133 871";"B01";"2";"7";"0";"0";"0";"15";"1";""
"202100037928";"133 872";"A01";"1";"33";"0";"0";"0";"1";"1";""
"202100037929";"133 869";"A01";"1";"7";"0";"2";"3";"15";"1";""
"202100037929";"133 870";"B01";"1";"33";"0";"2";"1";"1";"1";""
"202100037930";"133 867";"B01";"2";"7";"0";"2";"1";"1";"1";""
"202100037930";"133 868";"A01";"1";"7";"0";"2";"3";"15";"1";""
"202100037931";"133 865";"B01";"1";"1";"0";"2";"4";"2";"5";""
"202100037931";"133 866";"A01";"1";"7";"0";"2";"2";"2";"1";""
"202100037932";"133 864";"A01";"0";"10";"0";"1";"2";"1";"0";""
"202100037933";"133 862";"B01";"1";"7";"0";"2";"3";"2";"1";""
"202100037933";"133 863";"A01";"1";"10";"6";"0";"6";"2";"1";""
"202100037934";"133 860";"A01";"1";"10";"0";"2";"8";"10";"1";""
"202100037934";"133 861";"B01";"1";"31";"0";"2";"1";"1";"1";""
"202100037935";"133 859";"A01";"3";"7";"2";"0";"1";"13";"1";""
"202100037936";"133 857";"A01";"3";"2";"13";"0";"1";"1";"1";""
"202100037937";"133 855";"A01";"1";"10";"0";"2";"8";"19";"1";""
"202100037937";"133 856";"B01";"1";"10";"0";"2";"3";"1";"1";""
"202100037938";"133 853";"A01";"1";"7";"0";"9";"3";"16";"1";""
"202100037938";"133 854";"B01";"1";"1";"0";"2";"2";"1";"5";""
"202100037939";"133 851";"B01";"1";"7";"0";"6";"1";"1";"1";""
"202100037939";"133 852";"A01";"2";"7";"0";"6";"1";"1";"1";""
"202100037940";"133 850";"A01";"1";"33";"3";"0";"1";"12";"1";""
"202100037941";"133 847";"B01";"1";"7";"0";"2";"4";"2";"1";""
"202100037941";"133 848";"C01";"1";"10";"0";"2";"1";"2";"1";""
"202100037941";"133 849";"A01";"1";"7";"0";"2";"4";"1";"1";""
"202100037942";"133 845";"A01";"2";"10";"0";"2";"3";"14";"1";""
"202100037942";"133 846";"B01";"2";"7";"0";"2";"6";"1";"1";""
"202100037943";"133 844";"A01";"2";"7";"0";"2";"9";"2";"1";""
"202100037944";"133 842";"A01";"2";"33";"0";"2";"1";"2";"1";""
"202100037944";"133 843";"B01";"2";"7";"0";"2";"4";"2";"1";""
"202100037945";"133 840";"B01";"2";"7";"0";"2";"5";"2";"1";""
"202100037945";"133 841";"A01";"2";"33";"0";"2";"3";"2";"1";""
"202100037946";"133 838";"B01";"2";"7";"0";"2";"2";"12";"1";""
"202100037946";"133 839";"A01";"2";"14";"0";"2";"3";"1";"1";""
"202100037947";"133 836";"A01";"1";"7";"0";"2";"0";"13";"1";""
"202100037947";"133 837";"B01";"1";"10";"0";"2";"0";"13";"1";""
"202100037948";"133 834";"A01";"1";"13";"0";"2";"1";"1";"1";""
"202100037948";"133 835";"B01";"1";"7";"0";"2";"4";"1";"1";""
"202100037949";"133 831";"A01";"1";"7";"0";"2";"3";"21";"1";""
"202100037949";"133 832";"B01";"1";"7";"0";"2";"5";"1";"1";""
"202100037949";"133 833";"C01";"1";"13";"0";"2";"8";"1";"1";""
"202100037950";"133 829";"A01";"1";"32";"0";"2";"3";"3";"1";""
"202100037950";"133 830";"B01";"1";"7";"0";"2";"5";"12";"2";""
"202100037951";"133 828";"A01";"3";"7";"0";"1";"1";"1";"1";""
"202100037952";"133 826";"B01";"3";"7";"0";"2";"1";"2";"1";""
"202100037952";"133 827";"A01";"3";"7";"0";"2";"2";"2";"2";""
"202100037953";"133 824";"A01";"1";"7";"8";"2";"1";"21";"1";""
"202100037953";"133 825";"B01";"2";"7";"0";"2";"2";"1";"1";""
"202100037954";"133 822";"B01";"2";"7";"0";"2";"4";"1";"1";""
"202100037954";"133 823";"A01";"2";"33";"0";"2";"1";"1";"1";""
"202100037955";"133 820";"B01";"2";"7";"0";"2";"5";"23";"1";""
"202100037955";"133 821";"A01";"2";"34";"0";"2";"1";"2";"1";""
"202100037956";"133 819";"A01";"1";"30";"0";"0";"1";"19";"1";""
"202100037957";"133 817";"A01";"1";"31";"0";"2";"1";"1";"6";""
"202100037957";"133 818";"B01";"1";"7";"0";"2";"4";"1";"6";""
"202100037958";"133 815";"B01";"1";"2";"0";"2";"7";"1";"1";""
"202100037958";"133 816";"A01";"1";"7";"0";"2";"2";"26";"2";""
"202100037959";"133 813";"B01";"2";"7";"0";"2";"3";"16";"1";""
"202100037959";"133 814";"A01";"2";"32";"0";"2";"5";"16";"6";""
"202100037960";"133 810";"A01";"2";"7";"0";"2";"1";"1";"1";""
"202100037960";"133 811";"B01";"2";"7";"0";"2";"1";"1";"1";""
"202100037960";"133 812";"C01";"2";"7";"0";"0";"4";"1";"1";""
"202100037961";"133 809";"A01";"2";"10";"1";"1";"4";"26";"1";""
"202100037962";"133 808";"A01";"3";"1";"1";"1";"1";"21";"5";""
"202100037963";"133 807";"A01";"1";"7";"0";"1";"7";"1";"1";""
"202100037964";"133 805";"A01";"2";"7";"0";"2";"1";"2";"1";""
"202100037964";"133 806";"B01";"2";"7";"0";"2";"4";"2";"1";""
"202100037965";"133 803";"A01";"1";"7";"0";"2";"8";"15";"1";""
"202100037965";"133 804";"B01";"1";"31";"0";"2";"1";"17";"1";""
"202100037966";"133 801";"A01";"1";"7";"0";"2";"1";"9";"1";""
"202100037966";"133 802";"B01";"2";"33";"0";"2";"1";"17";"1";""
"202100037967";"133 799";"B01";"3";"7";"0";"2";"6";"0";"1";""
"202100037967";"133 800";"A01";"3";"34";"0";"2";"7";"17";"1";""
"202100037968";"133 797";"A01";"1";"7";"0";"2";"3";"1";"1";""
"202100037968";"133 798";"B01";"1";"2";"0";"2";"1";"15";"1";""
"202100037969";"133 794";"A01";"3";"13";"0";"2";"4";"4";"1";""
"202100037969";"133 795";"B01";"3";"30";"0";"2";"8";"0";"1";""
"202100037970";"133 793";"A01";"2";"30";"0";"2";"8";"1";"1";""
"202100037971";"133 789";"B01";"0";"1";"0";"2";"9";"15";"0";""
"202100037971";"133 790";"A01";"0";"33";"0";"2";"7";"17";"1";""
"202100037972";"133 787";"B01";"2";"7";"0";"2";"0";"15";"0";""
"202100037972";"133 788";"A01";"1";"30";"0";"2";"1";"0";"0";""
"202100037973";"133 785";"A01";"1";"7";"0";"2";"3";"15";"1";""
"202100037973";"133 786";"B01";"1";"34";"0";"2";"7";"2";"1";""
"202100037974";"133 783";"B01";"0";"7";"0";"9";"1";"1";"1";""