"Num_Acc";"id_vehicule";"num_veh";"senc";"catv";"obs";"obsm";"choc";"manv";"motor";"occutc"
"202100038599";"132 644";"B01";"1";"7";"0";"2";"8";"1";"1";""
"202100038600";"132 641";"A01";"1";"7";"0";"9";"2";"9";"1";""
"202100038600";"132 642";"B01";"1";"1";"0";"2";"1";"1";"5";""
"202100038601";"132 639";"B01";"3";"7";"0";"2";"6";"1";"1";""
"202100038601";"132 640";"A01";"1";"30";"0";"2";"1";"1";"1";""
"202100038602";"132 637";"A01";"1";"7";"9";"2";"6";"14";"1";""
"202100038602";"132 638";"B01";"1";"7";"0";"2";"1";"0";"0";""
"202100038603";"132 635";"A01";"1";"7";"0";"2";"2";"15";"1";""
"202100038603";"132 636";"B01";"2";"7";"0";"2";"8";"2";"1";""
"202100038604";"132 633";"A01";"1";"7";"0";"2";"1";"1";"1";""
"202100038604";"132 634";"B01";"2";"1";"0";"2";"7";"1";"0";""
"202100038605";"132 631";"B01";"2";"99";"0";"2";"1";"1";"0";""
"202100038605";"132 632";"A01";"1";"7";"0";"2";"2";"16";"1";""
"202100038606";"132 630";"A01";"2";"43";"0";"1";"2";"1";"1";""
"202100038607";"132 628";"B01";"1";"7";"0";"2";"4";"23";"1";""
"202100038607";"132 629";"A01";"1";"30";"0";"2";"1";"2";"1";""
"202100038608";"132 626";"A01";"2";"7";"0";"2";"3";"9";"1";""
"202100038608";"132 627";"B01";"2";"7";"0";"2";"5";"16";"1";""
"202100038609";"132 623";"B01";"2";"37";"0";"2";"3";"1";"1";"4"
"202100038609";"132 624";"A01";"2";"7";"0";"2";"3";"1";"1";""
"202100038610";"132 621";"B01";"3";"38";"0";"2";"0";"0";"1";"1"
"202100038610";"132 622";"A01";"3";"7";"0";"2";"1";"0";"1";""
"202100038611";"132 619";"B01";"1";"32";"0";"2";"1";"1";"1";""
"202100038611";"132 620";"A01";"1";"7";"0";"2";"3";"16";"1";""
"202100038612";"132 617";"A01";"3";"30";"0";"2";"1";"1";"1";""
"202100038612";"132 618";"B01";"1";"7";"0";"2";"3";"15";"1";""
"202100038613";"132 616";"A01";"1";"7";"0";"1";"1";"2";"1";""
"202100038614";"132 615";"A01";"0";"36";"0";"0";"0";"0";"1";""
"202100038615";"132 614";"A01";"1";"7";"4";"0";"1";"21";"1";""
"202100038616";"132 612";"A01";"2";"7";"0";"2";"2";"16";"1";""
"202100038616";"132 613";"B01";"2";"2";"1";"2";"8";"1";"1";""
"202100038617";"132 611";"A01";"1";"7";"0";"0";"1";"13";"1";""
"202100038618";"132 609";"B01";"2";"1";"0";"2";"1";"1";"5";""
"202100038618";"132 610";"A01";"2";"7";"0";"9";"7";"1";"1";""
"202100038619";"132 607";"B01";"1";"7";"0";"2";"4";"23";"1";""
"202100038619";"132 608";"A01";"1";"33";"0";"2";"3";"21";"1";""
"202100038620";"132 606";"A01";"1";"7";"8";"0";"8";"1";"1";""
"202100038621";"132 605";"A01";"2";"7";"8";"0";"7";"1";"1";""
"202100038622";"132 602";"A01";"1";"7";"3";"0";"2";"14";"1";""
"202100038623";"132 600";"B01";"0";"7";"0";"2";"3";"1";"1";""
"202100038623";"132 601";"A01";"0";"7";"0";"2";"3";"13";"1";""
"202100038624";"132 598";"A01";"2";"7";"0";"2";"1";"1";"1";""
"202100038624";"132 599";"B01";"2";"7";"0";"2";"7";"15";"1";""
"202100038625";"132 596";"A01";"0";"3";"0";"1";"1";"1";"0";""
"202100038626";"132 594";"A01";"1";"7";"0";"2";"3";"1";"1";""
"202100038626";"132 595";"B01";"1";"7";"0";"2";"4";"15";"1";""
"202100038627";"132 592";"A01";"1";"7";"0";"2";"8";"26";"1";""
"202100038627";"132 593";"B01";"1";"7";"0";"2";"1";"26";"1";""
"202100038628";"132 591";"A01";"1";"7";"0";"1";"1";"15";"1";""
"202100038629";"132 589";"A01";"2";"7";"6";"0";"1";"1";"1";""
"202100038630";"132 587";"B01";"3";"7";"0";"2";"1";"1";"1";""
"202100038630";"132 588";"A01";"3";"7";"0";"2";"8";"15";"1";""
"202100038631";"132 585";"B01";"2";"33";"0";"2";"1";"1";"1";""
"202100038631";"132 586";"A01";"0";"7";"0";"2";"2";"11";"1";""
"202100038632";"132 584";"Z01";"0";"0";"0";"1";"0";"0";"0";""
"202100038633";"132 582";"A01";"1";"7";"0";"2";"2";"18";"1";""
"202100038633";"132 583";"B01";"1";"7";"0";"2";"6";"0";"1";""
"202100038634";"132 580";"Z01";"1";"7";"0";"2";"1";"0";"0";""
"202100038634";"132 581";"A01";"1";"2";"0";"2";"4";"0";"1";""
"202100038635";"132 578";"B01";"0";"33";"0";"2";"8";"1";"1";""
"202100038635";"132 579";"A01";"1";"7";"0";"2";"1";"9";"1";""
"202100038636";"132 574";"A01";"2";"7";"0";"2";"6";"19";"0";""
"202100038636";"132 575";"B01";"2";"33";"0";"2";"1";"19";"1";""
"202100038637";"132 572";"A01";"1";"33";"0";"2";"1";"1";"1";""
"202100038637";"132 573";"B01";"1";"7";"0";"2";"4";"1";"1";""
"202100038638";"132 571";"A01";"1";"7";"0";"1";"4";"26";"0";""
"202100038639";"132 569";"A01";"1";"7";"0";"2";"1";"11";"1";""
"202100038639";"132 570";"B01";"1";"13";"0";"2";"4";"0";"1";""
"202100038640";"132 566";"A01";"3";"7";"1";"0";"2";"0";"1";""
"202100038640";"132 567";"B01";"3";"7";"0";"2";"2";"0";"0";""
"202100038640";"132 568";"C01";"3";"7";"0";"2";"0";"0";"0";""
"202100038641";"132 564";"A01";"1";"7";"0";"2";"7";"19";"1";""
"202100038641";"132 565";"B01";"2";"33";"0";"2";"1";"1";"1";""
"202100038642";"132 563";"A01";"3";"33";"0";"0";"7";"16";"1";""
"202100038643";"132 562";"A01";"1";"2";"1";"0";"0";"14";"1";""
"202100038644";"132 560";"A01";"1";"7";"0";"0";"4";"26";"1";""
"202100038644";"132 561";"B01";"1";"7";"0";"2";"1";"2";"1";""
"202100038645";"132 558";"A01";"3";"7";"0";"2";"2";"1";"1";""
"202100038645";"132 559";"B01";"0";"7";"0";"2";"8";"1";"2";""
"202100038646";"132 556";"B01";"2";"7";"0";"2";"6";"23";"1";""
"202100038646";"132 557";"A01";"2";"80";"0";"2";"1";"2";"3";""
"202100038647";"132 554";"A01";"1";"33";"1";"2";"1";"20";"1";""
"202100038647";"132 555";"B01";"2";"1";"0";"2";"1";"1";"5";""
"202100038648";"132 552";"B01";"1";"7";"0";"2";"2";"12";"1";""
"202100038648";"132 553";"A01";"1";"32";"0";"2";"8";"1";"1";""
"202100038649";"132 550";"A01";"0";"32";"0";"2";"2";"16";"1";""
"202100038649";"132 551";"B01";"0";"7";"0";"2";"3";"1";"1";""
"202100038650";"132 548";"A01";"2";"7";"0";"2";"8";"11";"1";""
"202100038650";"132 549";"B01";"2";"33";"0";"2";"1";"1";"1";""
"202100038651";"132 546";"B01";"2";"7";"0";"2";"8";"1";"3";""
"202100038651";"132 547";"A01";"2";"30";"0";"2";"1";"1";"1";""
"202100038652";"132 544";"B01";"1";"7";"8";"2";"0";"21";"1";""
"202100038652";"132 545";"A01";"1";"7";"0";"2";"0";"1";"0";""
"202100038653";"132 542";"A01";"2";"2";"0";"2";"1";"17";"1";""
"202100038653";"132 543";"B01";"2";"7";"0";"2";"3";"15";"1";""
"202100038654";"132 540";"A01";"2";"7";"0";"2";"2";"15";"1";""
"202100038654";"132 541";"B01";"1";"2";"0";"2";"1";"1";"3";""
"202100038655";"132 538";"A01";"2";"7";"0";"2";"8";"1";"1";""
"202100038655";"132 539";"B01";"2";"7";"0";"2";"0";"15";"1";""
"202100038656";"132 536";"B01";"2";"32";"0";"2";"1";"2";"1";""
"202100038656";"132 537";"A01";"2";"7";"0";"2";"4";"2";"1";""
"202100038657";"132 534";"A01";"1";"7";"0";"2";"2";"2";"1";""
"202100038657";"132 535";"B01";"1";"7";"0";"2";"3";"0";"1";""
"202100038658";"132 533";"A01";"1";"7";"9";"0";"3";"13";"1";""
"202100038659";"132 531";"B01";"3";"10";"0";"2";"8";"10";"1";""
"202100038659";"132 532";"A01";"3";"32";"0";"2";"1";"13";"1";""
"202100038660";"132 529";"A01";"1";"7";"9";"2";"1";"26";"1";""
"202100038660";"132 530";"B01";"2";"7";"0";"2";"3";"15";"1";""
"202100038661";"132 528";"A01";"1";"7";"0";"1";"1";"9";"1";""
"202100038662";"132 526";"A01";"2";"33";"0";"2";"1";"26";"1";""
"202100038662";"132 527";"B01";"2";"7";"0";"2";"4";"1";"1";""
"202100038663";"132 525";"A01";"1";"30";"14";"0";"1";"2";"1";""
"202100038664";"132 524";"A01";"2";"60";"1";"0";"6";"1";"5";""
"202100038665";"132 523";"A01";"1";"33";"0";"0";"7";"1";"1";""
"202100038666";"132 522";"Z01";"1";"32";"0";"1";"1";"2";"0";""
"202100038667";"132 521";"A01";"2";"99";"13";"0";"7";"26";"1";""
"202100038668";"132 519";"A01";"1";"33";"0";"2";"0";"1";"1";""
"202100038668";"132 520";"B01";"2";"7";"0";"2";"0";"1";"1";""
"202100038669";"132 518";"A01";"1";"7";"0";"0";"1";"1";"1";""
"202100038670";"132 516";"A01";"2";"7";"8";"2";"1";"14";"1";""
"202100038670";"132 517";"B01";"1";"7";"0";"2";"1";"1";"1";""
"202100038671";"132 514";"A01";"2";"7";"0";"2";"3";"13";"1";""
"202100038671";"132 515";"B01";"1";"7";"2";"2";"2";"1";"1";""
"202100038672";"132 513";"A01";"3";"2";"2";"0";"0";"21";"1";""
"202100038673";"132 508";"A01";"1";"7";"0";"0";"4";"1";"1";""
"202100038673";"132 509";"C01";"1";"7";"0";"2";"9";"2";"1";""
"202100038673";"132 510";"E01";"1";"7";"0";"2";"1";"2";"1";""
"202100038673";"132 511";"D01";"1";"7";"0";"2";"9";"2";"1";""
"202100038673";"132 512";"B01";"1";"7";"0";"2";"1";"2";"1";""
"202100038674";"132 506";"B01";"1";"7";"0";"2";"2";"1";"1";""
"202100038674";"132 507";"A01";"2";"7";"0";"2";"3";"21";"1";""
"202100038675";"132 505";"A01";"1";"33";"13";"0";"1";"1";"1";""
"202100038676";"132 503";"A01";"0";"7";"0";"2";"3";"9";"1";""
"202100038676";"132 504";"B01";"0";"2";"0";"2";"7";"1";"1";""
"202100038677";"132 502";"A01";"2";"7";"0";"0";"0";"17";"1";""
"202100038678";"132 501";"A01";"2";"7";"13";"0";"9";"1";"1";""
"202100038679";"132 499";"B01";"1";"7";"0";"2";"3";"13";"1";""
"202100038679";"132 500";"A01";"2";"7";"0";"2";"3";"1";"1";""
"202100038680";"132 498";"A01";"2";"3";"0";"0";"3";"1";"1";""
"202100038681";"132 497";"A01";"2";"7";"2";"0";"2";"14";"1";""
"202100038682";"132 495";"A01";"2";"7";"13";"2";"2";"1";"1";""
"202100038682";"132 496";"B01";"1";"7";"7";"0";"1";"1";"0";""
"202100038683";"132 494";"A01";"1";"33";"16";"0";"0";"5";"1";""
"202100038684";"132 492";"A01";"2";"7";"0";"2";"1";"15";"2";""
"202100038684";"132 493";"B01";"1";"7";"0";"2";"1";"1";"1";""
"202100038685";"132 487";"D01";"1";"7";"0";"2";"2";"23";"1";""
"202100038685";"132 488";"B01";"2";"7";"1";"2";"1";"1";"1";""
"202100038685";"132 489";"A01";"1";"7";"0";"2";"1";"15";"1";""
"202100038686";"132 485";"A01";"2";"10";"0";"2";"7";"17";"1";""
"202100038686";"132 486";"B01";"2";"2";"0";"2";"8";"15";"1";""
"202100038687";"132 483";"B01";"1";"7";"0";"2";"3";"1";"1";""
"202100038687";"132 484";"A01";"2";"31";"0";"2";"3";"5";"1";""
"202100038688";"132 482";"A01";"3";"1";"0";"0";"0";"1";"0";""
"202100038689";"132 479";"A01";"2";"7";"0";"2";"3";"13";"1";""
"202100038689";"132 480";"B01";"1";"21";"0";"2";"8";"1";"1";""
"202100038689";"132 481";"C01";"1";"7";"0";"2";"3";"1";"1";""
"202100038690";"132 475";"D01";"0";"7";"0";"0";"1";"1";"1";""
"202100038690";"132 476";"C01";"0";"7";"0";"0";"4";"1";"1";""
"202100038690";"132 477";"B01";"0";"7";"0";"0";"5";"11";"1";""
"202100038690";"132 478";"A01";"0";"7";"0";"2";"2";"0";"1";""
"202100038691";"132 473";"B01";"1";"7";"0";"0";"4";"16";"1";""
"202100038691";"132 474";"A01";"1";"7";"0";"2";"1";"2";"1";""
"202100038692";"132 468";"A01";"1";"7";"0";"2";"1";"21";"1";""
"202100038692";"132 469";"B01";"2";"33";"0";"2";"3";"1";"1";""
"202100038692";"132 470";"E01";"1";"7";"0";"2";"4";"23";"1";""
"202100038692";"132 471";"D01";"1";"7";"0";"0";"4";"23";"1";""
"202100038692";"132 472";"C01";"1";"7";"0";"2";"4";"23";"1";""
"202100038693";"132 466";"B01";"1";"7";"0";"2";"3";"16";"1";""
"202100038693";"132 467";"A01";"1";"7";"0";"2";"1";"1";"1";""
"202100038694";"132 464";"B01";"0";"36";"0";"2";"7";"0";"0";""
"202100038694";"132 465";"A01";"3";"31";"1";"0";"8";"0";"0";""
"202100038695";"132 463";"A01";"1";"7";"2";"0";"2";"1";"1";""
"202100038696";"132 461";"B01";"1";"7";"0";"2";"3";"1";"1";""
"202100038696";"132 462";"A01";"0";"7";"0";"2";"2";"19";"1";""
"202100038697";"132 460";"A01";"1";"7";"13";"0";"3";"1";"1";""
"202100038698";"132 458";"B01";"2";"60";"0";"2";"2";"19";"5";""
"202100038698";"132 459";"A01";"2";"7";"0";"2";"2";"1";"1";""
"202100038699";"132 457";"A01";"2";"10";"2";"0";"1";"6";"1";""
"202100038700";"132 456";"A01";"2";"1";"0";"1";"1";"1";"5";""
"202100038701";"132 455";"A01";"1";"7";"3";"0";"3";"0";"1";""
"202100038702";"132 454";"A01";"1";"7";"0";"0";"0";"13";"1";""
"202100038703";"132 453";"A01";"2";"7";"6";"0";"1";"0";"1";""
"202100038704";"132 452";"A01";"1";"33";"6";"0";"1";"1";"1";""
"202100038705";"132 451";"A01";"1";"33";"7";"0";"1";"0";"0";""
"202100038706";"132 450";"A01";"2";"33";"0";"0";"0";"1";"1";""
"202100038707";"132 448";"B01";"2";"7";"0";"9";"1";"1";"1";""
"202100038707";"132 449";"A01";"1";"33";"2";"0";"9";"1";"1";""
"202100038708";"132 446";"A01";"3";"7";"0";"2";"2";"1";"1";""
"202100038708";"132 447";"B01";"3";"7";"0";"2";"2";"13";"1";""
"202100038709";"132 443";"C01";"2";"7";"0";"2";"3";"1";"1";""
"202100038709";"132 444";"B01";"1";"7";"0";"2";"5";"15";"1";""
"202100038709";"132 445";"A01";"1";"7";"13";"2";"3";"18";"1";""
"202100038710";"132 441";"B01";"1";"33";"0";"2";"1";"13";"1";""
"202100038710";"132 442";"A01";"2";"7";"0";"2";"3";"21";"1";""
"202100038711";"132 439";"A01";"3";"7";"0";"9";"0";"2";"1";""
"202100038711";"132 440";"B01";"0";"1";"0";"0";"4";"2";"0";""
"202100038712";"132 437";"A01";"2";"7";"0";"2";"3";"13";"1";""
"202100038712";"132 438";"B01";"1";"7";"3";"2";"3";"21";"1";""
"202100038713";"132 435";"A01";"1";"7";"0";"2";"1";"1";"1";""
"202100038713";"132 436";"B01";"3";"1";"0";"2";"5";"1";"5";""
"202100038714";"132 433";"B01";"1";"7";"0";"2";"1";"1";"3";""
"202100038714";"132 434";"A01";"0";"7";"0";"2";"1";"15";"1";""
"202100038715";"132 431";"B01";"3";"7";"0";"2";"3";"15";"1";""
"202100038715";"132 432";"A01";"3";"1";"0";"2";"1";"16";"5";""
"202100038716";"132 430";"A01";"2";"7";"13";"0";"2";"15";"1";""
"202100038717";"132 427";"A01";"1";"7";"8";"0";"3";"14";"1";""
"202100038718";"132 424";"B01";"1";"7";"0";"2";"2";"12";"1";""
"202100038718";"132 425";"A01";"1";"32";"0";"0";"7";"1";"1";""
"202100038719";"132 421";"C01";"1";"7";"0";"2";"1";"2";"1";""
"202100038719";"132 422";"B01";"1";"7";"0";"2";"1";"2";"0";""
"202100038719";"132 423";"A01";"1";"7";"0";"2";"4";"1";"1";""
"202100038720";"132 419";"B01";"2";"7";"0";"2";"8";"1";"1";""
"202100038720";"132 420";"A01";"2";"7";"0";"2";"8";"1";"1";""
"202100038721";"132 417";"B01";"1";"7";"0";"2";"4";"2";"1";""
"202100038721";"132 418";"A01";"1";"7";"0";"2";"2";"2";"1";""
"202100038722";"132 416";"A01";"2";"7";"0";"0";"9";"2";"1";""
"202100038723";"132 412";"A01";"2";"7";"0";"2";"4";"2";"1";""
"202100038723";"132 413";"B01";"2";"7";"0";"2";"8";"2";"1";""
"202100038723";"132 414";"C01";"2";"7";"0";"2";"1";"2";"1";""
"202100038723";"132 415";"D01";"2";"7";"0";"2";"2";"2";"0";""
"202100038724";"132 411";"A01";"1";"7";"4";"0";"0";"1";"1";""
"202100038725";"132 409";"A01";"1";"33";"0";"2";"1";"1";"1";""
"202100038725";"132 410";"B01";"1";"7";"0";"2";"5";"1";"1";""
"202100038726";"132 408";"A01";"1";"7";"4";"0";"3";"13";"1";""
"202100038727";"132 405";"A01";"2";"7";"4";"0";"1";"1";"1";""
"202100038727";"132 406";"B01";"2";"10";"0";"2";"1";"1";"1";""
"202100038727";"132 407";"C01";"2";"7";"0";"2";"2";"1";"1";""
"202100038728";"132 400";"E01";"1";"7";"0";"2";"1";"1";"1";""
"202100038728";"132 401";"D01";"1";"7";"0";"2";"1";"1";"1";""
"202100038728";"132 402";"C01";"1";"7";"0";"2";"4";"1";"1";""
"202100038728";"132 403";"B01";"1";"7";"0";"2";"9";"1";"1";""
"202100038728";"132 404";"A01";"1";"7";"0";"2";"9";"1";"1";""
"202100038729";"132 398";"B01";"2";"7";"0";"2";"6";"11";"1";""
"202100038729";"132 399";"A01";"2";"33";"0";"2";"7";"1";"1";""
"202100038730";"132 397";"A01";"2";"33";"4";"0";"7";"1";"1";""
"202100038731";"132 395";"B01";"2";"7";"0";"2";"4";"2";"1";""
"202100038731";"132 396";"A01";"2";"7";"0";"2";"1";"0";"1";""
"202100038732";"132 392";"A01";"2";"7";"0";"2";"1";"1";"1";""
"202100038732";"132 393";"B01";"2";"7";"0";"2";"4";"1";"1";""
"202100038732";"132 394";"C01";"2";"7";"0";"2";"4";"1";"1";""
"202100038733";"132 391";"A01";"3";"1";"0";"0";"0";"19";"6";""
"202100038734";"132 390";"A01";"2";"7";"1";"0";"7";"2";"1";""
"202100038735";"132 388";"B01";"3";"7";"0";"2";"1";"0";"1";""
"202100038735";"132 389";"A01";"3";"7";"0";"2";"1";"13";"1";""
"202100038736";"132 385";"B01";"3";"7";"0";"2";"8";"1";"1";""
"202100038736";"132 386";"C01";"3";"7";"0";"2";"1";"2";"1";""
"202100038736";"132 387";"A01";"3";"7";"0";"2";"1";"21";"1";""
"202100038737";"132 383";"A01";"3";"32";"0";"2";"1";"17";"1";""
"202100038737";"132 384";"B01";"3";"7";"0";"2";"3";"15";"1";""
"202100038738";"132 380";"B01";"3";"7";"0";"2";"3";"16";"1";""
"202100038738";"132 381";"A01";"3";"7";"0";"2";"3";"15";"1";""
"202100038739";"132 378";"B01";"2";"7";"0";"2";"4";"1";"1";""
"202100038739";"132 379";"A01";"2";"10";"0";"2";"1";"1";"1";""
"202100038740";"132 376";"A01";"3";"7";"0";"2";"3";"9";"1";""
"202100038740";"132 377";"B01";"3";"33";"0";"2";"1";"19";"1";""
"202100038741";"132 375";"A01";"1";"7";"0";"1";"1";"9";"1";""
"202100038742";"132 370";"A01";"3";"7";"8";"0";"8";"0";"1";""
"202100038743";"132 364";"A01";"1";"7";"0";"2";"2";"2";"1";""
"202100038743";"132 365";"B01";"1";"7";"0";"2";"6";"2";"1";""
"202100038743";"132 366";"C01";"1";"7";"0";"2";"4";"2";"1";""
"202100038744";"132 362";"A01";"1";"7";"0";"2";"8";"13";"1";""
"202100038744";"132 363";"B01";"2";"33";"0";"2";"3";"1";"1";""
"202100038745";"132 360";"A01";"2";"7";"9";"2";"3";"16";"1";""
"202100038745";"132 361";"B01";"2";"33";"0";"2";"1";"1";"1";""
"202100038746";"132 358";"B01";"1";"7";"0";"2";"2";"15";"1";""
"202100038746";"132 359";"A01";"1";"7";"0";"2";"1";"1";"1";""
"202100038747";"132 356";"A01";"1";"7";"0";"2";"1";"17";"1";""
"202100038747";"132 357";"B01";"2";"7";"0";"2";"1";"2";"1";""
"202100038748";"132 354";"A01";"0";"7";"0";"9";"2";"19";"1";""
"202100038748";"132 355";"B01";"0";"50";"0";"2";"1";"1";"3";""
"202100038749";"132 352";"A01";"3";"7";"0";"2";"6";"3";"2";""
"202100038749";"132 353";"B01";"3";"7";"0";"2";"2";"2";"1";""
"202100038750";"132 349";"B01";"1";"7";"0";"2";"8";"1";"1";""
"202100038750";"132 350";"C01";"1";"7";"0";"2";"2";"1";"1";""
"202100038750";"132 351";"A01";"1";"2";"0";"2";"1";"19";"1";""
"202100038751";"132 347";"A01";"0";"3";"1";"2";"1";"2";"1";""
"202100038751";"132 348";"B01";"0";"7";"0";"2";"4";"2";"1";""
"202100038752";"132 345";"B01";"2";"7";"0";"2";"3";"1";"1";""
"202100038752";"132 346";"A01";"2";"3";"0";"2";"3";"15";"1";""
"202100038753";"132 342";"A01";"1";"7";"0";"2";"1";"2";"1";""
"202100038753";"132 343";"C01";"1";"7";"0";"2";"5";"2";"1";""
"202100038753";"132 344";"B01";"1";"7";"0";"2";"1";"23";"1";""
"202100038754";"132 340";"B01";"3";"32";"0";"2";"7";"0";"1";""
"202100038754";"132 341";"A01";"3";"7";"0";"2";"3";"0";"1";""
"202100038755";"132 339";"A01";"1";"7";"8";"0";"1";"16";"1";""
"202100038756";"132 337";"A01";"1";"30";"0";"2";"2";"17";"1";""
"202100038756";"132 338";"B01";"3";"7";"0";"2";"0";"15";"1";""
"202100038757";"132 335";"A01";"1";"7";"0";"2";"1";"2";"1";""
"202100038757";"132 336";"B01";"1";"7";"0";"2";"4";"1";"1";""
"202100038758";"132 333";"A01";"1";"7";"6";"2";"1";"1";"1";""
"202100038758";"132 334";"B01";"1";"15";"0";"2";"7";"1";"1";""
"202100038759";"132 331";"A01";"3";"7";"0";"2";"3";"15";"1";""
"202100038759";"132 332";"B01";"3";"7";"0";"2";"1";"1";"1";""
"202100038760";"132 329";"A01";"1";"7";"0";"9";"1";"1";"1";""
"202100038760";"132 330";"B01";"2";"1";"0";"2";"1";"5";"5";""
"202100038761";"132 328";"A01";"1";"7";"0";"1";"1";"1";"1";""
"202100038762";"132 326";"A01";"1";"7";"0";"9";"2";"16";"1";""
"202100038762";"132 327";"B01";"1";"1";"0";"2";"1";"16";"5";""
"202100038763";"132 325";"A01";"3";"7";"0";"1";"4";"20";"1";""
"202100038764";"132 323";"A01";"2";"15";"0";"2";"5";"1";"1";""
"202100038764";"132 324";"B01";"2";"1";"0";"2";"3";"1";"5";""
"202100038765";"132 322";"A01";"1";"7";"0";"1";"1";"2";"1";""
"202100038766";"132 321";"A01";"1";"31";"0";"1";"1";"17";"1";""
"202100038767";"132 319";"A01";"1";"33";"0";"2";"1";"17";"1";""
"202100038767";"132 320";"B01";"1";"10";"0";"2";"4";"15";"1";""
"202100038768";"132 318";"A01";"1";"30";"2";"0";"1";"1";"1";""
"202100038769";"132 316";"B01";"2";"2";"0";"2";"1";"17";"1";""
"202100038769";"132 317";"A01";"2";"7";"0";"2";"3";"15";"0";""
"202100038770";"132 314";"A01";"1";"7";"1";"0";"1";"26";"1";""
"202100038770";"132 315";"B01";"1";"7";"0";"2";"4";"23";"1";""
"202100038771";"132 312";"A01";"2";"31";"0";"2";"2";"3";"1";""
"202100038771";"132 313";"B01";"2";"7";"4";"2";"6";"1";"1";""
"202100038772";"132 310";"A01";"1";"80";"0";"2";"1";"2";"3";""
"202100038772";"132 311";"B01";"1";"7";"0";"2";"4";"23";"1";""
"202100038773";"132 309";"A01";"1";"32";"0";"1";"3";"9";"3";""
"202100038774";"132 307";"B01";"1";"2";"0";"2";"7";"17";"1";""
"202100038774";"132 308";"A01";"1";"7";"0";"2";"3";"15";"1";""
"202100038775";"132 305";"B01";"1";"7";"0";"2";"8";"15";"1";""
"202100038775";"132 306";"A01";"1";"30";"0";"2";"2";"17";"1";""
"202100038776";"132 304";"A01";"1";"7";"12";"0";"9";"13";"1";""
"202100038777";"132 302";"B01";"1";"2";"0";"2";"4";"2";"1";""
"202100038777";"132 303";"A01";"1";"7";"0";"2";"1";"2";"3";""
"202100038778";"132 300";"A01";"2";"32";"0";"2";"2";"17";"1";""
"202100038778";"132 301";"B01";"2";"7";"0";"2";"3";"15";"1";""
"202100038779";"132 298";"A01";"2";"10";"0";"2";"8";"22";"1";""
"202100038779";"132 299";"B01";"2";"1";"0";"2";"1";"1";"5";""
"202100038780";"132 296";"A01";"1";"7";"0";"2";"1";"1";"1";""
"202100038780";"132 297";"B01";"1";"7";"1";"2";"8";"1";"2";""
"202100038781";"132 294";"A01";"2";"7";"0";"2";"8";"22";"1";""
"202100038781";"132 295";"B01";"2";"2";"0";"2";"1";"1";"1";""
"202100038782";"132 293";"A01";"1";"31";"0";"0";"7";"1";"3";""
"202100038783";"132 291";"A01";"0";"7";"3";"0";"1";"1";"1";""
"202100038783";"132 292";"B01";"0";"2";"0";"2";"4";"24";"1";""
"202100038784";"132 289";"A01";"1";"1";"0";"2";"5";"14";"5";""
"202100038784";"132 290";"B01";"1";"80";"0";"2";"3";"18";"3";""
"202100038785";"132 287";"A01";"1";"10";"0";"2";"1";"2";"1";""
"202100038785";"132 288";"B01";"1";"7";"0";"2";"4";"23";"1";""
"202100038786";"132 285";"B01";"2";"1";"0";"2";"1";"25";"5";""
"202100038786";"132 286";"A01";"2";"7";"0";"2";"8";"9";"1";""
"202100038787";"132 284";"A01";"2";"33";"12";"0";"1";"0";"1";""
"202100038788";"132 282";"A01";"1";"99";"0";"2";"1";"15";"1";""
"202100038788";"132 283";"B01";"2";"99";"0";"2";"1";"1";"1";""
"202100038789";"132 280";"A01";"1";"7";"0";"2";"2";"14";"1";""
"202100038789";"132 281";"B01";"1";"31";"0";"2";"8";"1";"1";""
"202100038790";"132 278";"B01";"1";"2";"0";"2";"3";"1";"0";""
"202100038790";"132 279";"A01";"2";"10";"0";"2";"2";"10";"0";""
"202100038791";"132 275";"A01";"1";"7";"0";"2";"1";"2";"1";""
"202100038791";"132 276";"B01";"1";"7";"0";"2";"4";"2";"0";""
"202100038791";"132 277";"C01";"1";"7";"0";"2";"4";"15";"1";""
"202100038792";"132 274";"A01";"1";"7";"0";"1";"3";"2";"1";""
"202100038793";"132 272";"B01";"2";"7";"0";"2";"1";"15";"1";""
"202100038793";"132 273";"A01";"2";"32";"0";"2";"6";"21";"1";""
"202100038794";"132 270";"B01";"3";"7";"0";"2";"4";"0";"1";""
"202100038794";"132 271";"A01";"3";"7";"0";"2";"1";"1";"1";""
"202100038795";"132 267";"A01";"1";"10";"0";"2";"1";"15";"1";""
"202100038795";"132 268";"B01";"2";"7";"0";"2";"1";"16";"1";""
"202100038796";"132 265";"B01";"1";"7";"0";"2";"2";"9";"1";""
"202100038796";"132 266";"A01";"1";"3";"1";"0";"0";"11";"0";""
"202100038797";"132 264";"A01";"1";"32";"1";"0";"1";"1";"1";""
"202100038798";"132 263";"A01";"2";"33";"8";"0";"1";"0";"1";""
"202100038799";"132 262";"A01";"1";"7";"13";"0";"8";"1";"1";""
"202100038800";"132 261";"A01";"1";"33";"0";"0";"6";"1";"1";""
"202100038801";"132 259";"A01";"2";"7";"0";"2";"8";"15";"1";""
"202100038801";"132 260";"B01";"2";"32";"0";"2";"1";"17";"1";""
"202100038802";"132 257";"B01";"1";"33";"0";"2";"1";"1";"1";""
"202100038802";"132 258";"A01";"2";"7";"0";"2";"1";"9";"1";""