"Num_Acc";"id_vehicule";"num_veh";"senc";"catv";"obs";"obsm";"choc";"manv";"motor";"occutc"
"202100038803";"132 255";"A01";"2";"33";"0";"2";"1";"13";"1";""
"202100038803";"132 256";"B01";"1";"7";"0";"2";"3";"1";"3";""
"202100038804";"132 253";"A01";"1";"7";"0";"2";"5";"16";"0";""
"202100038804";"132 254";"B01";"1";"33";"0";"2";"3";"1";"1";""
"202100038805";"132 251";"B01";"1";"7";"0";"2";"2";"21";"1";""
"202100038805";"132 252";"A01";"1";"7";"0";"2";"6";"11";"3";""
"202100038806";"132 248";"B01";"2";"20";"0";"2";"6";"1";"1";""
"202100038806";"132 249";"A01";"1";"31";"0";"2";"8";"1";"1";""
"202100038806";"132 250";"C01";"2";"10";"0";"2";"3";"1";"1";""
"202100038807";"132 246";"A01";"3";"2";"0";"2";"2";"19";"1";""
"202100038807";"132 247";"B01";"1";"7";"0";"2";"2";"0";"1";""
"202100038808";"132 245";"A01";"2";"33";"0";"0";"9";"1";"1";""
"202100038809";"132 244";"A01";"1";"33";"0";"0";"0";"0";"1";""
"202100038810";"132 243";"A01";"2";"2";"0";"0";"1";"1";"1";""
"202100038811";"132 241";"B01";"1";"1";"0";"0";"4";"1";"5";""
"202100038811";"132 242";"A01";"1";"7";"0";"2";"2";"1";"1";""
"202100038812";"132 240";"A01";"1";"36";"3";"0";"2";"1";"1";""
"202100038813";"132 239";"A01";"1";"7";"13";"0";"1";"5";"1";""
"202100038814";"132 238";"A01";"3";"80";"0";"0";"0";"1";"3";""
"202100038815";"132 236";"A01";"1";"7";"0";"2";"3";"13";"1";""
"202100038815";"132 237";"B01";"2";"43";"0";"2";"3";"1";"1";""
"202100038816";"132 235";"A01";"2";"33";"2";"0";"1";"1";"1";""
"202100038817";"132 234";"A01";"0";"7";"6";"0";"2";"1";"1";""
"202100038818";"132 233";"A01";"1";"2";"0";"1";"1";"1";"1";""
"202100038819";"132 231";"A01";"2";"33";"0";"0";"8";"26";"1";""
"202100038820";"132 230";"A01";"3";"2";"14";"0";"1";"1";"1";""
"202100038821";"132 229";"A01";"2";"7";"13";"0";"9";"15";"1";""
"202100038822";"132 228";"A01";"2";"7";"3";"0";"8";"1";"1";""
"202100038823";"132 227";"A01";"2";"10";"6";"0";"3";"13";"1";""
"202100038824";"132 226";"A01";"2";"34";"0";"0";"7";"1";"1";""
"202100038825";"132 224";"B01";"2";"1";"0";"2";"8";"1";"5";""
"202100038825";"132 225";"A01";"2";"7";"0";"2";"7";"17";"0";""
"202100038826";"132 223";"A01";"3";"21";"13";"0";"2";"16";"1";""
"202100038827";"132 222";"A01";"1";"7";"2";"0";"7";"13";"1";""
"202100038828";"132 221";"A01";"2";"33";"0";"6";"1";"1";"1";""
"202100038829";"132 220";"A01";"1";"10";"0";"1";"2";"21";"1";""
"202100038830";"132 218";"B01";"2";"7";"0";"2";"3";"1";"1";""
"202100038830";"132 219";"A01";"1";"33";"0";"2";"1";"17";"1";""
"202100038831";"132 216";"B01";"3";"7";"0";"0";"0";"1";"1";""
"202100038831";"132 217";"A01";"0";"1";"6";"0";"0";"1";"5";""
"202100038832";"132 215";"A01";"1";"33";"3";"0";"7";"2";"1";""
"202100038833";"132 213";"A01";"1";"7";"0";"2";"7";"15";"1";""
"202100038833";"132 214";"B01";"2";"33";"0";"2";"1";"1";"1";""
"202100038834";"132 210";"B01";"2";"7";"0";"2";"2";"5";"1";""
"202100038834";"132 211";"A01";"1";"33";"0";"2";"1";"21";"1";""
"202100038835";"132 209";"A01";"1";"33";"11";"0";"1";"6";"1";""
"202100038836";"132 205";"A01";"0";"7";"8";"2";"1";"17";"1";""
"202100038836";"132 206";"B01";"0";"7";"0";"2";"3";"15";"1";""
"202100038837";"132 204";"A01";"3";"34";"0";"0";"8";"1";"1";""
"202100038838";"132 203";"A01";"1";"7";"3";"0";"1";"14";"1";""
"202100038839";"132 201";"A01";"2";"33";"12";"2";"3";"6";"1";""
"202100038839";"132 202";"B01";"1";"7";"0";"2";"1";"1";"1";""
"202100038840";"132 200";"A01";"3";"31";"8";"0";"1";"13";"1";""
"202100038841";"132 199";"A01";"2";"7";"0";"0";"1";"0";"1";""
"202100038842";"132 198";"A01";"2";"10";"8";"0";"1";"14";"1";""
"202100038843";"132 196";"A01";"2";"7";"0";"2";"3";"1";"1";""
"202100038843";"132 197";"B01";"1";"32";"0";"2";"1";"1";"1";""
"202100038844";"132 194";"B01";"1";"7";"0";"2";"1";"1";"1";""
"202100038844";"132 195";"A01";"2";"7";"0";"2";"1";"15";"1";""
"202100038845";"132 193";"A01";"1";"7";"0";"0";"9";"17";"1";""
"202100038846";"132 191";"B01";"1";"7";"0";"2";"3";"1";"1";""
"202100038846";"132 192";"A01";"2";"7";"0";"2";"3";"15";"1";""
"202100038847";"132 189";"B01";"3";"7";"0";"2";"6";"9";"1";""
"202100038847";"132 190";"A01";"0";"33";"0";"2";"1";"1";"1";""
"202100038848";"132 187";"A01";"0";"7";"0";"0";"1";"9";"1";""
"202100038848";"132 188";"B01";"3";"30";"0";"0";"8";"9";"1";""
"202100038849";"132 186";"A01";"1";"50";"10";"0";"1";"0";"3";""
"202100038850";"132 185";"A01";"2";"7";"0";"0";"0";"1";"1";""
"202100038851";"132 184";"A01";"1";"1";"0";"0";"0";"19";"5";""
"202100038852";"132 182";"A01";"1";"2";"0";"2";"1";"1";"1";""
"202100038852";"132 183";"B01";"2";"7";"0";"2";"6";"11";"1";""
"202100038853";"132 180";"A01";"2";"7";"0";"2";"1";"13";"1";""
"202100038853";"132 181";"B01";"1";"33";"0";"2";"1";"1";"1";""
"202100038854";"132 179";"A01";"1";"7";"13";"0";"3";"15";"1";""
"202100038855";"132 178";"A01";"1";"33";"2";"0";"0";"0";"1";""
"202100038856";"132 176";"B01";"2";"1";"0";"2";"1";"1";"5";""
"202100038856";"132 177";"A01";"2";"7";"0";"9";"2";"15";"1";""
"202100038857";"132 174";"B01";"2";"2";"0";"2";"1";"1";"1";""
"202100038857";"132 175";"A01";"1";"7";"0";"2";"3";"15";"1";""
"202100038858";"132 173";"A01";"1";"7";"0";"1";"1";"1";"1";""
"202100038859";"132 171";"B01";"2";"7";"0";"2";"1";"2";"1";""
"202100038859";"132 172";"A01";"2";"33";"0";"2";"4";"1";"2";""
"202100038860";"132 167";"A01";"1";"7";"13";"0";"1";"1";"1";""
"202100038861";"132 165";"B01";"2";"7";"0";"2";"2";"1";"1";""
"202100038861";"132 166";"A01";"2";"7";"0";"2";"6";"1";"1";""
"202100038862";"132 163";"B01";"2";"7";"0";"2";"4";"1";"1";""
"202100038862";"132 164";"A01";"2";"31";"0";"2";"1";"1";"1";""
"202100038863";"132 161";"A01";"1";"33";"0";"2";"8";"1";"1";""
"202100038863";"132 162";"B01";"1";"7";"0";"2";"6";"1";"1";""
"202100038864";"132 158";"A01";"2";"7";"0";"2";"1";"1";"1";""
"202100038864";"132 159";"B01";"2";"7";"0";"2";"4";"2";"1";""
"202100038864";"132 160";"C01";"2";"7";"0";"2";"4";"2";"1";""
"202100038865";"132 155";"C01";"2";"7";"0";"2";"4";"1";"1";""
"202100038865";"132 156";"B01";"2";"7";"0";"2";"4";"0";"1";""
"202100038865";"132 157";"A01";"2";"7";"0";"2";"1";"1";"1";""
"202100038866";"132 153";"A01";"1";"7";"0";"2";"1";"1";"1";""
"202100038866";"132 154";"B01";"1";"7";"0";"2";"4";"1";"1";""
"202100038867";"132 150";"A01";"2";"7";"0";"2";"1";"1";"1";""
"202100038867";"132 151";"C01";"2";"7";"0";"2";"4";"1";"1";""
"202100038867";"132 152";"B01";"2";"7";"0";"2";"4";"1";"1";""
"202100038868";"132 148";"B01";"2";"7";"0";"2";"1";"1";"1";""
"202100038868";"132 149";"A01";"2";"7";"0";"2";"4";"1";"1";""
"202100038869";"132 146";"A01";"1";"7";"0";"1";"1";"1";"1";""
"202100038870";"132 144";"A01";"0";"7";"2";"2";"3";"7";"6";""
"202100038870";"132 145";"B01";"0";"7";"0";"2";"2";"1";"0";""
"202100038871";"132 143";"A01";"2";"33";"0";"1";"2";"17";"1";""
"202100038872";"132 142";"A01";"1";"7";"1";"0";"3";"1";"1";""
"202100038873";"132 141";"A01";"3";"7";"0";"1";"4";"20";"1";""
"202100038874";"132 140";"A01";"2";"10";"0";"1";"2";"1";"1";""
"202100038875";"132 138";"A01";"3";"33";"1";"0";"1";"14";"0";""
"202100038875";"132 139";"B01";"3";"7";"0";"2";"3";"14";"1";""
"202100038876";"132 136";"A01";"3";"10";"0";"2";"3";"9";"1";""
"202100038876";"132 137";"B01";"3";"1";"0";"2";"7";"1";"5";""
"202100038877";"132 134";"B01";"2";"2";"0";"2";"1";"17";"1";""
"202100038877";"132 135";"A01";"2";"7";"0";"2";"6";"15";"1";""
"202100038878";"132 132";"A01";"3";"7";"0";"2";"8";"15";"1";""
"202100038878";"132 133";"B01";"1";"7";"0";"2";"6";"1";"1";""
"202100038879";"132 131";"A01";"0";"7";"0";"1";"1";"18";"1";""
"202100038880";"132 129";"Y01";"2";"1";"0";"2";"7";"1";"5";""
"202100038880";"132 130";"A01";"1";"7";"0";"2";"7";"9";"1";""
"202100038881";"132 128";"A01";"1";"30";"12";"0";"1";"1";"1";""
"202100038882";"132 127";"A01";"3";"30";"16";"0";"0";"13";"1";""
"202100038883";"132 126";"A01";"3";"7";"14";"0";"2";"1";"1";""
"202100038884";"132 125";"A01";"1";"30";"0";"0";"7";"1";"1";""
"202100038885";"132 124";"A01";"2";"7";"0";"1";"4";"20";"1";""
"202100038886";"132 122";"A01";"1";"7";"0";"0";"6";"16";"1";""
"202100038886";"132 123";"B01";"1";"7";"0";"2";"2";"12";"1";""
"202100038887";"132 121";"A01";"3";"7";"6";"0";"3";"26";"1";""
"202100038888";"132 119";"B01";"1";"33";"0";"2";"1";"17";"1";""
"202100038888";"132 120";"A01";"1";"7";"0";"2";"8";"15";"1";""
"202100038889";"132 117";"B01";"2";"7";"0";"2";"3";"15";"1";""
"202100038889";"132 118";"A01";"1";"33";"0";"2";"1";"1";"1";""
"202100038890";"132 116";"A01";"1";"7";"0";"1";"2";"26";"1";""
"202100038891";"132 114";"B01";"2";"7";"0";"2";"1";"0";"1";""
"202100038891";"132 115";"A01";"1";"7";"0";"2";"1";"1";"1";""
"202100038892";"132 112";"A01";"2";"10";"13";"2";"1";"14";"1";""
"202100038892";"132 113";"B01";"2";"7";"0";"2";"5";"2";"1";""
"202100038893";"132 109";"B01";"1";"7";"0";"2";"4";"2";"2";""
"202100038893";"132 110";"C01";"1";"7";"0";"2";"4";"2";"1";""
"202100038893";"132 111";"A01";"1";"7";"0";"2";"1";"2";"1";""
"202100038894";"132 108";"A01";"1";"7";"0";"1";"7";"1";"1";""
"202100038895";"132 107";"A01";"0";"7";"8";"0";"1";"14";"1";""
"202100038896";"132 105";"A01";"1";"7";"0";"2";"0";"15";"1";""
"202100038896";"132 106";"B01";"1";"32";"0";"2";"0";"1";"1";""
"202100038897";"132 102";"A01";"2";"7";"0";"2";"3";"13";"1";""
"202100038897";"132 103";"B01";"1";"7";"0";"2";"1";"1";"1";""
"202100038897";"132 104";"C01";"2";"37";"0";"2";"3";"1";"1";"1"
"202100038898";"132 101";"A01";"0";"7";"0";"0";"2";"1";"1";""
"202100038899";"132 099";"B01";"1";"15";"0";"2";"1";"0";"0";""
"202100038899";"132 100";"A01";"1";"34";"0";"2";"1";"26";"0";""
"202100038900";"132 098";"A01";"3";"31";"0";"0";"1";"2";"1";""
"202100038901";"132 096";"A01";"1";"7";"0";"2";"7";"1";"1";""
"202100038901";"132 097";"B01";"2";"1";"0";"2";"1";"1";"5";""
"202100038902";"132 094";"A01";"3";"33";"0";"2";"8";"9";"1";""
"202100038902";"132 095";"B01";"3";"7";"0";"2";"7";"9";"1";""
"202100038903";"132 091";"A01";"2";"7";"0";"1";"1";"16";"1";""
"202100038904";"132 089";"A01";"1";"1";"0";"2";"1";"1";"5";""
"202100038904";"132 090";"B01";"2";"7";"0";"2";"5";"16";"1";""
"202100038905";"132 087";"A01";"1";"7";"0";"2";"1";"1";"1";""
"202100038905";"132 088";"B01";"1";"7";"0";"2";"4";"23";"1";""
"202100038906";"132 085";"A01";"2";"7";"8";"2";"1";"13";"1";""
"202100038906";"132 086";"B01";"1";"7";"0";"2";"2";"1";"1";""
"202100038907";"132 084";"A01";"1";"30";"12";"0";"8";"13";"1";""
"202100038908";"132 082";"B01";"2";"33";"0";"2";"1";"26";"1";""
"202100038908";"132 083";"A01";"1";"7";"0";"2";"7";"15";"1";""
"202100038909";"132 080";"B01";"2";"1";"0";"2";"1";"1";"1";""
"202100038909";"132 081";"A01";"1";"7";"0";"2";"7";"15";"1";""
"202100038910";"132 078";"B01";"1";"7";"9";"2";"1";"1";"1";""
"202100038910";"132 079";"A01";"1";"7";"9";"2";"3";"19";"1";""
"202100038911";"132 076";"B01";"0";"3";"0";"0";"0";"0";"1";""
"202100038911";"132 077";"Z01";"1";"7";"0";"2";"7";"19";"1";""
"202100038912";"132 075";"A01";"1";"7";"0";"1";"1";"1";"1";""
"202100038913";"132 074";"A01";"2";"14";"0";"1";"1";"1";"1";""
"202100038914";"132 072";"B01";"1";"99";"0";"2";"1";"1";"6";""
"202100038914";"132 073";"A01";"1";"99";"0";"0";"3";"23";"1";""
"202100038915";"132 070";"A01";"1";"7";"15";"0";"1";"13";"1";""
"202100038916";"132 069";"A01";"1";"3";"0";"0";"1";"26";"3";""
"202100038917";"132 068";"A01";"3";"7";"13";"0";"1";"14";"1";""
"202100038918";"132 066";"A01";"2";"7";"0";"2";"2";"1";"1";""
"202100038918";"132 067";"Y01";"2";"1";"0";"2";"1";"1";"5";""
"202100038919";"132 064";"B01";"1";"30";"0";"2";"1";"21";"1";""
"202100038919";"132 065";"Z01";"1";"7";"0";"2";"3";"11";"1";""
"202100038920";"132 062";"B01";"3";"7";"0";"2";"8";"15";"1";""
"202100038920";"132 063";"A01";"1";"32";"0";"2";"1";"1";"1";""
"202100038921";"132 061";"A01";"2";"33";"1";"0";"4";"14";"1";""
"202100038922";"132 060";"B01";"2";"1";"0";"1";"1";"1";"5";""
"202100038923";"132 058";"B01";"2";"7";"0";"2";"1";"2";"1";""
"202100038923";"132 059";"A01";"2";"7";"0";"2";"4";"1";"1";""
"202100038924";"132 056";"A01";"1";"7";"0";"2";"3";"9";"1";""
"202100038924";"132 057";"B01";"1";"32";"0";"2";"2";"1";"1";""
"202100038925";"132 054";"A01";"2";"7";"0";"2";"7";"15";"1";""
"202100038925";"132 055";"B01";"1";"7";"0";"2";"1";"1";"1";""
"202100038926";"132 052";"B01";"1";"7";"0";"2";"7";"15";"1";""
"202100038926";"132 053";"A01";"1";"32";"0";"2";"1";"0";"1";""
"202100038927";"132 050";"B01";"2";"7";"0";"2";"1";"0";"1";""
"202100038927";"132 051";"A01";"1";"7";"0";"2";"1";"11";"1";""
"202100038928";"132 048";"B01";"3";"10";"0";"2";"6";"16";"1";""
"202100038928";"132 049";"A01";"2";"2";"0";"2";"1";"19";"1";""
"202100038929";"132 044";"B01";"0";"37";"0";"2";"1";"1";"1";"1"
"202100038929";"132 045";"A01";"3";"7";"0";"2";"2";"16";"1";""
"202100038930";"132 042";"B01";"1";"7";"0";"2";"6";"2";"1";""
"202100038930";"132 043";"A01";"1";"33";"14";"0";"1";"2";"1";""
"202100038931";"132 040";"A01";"1";"7";"0";"2";"1";"9";"1";""
"202100038931";"132 041";"B01";"1";"30";"0";"2";"4";"0";"1";""
"202100038932";"132 038";"B01";"3";"2";"1";"2";"4";"24";"1";""
"202100038932";"132 039";"A01";"3";"7";"1";"0";"1";"24";"1";""
"202100038933";"132 036";"B01";"1";"7";"0";"2";"3";"9";"1";""
"202100038933";"132 037";"A01";"1";"7";"0";"2";"1";"1";"1";""
"202100038934";"132 034";"B01";"1";"7";"0";"2";"7";"1";"1";""
"202100038934";"132 035";"A01";"1";"7";"0";"2";"8";"10";"1";""
"202100038935";"132 033";"A01";"1";"7";"1";"0";"1";"1";"1";""
"202100038936";"132 032";"A01";"0";"7";"0";"1";"1";"1";"1";""
"202100038937";"132 030";"B01";"2";"1";"0";"0";"0";"0";"0";""
"202100038937";"132 031";"A01";"1";"33";"12";"2";"2";"14";"1";""
"202100038938";"132 028";"A01";"1";"30";"0";"2";"8";"19";"1";""
"202100038938";"132 029";"B01";"2";"32";"0";"2";"1";"3";"1";""
"202100038939";"132 027";"A01";"2";"32";"11";"0";"1";"2";"1";""
"202100038940";"132 024";"A01";"1";"31";"0";"2";"1";"5";"1";""
"202100038940";"132 025";"C01";"1";"7";"0";"2";"3";"13";"1";""
"202100038940";"132 026";"B01";"1";"7";"0";"0";"3";"16";"1";""
"202100038941";"132 023";"A01";"3";"7";"0";"1";"1";"9";"1";""
"202100038942";"132 022";"A01";"1";"7";"0";"1";"1";"1";"1";""
"202100038943";"132 020";"A01";"1";"7";"0";"2";"1";"1";"1";""
"202100038943";"132 021";"B01";"1";"7";"0";"2";"4";"1";"1";""
"202100038944";"132 019";"A01";"0";"7";"2";"0";"1";"1";"1";""
"202100038945";"132 018";"A01";"0";"7";"6";"0";"1";"9";"1";""
"202100038946";"132 017";"A01";"1";"31";"1";"0";"7";"21";"1";""
"202100038947";"132 016";"A01";"1";"30";"0";"0";"3";"1";"1";""
"202100038948";"132 015";"A01";"1";"10";"0";"1";"2";"1";"1";""
"202100038949";"132 014";"A01";"1";"34";"0";"0";"8";"26";"1";""
"202100038950";"132 013";"A01";"1";"7";"0";"1";"2";"16";"1";""
"202100038951";"132 011";"B01";"2";"7";"0";"2";"4";"23";"1";""
"202100038951";"132 012";"A01";"2";"30";"0";"2";"1";"1";"0";""
"202100038952";"132 010";"A01";"1";"7";"0";"1";"1";"0";"1";""
"202100038953";"132 008";"B01";"1";"15";"0";"2";"6";"1";"1";""
"202100038953";"132 009";"A01";"1";"7";"0";"2";"2";"11";"1";""
"202100038954";"132 007";"A01";"2";"33";"0";"0";"7";"3";"1";""
"202100038955";"132 005";"A01";"2";"50";"0";"2";"7";"25";"3";""
"202100038955";"132 006";"B01";"1";"60";"0";"2";"1";"25";"5";""
"202100038956";"132 004";"A01";"2";"30";"0";"1";"7";"1";"3";""
"202100038957";"132 003";"A01";"1";"34";"0";"1";"0";"1";"1";""
"202100038958";"132 001";"B01";"2";"1";"0";"2";"5";"1";"5";""
"202100038958";"132 002";"A01";"2";"10";"0";"2";"5";"16";"1";""
"202100038959";"131 999";"A01";"1";"32";"0";"2";"7";"17";"1";""
"202100038959";"132 000";"B01";"1";"10";"0";"2";"3";"15";"1";""
"202100038960";"131 998";"A01";"1";"32";"0";"1";"8";"15";"1";""
"202100038961";"131 996";"A01";"3";"32";"0";"2";"4";"1";"1";""
"202100038961";"131 997";"Z01";"3";"7";"0";"2";"3";"13";"0";""
"202100038962";"131 993";"A01";"2";"32";"0";"2";"9";"3";"1";""
"202100038962";"131 994";"B01";"2";"13";"0";"2";"5";"23";"1";""
"202100038962";"131 995";"C01";"2";"37";"0";"2";"6";"23";"3";"1"
"202100038963";"131 992";"A01";"1";"7";"0";"1";"1";"1";"2";""
"202100038964";"131 990";"A01";"0";"33";"0";"2";"1";"1";"1";""
"202100038964";"131 991";"Z01";"2";"7";"0";"2";"1";"15";"2";""
"202100038965";"131 988";"A01";"1";"14";"0";"2";"1";"2";"6";""
"202100038965";"131 989";"B01";"1";"7";"0";"2";"4";"2";"1";""
"202100038966";"131 987";"A01";"3";"1";"0";"0";"0";"1";"5";""
"202100038967";"131 985";"B01";"1";"7";"0";"2";"7";"1";"3";""
"202100038967";"131 986";"A01";"1";"30";"0";"2";"2";"20";"1";""
"202100038968";"131 984";"A01";"2";"30";"0";"1";"1";"1";"1";""
"202100038969";"131 983";"A01";"1";"43";"0";"1";"1";"1";"1";""
"202100038970";"131 981";"A01";"1";"1";"0";"2";"7";"5";"5";""
"202100038970";"131 982";"Z01";"1";"1";"0";"2";"1";"1";"5";""
"202100038971";"131 979";"B01";"2";"50";"0";"2";"1";"1";"3";""
"202100038971";"131 980";"A01";"2";"10";"0";"2";"8";"22";"1";""
"202100038972";"131 977";"A01";"2";"7";"0";"2";"2";"1";"1";""
"202100038972";"131 978";"B01";"2";"32";"0";"2";"1";"1";"1";""
"202100038973";"131 976";"A01";"3";"1";"0";"0";"1";"26";"5";""
"202100038974";"131 975";"A01";"2";"32";"0";"1";"1";"1";"1";""
"202100038975";"131 973";"A01";"1";"10";"0";"9";"2";"12";"1";""
"202100038975";"131 974";"B01";"1";"1";"0";"2";"0";"1";"5";""
"202100038976";"131 972";"A01";"3";"7";"0";"1";"7";"1";"1";""
"202100038977";"131 970";"B01";"1";"7";"0";"2";"5";"1";"1";""
"202100038977";"131 971";"A01";"1";"2";"0";"2";"3";"11";"1";""
"202100038978";"131 968";"A01";"1";"33";"0";"2";"1";"2";"1";""
"202100038978";"131 969";"B01";"1";"7";"0";"9";"7";"20";"1";""
"202100038979";"131 967";"A01";"3";"30";"15";"0";"0";"1";"1";""
"202100038980";"131 966";"A01";"1";"7";"0";"1";"1";"1";"1";""
"202100038981";"131 964";"B01";"2";"7";"0";"2";"4";"0";"1";""
"202100038981";"131 965";"A01";"2";"7";"0";"2";"1";"2";"1";""
"202100038982";"131 962";"A01";"3";"7";"0";"2";"1";"16";"1";""
"202100038982";"131 963";"B01";"0";"7";"0";"2";"7";"1";"1";""
"202100038983";"131 960";"B01";"1";"7";"0";"2";"3";"15";"1";""
"202100038983";"131 961";"A01";"1";"7";"0";"2";"2";"5";"1";""
"202100038984";"131 958";"A01";"2";"34";"0";"2";"1";"1";"1";""
"202100038984";"131 959";"B01";"1";"7";"0";"2";"3";"15";"0";""
"202100038985";"131 956";"B01";"3";"80";"0";"2";"7";"0";"3";""
"202100038985";"131 957";"A01";"3";"7";"0";"2";"3";"26";"1";""
"202100038986";"131 954";"B01";"1";"7";"0";"2";"8";"13";"1";""
"202100038986";"131 955";"A01";"1";"33";"0";"2";"7";"17";"1";""
"202100038987";"131 952";"B01";"1";"7";"0";"2";"6";"2";"1";""
"202100038987";"131 953";"A01";"1";"7";"0";"2";"2";"2";"1";""
"202100038988";"131 949";"A01";"2";"7";"0";"1";"2";"1";"1";""
"202100038989";"131 946";"C01";"3";"10";"1";"2";"2";"0";"0";""
"202100038989";"131 947";"B01";"1";"7";"0";"2";"0";"0";"1";""
"202100038989";"131 948";"A01";"1";"33";"0";"2";"2";"13";"1";""
"202100038990";"131 943";"A01";"0";"7";"1";"0";"1";"2";"1";""
"202100038991";"131 942";"A01";"1";"7";"0";"1";"1";"19";"1";""
"202100038992";"131 940";"A01";"1";"7";"0";"2";"8";"1";"1";""
"202100038992";"131 941";"B01";"2";"7";"0";"2";"8";"1";"2";""
"202100038993";"131 939";"A01";"2";"7";"0";"1";"1";"9";"1";""
"202100038994";"131 937";"B01";"3";"1";"0";"0";"0";"0";"0";""
"202100038994";"131 938";"A01";"3";"30";"0";"0";"0";"0";"0";""
"202100038995";"131 935";"B01";"1";"1";"0";"2";"1";"17";"0";""
"202100038995";"131 936";"A01";"3";"7";"0";"2";"3";"9";"1";""
"202100038996";"131 934";"A01";"2";"7";"0";"1";"4";"26";"1";""
"202100038997";"131 933";"A01";"1";"32";"0";"2";"1";"1";"1";""
"202100038998";"131 931";"A01";"1";"43";"0";"2";"2";"17";"1";""
"202100038998";"131 932";"B01";"1";"1";"0";"2";"6";"13";"5";""
"202100038999";"131 930";"C01";"1";"1";"0";"0";"8";"1";"5";""
"202100039000";"131 928";"B01";"2";"33";"0";"2";"1";"1";"1";""
"202100039000";"131 929";"A01";"1";"7";"0";"2";"5";"1";"1";""
"202100039001";"131 926";"A01";"1";"7";"0";"2";"8";"23";"1";""
"202100039001";"131 927";"B01";"1";"50";"0";"2";"3";"17";"3";""
"202100039002";"131 924";"A01";"1";"1";"0";"2";"3";"19";"5";""
"202100039002";"131 925";"Z01";"2";"7";"0";"2";"2";"1";"1";""
"202100039003";"131 921";"C01";"1";"7";"0";"2";"0";"0";"1";""
"202100039003";"131 922";"B01";"1";"7";"0";"2";"1";"1";"1";""
"202100039003";"131 923";"A01";"1";"7";"0";"2";"1";"2";"1";""
"202100039004";"131 919";"A01";"2";"33";"0";"2";"1";"1";"1";""
"202100039004";"131 920";"B01";"2";"33";"0";"2";"4";"1";"1";""
"202100039005";"131 918";"A01";"2";"7";"8";"0";"3";"0";"1";""
"202100039006";"131 916";"A01";"3";"7";"0";"2";"8";"15";"1";""
"202100039006";"131 917";"B01";"1";"31";"0";"2";"1";"17";"1";""
"202100039007";"131 915";"A01";"2";"7";"8";"0";"3";"0";"1";""
"202100039008";"131 914";"A01";"2";"7";"15";"0";"1";"20";"1";""
"202100039009";"131 912";"B01";"2";"10";"0";"2";"8";"17";"0";""
"202100039009";"131 913";"A01";"2";"33";"0";"2";"7";"17";"1";""
"202100039010";"131 910";"A01";"2";"7";"0";"2";"1";"17";"1";""
"202100039010";"131 911";"B01";"2";"7";"0";"0";"4";"15";"1";""
"202100039011";"131 908";"A01";"2";"10";"0";"2";"3";"15";"1";""
"202100039011";"131 909";"B01";"1";"33";"0";"2";"1";"1";"1";""
"202100039012";"131 907";"A01";"3";"7";"2";"0";"3";"0";"1";""
"202100039013";"131 905";"A01";"2";"7";"0";"2";"1";"17";"1";""
"202100039013";"131 906";"B01";"1";"7";"0";"2";"1";"1";"1";""
"202100039014";"131 904";"A01";"0";"34";"0";"0";"1";"1";"0";""
"202100039015";"131 902";"A01";"2";"7";"0";"2";"3";"13";"1";""
"202100039015";"131 903";"B01";"1";"37";"0";"2";"3";"1";"1";"16"
"202100039016";"131 900";"B01";"2";"7";"0";"2";"3";"1";"1";""
"202100039016";"131 901";"A01";"1";"7";"0";"2";"3";"5";"1";""
"202100039017";"131 899";"A01";"1";"7";"2";"0";"4";"1";"1";""
"202100039018";"131 898";"A01";"3";"7";"15";"0";"2";"1";"1";""
"202100039019";"131 897";"A01";"2";"7";"2";"0";"1";"0";"1";""
"202100039020";"131 896";"A01";"2";"36";"2";"0";"1";"1";"1";""
"202100039021";"131 894";"A01";"1";"7";"9";"2";"7";"1";"1";""
"202100039021";"131 895";"B01";"1";"7";"0";"2";"1";"1";"1";""
"202100039022";"131 892";"B01";"3";"7";"0";"9";"6";"15";"0";""
"202100039022";"131 893";"A01";"3";"1";"0";"2";"4";"16";"6";""
"202100039023";"131 891";"A01";"1";"7";"2";"0";"1";"14";"6";""
"202100039024";"131 890";"A01";"2";"7";"6";"0";"1";"1";"1";""
"202100039025";"131 888";"A01";"2";"7";"0";"2";"3";"17";"1";""
"202100039025";"131 889";"B01";"1";"7";"0";"2";"3";"21";"1";""
"202100039026";"131 886";"B01";"1";"33";"0";"2";"1";"1";"1";""
"202100039026";"131 887";"A01";"2";"7";"0";"2";"8";"15";"1";""
"202100039027";"131 885";"A01";"2";"7";"13";"0";"1";"1";"1";""
"202100039028";"131 883";"B01";"2";"7";"0";"9";"3";"1";"1";""
"202100039028";"131 884";"A01";"2";"1";"0";"2";"7";"12";"0";""
"202100039029";"131 882";"A01";"2";"33";"0";"0";"0";"1";"1";""
"202100039030";"131 881";"A01";"1";"7";"7";"0";"1";"1";"1";""
"202100039031";"131 879";"A01";"1";"7";"0";"0";"2";"0";"1";""
"202100039031";"131 880";"B01";"2";"1";"0";"2";"1";"0";"5";""
"202100039032";"131 877";"A01";"1";"7";"6";"2";"3";"13";"1";""
"202100039032";"131 878";"B01";"2";"33";"0";"2";"1";"13";"1";""
"202100039033";"131 876";"A01";"0";"7";"1";"0";"3";"1";"1";""
"202100039034";"131 874";"A01";"1";"7";"0";"2";"7";"16";"1";""
"202100039034";"131 875";"B01";"1";"33";"0";"2";"1";"18";"1";""