"Num_Acc";"id_vehicule";"num_veh";"senc";"catv";"obs";"obsm";"choc";"manv";"motor";"occutc"
"202100039035";"131 873";"A01";"3";"33";"13";"0";"0";"21";"1";""
"202100039036";"131 871";"A01";"1";"7";"0";"2";"2";"19";"1";""
"202100039036";"131 872";"B01";"1";"7";"0";"2";"3";"1";"1";""
"202100039037";"131 869";"A01";"0";"7";"0";"2";"6";"19";"1";""
"202100039037";"131 870";"B01";"0";"33";"0";"2";"8";"19";"1";""
"202100039038";"131 865";"A01";"3";"7";"0";"0";"0";"1";"1";""
"202100039039";"131 863";"A01";"2";"33";"1";"0";"3";"13";"1";""
"202100039040";"131 859";"B01";"1";"7";"0";"2";"4";"1";"1";""
"202100039040";"131 860";"C01";"1";"7";"0";"2";"4";"1";"1";""
"202100039040";"131 861";"D01";"1";"7";"0";"2";"1";"1";"1";""
"202100039040";"131 862";"A01";"1";"7";"0";"2";"4";"1";"1";""
"202100039041";"131 857";"B01";"1";"10";"0";"2";"1";"2";"1";""
"202100039041";"131 858";"A01";"1";"7";"0";"2";"4";"2";"1";""
"202100039042";"131 850";"A01";"1";"7";"0";"2";"2";"0";"1";""
"202100039042";"131 851";"B01";"1";"7";"0";"2";"6";"0";"1";""
"202100039042";"131 852";"C01";"1";"7";"0";"2";"4";"1";"1";""
"202100039042";"131 853";"D01";"1";"15";"0";"2";"8";"1";"1";""
"202100039043";"131 848";"A01";"2";"7";"0";"2";"8";"11";"1";""
"202100039043";"131 849";"B01";"2";"33";"0";"2";"1";"3";"1";""
"202100039044";"131 845";"A01";"2";"7";"0";"2";"0";"12";"1";""
"202100039044";"131 846";"B01";"2";"33";"0";"2";"1";"21";"1";""
"202100039044";"131 847";"C01";"2";"15";"0";"2";"4";"1";"1";""
"202100039045";"131 842";"B01";"1";"33";"0";"2";"3";"3";"1";""
"202100039045";"131 843";"A01";"1";"7";"0";"2";"2";"12";"1";""
"202100039045";"131 844";"C01";"1";"7";"0";"2";"6";"1";"2";""
"202100039046";"131 840";"B01";"1";"7";"0";"2";"1";"1";"1";""
"202100039046";"131 841";"A01";"1";"7";"4";"2";"8";"12";"1";""
"202100039047";"131 838";"A01";"1";"7";"0";"2";"5";"12";"1";""
"202100039047";"131 839";"B01";"1";"33";"0";"2";"8";"3";"1";""
"202100039048";"131 836";"B01";"2";"10";"0";"2";"4";"1";"1";""
"202100039048";"131 837";"A01";"2";"33";"0";"2";"1";"1";"1";""
"202100039049";"131 834";"A01";"1";"7";"0";"2";"1";"26";"1";""
"202100039049";"131 835";"B01";"1";"7";"0";"2";"4";"0";"1";""
"202100039050";"131 832";"A01";"1";"33";"4";"2";"1";"3";"1";""
"202100039050";"131 833";"B01";"1";"7";"4";"2";"6";"11";"1";""
"202100039051";"131 830";"B01";"2";"14";"0";"2";"1";"2";"1";""
"202100039051";"131 831";"A01";"2";"17";"0";"2";"4";"2";"1";""
"202100039052";"131 829";"A01";"2";"7";"4";"0";"1";"9";"1";""
"202100039053";"131 826";"B01";"3";"7";"0";"2";"1";"9";"1";""
"202100039053";"131 827";"A01";"3";"7";"0";"2";"3";"15";"1";""
"202100039054";"131 824";"A01";"0";"7";"0";"1";"2";"1";"1";""
"202100039055";"131 822";"B01";"2";"7";"0";"2";"2";"16";"1";""
"202100039055";"131 823";"A01";"0";"1";"12";"2";"8";"1";"5";""
"202100039056";"131 821";"A01";"1";"7";"0";"1";"2";"9";"1";""
"202100039057";"131 820";"A01";"2";"7";"0";"1";"1";"1";"1";""
"202100039058";"131 819";"A01";"3";"37";"0";"0";"0";"26";"1";"3"
"202100039059";"131 817";"B01";"2";"7";"0";"2";"3";"15";"1";""
"202100039059";"131 818";"A01";"2";"7";"8";"2";"2";"17";"1";""
"202100039060";"131 815";"B01";"1";"31";"0";"2";"3";"1";"3";""
"202100039060";"131 816";"A01";"2";"7";"0";"2";"1";"19";"1";""
"202100039061";"131 813";"B01";"1";"1";"0";"2";"8";"15";"5";""
"202100039061";"131 814";"A01";"2";"7";"0";"9";"4";"4";"3";""
"202100039062";"131 811";"B01";"2";"1";"0";"4";"1";"19";"5";""
"202100039062";"131 812";"A01";"0";"40";"0";"2";"2";"1";"0";""
"202100039063";"131 810";"A01";"1";"7";"0";"1";"2";"2";"1";""
"202100039064";"131 808";"A01";"1";"7";"1";"0";"1";"2";"1";""
"202100039064";"131 809";"B01";"1";"7";"1";"0";"4";"2";"1";""
"202100039065";"131 807";"A01";"2";"7";"1";"0";"2";"1";"1";""
"202100039066";"131 805";"Z01";"2";"10";"0";"2";"1";"16";"0";""
"202100039066";"131 806";"B01";"1";"1";"0";"2";"8";"19";"5";""
"202100039067";"131 804";"A01";"3";"10";"0";"1";"3";"26";"1";""
"202100039068";"131 803";"A01";"1";"7";"8";"0";"1";"14";"1";""
"202100039069";"131 802";"A01";"2";"7";"0";"1";"2";"1";"1";""
"202100039070";"131 800";"A01";"1";"7";"0";"2";"1";"0";"1";""
"202100039070";"131 801";"B01";"3";"33";"0";"2";"4";"16";"1";""
"202100039071";"131 798";"B01";"3";"1";"0";"2";"1";"1";"5";""
"202100039071";"131 799";"A01";"3";"7";"0";"9";"7";"1";"1";""
"202100039072";"131 796";"A01";"1";"10";"0";"2";"5";"1";"1";""
"202100039072";"131 797";"B01";"2";"80";"0";"2";"1";"1";"3";""
"202100039073";"131 794";"B01";"2";"10";"0";"2";"2";"12";"1";""
"202100039073";"131 795";"A01";"2";"33";"0";"2";"1";"3";"1";""
"202100039074";"131 792";"B01";"2";"7";"0";"2";"3";"1";"1";""
"202100039074";"131 793";"A01";"0";"50";"0";"2";"1";"19";"3";""
"202100039075";"131 791";"A01";"1";"32";"12";"0";"1";"14";"1";""
"202100039076";"131 789";"A01";"1";"7";"0";"2";"2";"15";"1";""
"202100039076";"131 790";"B01";"2";"7";"0";"2";"2";"1";"1";""
"202100039077";"131 788";"A01";"1";"7";"0";"1";"1";"19";"1";""
"202100039078";"131 785";"B01";"0";"7";"0";"2";"4";"2";"1";""
"202100039078";"131 786";"A01";"0";"7";"0";"2";"1";"2";"1";""
"202100039078";"131 787";"C01";"0";"10";"0";"2";"4";"2";"1";""
"202100039079";"131 782";"C01";"0";"7";"0";"2";"4";"2";"1";""
"202100039079";"131 783";"B01";"0";"7";"0";"2";"4";"1";"1";""
"202100039079";"131 784";"A01";"0";"7";"0";"2";"1";"2";"1";""
"202100039080";"131 779";"A01";"3";"7";"0";"1";"0";"1";"1";""
"202100039081";"131 778";"A01";"2";"7";"2";"0";"3";"13";"1";""
"202100039082";"131 776";"A01";"3";"30";"0";"2";"1";"5";"1";""
"202100039082";"131 777";"B01";"3";"7";"0";"2";"3";"1";"1";""
"202100039083";"131 774";"A01";"3";"30";"0";"2";"2";"1";"1";""
"202100039083";"131 775";"B01";"3";"7";"0";"2";"8";"9";"1";""
"202100039084";"131 773";"A01";"1";"7";"0";"1";"1";"1";"1";""
"202100039085";"131 769";"B01";"2";"7";"0";"2";"5";"23";"1";""
"202100039085";"131 770";"A01";"2";"30";"0";"2";"1";"1";"0";""
"202100039086";"131 767";"Z01";"2";"7";"0";"2";"1";"15";"1";""
"202100039086";"131 768";"A01";"1";"1";"0";"2";"7";"19";"5";""
"202100039087";"131 765";"A01";"1";"7";"0";"2";"1";"1";"1";""
"202100039087";"131 766";"B01";"1";"7";"0";"2";"4";"1";"1";""
"202100039088";"131 763";"B01";"1";"7";"0";"2";"1";"1";"1";""
"202100039088";"131 764";"A01";"2";"7";"0";"2";"1";"13";"1";""
"202100039089";"131 761";"B01";"1";"7";"0";"2";"4";"1";"1";""
"202100039089";"131 762";"A01";"1";"32";"0";"2";"1";"1";"1";""
"202100039090";"131 759";"B01";"2";"7";"0";"2";"1";"1";"1";""
"202100039090";"131 760";"A01";"2";"1";"0";"2";"6";"19";"5";""
"202100039091";"131 757";"B01";"2";"7";"0";"2";"6";"1";"1";""
"202100039091";"131 758";"A01";"1";"7";"0";"2";"1";"10";"1";""
"202100039092";"131 755";"B01";"2";"31";"0";"2";"1";"17";"1";""
"202100039092";"131 756";"A01";"2";"7";"0";"2";"3";"15";"1";""
"202100039093";"131 753";"A01";"1";"7";"0";"2";"3";"19";"1";""
"202100039093";"131 754";"B01";"2";"31";"0";"2";"1";"17";"1";""
"202100039094";"131 752";"A01";"3";"30";"14";"0";"8";"11";"1";""
"202100039095";"131 750";"B01";"3";"7";"0";"2";"3";"1";"1";""
"202100039095";"131 751";"A01";"3";"30";"0";"2";"1";"15";"1";""
"202100039096";"131 748";"A01";"2";"7";"0";"2";"2";"15";"1";""
"202100039096";"131 749";"B01";"1";"31";"0";"2";"1";"1";"1";""
"202100039097";"131 746";"B01";"2";"7";"0";"2";"4";"23";"1";""
"202100039097";"131 747";"A01";"2";"10";"0";"2";"1";"2";"1";""
"202100039098";"131 745";"A01";"1";"7";"0";"1";"1";"1";"1";""
"202100039099";"131 743";"B01";"2";"7";"0";"2";"2";"1";"1";""
"202100039099";"131 744";"A01";"2";"50";"0";"2";"1";"16";"3";""
"202100039100";"131 741";"B01";"1";"7";"0";"2";"1";"1";"1";""
"202100039100";"131 742";"A01";"1";"7";"0";"2";"7";"1";"1";""
"202100039101";"131 740";"A01";"3";"7";"1";"0";"1";"1";"1";""
"202100039102";"131 739";"A01";"1";"7";"0";"1";"3";"0";"1";""
"202100039103";"131 737";"B01";"1";"34";"0";"2";"2";"1";"1";""
"202100039103";"131 738";"A01";"0";"7";"0";"2";"3";"15";"1";""
"202100039104";"131 736";"A01";"1";"7";"0";"1";"1";"1";"1";""
"202100039105";"131 734";"A01";"1";"7";"0";"2";"8";"10";"1";""
"202100039105";"131 735";"B01";"1";"2";"0";"2";"1";"1";"1";""
"202100039106";"131 731";"Z01";"1";"7";"0";"2";"3";"5";"1";""
"202100039106";"131 732";"B01";"3";"7";"0";"2";"3";"1";"1";""
"202100039106";"131 733";"A01";"1";"7";"0";"2";"3";"1";"1";""
"202100039107";"131 729";"A01";"3";"7";"0";"2";"2";"12";"1";""
"202100039107";"131 730";"B01";"3";"7";"0";"2";"3";"16";"1";""
"202100039108";"131 726";"C01";"1";"7";"0";"2";"8";"1";"1";""
"202100039108";"131 727";"B01";"2";"7";"0";"2";"8";"1";"1";""
"202100039108";"131 728";"A01";"1";"7";"0";"2";"3";"21";"1";""
"202100039109";"131 723";"A01";"2";"7";"0";"1";"1";"1";"1";""
"202100039110";"131 721";"B01";"3";"1";"0";"2";"3";"1";"5";""
"202100039110";"131 722";"A01";"3";"7";"0";"2";"3";"23";"1";""
"202100039111";"131 720";"A01";"1";"13";"0";"1";"2";"15";"1";""
"202100039112";"131 718";"A01";"2";"30";"0";"4";"7";"19";"1";""
"202100039112";"131 719";"B01";"0";"40";"0";"2";"3";"1";"3";""
"202100039113";"131 716";"A01";"3";"0";"0";"1";"0";"2";"0";""
"202100039114";"131 714";"B01";"2";"33";"0";"2";"1";"1";"1";""
"202100039114";"131 715";"A01";"1";"7";"0";"2";"2";"15";"1";""
"202100039115";"131 713";"A01";"2";"7";"0";"5";"1";"1";"1";""
"202100039116";"131 712";"A01";"3";"7";"8";"0";"3";"13";"1";""
"202100039117";"131 708";"A01";"1";"10";"0";"1";"3";"15";"1";""
"202100039118";"131 704";"B01";"1";"1";"0";"2";"1";"0";"5";""
"202100039118";"131 705";"A01";"1";"7";"0";"2";"1";"1";"1";""
"202100039119";"131 702";"B01";"3";"7";"0";"2";"3";"1";"1";""
"202100039119";"131 703";"A01";"3";"1";"0";"2";"1";"15";"5";""
"202100039120";"131 701";"A01";"3";"33";"0";"0";"2";"26";"1";""
"202100039121";"131 699";"B01";"2";"7";"0";"2";"7";"1";"1";""
"202100039121";"131 700";"A01";"1";"7";"0";"2";"1";"9";"1";""
"202100039122";"131 697";"B01";"0";"7";"0";"2";"1";"1";"1";""
"202100039122";"131 698";"A01";"0";"2";"0";"2";"1";"13";"1";""
"202100039123";"131 696";"A01";"1";"30";"0";"0";"3";"1";"1";""
"202100039124";"131 694";"A01";"0";"7";"0";"0";"0";"0";"0";""
"202100039124";"131 695";"B01";"0";"60";"0";"0";"0";"0";"5";""
"202100039125";"131 692";"A01";"3";"7";"0";"9";"3";"15";"1";""
"202100039125";"131 693";"B01";"3";"1";"0";"2";"3";"1";"6";""
"202100039126";"131 690";"A01";"1";"7";"0";"2";"1";"2";"1";""
"202100039126";"131 691";"B01";"1";"50";"0";"2";"8";"16";"3";""
"202100039127";"131 688";"B01";"2";"7";"0";"2";"0";"0";"1";""
"202100039127";"131 689";"A01";"1";"1";"0";"2";"0";"1";"5";""
"202100039128";"131 687";"A01";"1";"7";"0";"1";"2";"2";"1";""
"202100039129";"131 685";"B01";"1";"99";"0";"2";"6";"1";"1";""
"202100039129";"131 686";"A01";"2";"7";"0";"2";"1";"19";"1";""
"202100039130";"131 683";"A01";"3";"7";"1";"9";"1";"13";"1";""
"202100039130";"131 684";"B01";"3";"7";"0";"9";"0";"26";"1";""
"202100039131";"131 681";"A01";"1";"7";"0";"2";"1";"1";"3";""
"202100039131";"131 682";"B01";"1";"43";"0";"2";"7";"1";"1";""
"202100039132";"131 680";"Z01";"2";"7";"0";"1";"0";"26";"0";""
"202100039133";"131 677";"A01";"1";"33";"0";"2";"3";"3";"1";""
"202100039133";"131 678";"C01";"1";"7";"0";"2";"3";"1";"2";""
"202100039133";"131 679";"B01";"1";"10";"0";"2";"5";"1";"1";""
"202100039134";"131 675";"B01";"2";"10";"0";"2";"7";"12";"1";""
"202100039134";"131 676";"A01";"2";"33";"0";"2";"3";"3";"1";""
"202100039135";"131 673";"A01";"1";"32";"0";"2";"1";"2";"1";""
"202100039135";"131 674";"B01";"1";"7";"0";"2";"4";"2";"1";""
"202100039136";"131 671";"B01";"2";"34";"0";"2";"3";"3";"1";""
"202100039136";"131 672";"A01";"2";"7";"0";"2";"5";"14";"1";""
"202100039137";"131 669";"A01";"3";"33";"0";"2";"1";"5";"1";""
"202100039137";"131 670";"B01";"3";"32";"0";"2";"8";"15";"1";""
"202100039138";"131 666";"A01";"1";"7";"0";"2";"5";"15";"1";""
"202100039138";"131 667";"B01";"1";"7";"0";"2";"1";"21";"1";""
"202100039138";"131 668";"C01";"2";"2";"0";"2";"1";"1";"1";""
"202100039139";"131 664";"A01";"1";"30";"0";"2";"1";"2";"1";""
"202100039139";"131 665";"B01";"1";"7";"0";"2";"5";"23";"1";""
"202100039140";"131 662";"Z01";"1";"2";"0";"2";"2";"17";"1";""
"202100039140";"131 663";"A01";"1";"1";"0";"2";"6";"15";"5";""
"202100039141";"131 660";"A01";"1";"1";"0";"2";"5";"15";"5";""
"202100039141";"131 661";"B01";"2";"2";"0";"2";"1";"1";"1";""
"202100039142";"131 659";"A01";"2";"7";"1";"1";"1";"1";"2";""
"202100039143";"131 657";"A01";"2";"34";"0";"2";"1";"17";"1";""
"202100039143";"131 658";"B01";"2";"32";"0";"2";"3";"15";"1";""
"202100039144";"131 655";"A01";"1";"60";"0";"2";"8";"19";"5";""
"202100039144";"131 656";"Z01";"1";"7";"0";"2";"1";"16";"1";""
"202100039145";"131 653";"B01";"1";"10";"0";"2";"4";"2";"1";""
"202100039145";"131 654";"A01";"1";"1";"0";"2";"1";"2";"5";""
"202100039146";"131 651";"B01";"2";"32";"0";"2";"7";"1";"1";""
"202100039146";"131 652";"A01";"2";"10";"0";"2";"3";"22";"1";""
"202100039147";"131 649";"B01";"2";"10";"0";"2";"2";"1";"3";""
"202100039147";"131 650";"A01";"1";"1";"0";"2";"0";"13";"5";""
"202100039148";"131 648";"A01";"2";"1";"0";"1";"8";"1";"5";""
"202100039149";"131 646";"B01";"1";"7";"0";"2";"1";"1";"1";""
"202100039149";"131 647";"A01";"3";"10";"0";"2";"4";"20";"1";""
"202100039150";"131 644";"A01";"3";"33";"0";"2";"1";"17";"1";""
"202100039150";"131 645";"B01";"3";"10";"0";"2";"6";"15";"1";""
"202100039151";"131 642";"B01";"2";"7";"0";"2";"0";"0";"1";""
"202100039151";"131 643";"A01";"2";"2";"0";"2";"1";"11";"1";""
"202100039152";"131 641";"A01";"2";"7";"0";"2";"4";"16";"1";""
"202100039153";"131 638";"C01";"2";"7";"0";"2";"4";"1";"1";""
"202100039153";"131 639";"B01";"2";"7";"0";"2";"4";"1";"1";""
"202100039153";"131 640";"A01";"2";"7";"0";"2";"1";"1";"1";""
"202100039154";"131 636";"B01";"3";"7";"0";"2";"3";"0";"1";""
"202100039154";"131 637";"A01";"3";"7";"0";"2";"3";"13";"1";""
"202100039155";"131 634";"B01";"1";"32";"0";"2";"1";"2";"1";""
"202100039155";"131 635";"A01";"1";"7";"0";"2";"6";"10";"1";""
"202100039156";"131 633";"A01";"0";"7";"0";"1";"1";"1";"0";""
"202100039157";"131 632";"A01";"3";"7";"1";"1";"3";"26";"1";""
"202100039158";"131 631";"A01";"1";"10";"0";"1";"2";"26";"1";""
"202100039159";"131 629";"B01";"1";"7";"0";"2";"3";"15";"0";""
"202100039159";"131 630";"A01";"2";"30";"0";"2";"7";"17";"1";""
"202100039160";"131 628";"A01";"2";"7";"0";"1";"0";"1";"1";""
"202100039161";"131 625";"C01";"0";"7";"0";"2";"1";"1";"1";""
"202100039161";"131 626";"A01";"0";"7";"0";"2";"0";"1";"1";""
"202100039161";"131 627";"B01";"0";"37";"0";"2";"1";"1";"1";"2"
"202100039162";"131 623";"A01";"2";"30";"0";"2";"1";"2";"1";""
"202100039162";"131 624";"B01";"2";"10";"0";"2";"6";"23";"1";""
"202100039163";"131 621";"B01";"1";"2";"0";"2";"7";"16";"1";""
"202100039163";"131 622";"A01";"2";"10";"0";"2";"1";"16";"1";""
"202100039164";"131 619";"B01";"2";"7";"0";"2";"6";"23";"1";""
"202100039164";"131 620";"A01";"2";"2";"0";"2";"1";"1";"1";""
"202100039165";"131 617";"A01";"2";"7";"0";"2";"2";"15";"1";""
"202100039165";"131 618";"B01";"1";"1";"0";"2";"8";"1";"6";""
"202100039166";"131 616";"A01";"2";"7";"0";"1";"4";"4";"1";""
"202100039167";"131 613";"C01";"2";"7";"0";"2";"4";"1";"2";""
"202100039167";"131 614";"B01";"2";"43";"0";"2";"4";"2";"1";""
"202100039167";"131 615";"A01";"2";"7";"0";"2";"1";"2";"1";""
"202100039168";"131 611";"B01";"2";"50";"0";"2";"1";"1";"3";""
"202100039168";"131 612";"A01";"2";"7";"0";"2";"3";"20";"1";""
"202100039169";"131 610";"A01";"1";"10";"2";"0";"3";"13";"1";""
"202100039170";"131 609";"A01";"1";"7";"7";"0";"3";"0";"1";""
"202100039171";"131 605";"B01";"1";"7";"0";"2";"4";"2";"1";""
"202100039171";"131 606";"C01";"1";"7";"0";"2";"4";"2";"1";""
"202100039171";"131 607";"D01";"1";"7";"0";"2";"4";"2";"1";""
"202100039171";"131 608";"A01";"1";"7";"0";"2";"1";"2";"1";""
"202100039172";"131 601";"A01";"1";"7";"0";"2";"4";"11";"1";""
"202100039172";"131 602";"B01";"2";"7";"0";"2";"1";"1";"1";""
"202100039173";"131 600";"A01";"0";"1";"0";"0";"8";"2";"5";""
"202100039174";"131 599";"A01";"2";"33";"13";"0";"8";"1";"1";""
"202100039175";"131 597";"B01";"2";"10";"0";"9";"3";"1";"1";""
"202100039175";"131 598";"A01";"1";"1";"0";"2";"8";"19";"5";""
"202100039176";"131 594";"C01";"1";"10";"0";"2";"4";"2";"1";""
"202100039176";"131 595";"B01";"1";"10";"0";"2";"4";"2";"1";""
"202100039176";"131 596";"A01";"1";"10";"0";"2";"1";"2";"1";""
"202100039177";"131 593";"A01";"1";"10";"0";"1";"2";"1";"1";""
"202100039178";"131 592";"A01";"2";"33";"0";"6";"3";"14";"1";""
"202100039179";"131 591";"A01";"2";"7";"13";"0";"9";"1";"1";""
"202100039180";"131 590";"A01";"3";"60";"0";"0";"0";"0";"5";""
"202100039181";"131 589";"A01";"2";"7";"2";"0";"1";"1";"1";""
"202100039182";"131 587";"A01";"2";"3";"0";"2";"3";"13";"1";""
"202100039182";"131 588";"B01";"1";"17";"0";"2";"3";"1";"1";""
"202100039183";"131 586";"A01";"1";"7";"0";"0";"1";"1";"1";""
"202100039184";"131 585";"A01";"2";"7";"6";"0";"3";"2";"1";""
"202100039185";"131 583";"B01";"1";"10";"0";"2";"1";"1";"1";""
"202100039185";"131 584";"A01";"2";"7";"0";"2";"3";"19";"1";""
"202100039186";"131 582";"A01";"2";"15";"0";"1";"1";"9";"1";""
"202100039187";"131 581";"A01";"3";"7";"13";"0";"3";"2";"1";""
"202100039188";"131 579";"A01";"1";"33";"0";"2";"1";"1";"1";""
"202100039188";"131 580";"B01";"2";"7";"0";"2";"3";"1";"1";""
"202100039189";"131 577";"B01";"1";"1";"0";"2";"1";"1";"5";""
"202100039189";"131 578";"A01";"2";"7";"0";"2";"2";"15";"1";""
"202100039190";"131 575";"A01";"3";"7";"0";"2";"3";"1";"1";""
"202100039190";"131 576";"B01";"3";"7";"0";"2";"3";"13";"1";""
"202100039191";"131 574";"A01";"2";"7";"5";"0";"1";"1";"1";""
"202100039192";"131 572";"A01";"1";"2";"0";"2";"2";"17";"1";""
"202100039192";"131 573";"B01";"1";"7";"0";"2";"8";"15";"1";""
"202100039193";"131 567";"B01";"1";"14";"15";"2";"1";"13";"1";""
"202100039193";"131 568";"A01";"2";"7";"0";"2";"1";"17";"1";""
"202100039193";"131 569";"D01";"2";"10";"0";"0";"8";"1";"6";""
"202100039193";"131 570";"C01";"2";"15";"0";"0";"6";"0";"1";""
"202100039194";"131 565";"A01";"1";"7";"0";"2";"1";"1";"1";""
"202100039194";"131 566";"B01";"3";"7";"7";"2";"6";"19";"1";""
"202100039195";"131 563";"A01";"2";"7";"0";"2";"1";"15";"1";""
"202100039195";"131 564";"B01";"2";"7";"0";"2";"4";"15";"1";""
"202100039196";"131 562";"A01";"1";"7";"0";"1";"7";"1";"1";""
"202100039197";"131 560";"A01";"2";"10";"0";"0";"9";"0";"1";""
"202100039197";"131 561";"B01";"1";"7";"4";"0";"9";"0";"1";""
"202100039198";"131 559";"A01";"1";"7";"13";"0";"3";"1";"1";""
"202100039199";"131 557";"B01";"2";"7";"0";"2";"1";"1";"1";""
"202100039199";"131 558";"A01";"1";"7";"0";"2";"7";"5";"1";""
"202100039200";"131 555";"B01";"2";"7";"0";"2";"2";"1";"1";""
"202100039200";"131 556";"A01";"2";"7";"0";"2";"6";"11";"1";""
"202100039201";"131 552";"B01";"1";"7";"0";"2";"3";"1";"1";""
"202100039201";"131 553";"A01";"1";"33";"0";"2";"6";"11";"1";""
"202100039201";"131 554";"C01";"1";"7";"3";"0";"2";"1";"1";""
"202100039202";"131 550";"A01";"1";"7";"13";"2";"2";"1";"1";""
"202100039202";"131 551";"B01";"1";"15";"0";"2";"8";"1";"0";""
"202100039203";"131 548";"B01";"2";"17";"0";"2";"3";"1";"1";""
"202100039203";"131 549";"A01";"1";"33";"0";"2";"3";"13";"1";""
"202100039204";"131 546";"B01";"2";"34";"0";"2";"1";"21";"1";""
"202100039204";"131 547";"A01";"1";"7";"0";"2";"1";"15";"1";""
"202100039205";"131 544";"B01";"1";"7";"0";"0";"4";"1";"1";""
"202100039205";"131 545";"A01";"1";"33";"0";"0";"1";"1";"1";""
"202100039206";"131 542";"B01";"1";"7";"0";"2";"1";"1";"1";""
"202100039206";"131 543";"A01";"2";"7";"0";"2";"5";"19";"1";""
"202100039207";"131 540";"B01";"2";"33";"0";"2";"7";"17";"1";""
"202100039207";"131 541";"A01";"2";"20";"0";"0";"8";"15";"1";""
"202100039208";"131 539";"A01";"1";"2";"0";"0";"2";"1";"1";""
"202100039209";"131 537";"B01";"1";"7";"0";"2";"8";"13";"1";""
"202100039209";"131 538";"A01";"1";"33";"2";"2";"2";"17";"1";""
"202100039210";"131 535";"A01";"1";"7";"0";"2";"1";"13";"1";""
"202100039210";"131 536";"B01";"2";"15";"0";"2";"1";"1";"1";""
"202100039211";"131 533";"B01";"2";"7";"0";"2";"1";"1";"1";""
"202100039211";"131 534";"A01";"1";"7";"0";"2";"1";"13";"1";""
"202100039212";"131 531";"B01";"2";"7";"0";"2";"1";"1";"1";""
"202100039212";"131 532";"A01";"1";"7";"0";"2";"1";"13";"1";""
"202100039213";"131 529";"A01";"1";"17";"0";"2";"3";"1";"1";""
"202100039213";"131 530";"B01";"2";"3";"0";"2";"3";"1";"1";""
"202100039214";"131 528";"A01";"1";"7";"0";"1";"2";"1";"1";""
"202100039215";"131 527";"A01";"2";"2";"0";"0";"1";"13";"1";""
"202100039216";"131 525";"A01";"1";"7";"0";"2";"3";"13";"1";""
"202100039216";"131 526";"B01";"2";"33";"0";"2";"8";"1";"1";""
"202100039217";"131 523";"A01";"2";"7";"0";"2";"3";"13";"1";""
"202100039217";"131 524";"B01";"1";"17";"0";"2";"3";"1";"0";""
"202100039218";"131 520";"A01";"1";"33";"0";"5";"1";"1";"1";""
"202100039219";"131 519";"A01";"3";"7";"0";"1";"3";"15";"1";""
"202100039220";"131 518";"A01";"3";"2";"8";"0";"1";"14";"1";""
"202100039221";"131 516";"B01";"2";"7";"0";"2";"1";"1";"1";""
"202100039221";"131 517";"A01";"1";"7";"0";"2";"1";"21";"1";""
"202100039222";"131 512";"A01";"1";"33";"0";"2";"1";"13";"1";""
"202100039222";"131 513";"B01";"2";"7";"0";"2";"2";"1";"1";""
"202100039223";"131 510";"A01";"1";"7";"0";"2";"4";"2";"1";""
"202100039223";"131 511";"B01";"1";"7";"0";"2";"1";"2";"1";""
"202100039224";"131 508";"B01";"2";"7";"0";"2";"5";"12";"1";""
"202100039224";"131 509";"A01";"2";"33";"0";"2";"1";"1";"1";""
"202100039225";"131 507";"A01";"2";"7";"0";"2";"1";"14";"1";""
"202100039226";"131 505";"A01";"1";"10";"0";"2";"4";"1";"1";""
"202100039226";"131 506";"B01";"1";"32";"0";"2";"1";"3";"1";""
"202100039227";"131 503";"A01";"1";"7";"0";"2";"3";"9";"1";""
"202100039227";"131 504";"B01";"1";"33";"0";"2";"7";"1";"1";""
"202100039228";"131 500";"A01";"2";"7";"0";"2";"5";"2";"1";""
"202100039228";"131 501";"B01";"2";"7";"0";"2";"4";"2";"1";""
"202100039228";"131 502";"C01";"2";"7";"0";"2";"1";"2";"1";""
"202100039229";"131 496";"D01";"2";"7";"0";"2";"1";"1";"1";""
"202100039229";"131 497";"C01";"2";"10";"0";"2";"1";"1";"1";""
"202100039229";"131 498";"B01";"2";"7";"0";"2";"4";"23";"1";""
"202100039229";"131 499";"A01";"2";"7";"0";"2";"4";"23";"1";""
"202100039230";"131 495";"A01";"2";"33";"14";"0";"0";"26";"1";""
"202100039231";"131 493";"A01";"2";"10";"0";"2";"0";"0";"1";""
"202100039231";"131 494";"B01";"2";"7";"0";"2";"0";"0";"1";""
"202100039232";"131 489";"D01";"1";"7";"0";"2";"0";"26";"1";""
"202100039232";"131 490";"C01";"1";"7";"0";"0";"4";"0";"1";""
"202100039232";"131 491";"B01";"1";"7";"0";"2";"9";"0";"1";""
"202100039232";"131 492";"A01";"1";"7";"0";"2";"1";"26";"1";""
"202100039233";"131 486";"C01";"1";"7";"0";"2";"4";"26";"1";""
"202100039233";"131 487";"B01";"1";"7";"0";"2";"1";"0";"1";""
"202100039233";"131 488";"A01";"1";"13";"0";"2";"1";"26";"1";""
"202100039234";"131 484";"A01";"1";"10";"0";"2";"1";"2";"1";""
"202100039234";"131 485";"B01";"1";"7";"0";"2";"4";"2";"1";""
"202100039235";"131 481";"A01";"1";"7";"0";"2";"2";"14";"1";""
"202100039235";"131 482";"C01";"1";"17";"0";"2";"2";"0";"1";""
"202100039235";"131 483";"B01";"1";"7";"4";"2";"3";"1";"1";""