"Num_Acc";"id_vehicule";"num_veh";"senc";"catv";"obs";"obsm";"choc";"manv";"motor";"occutc"
"202100039651";"130 716";"B01";"0";"1";"0";"2";"1";"1";"5";""
"202100039651";"130 717";"A01";"0";"7";"0";"2";"4";"4";"1";""
"202100039652";"130 715";"A01";"1";"7";"6";"0";"1";"1";"1";""
"202100039653";"130 714";"A01";"3";"7";"0";"5";"3";"1";"1";""
"202100039654";"130 712";"A01";"2";"33";"0";"2";"1";"2";"1";""
"202100039654";"130 713";"B01";"2";"17";"0";"2";"4";"1";"1";""
"202100039655";"130 710";"A01";"2";"7";"0";"2";"1";"0";"1";""
"202100039655";"130 711";"B01";"2";"15";"0";"2";"4";"1";"1";""
"202100039656";"130 709";"A01";"1";"32";"12";"0";"7";"1";"1";""
"202100039657";"130 708";"A01";"3";"10";"0";"1";"2";"14";"1";""
"202100039658";"130 706";"B01";"2";"7";"0";"2";"1";"2";"1";""
"202100039658";"130 707";"A01";"2";"7";"0";"6";"1";"1";"1";""
"202100039659";"130 704";"A01";"2";"7";"0";"2";"3";"13";"1";""
"202100039659";"130 705";"B01";"1";"7";"0";"2";"1";"1";"1";""
"202100039660";"130 701";"C01";"2";"7";"0";"2";"2";"1";"1";""
"202100039660";"130 702";"B01";"2";"7";"13";"2";"3";"1";"1";""
"202100039660";"130 703";"A01";"1";"7";"0";"2";"1";"13";"1";""
"202100039661";"130 699";"B01";"1";"2";"0";"2";"1";"1";"1";""
"202100039661";"130 700";"A01";"2";"7";"0";"2";"3";"19";"1";""
"202100039662";"130 698";"A01";"2";"7";"6";"0";"5";"1";"1";""
"202100039663";"130 696";"B01";"1";"17";"0";"0";"4";"2";"1";""
"202100039663";"130 697";"A01";"1";"17";"0";"2";"1";"2";"1";""
"202100039664";"130 689";"F01";"2";"7";"0";"0";"1";"1";"2";""
"202100039664";"130 690";"B01";"2";"7";"0";"0";"1";"1";"1";""
"202100039664";"130 691";"A01";"2";"7";"0";"0";"4";"1";"1";""
"202100039664";"130 692";"G01";"2";"7";"0";"0";"1";"1";"1";""
"202100039664";"130 693";"E01";"2";"7";"0";"0";"1";"1";"1";""
"202100039664";"130 694";"D01";"2";"7";"0";"0";"1";"1";"1";""
"202100039664";"130 695";"C01";"2";"7";"0";"0";"1";"1";"1";""
"202100039665";"130 686";"C01";"1";"7";"0";"2";"4";"2";"2";""
"202100039665";"130 687";"A01";"1";"10";"0";"2";"1";"2";"1";""
"202100039665";"130 688";"B01";"1";"7";"0";"2";"1";"2";"1";""
"202100039666";"130 683";"C01";"1";"10";"0";"2";"2";"1";"1";""
"202100039666";"130 684";"B01";"1";"7";"0";"2";"1";"1";"1";""
"202100039666";"130 685";"A01";"1";"10";"0";"2";"1";"5";"1";""
"202100039667";"130 679";"A01";"2";"10";"0";"2";"1";"2";"1";""
"202100039667";"130 680";"B01";"2";"7";"0";"2";"4";"2";"1";""
"202100039667";"130 681";"C01";"2";"7";"0";"2";"4";"2";"1";""
"202100039667";"130 682";"D01";"2";"7";"0";"2";"4";"2";"1";""
"202100039668";"130 678";"A01";"1";"7";"4";"0";"2";"0";"1";""
"202100039669";"130 674";"A01";"1";"7";"0";"9";"4";"23";"1";""
"202100039669";"130 675";"B01";"1";"7";"1";"0";"0";"23";"1";""
"202100039669";"130 676";"C01";"1";"7";"0";"1";"0";"0";"1";""
"202100039669";"130 677";"D01";"1";"7";"0";"2";"0";"0";"1";""
"202100039670";"130 673";"A01";"1";"7";"3";"0";"3";"13";"1";""
"202100039671";"130 672";"A01";"1";"7";"4";"0";"7";"1";"1";""
"202100039672";"130 671";"A01";"2";"7";"4";"0";"1";"1";"1";""
"202100039673";"130 669";"B01";"2";"33";"0";"2";"6";"2";"1";""
"202100039673";"130 670";"Z01";"2";"7";"0";"2";"2";"2";"0";""
"202100039674";"130 668";"A01";"1";"7";"4";"0";"2";"1";"1";""
"202100039675";"130 666";"A01";"2";"7";"0";"2";"1";"1";"1";""
"202100039675";"130 667";"B01";"2";"7";"0";"2";"8";"1";"1";""
"202100039676";"130 665";"A01";"1";"7";"4";"0";"3";"12";"1";""
"202100039677";"130 664";"A01";"2";"7";"4";"0";"1";"0";"1";""
"202100039678";"130 660";"A01";"1";"7";"0";"2";"1";"2";"1";""
"202100039678";"130 661";"B01";"1";"7";"1";"0";"4";"2";"2";""
"202100039678";"130 662";"C01";"1";"10";"4";"0";"2";"2";"1";""
"202100039678";"130 663";"D01";"1";"7";"4";"0";"1";"2";"1";""
"202100039679";"130 655";"A01";"2";"7";"0";"2";"4";"23";"1";""
"202100039679";"130 656";"B01";"2";"7";"0";"2";"4";"23";"2";""
"202100039679";"130 657";"C01";"2";"7";"0";"2";"4";"23";"1";""
"202100039679";"130 658";"D01";"2";"7";"0";"2";"4";"23";"1";""
"202100039679";"130 659";"E01";"2";"7";"0";"2";"1";"1";"1";""
"202100039680";"130 652";"A01";"1";"7";"12";"2";"1";"1";"1";""
"202100039680";"130 653";"B01";"2";"7";"0";"2";"1";"1";"1";""
"202100039680";"130 654";"C01";"2";"7";"0";"2";"8";"1";"1";""
"202100039681";"130 650";"A01";"1";"30";"0";"2";"1";"1";"1";""
"202100039681";"130 651";"B01";"2";"7";"0";"2";"7";"1";"1";""
"202100039682";"130 648";"B01";"1";"7";"0";"2";"3";"15";"1";""
"202100039682";"130 649";"A01";"1";"7";"0";"2";"2";"5";"1";""
"202100039683";"130 646";"B01";"2";"32";"0";"2";"1";"26";"1";""
"202100039683";"130 647";"A01";"2";"7";"0";"2";"5";"15";"1";""
"202100039684";"130 644";"B01";"3";"7";"0";"2";"1";"1";"1";""
"202100039684";"130 645";"A01";"3";"7";"0";"2";"7";"19";"1";""
"202100039685";"130 642";"B01";"1";"7";"0";"2";"8";"15";"1";""
"202100039685";"130 643";"A01";"1";"30";"0";"2";"1";"19";"1";""
"202100039686";"130 641";"A01";"1";"10";"2";"0";"1";"1";"1";""
"202100039687";"130 640";"A01";"1";"7";"0";"1";"8";"1";"1";""
"202100039688";"130 638";"B01";"3";"33";"0";"0";"0";"1";"1";""
"202100039688";"130 639";"A01";"3";"7";"0";"0";"0";"9";"0";""
"202100039689";"130 637";"A01";"1";"30";"0";"0";"0";"0";"1";""
"202100039690";"130 636";"A01";"3";"7";"0";"1";"1";"1";"1";""
"202100039691";"130 633";"A01";"1";"1";"0";"2";"1";"25";"5";""
"202100039691";"130 634";"C01";"1";"7";"0";"2";"1";"1";"1";""
"202100039691";"130 635";"B01";"1";"3";"9";"9";"7";"1";"1";""
"202100039692";"130 631";"A01";"1";"7";"0";"9";"2";"16";"1";""
"202100039692";"130 632";"B01";"1";"1";"0";"2";"1";"1";"5";""
"202100039693";"130 630";"A01";"3";"7";"0";"1";"3";"1";"1";""
"202100039694";"130 629";"A01";"3";"7";"8";"0";"1";"0";"1";""
"202100039695";"130 626";"A01";"1";"7";"13";"0";"7";"1";"1";""
"202100039696";"130 625";"A01";"2";"7";"3";"0";"0";"26";"1";""
"202100039697";"130 623";"A01";"1";"7";"0";"9";"1";"15";"0";""
"202100039697";"130 624";"B01";"2";"34";"0";"2";"1";"2";"0";""
"202100039698";"130 622";"A01";"3";"7";"0";"1";"3";"9";"1";""
"202100039699";"130 621";"A01";"2";"7";"13";"0";"6";"1";"1";""
"202100039700";"130 620";"A01";"1";"7";"0";"1";"3";"15";"1";""
"202100039701";"130 618";"A01";"1";"10";"0";"2";"2";"12";"1";""
"202100039701";"130 619";"B01";"1";"31";"0";"2";"8";"0";"1";""
"202100039702";"130 616";"A01";"1";"7";"0";"2";"1";"2";"1";""
"202100039702";"130 617";"B01";"1";"7";"0";"2";"4";"2";"1";""
"202100039703";"130 615";"A01";"1";"7";"14";"0";"9";"1";"1";""
"202100039704";"130 613";"B01";"1";"7";"0";"2";"4";"2";"1";""
"202100039704";"130 614";"A01";"1";"7";"0";"2";"1";"2";"2";""
"202100039705";"130 611";"A01";"1";"7";"9";"2";"1";"13";"2";""
"202100039705";"130 612";"B01";"1";"7";"0";"2";"6";"1";"1";""
"202100039706";"130 609";"B01";"1";"1";"0";"2";"3";"7";"5";""
"202100039706";"130 610";"A01";"1";"7";"0";"2";"2";"16";"1";""
"202100039707";"130 606";"A01";"2";"7";"0";"2";"6";"23";"1";""
"202100039707";"130 607";"B01";"2";"30";"0";"2";"4";"23";"1";""
"202100039707";"130 608";"C01";"2";"7";"0";"2";"1";"2";"1";""
"202100039708";"130 604";"A01";"1";"30";"0";"2";"8";"7";"1";""
"202100039708";"130 605";"B01";"1";"7";"0";"2";"2";"16";"1";""
"202100039709";"130 603";"Z01";"1";"7";"0";"1";"2";"1";"1";""
"202100039710";"130 601";"B01";"1";"30";"0";"2";"1";"10";"1";""
"202100039710";"130 602";"A01";"2";"32";"0";"2";"3";"1";"1";""
"202100039711";"130 599";"A01";"2";"30";"0";"2";"1";"2";"1";""
"202100039711";"130 600";"B01";"2";"33";"0";"2";"4";"23";"1";""
"202100039712";"130 597";"A01";"2";"30";"0";"2";"3";"1";"1";""
"202100039712";"130 598";"B01";"2";"7";"0";"2";"8";"10";"1";""
"202100039713";"130 596";"A01";"1";"1";"14";"0";"7";"12";"5";""
"202100039714";"130 594";"B01";"2";"10";"0";"2";"1";"2";"3";""
"202100039714";"130 595";"A01";"2";"7";"0";"2";"4";"23";"1";""
"202100039715";"130 592";"B01";"2";"50";"0";"2";"8";"1";"3";""
"202100039715";"130 593";"A01";"1";"7";"8";"2";"2";"15";"1";""
"202100039716";"130 590";"A01";"1";"30";"0";"2";"1";"1";"1";""
"202100039716";"130 591";"B01";"2";"7";"0";"2";"7";"1";"1";""
"202100039717";"130 588";"A01";"0";"30";"0";"0";"3";"1";"1";""
"202100039717";"130 589";"Z01";"0";"7";"0";"0";"0";"1";"1";""
"202100039718";"130 586";"A01";"1";"30";"0";"2";"1";"2";"1";""
"202100039718";"130 587";"B01";"1";"7";"0";"2";"4";"23";"1";""
"202100039719";"130 584";"A01";"1";"1";"0";"2";"1";"9";"5";""
"202100039719";"130 585";"B01";"2";"7";"0";"2";"1";"1";"1";""
"202100039720";"130 581";"C01";"2";"7";"0";"2";"4";"2";"1";""
"202100039720";"130 582";"B01";"2";"7";"0";"2";"4";"2";"1";""
"202100039720";"130 583";"A01";"2";"7";"0";"2";"1";"2";"1";""
"202100039721";"130 580";"A01";"1";"50";"0";"0";"1";"1";"3";""
"202100039722";"130 579";"A01";"0";"30";"0";"0";"0";"1";"3";""
"202100039723";"130 577";"B01";"3";"2";"0";"2";"1";"16";"1";""
"202100039723";"130 578";"A01";"2";"7";"0";"2";"2";"1";"1";""
"202100039724";"130 576";"A01";"2";"7";"1";"2";"4";"20";"1";""
"202100039725";"130 572";"D01";"2";"7";"0";"2";"2";"1";"1";""
"202100039725";"130 573";"C01";"2";"7";"0";"2";"3";"1";"1";""
"202100039725";"130 574";"B01";"2";"7";"0";"2";"1";"1";"1";""
"202100039725";"130 575";"A01";"2";"7";"11";"2";"9";"6";"1";""
"202100039726";"130 570";"A01";"2";"7";"0";"2";"1";"1";"1";""
"202100039726";"130 571";"B01";"1";"7";"0";"2";"3";"16";"1";""
"202100039727";"130 568";"B01";" -1";"60";"0";"2";"0";"19";"5";""
"202100039727";"130 569";"A01";" -1";"7";"0";"9";"0";"1";"0";""
"202100039728";"130 566";"B01";"2";"7";"0";"9";"3";"1";"1";""
"202100039728";"130 567";"A01";"2";"1";"0";"2";"1";"1";"5";""
"202100039729";"130 564";"A01";"0";"32";"0";"2";"8";"1";"1";""
"202100039729";"130 565";"B01";"1";"7";"0";"0";"0";"0";"1";""
"202100039730";"130 563";"A01";"1";"7";"0";"1";"3";"9";"1";""
"202100039731";"130 561";"B01";"1";"33";"0";"2";"7";"1";"1";""
"202100039731";"130 562";"A01";"1";"7";"0";"0";"0";"9";"1";""
"202100039732";"130 559";"A01";"1";"1";"0";"2";"1";"5";"5";""
"202100039732";"130 560";"B01";"1";"7";"0";"2";"8";"1";"1";""
"202100039733";"130 558";"A01";"1";"30";"0";"0";"0";"1";"1";""
"202100039734";"130 557";"A01";"2";"7";"15";"0";"1";"1";"1";""
"202100039735";"130 555";"A01";"2";"7";"8";"2";"2";"17";"1";""
"202100039735";"130 556";"B01";"1";"7";"0";"2";"3";"1";"2";""
"202100039736";"130 554";"A01";"1";"7";"0";"1";"2";"1";"1";""
"202100039737";"130 552";"A01";"1";"2";"0";"2";"1";"0";"1";""
"202100039737";"130 553";"B01";"1";"7";"0";"0";"8";"0";"1";""
"202100039738";"130 550";"B01";"1";"17";"0";"0";"6";"1";"1";""
"202100039738";"130 551";"A01";"1";"7";"0";"2";"2";"12";"1";""
"202100039739";"130 549";"A01";"1";"1";"0";"0";"0";"2";"5";""
"202100039740";"130 548";"A01";"3";"10";"6";"0";"3";"1";"1";""
"202100039741";"130 546";"A01";"2";"7";"0";"2";"2";"12";"1";""
"202100039741";"130 547";"B01";"2";"7";"0";"0";"3";"1";"1";""
"202100039742";"130 544";"B01";"3";"1";"13";"2";"1";"19";"5";""
"202100039742";"130 545";"A01";"3";"7";"0";"9";"2";"26";"1";""
"202100039743";"130 543";"A01";"3";"7";"0";"1";"2";"0";"1";""
"202100039744";"130 542";"A01";"2";"7";"16";"6";"0";"21";"1";""
"202100039745";"130 539";"C01";"2";"7";"0";"2";"1";"2";"1";""
"202100039745";"130 540";"B01";"2";"7";"0";"2";"4";"1";"1";""
"202100039745";"130 541";"A01";"2";"7";"0";"2";"4";"1";"1";""
"202100039746";"130 537";"A01";"2";"7";"0";"2";"3";"0";"1";""
"202100039746";"130 538";"B01";"3";"3";"0";"2";"1";"9";"1";""
"202100039747";"130 536";"A01";"1";"7";"13";"0";"1";"1";"1";""
"202100039748";"130 533";"B01";"1";"7";"0";"2";"1";"1";"1";""
"202100039748";"130 534";"A01";"2";"7";"0";"2";"8";"13";"1";""
"202100039749";"130 532";"A01";"1";"7";"2";"0";"1";"1";"1";""
"202100039750";"130 529";"A01";"2";"7";"0";"2";"3";"11";"1";""
"202100039750";"130 530";"B01";"1";"13";"0";"2";"8";"12";"1";""
"202100039750";"130 531";"C01";"1";"7";"0";"2";"1";"0";"1";""
"202100039751";"130 527";"A01";"1";"7";"0";"2";"7";"13";"1";""
"202100039751";"130 528";"B01";"2";"7";"0";"2";"1";"1";"1";""
"202100039752";"130 526";"A01";"2";"7";"0";"0";"9";"1";"1";""
"202100039753";"130 524";"A01";"1";"7";"0";"2";"3";"13";"1";""
"202100039753";"130 525";"B01";"2";"7";"0";"2";"8";"1";"1";""
"202100039754";"130 523";"A01";"0";"36";"0";"0";"1";"26";"1";""
"202100039755";"130 522";"A01";"1";"7";"8";"0";"1";"13";"1";""
"202100039756";"130 521";"A01";"2";"36";"0";"0";"0";"1";"1";""
"202100039757";"130 519";"B01";"2";"7";"0";"2";"3";"2";"1";""
"202100039757";"130 520";"A01";"1";"1";"0";"2";"2";"17";"5";""
"202100039758";"130 518";"A01";"1";"7";"2";"0";"1";"1";"1";""
"202100039759";"130 514";"D01";"2";"14";"0";"2";"1";"2";"1";""
"202100039759";"130 515";"C01";"2";"15";"0";"2";"4";"23";"1";""
"202100039759";"130 516";"B01";"2";"7";"0";"2";"4";"23";"1";""
"202100039759";"130 517";"A01";"2";"15";"0";"0";"4";"23";"1";""
"202100039760";"130 513";"A01";"2";"7";"0";"1";"2";"1";"1";""
"202100039761";"130 511";"B01";"1";"34";"0";"2";"1";"17";"1";""
"202100039761";"130 512";"A01";"0";"7";"0";"2";"3";"9";"1";""
"202100039762";"130 509";"A01";"2";"7";"0";"2";"3";"1";"1";""
"202100039762";"130 510";"B01";"2";"1";"0";"2";"9";"5";"5";""
"202100039763";"130 508";"A01";"1";"7";"0";"1";"1";"1";"1";""
"202100039764";"130 507";"A01";"3";"34";"6";"0";"1";"1";"1";""
"202100039765";"130 506";"A01";"3";"32";"0";"0";"1";"1";"1";""
"202100039766";"130 504";"B01";"2";"1";"0";"2";"3";"13";"5";""
"202100039766";"130 505";"A01";"2";"38";"0";"9";"5";"2";"1";"1"
"202100039767";"130 502";"B01";"2";"7";"0";"0";"1";"1";"1";""
"202100039767";"130 503";"A01";"1";"7";"0";"2";"1";"13";"1";""
"202100039768";"130 500";"B01";"1";"7";"0";"0";"6";"23";"2";""
"202100039768";"130 501";"A01";"1";"1";"1";"0";"1";"1";"5";""
"202100039769";"130 499";"A01";"1";"7";"0";"1";"2";"1";"1";""
"202100039770";"130 497";"A01";"2";"33";"0";"2";"1";"13";"1";""
"202100039770";"130 498";"B01";"1";"33";"0";"2";"1";"1";"1";""
"202100039771";"130 496";"A01";"1";"7";"9";"0";"1";"0";"1";""
"202100039772";"130 495";"A01";"1";"7";"2";"0";"1";"16";"1";""
"202100039773";"130 493";"A01";"1";"33";"0";"2";"1";"2";"1";""
"202100039773";"130 494";"B01";"1";"7";"0";"0";"4";"2";"1";""
"202100039774";"130 491";"B01";"3";"1";"0";"0";"0";"2";"5";""
"202100039774";"130 492";"A01";"3";"37";"0";"0";"0";"2";"1";"1"
"202100039775";"130 490";"A01";"2";"7";"2";"0";"1";"1";"1";""
"202100039776";"130 488";"A01";"3";"7";"13";"2";"3";"1";"1";""
"202100039776";"130 489";"B01";"3";"2";"0";"2";"1";"1";"1";""
"202100039777";"130 487";"A01";"0";"33";"12";"0";"0";"26";"1";""
"202100039778";"130 486";"A01";"0";"7";"0";"1";"1";"17";"1";""
"202100039779";"130 485";"A01";"2";"7";"13";"0";"3";"1";"1";""
"202100039780";"130 482";"A01";"2";"7";"0";"2";"4";"2";"1";""
"202100039780";"130 483";"B01";"2";"7";"0";"2";"4";"2";"3";""
"202100039780";"130 484";"C01";"2";"7";"0";"2";"1";"2";"1";""
"202100039781";"130 480";"A01";"1";"7";"0";"2";"2";"2";"1";""
"202100039781";"130 481";"B01";"1";"7";"0";"2";"5";"2";"1";""
"202100039782";"130 478";"B01";"2";"33";"0";"2";"7";"1";"1";""
"202100039782";"130 479";"A01";"2";"15";"0";"2";"8";"13";"1";""
"202100039783";"130 473";"C01";"1";"7";"0";"2";"0";"2";"1";""
"202100039783";"130 474";"D01";"1";"7";"0";"2";"4";"2";"1";""
"202100039783";"130 475";"E01";"1";"7";"0";"2";"4";"2";"1";""
"202100039783";"130 476";"B01";"1";"7";"0";"2";"4";"2";"1";""
"202100039783";"130 477";"A01";"1";"7";"0";"2";"1";"1";"1";""
"202100039784";"130 471";"A01";"1";"7";"0";"2";"1";"2";"1";""
"202100039784";"130 472";"B01";"1";"7";"0";"2";"4";"2";"1";""
"202100039785";"130 470";"A01";"1";"7";"4";"0";"1";"1";"1";""
"202100039786";"130 467";"A01";"2";"10";"0";"2";"3";"1";"1";""
"202100039786";"130 468";"B01";"2";"7";"0";"2";"2";"23";"1";""
"202100039786";"130 469";"C01";"2";"7";"0";"2";"4";"23";"1";""
"202100039787";"130 466";"A01";"2";"7";"4";"0";"5";"1";"1";""
"202100039788";"130 464";"B01";"2";"10";"3";"2";"8";"12";"1";""
"202100039788";"130 465";"A01";"2";"10";"4";"2";"6";"17";"1";""
"202100039789";"130 463";"A01";"1";"7";"3";"0";"2";"26";"1";""
"202100039790";"130 461";"A01";"2";"33";"0";"2";"1";"2";"1";""
"202100039790";"130 462";"B01";"2";"7";"0";"2";"4";"2";"1";""
"202100039791";"130 459";"A01";"1";"7";"1";"0";"2";"26";"1";""
"202100039791";"130 460";"B01";"1";"7";"0";"2";"6";"24";"1";""
"202100039792";"130 456";"C01";"1";"7";"0";"2";"4";"1";"1";""
"202100039792";"130 457";"B01";"1";"7";"0";"2";"4";"1";"1";""
"202100039792";"130 458";"A01";"1";"7";"0";"2";"1";"1";"1";""
"202100039793";"130 454";"B01";"1";"7";"0";"0";"4";"6";"1";""
"202100039793";"130 455";"A01";"1";"33";"0";"2";"1";"1";"1";""
"202100039794";"130 451";"C01";"2";"7";"0";"2";"1";"2";"1";""
"202100039794";"130 452";"B01";"2";"7";"0";"2";"9";"2";"2";""
"202100039794";"130 453";"A01";"2";"7";"0";"2";"4";"2";"1";""
"202100039795";"130 449";"A01";"1";"7";"0";"2";"7";"17";"1";""
"202100039795";"130 450";"B01";"1";"7";"0";"2";"1";"1";"1";""
"202100039796";"130 444";"A01";"2";"7";"0";"2";"1";"1";"1";""
"202100039796";"130 445";"B01";"2";"7";"0";"2";"4";"1";"1";""
"202100039796";"130 446";"C01";"2";"7";"0";"2";"4";"1";"1";""
"202100039796";"130 447";"D01";"2";"7";"0";"2";"4";"0";"1";""
"202100039796";"130 448";"E01";"2";"7";"0";"2";"4";"0";"1";""
"202100039797";"130 443";"A01";"1";"7";"13";"0";"1";"14";"1";""
"202100039798";"130 442";"A01";"1";"7";"0";"1";"2";"1";"1";""
"202100039799";"130 441";"A01";"1";"7";"0";"0";"0";"1";"1";""
"202100039800";"130 439";"B01";"1";"7";"0";"2";"3";"1";"1";""
"202100039800";"130 440";"A01";"1";"7";"0";"2";"1";"1";"1";""
"202100039801";"130 437";"B01";"1";"7";"0";"2";"3";"1";"1";""
"202100039801";"130 438";"A01";"1";"7";"0";"2";"2";"1";"1";""
"202100039802";"130 435";"B01";"1";"7";"0";"2";"4";"2";"1";""
"202100039802";"130 436";"A01";"1";"7";"0";"2";"1";"2";"1";""
"202100039803";"130 433";"A01";"2";"7";"0";"2";"1";"17";"1";""
"202100039803";"130 434";"B01";"1";"7";"0";"2";"3";"2";"1";""
"202100039804";"130 431";"A01";"2";"1";"0";"2";"7";"1";"5";""
"202100039804";"130 432";"B01";"2";"7";"0";"2";"3";"1";"1";""
"202100039805";"130 429";"A01";"3";"7";"0";"2";"1";"15";"1";""
"202100039805";"130 430";"B01";"3";"2";"0";"2";"1";"1";"1";""
"202100039806";"130 427";"A01";"1";"7";"0";"2";"6";"17";"1";""
"202100039806";"130 428";"B01";"1";"7";"0";"2";"2";"1";"3";""
"202100039807";"130 425";"A01";"3";"7";"0";"9";"2";"1";"1";""
"202100039807";"130 426";"Y01";"3";"1";"0";"2";"1";"1";"0";""
"202100039808";"130 424";"A01";"1";"99";"8";"0";"2";"13";"1";""
"202100039809";"130 422";"B01";"3";"32";"0";"2";"1";"17";"1";""
"202100039809";"130 423";"A01";"3";"7";"0";"2";"8";"15";"1";""
"202100039810";"130 421";"A01";"3";"7";"17";"0";"0";"1";" -1";""
"202100039811";"130 419";"B01";"1";"2";"0";"2";"4";"23";"1";""
"202100039811";"130 420";"A01";"1";"7";"0";"2";"0";"0";"0";""
"202100039812";"130 415";"A01";"2";"10";"0";"9";"7";"16";"1";""
"202100039812";"130 416";"B01";"2";"1";"0";"2";"0";"0";"5";""
"202100039813";"130 413";"A01";"2";"7";"0";"2";"1";"1";"1";""
"202100039813";"130 414";"B01";"1";"50";"0";"2";"0";"5";"3";""
"202100039814";"130 411";"B01";"1";"7";"0";"2";"6";"2";"1";""
"202100039814";"130 412";"A01";"1";"7";"1";"2";"2";"2";"1";""
"202100039815";"130 409";"A01";"1";"7";"0";"2";"1";"1";"1";""
"202100039815";"130 410";"B01";"2";"2";"0";"2";"8";"7";"1";""
"202100039816";"130 407";"A01";"2";"2";"0";"9";"1";"1";"1";""
"202100039816";"130 408";"B01";"2";"1";"0";"2";"3";"19";"0";""
"202100039817";"130 406";"A01";"0";"7";"2";"0";"2";"1";"1";""
"202100039818";"130 404";"A01";"0";"7";"0";"2";"1";"1";"1";""
"202100039818";"130 405";"B01";"0";"7";"0";"2";"5";"1";"1";""
"202100039819";"130 402";"A01";"1";"7";"0";"2";"3";"15";"1";""
"202100039819";"130 403";"B01";"0";"1";"0";"0";"0";"0";"5";""
"202100039820";"130 401";"A01";"1";"7";"0";"1";"1";"26";"1";""
"202100039821";"130 400";"A01";"1";"7";"8";"0";"7";"1";"1";""
"202100039822";"130 398";"B01";"1";"7";"0";"2";"8";"1";"1";""
"202100039822";"130 399";"A01";"1";"50";"0";"2";"0";"13";"3";""
"202100039823";"130 396";"A01";"0";"30";"0";"2";"7";"9";"1";""
"202100039823";"130 397";"B01";"0";"30";"0";"0";"0";"1";"1";""
"202100039824";"130 394";"A01";"0";"7";"0";"2";"3";"15";"1";""
"202100039824";"130 395";"B01";"0";"7";"0";"2";"3";"15";"1";""
"202100039825";"130 392";"B01";"2";"7";"0";"2";"1";"2";"1";""
"202100039825";"130 393";"A01";"1";"7";"0";"2";"7";"13";"1";""
"202100039826";"130 389";"B01";"2";"7";"0";"2";"2";"15";"1";""
"202100039826";"130 390";"A01";"2";"7";"0";"2";"1";"1";"1";""
"202100039826";"130 391";"C01";"1";"7";"0";"2";"3";"1";"1";""
"202100039827";"130 388";"A01";"1";"7";"13";"0";"1";"26";"1";""
"202100039828";"130 386";"A01";"1";"7";"0";"2";"1";"1";"1";""
"202100039828";"130 387";"B01";"2";"7";"0";"2";"1";"15";"1";""
"202100039829";"130 385";"A01";"1";"3";"0";"0";"0";"9";"0";""
"202100039830";"130 383";"B01";"3";"7";"0";"2";"5";"1";"1";""
"202100039830";"130 384";"A01";"3";"10";"0";"2";"1";"1";"0";""
"202100039831";"130 382";"A01";"1";"7";"0";"0";"1";"0";"1";""
"202100039832";"130 380";"B01";"1";"33";"0";"2";"7";"1";"1";""
"202100039832";"130 381";"A01";"3";"7";"0";"2";"8";"20";"1";""
"202100039833";"130 379";"A01";"1";"7";"0";"1";"1";"15";"1";""
"202100039834";"130 378";"A01";"3";"7";"3";"0";"3";"26";"1";""
"202100039835";"130 377";"A01";"1";"7";"0";"1";"1";"1";"1";""
"202100039836";"130 375";"B01";"3";"10";"0";"2";"1";"1";"1";""
"202100039836";"130 376";"A01";"3";"10";"0";"2";"7";"1";"1";""
"202100039837";"130 372";"A01";"1";"7";"0";"2";"9";"1";"1";""
"202100039837";"130 373";"B01";"2";"7";"0";"2";"1";"1";"1";""
"202100039837";"130 374";"C01";"2";"7";"0";"2";"4";"23";"1";""
"202100039838";"130 370";"B01";"0";"10";"0";"2";"3";"1";"1";""
"202100039838";"130 371";"A01";"1";"43";"0";"2";"3";"1";"1";""
"202100039839";"130 369";"A01";"1";"30";"0";"0";"7";"21";"1";""
"202100039840";"130 367";"A01";"2";"7";"0";"2";"2";"1";"1";""
"202100039840";"130 368";"B01";"1";"33";"0";"2";"1";"1";"1";""
"202100039841";"130 366";"A01";"2";"7";"1";"0";"2";"14";"1";""
"202100039842";"130 363";"A01";"1";"10";"0";"2";"1";"1";"1";""
"202100039842";"130 364";"B01";"1";"7";"0";"2";"4";"1";"1";""
"202100039842";"130 365";"C01";"1";"7";"0";"2";"4";"1";"3";""
"202100039843";"130 361";"A01";"2";"30";"0";"2";"1";"17";"1";""
"202100039843";"130 362";"B01";"2";"7";"0";"2";"8";"15";"1";""
"202100039844";"130 359";"A01";"1";"7";"0";"2";"3";"1";"1";""
"202100039844";"130 360";"B01";"2";"7";"0";"2";"6";"1";"1";""
"202100039845";"130 358";"A01";"0";"50";"0";"0";"0";"19";"3";""
"202100039846";"130 356";"A01";"0";"7";"0";"2";"7";"19";"1";""
"202100039846";"130 357";"B01";"3";"37";"0";"2";"1";"1";"1";"1"
"202100039847";"130 354";"A01";"1";"31";"0";"2";"8";"1";"1";""
"202100039847";"130 355";"B01";"2";"7";"0";"2";"4";"10";"1";""
"202100039848";"130 352";"A01";"2";"1";"0";"2";"1";"1";"5";""
"202100039848";"130 353";"B01";"3";"7";"0";"2";"3";"1";"1";""
"202100039849";"130 351";"A01";"2";"7";"9";"0";"1";"15";"1";""
"202100039850";"130 349";"A01";"1";"1";"0";"2";"1";"26";"0";""
"202100039850";"130 350";"B01";"1";"7";"0";"9";"3";"15";"1";""
"202100039851";"130 347";"B01";"0";"7";"0";"2";"1";"1";"1";""
"202100039851";"130 348";"A01";"0";"7";"0";"2";"7";"15";"1";""