"Num_Acc";"id_vehicule";"num_veh";"senc";"catv";"obs";"obsm";"choc";"manv";"motor";"occutc"
"202100039852";"130 345";"B01";"3";"7";"0";"2";"3";"2";"1";""
"202100039852";"130 346";"A01";"3";"10";"3";"2";"5";"1";"1";""
"202100039853";"130 344";"A01";"3";"7";"1";"1";"1";"18";"1";""
"202100039854";"130 342";"B01";"1";"7";"0";"2";"4";"1";"1";""
"202100039854";"130 343";"A01";"1";"7";"0";"2";"1";"11";"1";""
"202100039855";"130 340";"A01";"1";"7";"0";"2";"6";"24";"1";""
"202100039855";"130 341";"B01";"1";"1";"1";"0";"6";"1";"5";""
"202100039856";"130 338";"A01";"2";"7";"0";"2";"3";"13";"1";""
"202100039856";"130 339";"B01";"1";"38";"0";"2";"3";"1";"1";"3"
"202100039857";"130 337";"A01";"1";"7";"13";"0";"1";"13";"1";""
"202100039858";"130 336";"A01";"3";"50";"0";"0";"0";"1";"3";""
"202100039859";"130 335";"A01";"1";"7";"13";"0";"2";"1";"1";""
"202100039860";"130 334";"A01";"2";"33";"0";"0";"0";"1";"1";""
"202100039861";"130 332";"A01";"2";"7";"9";"2";"3";"6";"1";""
"202100039861";"130 333";"B01";"1";"7";"12";"2";"3";"1";"1";""
"202100039862";"130 330";"A01";"1";"36";"13";"0";"0";"2";"1";""
"202100039862";"130 331";"B01";"1";"36";"0";"0";"0";"2";"1";""
"202100039863";"130 329";"A01";"3";"7";"2";"0";"2";"1";"1";""
"202100039864";"130 328";"A01";"1";"10";"6";"0";"1";"1";"1";""
"202100039865";"130 326";"A01";"0";"7";"0";"2";"3";"15";"1";""
"202100039865";"130 327";"B01";"2";"33";"0";"2";"1";"1";"1";""
"202100039866";"130 325";"A01";"1";"7";"2";"0";"7";"1";"1";""
"202100039867";"130 322";"C01";"2";"7";"0";"2";"4";"1";"1";""
"202100039867";"130 323";"B01";"2";"7";"0";"2";"2";"17";"1";""
"202100039867";"130 324";"A01";"2";"33";"0";"2";"1";"11";"1";""
"202100039868";"130 320";"B01";"1";"7";"0";"2";"3";"1";"1";""
"202100039868";"130 321";"A01";"2";"7";"0";"2";"8";"1";"1";""
"202100039869";"130 319";"A01";"2";"7";"2";"0";"1";"1";"1";""
"202100039870";"130 318";"A01";"1";"7";"2";"0";"2";"1";"1";""
"202100039871";"130 317";"A01";"2";"7";"6";"0";"1";"0";"1";""
"202100039872";"130 316";"A01";"1";"33";"0";"0";"7";"1";"1";""
"202100039873";"130 315";"A01";"1";"1";"0";"0";"0";"0";"5";""
"202100039874";"130 314";"A01";"0";"2";"1";"0";"1";"26";"1";""
"202100039875";"130 313";"A01";"3";"31";"14";"0";"0";"0";"1";""
"202100039876";"130 311";"A01";"1";"2";"0";"2";"7";"14";"1";""
"202100039876";"130 312";"B01";"3";"7";"0";"2";"3";"23";"1";""
"202100039877";"130 310";"A01";"2";"7";"2";"0";"1";"1";"0";""
"202100039878";"130 308";"A01";"3";"7";"0";"2";"2";"1";"1";""
"202100039878";"130 309";"B01";"3";"33";"0";"2";"1";"19";"1";""
"202100039879";"130 305";"A01";"1";"7";"0";"2";"2";"1";"1";""
"202100039879";"130 306";"B01";"1";"7";"0";"0";"3";"1";"1";""
"202100039880";"130 304";"A01";"2";"33";"3";"0";"1";"0";"1";""
"202100039881";"130 302";"A01";"1";"7";"0";"2";"3";"1";"1";""
"202100039881";"130 303";"B01";"1";"2";"0";"2";"1";"19";"1";""
"202100039882";"130 299";"A01";"2";"7";"0";"2";"2";"12";"1";""
"202100039882";"130 300";"B01";"2";"33";"0";"2";"3";"3";"1";""
"202100039883";"130 297";"B01";"2";"7";"0";"0";"2";"0";"1";""
"202100039883";"130 298";"A01";"1";"7";"0";"0";"1";"1";"1";""
"202100039884";"130 296";"A01";"1";"33";"8";"0";"7";"1";"1";""
"202100039885";"130 294";"A01";"2";"13";"0";"2";"1";"1";"1";""
"202100039885";"130 295";"B01";"1";"7";"0";"2";"1";"1";"1";""
"202100039886";"130 293";"A01";"1";"7";"13";"0";"0";"1";"1";""
"202100039887";"130 292";"A01";"2";"7";"15";"0";"4";"19";"1";""
"202100039888";"130 290";"A01";"2";"1";"0";"2";"2";"15";"5";""
"202100039888";"130 291";"B01";"1";"7";"0";"9";"2";"1";"1";""
"202100039889";"130 289";"A01";"3";"7";"2";"0";"1";"1";"1";""
"202100039890";"130 287";"A01";"1";"7";"0";"2";"1";"5";"1";""
"202100039890";"130 288";"B01";"1";"33";"0";"2";"1";"2";"1";""
"202100039891";"130 286";"A01";"2";"7";"13";"0";"3";"14";"1";""
"202100039892";"130 284";"B01";"0";"7";"15";"2";"1";"1";"1";""
"202100039892";"130 285";"A01";"3";"10";"15";"2";"2";"1";"1";""
"202100039893";"130 283";"A01";"1";"10";"10";"0";"2";"1";"1";""
"202100039894";"130 280";"A01";"1";"7";"15";"0";"2";"1";"1";""
"202100039895";"130 277";"B01";"2";"7";"0";"2";"1";"2";"1";""
"202100039895";"130 278";"A01";"2";"7";"0";"2";"4";"1";"1";""
"202100039896";"130 275";"A01";"1";"7";"0";"2";"2";"14";"1";""
"202100039896";"130 276";"B01";"1";"7";"4";"0";"0";"0";"1";""
"202100039897";"130 274";"A01";"1";"7";"4";"0";"1";"1";"1";""
"202100039898";"130 272";"A01";"2";"7";"0";"2";"1";"2";"1";""
"202100039898";"130 273";"B01";"2";"7";"0";"2";"4";"2";"1";""
"202100039899";"130 271";"A01";"1";"7";"4";"0";"2";"1";"1";""
"202100039900";"130 270";"A01";"1";"7";"3";"0";"1";"1";"1";""
"202100039901";"130 269";"A01";"1";"7";"4";"0";"1";"9";"1";""
"202100039902";"130 267";"B01";"2";"7";"0";"2";"4";"1";"1";""
"202100039902";"130 268";"A01";"2";"7";"0";"2";"1";"1";"1";""
"202100039903";"130 265";"B01";"2";"17";"0";"2";"4";"26";"1";""
"202100039903";"130 266";"A01";"2";"10";"0";"2";"1";"26";"1";""
"202100039904";"130 263";"B01";"1";"7";"0";"2";"2";"16";"1";""
"202100039904";"130 264";"A01";"1";"32";"0";"2";"1";"7";"1";""
"202100039905";"130 261";"B01";"1";"7";"15";"2";"1";"1";"1";""
"202100039905";"130 262";"A01";"2";"7";"9";"2";"1";"15";"1";""
"202100039906";"130 257";"B01";"2";"10";"0";"2";"4";"23";"1";""
"202100039906";"130 258";"A01";"2";"10";"0";"2";"1";"1";"1";""
"202100039906";"130 259";"D01";"2";"10";"0";"2";"4";"23";"1";""
"202100039906";"130 260";"C01";"2";"7";"0";"2";"4";"23";"1";""
"202100039907";"130 256";"A01";"1";"7";"0";"1";"2";"1";"1";""
"202100039908";"130 254";"B01";"3";"7";"0";"2";"4";"1";"1";""
"202100039908";"130 255";"A01";"2";"2";"0";"2";"1";"1";"1";""
"202100039909";"130 252";"A01";"2";"7";"0";"2";"1";"2";"1";""
"202100039909";"130 253";"B01";"2";"7";"0";"2";"4";"2";"1";""
"202100039910";"130 250";"B01";"1";"33";"0";"2";"2";"0";"1";""
"202100039910";"130 251";"A01";"1";"7";"0";"2";"2";"15";"1";""
"202100039911";"130 248";"B01";"1";"7";"0";"2";"3";"2";"1";""
"202100039911";"130 249";"A01";"2";"7";"0";"2";"3";"15";"1";""
"202100039912";"130 246";"A01";"3";"7";"0";"9";"1";"1";"0";""
"202100039912";"130 247";"B01";"1";"50";"0";"2";"6";"25";"3";""
"202100039913";"130 245";"A01";"0";"7";"0";"1";"1";"1";"1";""
"202100039914";"130 242";"C01";"1";"7";"0";"2";"4";"2";"1";""
"202100039914";"130 243";"B01";"1";"7";"0";"2";"4";"2";"1";""
"202100039914";"130 244";"A01";"1";"7";"0";"2";"1";"2";"1";""
"202100039915";"130 240";"B01";"1";"7";"0";"2";"6";"1";"1";""
"202100039915";"130 241";"A01";"1";"7";"0";"2";"2";"9";"1";""
"202100039916";"130 238";"B01";"2";"7";"1";"0";"4";"23";"1";""
"202100039916";"130 239";"A01";"2";"14";"1";"0";"1";"23";"1";""
"202100039917";"130 237";"A01";"3";"7";"0";"1";"5";"23";"1";""
"202100039918";"130 235";"A01";"2";"7";"0";"2";"8";"1";"1";""
"202100039918";"130 236";"B01";"1";"7";"0";"2";"1";"1";"1";""
"202100039919";"130 233";"A01";"1";"2";"0";"2";"1";"16";"1";""
"202100039919";"130 234";"B01";"2";"7";"0";"2";"0";"5";"1";""
"202100039920";"130 232";"A01";"1";"7";"0";"1";"2";"16";"1";""
"202100039921";"130 230";"B01";"2";"7";"0";"2";"2";"1";"1";""
"202100039921";"130 231";"A01";"2";"7";"11";"2";"1";"6";"1";""
"202100039922";"130 227";"A01";"0";"7";"0";"1";"0";"19";"0";""
"202100039923";"130 225";"B01";"1";"1";"0";"2";"4";"1";"5";""
"202100039923";"130 226";"A01";"1";"7";"0";"2";"1";"9";"1";""
"202100039924";"130 223";"A01";"2";"7";"0";"2";"1";"9";"1";""
"202100039924";"130 224";"B01";"2";"7";"0";"2";"5";"1";"1";""
"202100039925";"130 220";"A01";"2";"7";"0";"2";"1";"0";"1";""
"202100039925";"130 221";"C01";"2";"7";"0";"2";"4";"23";"1";""
"202100039925";"130 222";"B01";"2";"7";"0";"2";"9";"0";"1";""
"202100039926";"130 218";"B01";"2";"7";"0";"2";"2";"1";"1";""
"202100039926";"130 219";"A01";"1";"1";"0";"2";"0";"19";"5";""
"202100039927";"130 216";"A01";"3";"7";"0";"2";"1";"15";"1";""
"202100039927";"130 217";"B01";"3";"7";"0";"2";"3";"2";"1";""
"202100039928";"130 214";"A01";"2";"7";"0";"2";"1";"1";"1";""
"202100039928";"130 215";"B01";"2";"10";"0";"2";"6";"23";"1";""
"202100039929";"130 213";"A01";"3";"30";"0";"0";"3";"1";"1";""
"202100039930";"130 211";"A01";"1";"7";"0";"0";" -1";"1";"1";""
"202100039930";"130 212";"B01";"2";"7";"0";"9";"1";"1";"1";""
"202100039931";"130 209";"B01";"0";"40";"0";"0";"7";"24";"3";""
"202100039931";"130 210";"A01";"2";"1";"0";"4";"0";"2";"5";""
"202100039932";"130 207";"B01";"1";"33";"0";"2";"9";"2";"1";""
"202100039932";"130 208";"A01";"1";"7";"0";"2";"1";"15";"1";""
"202100039933";"130 205";"A01";"2";"7";"0";"2";"1";"9";"1";""
"202100039933";"130 206";"B01";"1";"1";"0";"2";"7";"1";"5";""
"202100039934";"130 204";"A01";"1";"7";"0";"1";"2";"15";"1";""
"202100039935";"130 203";"A01";"1";"7";"15";"0";"1";"0";"1";""
"202100039936";"130 201";"B01";"2";"10";"0";"2";"8";"19";"1";""
"202100039936";"130 202";"A01";"2";"7";"0";"2";"1";"19";"1";""
"202100039937";"130 200";"A01";"0";"7";"6";"0";"1";"16";"1";""
"202100039938";"130 199";"A01";"1";"7";"0";"1";"1";"19";"1";""
"202100039939";"130 197";"A01";"2";"7";"0";"2";"1";"9";"1";""
"202100039939";"130 198";"B01";"2";"7";"0";"2";"3";"1";"1";""
"202100039940";"130 195";"A01";"1";"1";"1";"0";"1";"17";"5";""
"202100039940";"130 196";"B01";"1";"7";"1";"0";"3";"22";"1";""
"202100039941";"130 194";"A01";"3";"7";"0";"1";"2";"26";"1";""
"202100039942";"130 192";"A01";"1";"7";"0";"2";"3";"9";"1";""
"202100039942";"130 193";"B01";"2";"2";"0";"2";"7";"1";"1";""
"202100039943";"130 190";"B01";"1";"7";"0";"2";"3";"1";"1";""
"202100039943";"130 191";"A01";"1";"1";"0";"2";"1";"1";"5";""
"202100039944";"130 188";"B01";"2";"7";"0";"2";"8";"1";"1";""
"202100039944";"130 189";"A01";"2";"7";"0";"2";"3";"1";"1";""
"202100039945";"130 187";"A01";"2";"7";"0";"1";"2";"1";"1";""
"202100039946";"130 184";"C01";"2";"7";"0";"2";"3";"1";"1";""
"202100039946";"130 185";"B01";"1";"7";"0";"2";"5";"2";"1";""
"202100039946";"130 186";"A01";"1";"7";"0";"2";"3";"2";"2";""
"202100039947";"130 182";"B01";"0";"37";"0";"2";"0";"1";"1";"1"
"202100039947";"130 183";"A01";"0";"30";"0";"2";"0";"0";"1";""
"202100039948";"130 180";"B01";"2";"1";"0";"2";"1";"1";"5";""
"202100039948";"130 181";"A01";"2";"7";"0";"2";"6";"9";"1";""
"202100039949";"130 178";"A01";"1";"7";"0";"2";"2";"1";"1";""
"202100039949";"130 179";"B01";"1";"31";"0";"2";"3";"1";"1";""
"202100039950";"130 177";"A01";"1";"7";"6";"2";"1";"14";"1";""
"202100039951";"130 175";"B01";"2";"7";"0";"2";"1";"1";"1";""
"202100039951";"130 176";"A01";"1";"7";"0";"2";"1";"1";"1";""
"202100039952";"130 173";"Z01";"3";"7";"0";"2";"1";"2";"1";""
"202100039952";"130 174";"B01";"1";"7";"0";"2";"4";"1";"1";""
"202100039953";"130 172";"A01";"1";"33";"0";"1";"1";"0";"1";""
"202100039954";"130 170";"B01";"1";"33";"0";"2";"1";"17";"1";""
"202100039954";"130 171";"A01";"3";"7";"0";"2";"6";"13";"1";""
"202100039955";"130 169";"A01";"2";"7";"2";"0";"2";"14";"1";""
"202100039956";"130 168";"A01";"3";"30";"6";"0";"1";"15";"1";""
"202100039957";"130 166";"B01";"2";"7";"0";"2";"1";"1";"1";""
"202100039957";"130 167";"A01";"1";"7";"0";"2";"1";"15";"1";""
"202100039958";"130 164";"B01";"2";"33";"0";"2";"1";"17";"1";""
"202100039958";"130 165";"A01";"2";"7";"0";"2";"8";"10";"1";""
"202100039959";"130 163";"A01";"1";"1";"4";"0";"1";"1";"5";""
"202100039960";"130 161";"A01";"1";"43";"0";"2";"2";"1";"1";""
"202100039960";"130 162";"B01";"1";"7";"0";"2";"8";"22";"2";""
"202100039961";"130 159";"A01";"1";"7";"0";"2";"5";"12";"1";""
"202100039961";"130 160";"B01";"1";"32";"0";"2";"1";"3";"1";""
"202100039962";"130 158";"A01";"3";"32";"14";"0";"1";"15";"1";""
"202100039963";"130 156";"A01";"1";"7";"0";"2";"6";"19";"1";""
"202100039963";"130 157";"B01";"2";"2";"0";"2";"1";"1";"1";""
"202100039964";"130 154";"B01";"1";"7";"0";"2";"3";"16";"1";""
"202100039964";"130 155";"A01";"3";"7";"0";"2";"2";"1";"1";""
"202100039965";"130 152";"B01";"1";"7";"0";"2";"8";"1";"1";""
"202100039965";"130 153";"A01";"2";"14";"0";"2";"3";"1";"1";""
"202100039966";"130 150";"B01";"1";"33";"0";"2";"4";"2";"1";""
"202100039966";"130 151";"A01";"1";"7";"0";"2";"1";"1";"1";""
"202100039967";"130 148";"B01";"1";"10";"0";"2";"4";"23";"1";""
"202100039967";"130 149";"A01";"1";"7";"0";"2";"1";"2";"1";""
"202100039968";"130 147";"A01";"2";"33";"0";"0";"0";"26";"1";""
"202100039969";"130 145";"B01";"1";"32";"0";"2";"2";"5";"1";""
"202100039969";"130 146";"A01";"1";"7";"0";"2";"3";"15";"1";""
"202100039970";"130 143";"A01";"3";"30";"0";"2";"0";"0";"1";""
"202100039970";"130 144";"B01";"1";"7";"0";"0";"0";"0";"1";""
"202100039971";"130 142";"A01";"3";"7";"0";"1";"2";"1";"1";""
"202100039972";"130 140";"B01";"2";"7";"0";"2";"3";"15";"1";""
"202100039972";"130 141";"A01";"2";"33";"0";"2";"2";"1";"1";""
"202100039973";"130 139";"A01";"1";"7";"1";"0";"3";"5";"0";""
"202100039974";"130 137";"A01";"1";"37";"0";"2";"6";"1";"1";"1"
"202100039974";"130 138";"B01";"2";"30";"0";"2";"1";"1";"1";""
"202100039975";"130 136";"A01";"2";"10";"0";"1";"1";"7";"1";""
"202100039976";"130 135";"A01";"1";"2";"0";"0";"8";"1";"1";""
"202100039977";"130 134";"A01";"1";"30";"14";"0";"1";"19";"1";""
"202100039978";"130 133";"A01";"2";"15";"0";"0";"2";"0";"1";""
"202100039979";"130 131";"A01";"1";"7";"3";"2";"5";"5";"1";""
"202100039979";"130 132";"B01";"2";"7";"0";"2";"2";"1";"1";""
"202100039980";"130 129";"B01";"2";"7";"0";"0";"4";"2";"1";""
"202100039980";"130 130";"A01";"2";"17";"0";"2";"1";"2";"1";""
"202100039981";"130 127";"A01";"1";"33";"0";"2";"1";"2";"1";""
"202100039981";"130 128";"B01";"1";"33";"0";"0";"4";"2";"1";""
"202100039982";"130 125";"A01";"1";"7";"2";"0";"3";"13";"1";""
"202100039982";"130 126";"B01";"2";"2";"0";"2";"1";"1";"1";""
"202100039983";"130 124";"A01";"1";"7";"15";"9";"1";"16";"1";""
"202100039984";"130 123";"A01";"1";"33";"12";"0";"1";"1";"1";""
"202100039985";"130 121";"B01";"2";"3";"0";"2";"3";"15";"1";""
"202100039985";"130 122";"A01";"2";"33";"0";"2";"2";"17";"1";""
"202100039986";"130 120";"A01";"1";"36";"0";"0";"0";"14";"1";""
"202100039987";"130 118";"A01";"1";"7";"0";"2";"1";"1";"1";""
"202100039987";"130 119";"B01";"3";"7";"0";"2";"2";"1";"1";""
"202100039988";"130 116";"A01";"3";"7";"0";"2";"3";"1";"1";""
"202100039988";"130 117";"B01";"3";"7";"0";"2";"3";"1";"1";""
"202100039989";"130 114";"A01";"3";"2";"0";"2";"1";"0";"1";""
"202100039989";"130 115";"B01";"3";"7";"0";"2";"2";"16";"1";""
"202100039990";"130 112";"B01";"1";"2";"0";"2";"0";"1";"1";""
"202100039990";"130 113";"A01";"1";"7";"0";"2";"3";"9";"1";""
"202100039991";"130 110";"A01";"2";"7";"15";"2";"7";"1";"1";""
"202100039991";"130 111";"B01";"1";"7";"15";"2";"1";"1";"1";""
"202100039992";"130 108";"B01";"2";"1";"0";"2";"1";"1";"6";""
"202100039992";"130 109";"A01";"1";"7";"0";"9";"6";"15";"1";""
"202100039993";"130 107";"A01";"2";"31";"0";"0";"0";"17";"1";""
"202100039994";"130 105";"A01";"1";"7";"0";"0";"1";"1";"1";""
"202100039995";"130 103";"A01";"1";"33";"0";"2";"8";"15";"1";""
"202100039995";"130 104";"B01";"1";"33";"0";"2";"7";"1";"1";""
"202100039996";"130 101";"B01";"1";"10";"0";"0";"6";"2";"1";""
"202100039996";"130 102";"A01";"1";"1";"0";"2";"1";"2";"5";""
"202100039997";"130 100";"A01";"2";"7";"13";"0";"2";"1";"1";""
"202100039998";"130 096";"B01";"0";"7";"0";"2";"2";"1";"1";""
"202100039998";"130 097";"A01";"3";"7";"0";"2";"1";"19";"1";""
"202100039999";"130 095";"A01";"1";"36";"0";"0";"0";"0";"1";""
"202100040000";"130 094";"A01";"1";"33";"14";"6";"1";"1";"1";""
"202100040001";"130 092";"A01";"2";"7";"0";"2";"3";"10";"1";""
"202100040001";"130 093";"B01";"1";"43";"0";"2";"2";"1";"1";""
"202100040002";"130 090";"B01";"2";"1";"0";"2";"8";"2";"0";""
"202100040002";"130 091";"A01";"1";"7";"0";"2";"7";"17";"0";""
"202100040003";"130 089";"A01";"2";"33";"0";"0";"7";"1";"1";""
"202100040004";"130 088";"A01";"2";"7";"3";"0";"9";"1";"1";""
"202100040005";"130 086";"A01";"2";"7";"0";"2";"3";"1";"1";""
"202100040005";"130 087";"B01";"1";"7";"0";"2";"3";"1";"1";""
"202100040006";"130 083";"B01";"1";"7";"0";"2";"1";"1";"0";""
"202100040006";"130 084";"A01";"2";"7";"0";"2";"8";"19";"1";""
"202100040007";"130 082";"A01";"2";"33";"2";"0";"1";"2";"1";""
"202100040008";"130 080";"A01";"1";"10";"1";"0";"1";"0";"1";""
"202100040008";"130 081";"B01";"1";"7";"0";"0";"4";"23";"1";""
"202100040009";"130 077";"A01";"1";"7";"2";"0";"1";"13";"1";""
"202100040010";"130 076";"A01";"3";"7";"0";"1";"2";"16";"1";""
"202100040011";"130 074";"B01";"1";"7";"0";"0";"6";"1";"1";""
"202100040011";"130 075";"A01";"2";"7";"0";"2";"3";"13";"1";""
"202100040012";"130 073";"A01";"2";"10";"0";"1";"2";"15";"1";""
"202100040013";"130 070";"A01";"1";"2";"0";"0";"1";"0";"1";""
"202100040014";"130 068";"B01";"2";"7";"0";"2";"1";"1";"1";""
"202100040014";"130 069";"A01";"2";"7";"0";"0";"7";"1";"1";""
"202100040015";"130 067";"A01";"1";"7";"4";"0";"2";"14";"1";""
"202100040016";"130 066";"A01";"3";"7";"3";"0";"2";"1";"1";""
"202100040017";"130 064";"A01";"2";"33";"0";"2";"1";"2";"1";""
"202100040017";"130 065";"B01";"2";"7";"0";"2";"4";"2";"1";""
"202100040018";"130 063";"A01";"2";"10";"4";"0";"3";"2";"1";""
"202100040019";"130 062";"A01";"1";"7";"4";"0";"3";"13";"1";""
"202100040020";"130 061";"A01";"2";"7";"3";"0";"2";"12";"1";""
"202100040021";"130 060";"A01";"2";"31";"0";"0";"0";"21";"1";""
"202100040022";"130 058";"B01";"1";"7";"0";"2";"8";"1";"3";""
"202100040022";"130 059";"A01";"1";"7";"0";"2";"1";"12";"1";""
"202100040023";"130 057";"A01";"2";"7";"0";"1";"0";"1";"1";""
"202100040024";"130 056";"A01";"0";"7";"0";"1";"5";"20";"2";""
"202100040025";"130 055";"A01";"2";"7";"16";"0";"9";"14";"1";""
"202100040026";"130 053";"A01";"1";"30";"0";"2";"1";"13";"1";""
"202100040026";"130 054";"B01";"2";"7";"0";"2";"1";"1";"1";""
"202100040027";"130 051";"A01";"1";"10";"0";"2";"3";"10";"1";""
"202100040027";"130 052";"B01";"2";"31";"0";"2";"1";"1";"1";""
"202100040028";"130 049";"A01";"3";"30";"0";"2";"1";"1";"1";""
"202100040028";"130 050";"B01";"3";"7";"0";"2";"4";"15";"0";""
"202100040029";"130 047";"A01";"3";"7";"8";"2";"1";"1";"1";""
"202100040029";"130 048";"B01";"1";"7";"0";"2";"8";"1";"1";""
"202100040030";"130 045";"A01";"1";"7";"0";"2";"8";"15";"1";""
"202100040030";"130 046";"B01";"2";"2";"0";"2";"8";"18";"1";""
"202100040031";"130 043";"B01";"3";"2";"0";"2";"1";"10";"1";""
"202100040031";"130 044";"A01";"3";"7";"0";"2";"1";"1";"1";""
"202100040032";"130 041";"Z01";"3";"7";"0";"2";"0";"0";"0";""
"202100040032";"130 042";"B01";"3";"1";"0";"2";"0";"0";"0";""
"202100040033";"130 039";"A01";"2";"7";"0";"2";"1";"9";"1";""
"202100040033";"130 040";"B01";"2";"7";"0";"2";"5";"1";"1";""
"202100040034";"130 038";"A01";"3";"10";"0";"1";"8";"15";"1";""
"202100040035";"130 036";"B01";"2";"1";"0";"2";"4";"1";" -1";""
"202100040035";"130 037";"A01";"2";"7";"0";"2";"2";"13";"4";""
"202100040036";"130 035";"A01";"3";"32";"0";"0";"0";"0";"0";""
"202100040037";"130 033";"A01";"3";"30";"0";"9";"1";"14";"3";""
"202100040037";"130 034";"B01";"3";"1";"0";"2";"8";"0";"0";""
"202100040038";"130 031";"B01";"2";"10";"0";"2";"5";"23";"1";""
"202100040038";"130 032";"A01";"2";"30";"0";"2";"1";"3";"0";""
"202100040039";"130 029";"A01";"3";"7";"14";"0";"3";"14";"1";""
"202100040039";"130 030";"B01";"3";"7";"0";"2";"3";"23";"2";""
"202100040040";"130 026";"A01";"2";"7";"0";"9";"0";"2";"1";""
"202100040040";"130 027";"B01";"2";"7";"0";"9";"1";"2";"1";""
"202100040040";"130 028";"C01";"2";"7";"0";"9";"1";"2";"1";""
"202100040041";"130 024";"B01";"2";"7";"0";"2";"2";"1";"1";""
"202100040041";"130 025";"A01";"1";"7";"0";"2";"1";"15";"1";""
"202100040042";"130 023";"A01";"1";"7";"0";"9";"2";"14";"1";""
"202100040043";"130 021";"B01";"1";"10";"0";"2";"6";"15";"1";""
"202100040043";"130 022";"A01";"1";"7";"0";"2";"1";"17";"1";""
"202100040044";"130 020";"A01";"1";"30";"8";"2";"7";"21";"1";""
"202100040045";"130 018";"A01";"2";"30";"0";"2";"1";"1";"1";""
"202100040045";"130 019";"B01";"1";"7";"0";"2";"3";"15";"1";""
"202100040046";"130 016";"B01";"1";"7";"0";"2";"1";"1";"1";""
"202100040046";"130 017";"A01";"1";"7";"0";"2";"7";"15";"1";""
"202100040047";"130 015";"A01";"1";"7";"0";"9";"1";"26";"1";""
"202100040048";"130 013";"B01";"2";"7";"0";"2";"1";"26";"1";""
"202100040048";"130 014";"A01";"1";"10";"10";"2";"1";"13";"1";""
"202100040049";"130 011";"B01";"2";"7";"0";"2";"1";"1";"1";""
"202100040049";"130 012";"A01";"1";"30";"0";"2";"3";"16";"1";""
"202100040050";"130 010";"A01";"2";"30";"0";"0";"2";"26";"6";""
"202100040051";"130 006";"A01";"1";"7";"0";"2";"1";"1";"1";""
"202100040051";"130 007";"B01";"1";"7";"0";"2";"4";"1";"1";""
"202100040051";"130 008";"C01";"1";"7";"0";"2";"4";"1";"1";""
"202100040051";"130 009";"D01";"1";"7";"0";"2";"4";"2";"1";""
"202100040052";"130 005";"A01";"1";"30";"0";"0";"8";"2";"1";""
"202100040053";"130 003";"B01";"3";"1";"0";"2";"7";"19";"5";""
"202100040053";"130 004";"A01";"1";"7";"0";"2";"1";"1";"1";""
"202100040054";"130 001";"B01";"1";"33";"0";"2";"2";"1";"1";""
"202100040054";"130 002";"A01";"1";"7";"0";"2";"3";"20";"1";""
"202100040055";"129 999";"A01";"2";"2";"0";"2";"2";"14";"1";""
"202100040055";"130 000";"B01";"1";"7";"0";"2";"3";"1";"1";""
"202100040056";"129 997";"B01";"2";"7";"0";"2";"8";"1";"1";""
"202100040056";"129 998";"A01";"2";"1";"0";"2";"8";"26";"5";""
"202100040057";"129 995";"A01";"1";"7";"0";"2";"3";"15";"1";""
"202100040057";"129 996";"B01";"1";"2";"0";"2";"1";"17";"1";""
"202100040058";"129 993";"A01";"2";"30";"0";"2";"1";"17";"1";""
"202100040058";"129 994";"B01";"2";"7";"0";"2";"3";"15";"1";""
"202100040059";"129 992";"A01";"1";"33";"0";"0";"0";"21";"1";""
"202100040060";"129 990";"B01";"1";"7";"0";"2";"9";"1";"1";""
"202100040060";"129 991";"A01";"3";"7";"0";"2";"1";"1";"1";""
"202100040061";"129 989";"Z01";"2";"99";"0";"1";"1";"1";"3";""
"202100040062";"129 987";"B01";"3";"10";"0";"2";"3";"9";"0";""
"202100040062";"129 988";"A01";"3";"10";"0";"2";"1";"0";"0";""
"202100040063";"129 985";"A01";"1";"10";"0";"2";"8";"10";"1";""
"202100040063";"129 986";"B01";"2";"7";"0";"2";"1";"1";"1";""
"202100040064";"129 983";"A01";"1";"33";"0";"2";"3";"1";"1";""
"202100040064";"129 984";"B01";"2";"7";"0";"2";"3";"15";"0";""
"202100040065";"129 981";"B01";"2";"7";"0";"2";"7";"1";"6";""
"202100040065";"129 982";"A01";"1";"15";"0";"2";"2";"19";"6";""
"202100040066";"129 980";"A01";"1";"30";"0";"0";"0";"1";"1";""
"202100040067";"129 978";"A01";"0";"7";"1";"0";"6";"20";"2";""
"202100040067";"129 979";"B01";"3";"30";"0";"2";"1";"24";"1";""
"202100040068";"129 976";"B01";"2";"32";"0";"2";"1";"1";"1";""
"202100040068";"129 977";"A01";"2";"3";"0";"2";"3";"10";"3";""
"202100040069";"129 974";"A01";"2";"7";"0";"2";"6";"15";"1";""
"202100040069";"129 975";"B01";"2";"34";"0";"2";"1";"8";"1";""
"202100040070";"129 973";"A01";"2";"99";"0";"1";"3";"16";"3";""
"202100040071";"129 970";"A01";"1";"2";"0";"2";"1";"17";"1";""
"202100040071";"129 971";"B01";"1";"7";"0";"2";"4";"23";"1";""
"202100040071";"129 972";"C01";"1";"33";"0";"2";"4";"2";"1";""
"202100040072";"129 968";"A01";"1";"7";"0";"2";"4";"23";"2";""
"202100040072";"129 969";"B01";"1";"7";"0";"2";"1";"2";"1";""
"202100040073";"129 966";"A01";"2";"7";"0";"2";"2";"12";"1";""
"202100040073";"129 967";"B01";"2";"30";"0";"2";"1";"1";"1";""