"Num_Acc";"id_vehicule";"num_veh";"senc";"catv";"obs";"obsm";"choc";"manv";"motor";"occutc"
"202100040074";"129 964";"B01";"1";"1";"0";"2";"1";"1";"5";""
"202100040074";"129 965";"A01";"2";"7";"0";"2";"2";"26";"1";""
"202100040075";"129 962";"A01";"1";"7";"0";"2";"1";"0";"1";""
"202100040075";"129 963";"B01";"1";"30";"0";"2";"1";"0";"1";""
"202100040076";"129 961";"A01";"0";"7";"12";"0";"3";"21";"1";""
"202100040077";"129 959";"A01";"2";"10";"14";"2";"2";"21";"1";""
"202100040077";"129 960";"B01";"2";"7";"0";"0";"6";"23";"1";""
"202100040078";"129 957";"B01";"2";"2";"0";"2";"8";"1";"1";""
"202100040078";"129 958";"A01";"2";"7";"0";"2";"2";"16";"1";""
"202100040079";"129 955";"Z01";"1";"7";"0";"2";"4";"1";"0";""
"202100040079";"129 956";"A01";"1";"1";"0";"2";"1";"1";"5";""
"202100040080";"129 953";"A01";"2";"7";"0";"2";"1";"15";"3";""
"202100040080";"129 954";"B01";"1";"30";"0";"2";"8";"1";"1";""
"202100040081";"129 951";"B01";"1";"7";"0";"2";"1";"1";"1";""
"202100040081";"129 952";"A01";"1";"32";"0";"2";"3";"1";"1";""
"202100040082";"129 949";"B01";"2";"2";"0";"2";"4";"1";"1";""
"202100040082";"129 950";"A01";"2";"34";"0";"2";"1";"2";"1";""
"202100040083";"129 947";"B01";"3";"7";"0";"2";"2";"9";"1";""
"202100040083";"129 948";"A01";"2";"2";"0";"2";"1";"1";"1";""
"202100040084";"129 945";"A01";"1";"34";"0";"2";"1";"15";"1";""
"202100040084";"129 946";"B01";"1";"7";"0";"2";"3";"1";"1";""
"202100040085";"129 942";"A01";"1";"7";"0";"2";"1";"2";"1";""
"202100040085";"129 943";"B01";"1";"7";"0";"2";"4";"2";"1";""
"202100040085";"129 944";"C01";"1";"7";"0";"0";"4";"26";"1";""
"202100040086";"129 941";"A01";"1";"7";"2";"0";"2";"0";"2";""
"202100040087";"129 939";"A01";"1";"7";"0";"2";"1";"2";"1";""
"202100040087";"129 940";"B01";"1";"7";"0";"2";"4";"1";"1";""
"202100040088";"129 937";"B01";"3";"7";"0";"2";"1";"13";"1";""
"202100040088";"129 938";"A01";"3";"1";"0";"2";"1";"1";"6";""
"202100040089";"129 934";"A01";"2";"7";"13";"0";"9";"14";"1";""
"202100040090";"129 932";"B01";"2";"7";"0";"2";"3";"5";"1";""
"202100040090";"129 933";"A01";"1";"7";"0";"2";"3";"5";"1";""
"202100040091";"129 930";"A01";"2";"7";"0";"2";"1";"13";"1";""
"202100040091";"129 931";"B01";"1";"7";"0";"2";"1";"1";"1";""
"202100040092";"129 929";"A01";"3";"21";"16";"0";"2";"1";"1";""
"202100040093";"129 927";"A01";"1";"7";"0";"0";"8";"21";"1";""
"202100040093";"129 928";"B01";"2";"7";"0";"0";"8";"13";"1";""
"202100040094";"129 926";"A01";"3";"1";"0";"0";"2";"1";"5";""
"202100040095";"129 925";"A01";"2";"7";"2";"0";"0";"0";"1";""
"202100040096";"129 924";"A01";"2";"7";"6";"0";"1";"1";"1";""
"202100040097";"129 923";"A01";"3";"7";"12";"0";"6";"1";"1";""
"202100040098";"129 921";"A01";"1";"43";"0";"2";"7";"17";"1";""
"202100040098";"129 922";"B01";"1";"7";"0";"2";"8";"20";"1";""
"202100040099";"129 920";"A01";"3";"7";"15";"0";"1";"1";"1";""
"202100040100";"129 918";"A01";"1";"7";"0";"2";"1";"19";"1";""
"202100040100";"129 919";"B01";"2";"7";"3";"2";"3";"1";"1";""
"202100040101";"129 917";"A01";"2";"7";"0";"1";"1";"1";"1";""
"202100040102";"129 916";"A01";"3";"7";"0";"1";"2";"18";"1";""
"202100040103";"129 913";"C01";"1";"7";"0";"2";"3";"2";"1";""
"202100040103";"129 914";"B01";"1";"33";"0";"2";"4";"2";"1";""
"202100040103";"129 915";"A01";"1";"7";"0";"0";"4";"2";"1";""
"202100040104";"129 911";"A01";"2";"7";"0";"2";"2";"0";"1";""
"202100040104";"129 912";"B01";"2";"1";"0";"2";"1";"1";"5";""
"202100040105";"129 909";"B01";"2";"30";"0";"2";"1";"1";"1";""
"202100040105";"129 910";"A01";"1";"10";"0";"2";"3";"13";"1";""
"202100040106";"129 908";"A01";"1";"7";"13";"0";"3";"1";"1";""
"202100040107";"129 907";"A01";"1";"21";"13";"0";"1";"1";"1";""
"202100040108";"129 905";"A01";"1";"10";"0";"2";"2";"13";"1";""
"202100040108";"129 906";"B01";"2";"7";"0";"2";"2";"21";"1";""
"202100040109";"129 904";"A01";"2";"7";"6";"0";"2";"13";"1";""
"202100040110";"129 903";"A01";"1";"7";"9";"0";"1";"1";"1";""
"202100040111";"129 901";"B01";"1";"2";"0";"2";"1";"15";"1";""
"202100040111";"129 902";"A01";"2";"7";"0";"2";"3";"1";"1";""
"202100040112";"129 899";"A01";"2";"7";"0";"2";"2";"2";"1";""
"202100040112";"129 900";"B01";"2";"17";"0";"2";"6";"2";"0";""
"202100040113";"129 897";"B01";"1";"3";"0";"2";"6";"2";"1";""
"202100040113";"129 898";"A01";"1";"10";"0";"2";"2";"2";"1";""
"202100040114";"129 895";"A01";"2";"7";"3";"2";"1";"2";"1";""
"202100040114";"129 896";"B01";"2";"15";"0";"0";"6";"2";"1";""
"202100040115";"129 894";"A01";"1";"33";"13";"0";"1";"0";"1";""
"202100040116";"129 892";"A01";"2";"7";"0";"2";"1";"13";"1";""
"202100040116";"129 893";"B01";"1";"7";"0";"2";"1";"15";"1";""
"202100040117";"129 891";"A01";"1";"32";"12";"0";"8";"1";"1";""
"202100040118";"129 889";"A01";"3";"7";"0";"2";"2";"1";"1";""
"202100040118";"129 890";"B01";"3";"1";"0";"2";"4";"1";"5";""
"202100040119";"129 888";"A01";"2";"33";"13";"0";"1";"1";"1";""
"202100040120";"129 886";"A01";"0";"7";"0";"0";"5";"15";"1";""
"202100040120";"129 887";"B01";"0";"2";"0";"0";"1";"18";"1";""
"202100040121";"129 884";"A01";"0";"2";"0";"2";"2";"17";"1";""
"202100040121";"129 885";"B01";"0";"15";"0";"2";"3";"15";"1";""
"202100040122";"129 883";"A01";"1";"1";"14";"0";"0";"1";"5";""
"202100040123";"129 882";"A01";"2";"7";"13";"0";"1";"1";"1";""
"202100040124";"129 881";"A01";"3";"7";"0";"1";"3";"9";"1";""
"202100040125";"129 879";"B01";"2";"15";"0";"2";"7";"1";"1";""
"202100040125";"129 880";"A01";"2";"2";"0";"2";"8";"20";"1";""
"202100040126";"129 877";"B01";"1";"2";"0";"2";"1";"1";"1";""
"202100040126";"129 878";"A01";"1";"10";"0";"2";"3";"19";"1";""
"202100040127";"129 875";"B01";"2";"7";"0";"2";"6";"19";"1";""
"202100040127";"129 876";"A01";"1";"33";"0";"2";"1";"1";"1";""
"202100040128";"129 874";"A01";"0";"1";"8";"0";"1";"0";"5";""
"202100040129";"129 870";"A01";"2";"7";"0";"2";"4";"1";"1";""
"202100040129";"129 871";"B01";"2";"7";"0";"2";"4";"2";"1";""
"202100040129";"129 872";"C01";"2";"7";"0";"2";"1";"2";"1";""
"202100040129";"129 873";"D01";"2";"7";"0";"2";"1";"2";"1";""
"202100040130";"129 865";"A01";"1";"7";"0";"2";"1";"13";"1";""
"202100040130";"129 866";"B01";"1";"7";"0";"2";"9";"2";"1";""
"202100040130";"129 867";"C01";"1";"10";"0";"2";"6";"1";"1";""
"202100040130";"129 868";"D01";"1";"7";"0";"2";"4";"1";"1";""
"202100040130";"129 869";"E01";"1";"17";"0";"2";"4";"1";"1";""
"202100040131";"129 864";"A01";"1";"33";"7";"0";"3";"12";"1";""
"202100040132";"129 861";"A01";"1";"7";"0";"2";"1";"2";"1";""
"202100040132";"129 862";"B01";"1";"7";"0";"2";"4";"2";"1";""
"202100040132";"129 863";"C01";"1";"7";"0";"2";"4";"2";"1";""
"202100040133";"129 860";"A01";"1";"7";"3";"0";"2";"14";"1";""
"202100040134";"129 859";"A01";"2";"33";"0";"0";"9";"1";"1";""
"202100040135";"129 858";"A01";"2";"33";"0";"2";"1";"12";"1";""
"202100040136";"129 854";"A01";"2";"1";"0";"2";"2";"1";"5";""
"202100040136";"129 855";"B01";"2";"1";"0";"2";"6";"1";"5";""
"202100040137";"129 852";"A01";"1";"10";"0";"2";"1";"2";"1";""
"202100040137";"129 853";"B01";"1";"7";"0";"2";"4";"2";"1";""
"202100040138";"129 850";"B01";"1";"33";"0";"2";"8";"17";"1";""
"202100040138";"129 851";"A01";"1";"13";"0";"2";"1";"2";"1";""
"202100040139";"129 849";"A01";"1";"2";"0";"0";"1";"1";"1";""
"202100040140";"129 847";"A01";"1";"30";"0";"2";"1";"1";"0";""
"202100040140";"129 848";"B01";"1";"50";"0";"2";"0";"0";"3";""
"202100040141";"129 845";"A01";"1";"7";"0";"9";"2";"1";"1";""
"202100040141";"129 846";"B01";"3";"80";"0";"2";"1";"0";"3";""
"202100040142";"129 843";"B01";"1";"7";"0";"2";"3";"0";"0";""
"202100040142";"129 844";"A01";"1";"7";"0";"2";"2";"0";"1";""
"202100040143";"129 841";"A01";"1";"7";"0";"2";"1";"0";"1";""
"202100040143";"129 842";"B01";"1";"10";"0";"2";"4";"4";"1";""
"202100040144";"129 840";"A01";"1";"7";"9";"0";"1";"15";"1";""
"202100040145";"129 838";"Z01";"1";"10";"0";"2";"0";"9";"1";""
"202100040145";"129 839";"A01";"1";"43";"0";"2";"1";"1";"1";""
"202100040146";"129 837";"A01";"1";"30";"8";"0";"3";"15";"1";""
"202100040147";"129 835";"A01";"2";"7";"0";"2";"6";"15";"1";""
"202100040147";"129 836";"B01";"1";"32";"0";"2";"1";"1";"0";""
"202100040148";"129 833";"B01";"2";"2";"0";"2";"1";"17";"1";""
"202100040148";"129 834";"A01";"2";"7";"0";"2";"3";"10";"1";""
"202100040149";"129 832";"A01";"2";"1";"0";"2";"8";"1";"5";""
"202100040150";"129 830";"B01";"1";"7";"0";"2";"1";"1";"1";""
"202100040150";"129 831";"A01";"1";"7";"0";"2";"2";"17";"1";""
"202100040151";"129 829";"A01";"3";"7";"0";"1";"1";"1";"1";""
"202100040152";"129 828";"A01";"1";"50";"0";"1";"1";"14";"3";""
"202100040153";"129 827";"A01";"1";"7";"0";"0";"1";"1";"1";""
"202100040154";"129 824";"B01";"2";"7";"0";"0";"4";"15";"1";""
"202100040154";"129 825";"A01";"2";"7";"0";"2";"1";"1";"1";""
"202100040155";"129 822";"B01";"1";"7";"0";"2";"1";"1";"1";""
"202100040155";"129 823";"A01";"1";"10";"0";"2";"1";"1";"1";""
"202100040156";"129 820";"A01";"1";"7";"0";"2";"2";"19";"1";""
"202100040156";"129 821";"B01";"2";"7";"0";"2";"8";"1";"1";""
"202100040157";"129 819";"A01";"0";"30";"0";"0";"0";"14";"1";""
"202100040158";"129 817";"A01";"1";"33";"0";"2";"1";"1";"1";""
"202100040158";"129 818";"B01";"1";"7";"0";"2";"6";"1";"0";""
"202100040159";"129 815";"A01";"1";"7";"0";"2";"3";"10";"1";""
"202100040159";"129 816";"B01";"2";"2";"0";"2";"7";"1";"1";""
"202100040160";"129 813";"B01";"1";"2";"0";"2";"1";"2";"0";""
"202100040160";"129 814";"A01";"2";"7";"0";"2";"6";"15";"1";""
"202100040161";"129 811";"A01";"2";"30";"0";"2";"2";"1";"1";""
"202100040161";"129 812";"B01";"2";"10";"0";"2";"6";"1";"0";""
"202100040162";"129 809";"A01";"2";"7";"0";"2";"2";"16";"1";""
"202100040162";"129 810";"B01";"2";"1";"0";"2";"3";"1";"5";""
"202100040163";"129 808";"A01";"3";"7";"0";"1";"5";"20";"3";""
"202100040164";"129 807";"A01";"3";"7";"6";"0";"1";"14";"1";""
"202100040165";"129 806";"A01";"1";"7";"7";"0";"2";"16";" -1";""
"202100040166";"129 804";"A01";"1";"7";"0";"2";"2";"1";"1";""
"202100040166";"129 805";"B01";"2";"7";"0";"2";"3";"1";"1";""
"202100040167";"129 803";"A01";"0";"37";"0";"1";"1";"1";" -1";"1"
"202100040168";"129 802";"A01";"0";"30";"15";"0";"1";"14";"1";""
"202100040169";"129 801";"A01";"2";"7";"0";"1";"2";"16";"1";""
"202100040170";"129 799";"A01";"1";"7";"0";"2";"3";"9";"1";""
"202100040170";"129 800";"B01";"1";"33";"0";"2";"5";"1";"1";""
"202100040171";"129 797";"B01";"3";"2";"0";"2";"1";"1";"1";""
"202100040171";"129 798";"A01";"3";"7";"0";"2";"2";"12";"1";""
"202100040172";"129 794";"A01";"2";"7";"6";"0";"2";"14";"1";""
"202100040173";"129 790";"A01";"1";"7";"0";"2";"1";"2";"1";""
"202100040173";"129 791";"D01";"1";"7";"0";"2";"4";"1";"1";""
"202100040173";"129 792";"C01";"1";"7";"0";"2";"4";"1";"1";""
"202100040173";"129 793";"B01";"1";"7";"0";"2";"4";"1";"1";""
"202100040174";"129 788";"B01";"1";"1";"0";"2";"1";"1";"5";""
"202100040174";"129 789";"A01";"2";"7";"0";"2";"2";"15";"1";""
"202100040175";"129 786";"A01";"1";"7";"0";"9";"1";"1";"1";""
"202100040175";"129 787";"B01";"1";"2";"0";"2";"1";"1";"1";""
"202100040176";"129 784";"A01";"1";"7";"1";"0";"2";"14";"1";""
"202100040176";"129 785";"B01";"3";"14";"0";"2";"6";"23";"1";""
"202100040177";"129 782";"A01";"2";"10";"0";"9";"3";"20";"1";""
"202100040177";"129 783";"B01";"2";"1";"1";"0";"1";"0";"5";""
"202100040178";"129 781";"A01";"1";"1";"0";"0";"0";"26";"0";""
"202100040179";"129 780";"A01";"1";"7";"0";"4";"1";"26";"1";""
"202100040180";"129 778";"B01";"1";"1";"0";"2";"3";"0";"6";""
"202100040180";"129 779";"A01";"1";"7";"0";"9";"2";"26";"1";""
"202100040181";"129 776";"A01";"3";"7";"0";"2";"2";"1";"1";""
"202100040181";"129 777";"B01";"2";"7";"0";"2";"8";"14";"1";""
"202100040182";"129 774";"A01";"1";"42";"0";"2";"1";"1";"1";""
"202100040182";"129 775";"B01";"1";"7";"0";"2";"4";"1";"1";""
"202100040183";"129 773";"A01";"0";"33";"13";"0";"1";"26";"0";""
"202100040184";"129 771";"A01";"2";"7";"0";"2";"8";"15";"1";""
"202100040184";"129 772";"B01";"1";"37";"0";"2";"1";"1";"1";"1"
"202100040185";"129 769";"B01";"2";"7";"0";"2";"4";"1";"1";""
"202100040185";"129 770";"A01";"2";"7";"0";"2";"1";"1";"1";""
"202100040186";"129 768";"A01";"2";"30";"0";"0";"7";"26";"1";""
"202100040187";"129 767";"Z01";"2";"7";"0";"1";"1";"1";"1";""
"202100040188";"129 765";"B01";"1";"7";"0";"2";"4";"26";"1";""
"202100040188";"129 766";"A01";"1";"7";"0";"2";"1";"26";"1";""
"202100040189";"129 763";"B01";"1";"1";"1";"2";"7";"17";"5";""
"202100040189";"129 764";"A01";"1";"17";"0";"2";"8";"22";"1";""
"202100040190";"129 762";"A01";"0";"7";"0";"1";"1";"16";"1";""
"202100040191";"129 760";"A01";"2";"30";"0";"4";"8";"19";"1";""
"202100040191";"129 761";"B01";"2";"40";"0";"2";"1";"1";"3";""
"202100040192";"129 758";"A01";"1";"7";"0";"2";"2";"2";"1";""
"202100040192";"129 759";"B01";"1";"7";"0";"2";"6";"1";"1";""
"202100040193";"129 756";"A01";"2";"7";"0";"2";"3";"1";"1";""
"202100040193";"129 757";"B01";"2";"1";"0";"2";"7";"25";"5";""
"202100040194";"129 754";"A01";"1";"2";"0";"2";"2";"1";"1";""
"202100040194";"129 755";"B01";"1";"7";"0";"2";"5";"16";"1";""
"202100040195";"129 752";"B01";"2";"7";"0";"2";"1";"1";"1";""
"202100040195";"129 753";"A01";"1";"7";"0";"2";"2";"15";"1";""
"202100040196";"129 750";"B01";"1";"7";"0";"2";"4";"2";"1";""
"202100040196";"129 751";"A01";"1";"7";"0";"2";"1";"2";"1";""
"202100040197";"129 748";"A01";"1";"7";"0";"2";"2";"15";"1";""
"202100040197";"129 749";"B01";"1";"2";"0";"2";"8";"21";"1";""
"202100040198";"129 746";"B01";"0";"1";"0";"2";"3";"1";"5";""
"202100040198";"129 747";"A01";"0";"37";"0";"2";"2";"1";"1";"2"
"202100040199";"129 745";"A01";"3";"7";"0";"1";"1";"9";"1";""
"202100040200";"129 743";"B01";"1";"7";"0";"2";"4";"2";"1";""
"202100040200";"129 744";"A01";"1";"7";"0";"2";"1";"2";"1";""
"202100040201";"129 740";"A01";"3";"2";"0";"2";"9";"17";"1";""
"202100040201";"129 741";"B01";"3";"7";"0";"9";"8";"2";"1";""
"202100040201";"129 742";"C01";"3";"10";"0";"9";"8";"0";"1";""
"202100040202";"129 738";"A01";"1";"1";"0";"2";"7";"3";"5";""
"202100040202";"129 739";"B01";"1";"7";"0";"2";"1";"1";"1";""
"202100040203";"129 735";"C01";"1";"7";"0";"2";"1";"0";"1";""
"202100040203";"129 736";"B01";"2";"7";"0";"2";"7";"1";"1";""
"202100040203";"129 737";"A01";"2";"7";"0";"2";"1";"17";"1";""
"202100040204";"129 732";"C01";"1";"7";"0";"2";"3";"23";"1";""
"202100040204";"129 733";"B01";"1";"34";"0";"2";"1";"1";"1";""
"202100040204";"129 734";"A01";"1";"32";"0";"2";"1";"2";"1";""
"202100040205";"129 730";"B01";"0";"31";"0";"2";"2";"12";"1";""
"202100040205";"129 731";"A01";"3";"7";"0";"2";"3";"1";"1";""
"202100040206";"129 729";"A01";"3";"7";"0";"1";"5";"20";"1";""
"202100040207";"129 728";"A01";"2";"7";"0";"1";"2";"1";"1";""
"202100040208";"129 726";"A01";"1";"10";"0";"2";"1";"0";"0";""
"202100040208";"129 727";"B01";"1";"10";"0";"2";"4";"0";"6";""
"202100040209";"129 724";"B01";"2";"7";" -1";"2";"8";"1";"1";""
"202100040209";"129 725";"A01";"2";"7";" -1";"2";"6";"10";"1";""
"202100040210";"129 723";"A01";"2";"7";"0";"1";"1";"1";"1";""
"202100040211";"129 722";"A01";"3";"7";"6";"0";"1";"14";"1";""
"202100040212";"129 720";"B01";"2";"7";"0";"2";"8";"10";"1";""
"202100040212";"129 721";"A01";"2";"10";"0";"2";"2";"17";"1";""
"202100040213";"129 718";"B01";"3";"7";"0";"2";"4";"9";"1";""
"202100040213";"129 719";"A01";"3";"7";"0";"2";"1";"9";"1";""
"202100040214";"129 716";"A01";"1";"33";"0";"2";"8";"12";"1";""
"202100040214";"129 717";"B01";"1";"10";"0";"2";"5";"1";"1";""
"202100040215";"129 714";"A01";"1";"32";"0";"2";"3";"3";"1";""
"202100040215";"129 715";"B01";"1";"7";"0";"2";"7";"12";"1";""
"202100040216";"129 710";"A01";"2";"7";"0";"2";"1";"2";"1";""
"202100040216";"129 711";"B01";"2";"7";"0";"2";"4";"2";"1";""
"202100040216";"129 712";"C01";"2";"7";"0";"2";"6";"1";"1";""
"202100040216";"129 713";"D01";"2";"7";"0";"2";"5";"2";"1";""
"202100040217";"129 709";"A01";"2";"7";"0";"1";"2";"1";"1";""
"202100040218";"129 707";"B01";"1";"30";"0";"2";"1";"3";"1";""
"202100040218";"129 708";"A01";"2";"7";"0";"2";"2";"9";"1";""
"202100040219";"129 705";"A01";"2";"2";"0";"2";"7";"2";"1";""
"202100040219";"129 706";"Z01";"2";"30";"0";"2";"7";"13";"0";""
"202100040220";"129 704";"A01";"2";"50";"0";"1";"1";"5";"3";""
"202100040221";"129 702";"B01";"1";"7";"0";"2";"6";"22";"1";""
"202100040221";"129 703";"A01";"1";"30";"0";"2";"0";"18";"1";""
"202100040222";"129 701";"A01";"1";"7";"0";"1";"1";"1";"1";""
"202100040223";"129 699";"A01";"2";"34";"0";"2";"4";"2";"1";""
"202100040223";"129 700";"Z01";"2";"7";"0";"2";"0";"2";"0";""
"202100040224";"129 697";"A01";"1";"7";"0";"2";"4";"2";"1";""
"202100040224";"129 698";"B01";"1";"1";"0";"2";"1";"2";"5";""
"202100040225";"129 696";"A01";"2";"50";"0";"0";"0";"15";"3";""
"202100040226";"129 694";"B01";"3";"7";"0";"2";"1";"1";"1";""
"202100040226";"129 695";"A01";"3";"1";"0";"2";"7";"7";"5";""
"202100040227";"129 692";"A01";"2";"7";"0";"2";"1";"1";"0";""
"202100040227";"129 693";"B01";"2";"7";"0";"2";"4";"1";"2";""
"202100040228";"129 691";"A01";"1";"43";"0";"1";"1";"1";"1";""
"202100040229";"129 689";"B01";"2";"30";"0";"2";"0";"0";"0";""
"202100040229";"129 690";"A01";"2";"30";"0";"2";"3";"13";"1";""
"202100040230";"129 687";"A01";"1";"2";"0";"2";"1";"2";"1";""
"202100040230";"129 688";"B01";"3";"7";"0";"2";"6";"23";"1";""
"202100040231";"129 686";"A01";"1";"7";"15";"0";"1";"16";"1";""
"202100040232";"129 684";"A01";"3";"7";"0";"2";"0";"0";"1";""
"202100040232";"129 685";"B01";"3";"31";"0";"2";"0";"0";"1";""
"202100040233";"129 682";"A01";"2";"7";"0";"2";"8";"15";"1";""
"202100040233";"129 683";"B01";"2";"32";"0";"2";"1";"1";"1";""
"202100040234";"129 680";"A01";"1";"7";"0";"0";"1";"1";"1";""
"202100040234";"129 681";"B01";"1";"3";"0";"0";"4";"1";"1";""
"202100040235";"129 678";"B01";"2";"31";"0";"2";"3";"3";"1";""
"202100040235";"129 679";"A01";"2";"7";"0";"2";"2";"12";"1";""
"202100040236";"129 677";"A01";"1";"14";"0";"1";"5";"1";"0";""
"202100040237";"129 675";"B01";"2";"1";"1";"0";"1";"1";"5";""
"202100040237";"129 676";"A01";"2";"7";"0";"2";"3";"22";"1";""
"202100040238";"129 673";"B01";"2";"1";"0";"2";"3";"0";"0";""
"202100040238";"129 674";"A01";"1";"7";"0";"2";"3";"15";"1";""
"202100040239";"129 672";"A01";"1";"30";"0";"0";"0";"0";"1";""
"202100040240";"129 670";"A01";"1";"7";"0";"2";"0";"15";"0";""
"202100040240";"129 671";"B01";"2";"1";"0";"2";"0";"1";"5";""
"202100040241";"129 669";"A01";"1";"7";"11";"0";"1";"13";"1";""
"202100040242";"129 667";"B01";"1";"7";"0";"2";"3";"15";"1";""
"202100040242";"129 668";"A01";"1";"31";"0";"2";"1";"3";"1";""
"202100040243";"129 665";"A01";"1";"7";"0";"0";"4";"1";"1";""
"202100040243";"129 666";"B01";"1";"7";"0";"2";"1";"2";"1";""
"202100040244";"129 663";"A01";"3";"7";"0";"2";"1";"16";"1";""
"202100040244";"129 664";"B01";"3";"1";"0";"2";"1";"15";"5";""
"202100040245";"129 662";"A01";"2";"7";"0";"0";"0";"0";"1";""
"202100040246";"129 661";"A01";"2";"7";"13";"0";"9";"1";"1";""
"202100040247";"129 660";"A01";"1";"33";"4";"0";"8";"1";"1";""
"202100040248";"129 659";"A01";"2";"7";"2";"0";"1";"1";"1";""
"202100040249";"129 657";"A01";"2";"33";"0";"0";"7";"1";"1";""
"202100040250";"129 656";"A01";"1";"7";"13";"0";"2";"1";"1";""
"202100040251";"129 655";"A01";"1";"7";"0";"1";"2";"1";"1";""
"202100040252";"129 654";"A01";"1";"7";"10";"0";"8";"1";"1";""
"202100040253";"129 649";"B01";"2";"7";"0";"9";"1";"17";"1";""
"202100040253";"129 650";"A01";"2";"1";"0";"9";"4";"15";"0";""
"202100040254";"129 648";"A01";"1";"33";"16";"0";"1";"1";"1";""
"202100040255";"129 647";"A01";"1";"7";"13";"0";"1";"1";"1";""
"202100040256";"129 645";"B01";"0";"7";"0";"0";"3";"1";"1";""
"202100040256";"129 646";"A01";"0";"7";"0";"2";"3";"13";"1";""
"202100040257";"129 644";"A01";"3";"32";"14";"0";"0";"0";"1";""
"202100040258";"129 643";"A01";"1";"33";"0";"0";"0";"1";"1";""
"202100040259";"129 641";"B01";"1";"7";"0";"2";"2";"21";"1";""
"202100040259";"129 642";"A01";"1";"7";"0";"2";"1";"9";"1";""
"202100040260";"129 639";"B01";"2";"30";"0";"2";"1";"1";"1";""
"202100040260";"129 640";"A01";"0";"10";"0";"2";"3";"15";"1";""
"202100040261";"129 638";"A01";"2";"7";"6";"0";"3";"1";"1";""
"202100040262";"129 636";"B01";"3";"1";"0";"2";"1";"1";"5";""
"202100040262";"129 637";"A01";"3";"2";"0";"9";"1";"1";"1";""
"202100040263";"129 635";"A01";"1";"2";"12";"0";"9";"1";"1";""
"202100040264";"129 633";"B01";"2";"2";"0";"2";"1";"1";"1";""
"202100040264";"129 634";"A01";"1";"7";"0";"2";"1";"15";"1";""
"202100040265";"129 631";"A01";"1";"10";"0";"2";"1";"0";"1";""
"202100040265";"129 632";"B01";"1";"50";"0";"2";"4";"0";"3";""
"202100040266";"129 630";"A01";"1";"33";"0";"6";"1";"1";"1";""
"202100040267";"129 629";"A01";"1";"2";"0";"0";"7";"1";"1";""
"202100040268";"129 627";"A01";"0";"7";"0";"0";"8";"15";"1";""
"202100040268";"129 628";"B01";"1";"7";"0";"2";"3";"1";"1";""
"202100040269";"129 625";"A01";"2";"7";"8";"0";"1";"13";"1";""
"202100040270";"129 622";"C01";"1";"15";"0";"2";"1";"1";"1";""
"202100040270";"129 623";"B01";"2";"7";"0";"2";"1";"1";"1";""
"202100040270";"129 624";"A01";"2";"7";"0";"2";"1";"13";"0";""
"202100040271";"129 620";"B01";"1";"7";"0";"0";"3";"2";"1";""
"202100040271";"129 621";"A01";"1";"2";"0";"2";"2";"2";"1";""
"202100040272";"129 618";"B01";"2";"33";"0";"2";"1";"17";"1";""
"202100040272";"129 619";"A01";"2";"7";"0";"2";"3";"15";"1";""
"202100040273";"129 616";"B01";"1";"33";"0";"2";"1";"2";"1";""
"202100040273";"129 617";"A01";"1";"7";"0";"0";"4";"2";"1";""
"202100040274";"129 615";"A01";"1";"33";"0";"0";"7";"1";"1";""
"202100040275";"129 614";"A01";"0";"2";"0";"0";"1";"6";"1";""
"202100040276";"129 613";"A01";"2";"10";"0";"1";"3";"0";"1";""
"202100040277";"129 612";"A01";"1";"33";"2";"0";"8";"1";"1";""
"202100040278";"129 611";"A01";"2";"7";"8";"0";"1";"1";"1";""
"202100040279";"129 609";"A01";"2";"7";"0";"2";"3";"19";"1";""
"202100040279";"129 610";"B01";"1";"33";"0";"2";"2";"1";"1";""
"202100040280";"129 606";"A01";"3";"7";"0";"2";"2";"13";"2";""
"202100040280";"129 607";"B01";"3";"2";"0";"2";"1";"1";"1";""
"202100040281";"129 604";"A01";"2";"33";"0";"2";"2";"2";"1";""
"202100040281";"129 605";"B01";"2";"7";"0";"0";"6";"2";"1";""
"202100040282";"129 603";"A01";"0";"7";"4";"0";"2";"2";"1";""
"202100040283";"129 602";"A01";"2";"33";"0";"0";"0";"0";"1";""
"202100040284";"129 601";"A01";"2";"7";"13";"0";"1";"1";"1";""
"202100040285";"129 599";"B01";"1";"7";"0";"2";"3";"1";"1";""
"202100040285";"129 600";"A01";"2";"7";"0";"2";"3";"1";"1";""
"202100040286";"129 594";"A01";"2";"15";"0";"2";"3";"1";"1";""
"202100040286";"129 595";"B01";"1";"7";"0";"2";"1";"1";"1";""
"202100040286";"129 596";"C01";"2";"7";"0";"2";"1";"1";"1";""
"202100040286";"129 597";"D01";"1";"7";"0";"2";"1";"13";"1";""
"202100040287";"129 593";"A01";"2";"7";"4";"0";"2";"13";"1";""
"202100040288";"129 590";"A01";"2";"7";"0";"2";"4";"1";"1";""
"202100040288";"129 591";"B01";"2";"10";"0";"2";"1";"2";"1";""
"202100040288";"129 592";"C01";"2";"10";"0";"2";"1";"2";"1";""
"202100040289";"129 588";"B01";"1";"7";"0";"2";"5";"14";"1";""
"202100040289";"129 589";"A01";"1";"33";"0";"2";"0";"1";"1";""
"202100040290";"129 584";"A01";"2";"14";"0";"0";"2";"1";"0";""
"202100040291";"129 582";"A01";"2";"32";"0";"2";"1";"12";"1";""