"Num_Acc";"id_vehicule";"num_veh";"senc";"catv";"obs";"obsm";"choc";"manv";"motor";"occutc"
"202100040717";"128 832";"A01";"2";"7";"0";"2";"4";"1";"1";""
"202100040718";"128 828";"B01";"2";"33";"0";"2";"1";"13";"1";""
"202100040718";"128 829";"A01";"2";"7";"0";"2";"6";"1";"1";""
"202100040719";"128 826";"B01";"1";"10";"0";"2";"3";"1";"1";""
"202100040719";"128 827";"A01";"0";"7";"0";"2";"2";"19";"1";""
"202100040720";"128 824";"B01";"1";"33";"0";"2";"1";"1";"1";""
"202100040720";"128 825";"A01";"2";"7";"0";"2";"7";"15";"1";""
"202100040721";"128 823";"A01";"2";"34";"9";"0";"1";"1";"1";""
"202100040722";"128 821";"A01";"1";"7";"0";"2";"1";"15";"1";""
"202100040722";"128 822";"B01";"2";"1";"0";"2";"1";"7";"5";""
"202100040723";"128 820";"A01";"1";"30";"12";"0";"3";"16";"1";""
"202100040724";"128 819";"A01";"3";"7";"6";"0";"1";"13";"1";""
"202100040725";"128 817";"A01";"1";"37";"0";"2";"3";"26";"1";"1"
"202100040725";"128 818";"B01";"1";"7";"0";"2";"2";"0";"0";""
"202100040726";"128 816";"A01";"1";"7";"0";"1";"2";"19";"1";""
"202100040727";"128 815";"A01";"3";"7";"0";"1";"4";"26";"1";""
"202100040728";"128 811";"B01";"2";"33";"0";"2";"5";"5";"0";""
"202100040728";"128 812";"A01";"2";"7";"0";"2";"1";"1";"0";""
"202100040729";"128 804";"A01";"2";"7";"0";"2";"2";"17";"1";""
"202100040729";"128 805";"B01";"2";"7";"0";"0";"6";"2";"1";""
"202100040729";"128 806";"C01";"1";"7";"0";"2";"8";"5";"1";""
"202100040730";"128 803";"A01";"3";"33";"14";"0";"1";"0";"1";""
"202100040731";"128 802";"A01";"0";"7";"6";"0";"1";"13";"1";""
"202100040732";"128 801";"A01";"1";"7";"0";"0";"0";"1";"1";""
"202100040733";"128 799";"A01";"0";"7";"0";"2";"1";"1";"1";""
"202100040733";"128 800";"B01";"0";"7";"0";"2";"8";"1";"1";""
"202100040734";"128 798";"A01";"1";"30";"0";"1";"1";"25";"0";""
"202100040735";"128 797";"A01";"2";"7";"0";"1";"1";"1";"1";""
"202100040736";"128 796";"A01";"3";"7";"0";"1";"2";"16";"1";""
"202100040737";"128 794";"B01";"0";"7";"0";"2";"3";"0";"1";""
"202100040737";"128 795";"A01";"0";"7";"0";"2";"3";"16";"1";""
"202100040738";"128 792";"B01";"2";"30";"0";"2";"8";"5";"1";""
"202100040738";"128 793";"A01";"2";"30";"0";"2";"7";"5";"1";""
"202100040739";"128 790";"A01";"2";"7";"0";"2";"3";"15";"1";""
"202100040739";"128 791";"B01";"2";"31";"0";"2";"1";"17";"1";""
"202100040740";"128 789";"A01";"1";"7";"0";"1";"2";"1";"1";""
"202100040741";"128 788";"A01";"1";"7";"0";"1";"2";"19";"1";""
"202100040742";"128 786";"A01";"3";"7";"0";"0";"0";"0";"1";""
"202100040742";"128 787";"B01";"3";"2";"0";"0";"0";"0";"1";""
"202100040743";"128 784";"B01";"2";"7";"0";"2";"8";"15";"2";""
"202100040743";"128 785";"A01";"1";"30";"0";"2";"1";"1";"1";""
"202100040744";"128 782";"B01";"1";"7";"0";"2";"1";"1";"1";""
"202100040744";"128 783";"A01";"2";"7";"0";"2";"2";"15";"1";""
"202100040745";"128 780";"B01";"2";"7";"0";"2";"4";"23";"1";""
"202100040745";"128 781";"A01";"2";"2";"0";"2";"7";"2";"1";""
"202100040746";"128 776";"A01";"3";"7";"0";"2";"2";"15";"1";""
"202100040746";"128 777";"B01";"3";"1";"0";"2";"1";"1";"5";""
"202100040747";"128 774";"Z01";"3";"7";"0";"2";"1";"0";"0";""
"202100040747";"128 775";"A01";"3";"1";"0";"2";"1";"26";"5";""
"202100040748";"128 772";"Z01";"2";"7";"0";"2";"1";"2";"1";""
"202100040748";"128 773";"A01";"2";"7";"0";"2";"4";"23";"1";""
"202100040749";"128 771";"A01";"1";"7";"1";"0";"4";"4";"1";""
"202100040750";"128 769";"B01";"3";"33";"0";"2";"1";"1";"1";""
"202100040750";"128 770";"A01";"3";"7";"0";"2";"8";"15";"1";""
"202100040751";"128 767";"B01";"1";"7";"0";"2";"1";"1";"1";""
"202100040751";"128 768";"A01";"1";"10";"0";"2";"5";"9";"0";""
"202100040752";"128 766";"A01";"2";"33";"1";"0";"1";"5";"1";""
"202100040753";"128 764";"B01";"1";"31";"0";"2";"4";"2";"1";""
"202100040753";"128 765";"A01";"1";"7";"0";"2";"1";"2";"1";""
"202100040754";"128 762";"B01";"0";"37";"0";"2";"1";"1";"1";"2"
"202100040754";"128 763";"A01";"0";"14";"0";"2";"7";"19";"1";""
"202100040755";"128 761";"A01";"1";"7";"1";"0";"1";"1";"1";""
"202100040756";"128 759";"B01";"1";"7";"14";"0";"1";"1";"1";""
"202100040756";"128 760";"A01";"1";"7";"11";"0";"1";"1";"1";""
"202100040757";"128 757";"B01";"1";"7";"0";"2";"3";"2";"1";""
"202100040757";"128 758";"A01";"1";"33";"0";"2";"1";"2";"1";""
"202100040758";"128 756";"A01";"3";"7";"2";"0";"0";"26";"1";""
"202100040759";"128 755";"A01";"1";"7";"0";"1";"2";"26";"1";""
"202100040760";"128 754";"A01";"1";"7";"4";"0";"3";"26";"1";""
"202100040761";"128 751";"C01";"1";"43";"0";"2";"3";"3";"1";""
"202100040761";"128 752";"B01";"1";"7";"0";"2";"4";"2";"3";""
"202100040761";"128 753";"A01";"1";"7";"0";"2";"1";"2";"1";""
"202100040762";"128 749";"B01";"1";"7";"0";"2";"4";"23";"1";""
"202100040762";"128 750";"A01";"1";"10";"0";"2";"1";"2";"1";""
"202100040763";"128 747";"A01";"1";"7";"0";"1";"2";"2";"1";""
"202100040763";"128 748";"B01";"1";"7";"0";"2";"1";"2";"1";""
"202100040764";"128 746";"A01";"2";"7";"0";"1";"2";"1";"1";""
"202100040765";"128 744";"B01";"2";"30";"0";"2";"4";"13";"1";""
"202100040765";"128 745";"A01";"2";"32";"0";"2";"8";"21";"1";""
"202100040766";"128 743";"A01";"3";"33";"0";"0";"0";"1";"1";""
"202100040767";"128 741";"B01";"1";"10";"0";"2";"1";"1";"1";""
"202100040767";"128 742";"A01";"1";"30";"0";"2";"9";"1";"1";""
"202100040768";"128 739";"B01";"1";"1";"0";"2";"7";"1";"5";""
"202100040768";"128 740";"A01";"1";"10";"0";"2";"8";"15";"1";""
"202100040769";"128 738";"A01";"1";"10";"15";"0";"1";"13";"1";""
"202100040770";"128 736";"A01";"1";"32";"0";"2";"6";"9";"1";""
"202100040770";"128 737";"B01";"1";"7";"0";"2";"1";"1";"1";""
"202100040771";"128 733";"B01";"1";"7";"0";"2";"3";"22";"1";""
"202100040771";"128 734";"C01";"1";"7";"0";"2";"2";"1";"2";""
"202100040771";"128 735";"A01";"1";"32";"0";"2";"1";"18";"1";""
"202100040772";"128 732";"A01";"2";"1";"0";"0";"0";"21";"5";""
"202100040773";"128 730";"A01";"1";"7";"0";"2";"6";"15";"1";""
"202100040773";"128 731";"B01";"1";"1";"0";"2";"1";"1";"5";""
"202100040774";"128 728";"A01";"2";"7";"0";"2";"3";"13";"1";""
"202100040774";"128 729";"B01";"2";"33";"0";"2";"2";"1";"1";""
"202100040775";"128 727";"A01";"2";"1";"0";"1";"2";"1";"5";""
"202100040776";"128 726";"A01";"1";"33";"0";"1";"1";"26";"1";""
"202100040777";"128 725";"A01";"1";"7";"0";"1";"6";"20";"1";""
"202100040778";"128 723";"A01";"2";"30";"0";"2";"1";"15";"1";""
"202100040778";"128 724";"B01";"2";"1";"0";"2";"2";"1";"5";""
"202100040779";"128 721";"B01";"3";"10";"0";"2";"1";"1";"1";""
"202100040779";"128 722";"A01";"3";"33";"0";"2";"8";"1";"1";""
"202100040780";"128 719";"A01";"2";"7";"0";"2";"5";"22";"1";""
"202100040780";"128 720";"B01";"2";"1";"1";"0";"1";"1";"5";""
"202100040781";"128 717";"B01";"3";"36";"0";"2";"8";"26";"1";""
"202100040781";"128 718";"A01";"2";"7";"0";"2";"1";"1";"1";""
"202100040782";"128 715";"B01";"1";"33";"0";"2";"8";"17";"1";""
"202100040782";"128 716";"A01";"1";"7";"0";"2";"7";"17";"1";""
"202100040783";"128 714";"A01";"1";"33";"0";"0";"0";"14";"1";""
"202100040784";"128 713";"A01";"1";"7";"13";"0";"2";"1";"1";""
"202100040785";"128 712";"A01";"2";"7";"0";"0";"1";"13";"1";""
"202100040786";"128 710";"B01";"0";"1";"0";"2";"1";"26";"5";""
"202100040786";"128 711";"A01";"0";"2";"15";"9";"1";"26";"1";""
"202100040787";"128 708";"A01";"1";"7";"0";"2";"6";"11";"1";""
"202100040787";"128 709";"B01";"1";"7";"0";"2";"2";"1";"1";""
"202100040788";"128 706";"A01";"1";"7";"0";"2";"1";"2";"1";""
"202100040788";"128 707";"B01";"1";"7";"0";"0";"4";"1";"1";""
"202100040789";"128 705";"A01";"2";"7";"2";"0";"1";"15";"1";""
"202100040790";"128 704";"A01";"2";"33";"13";"0";"2";"2";"1";""
"202100040791";"128 700";"D01";"1";"7";"0";"0";"6";"1";"1";""
"202100040791";"128 701";"C01";"2";"7";"0";"0";"0";"21";"1";""
"202100040791";"128 702";"B01";"2";"7";"0";"2";"1";"1";"1";""
"202100040791";"128 703";"A01";"1";"7";"0";"2";"3";"17";"1";""
"202100040792";"128 698";"A01";"3";"7";"9";"0";"5";"9";"1";""
"202100040792";"128 699";"B01";"1";"7";"0";"0";"1";"1";"1";""
"202100040793";"128 696";"A01";"1";"7";"0";"2";"1";"1";"1";""
"202100040793";"128 697";"B01";"2";"1";"0";"2";"1";"5";"5";""
"202100040794";"128 695";"A01";"2";"7";"8";"0";"1";"1";"1";""
"202100040795";"128 694";"A01";"1";"33";"0";"0";"0";"1";"1";""
"202100040796";"128 693";"A01";"3";"33";"13";"0";"1";"17";"1";""
"202100040797";"128 692";"A01";"2";"33";"15";"0";"1";"15";"1";""
"202100040798";"128 691";"A01";"1";"33";"0";"0";"0";"1";"1";""
"202100040799";"128 689";"A01";"2";"43";"13";"0";"1";"13";"1";""
"202100040800";"128 687";"A01";"3";"7";"0";"2";"1";"16";"0";""
"202100040800";"128 688";"B01";"1";"33";"0";"2";"8";"1";"0";""
"202100040801";"128 686";"A01";"2";"33";"0";"0";"1";"2";"1";""
"202100040802";"128 684";"B01";"2";"2";"0";"2";"6";"15";"1";""
"202100040802";"128 685";"A01";"2";"2";"0";"2";"1";"1";"1";""
"202100040803";"128 683";"A01";"3";"7";"13";"0";"9";"2";"1";""
"202100040804";"128 682";"A01";"2";"7";"15";"0";"9";"13";"1";""
"202100040805";"128 681";"A01";"3";"7";"0";"0";"1";"1";"1";""
"202100040806";"128 680";"A01";"1";"33";"14";"0";"1";"1";"1";""
"202100040807";"128 679";"A01";"2";"33";"3";"0";"2";"2";"1";""
"202100040808";"128 677";"A01";"1";"2";"0";"2";"1";"5";"1";""
"202100040808";"128 678";"B01";"1";"7";"0";"2";"5";"1";"1";""
"202100040809";"128 676";"A01";"2";"7";"6";"0";"5";"0";"1";""
"202100040810";"128 674";"B01";"1";"7";"3";"2";"0";"0";"1";""
"202100040810";"128 675";"A01";"1";"7";"3";"2";"0";"0";"1";""
"202100040811";"128 672";"B01";"1";"43";"0";"2";"1";"16";"1";""
"202100040811";"128 673";"A01";"1";"7";"0";"0";"4";"1";"1";""
"202100040812";"128 670";"A01";"1";"31";"13";"0";"0";"1";"1";""
"202100040813";"128 669";"A01";"1";"1";"0";"0";"8";"0";"5";""
"202100040814";"128 668";"A01";"3";"7";"13";"0";"3";"13";"1";""
"202100040815";"128 667";"A01";"2";"7";"16";"0";"1";"1";"1";""
"202100040816";"128 665";"A01";"1";"2";"0";"2";"1";"13";"1";""
"202100040816";"128 666";"B01";"2";"7";"0";"2";"1";"5";"1";""
"202100040817";"128 664";"A01";"2";"1";"0";"0";"0";"1";"5";""
"202100040818";"128 663";"A01";"2";"7";"0";"1";"1";"1";"1";""
"202100040819";"128 661";"A01";"2";"33";"0";"2";"1";"2";"1";""
"202100040819";"128 662";"B01";"2";"7";"0";"0";"6";"2";"1";""
"202100040820";"128 660";"A01";"1";"7";"13";"0";"7";"1";"1";""
"202100040821";"128 659";"A01";"2";"31";"13";"0";"8";"1";"1";""
"202100040822";"128 657";"A01";"3";"7";"0";"2";"3";"16";"1";""
"202100040822";"128 658";"B01";"3";"1";"0";"2";"1";"1";"5";""
"202100040823";"128 656";"A01";"1";"33";"13";"0";"0";"1";"1";""
"202100040824";"128 655";"A01";"2";"1";"0";"0";"0";"21";"6";""
"202100040825";"128 654";"A01";"0";"7";"2";"0";"1";"1";"1";""
"202100040826";"128 653";"A01";"2";"34";"0";"9";"9";"1";"1";""
"202100040827";"128 652";"A01";"1";"7";"13";"0";"1";"1";"1";""
"202100040828";"128 650";"A01";"2";"7";"0";"1";"1";"16";"1";""
"202100040829";"128 648";"A01";"1";"7";"4";"2";"3";"1";"0";""
"202100040829";"128 649";"B01";"1";"7";"0";"2";"2";"1";"1";""
"202100040830";"128 647";"A01";"1";"10";"13";"0";"2";"14";"1";""
"202100040831";"128 646";"A01";"1";"2";"8";"0";"1";"14";"1";""
"202100040832";"128 645";"A01";"1";"7";"16";"1";"2";"1";"1";""
"202100040833";"128 643";"B01";"2";"7";"0";"2";"2";"1";"1";""
"202100040833";"128 644";"A01";"1";"33";"0";"2";"1";"13";"1";""
"202100040834";"128 642";"A01";"3";"31";"6";"0";"1";"1";"1";""
"202100040835";"128 641";"A01";"1";"1";"1";"0";"1";"26";"5";""
"202100040836";"128 639";"A01";"2";"33";"2";"0";"1";"14";"1";""
"202100040836";"128 640";"B01";"2";"33";"13";"0";"0";"14";"1";""
"202100040837";"128 638";"A01";"1";"7";"5";"0";"2";"1";"1";""
"202100040838";"128 637";"A01";"1";"33";"8";"0";"1";"1";"1";""
"202100040839";"128 636";"A01";"1";"7";"3";"0";"1";"0";"1";""
"202100040840";"128 634";"A01";"1";"7";"0";"2";"2";"15";"1";""
"202100040840";"128 635";"B01";"2";"34";"0";"2";"1";"18";"1";""
"202100040841";"128 632";"A01";"1";"33";"0";"2";"2";"1";"1";""
"202100040841";"128 633";"B01";"3";"7";"0";"2";"3";"16";"1";""
"202100040842";"128 631";"A01";"1";"32";"13";"0";"1";"0";"1";""
"202100040843";"128 629";"A01";"2";"33";"0";"2";"1";"1";"1";""
"202100040843";"128 630";"B01";"2";"33";"0";"2";"8";"15";"1";""
"202100040844";"128 628";"A01";"1";"33";"0";"0";"9";"1";"1";""
"202100040845";"128 626";"B01";"3";"33";"0";"2";"1";"26";"1";""
"202100040845";"128 627";"A01";"3";"7";"0";"0";"3";"9";"1";""
"202100040846";"128 623";"C01";"1";"7";"0";"2";"6";"1";"1";""
"202100040846";"128 624";"B01";"1";"10";"0";"2";"6";"1";"1";""
"202100040846";"128 625";"A01";"2";"33";"0";"2";"0";"13";"1";""
"202100040847";"128 621";"A01";"1";"2";"0";"9";"2";"14";"1";""
"202100040847";"128 622";"B01";"1";"1";"0";"2";"8";"1";"5";""
"202100040848";"128 619";"A01";"2";"7";"0";"2";"8";"10";"1";""
"202100040848";"128 620";"B01";"2";"7";"0";"2";"2";"17";"1";""
"202100040849";"128 617";"B01";"1";"1";"0";"0";"4";"0";"5";""
"202100040849";"128 618";"A01";"1";"33";"0";"2";"1";"0";"1";""
"202100040850";"128 615";"A01";"1";"7";"0";"2";"1";"15";"1";""
"202100040850";"128 616";"B01";"2";"31";"0";"2";"1";"1";"1";""
"202100040851";"128 614";"A01";"1";"7";"6";"0";"3";"21";"1";""
"202100040852";"128 611";"C01";"1";"7";"0";"2";"4";"1";"1";""
"202100040852";"128 612";"B01";"1";"7";"0";"2";"4";"1";"1";""
"202100040852";"128 613";"A01";"1";"10";"0";"2";"1";"12";"1";""
"202100040853";"128 608";"C01";"2";"7";"0";"2";"1";"2";"1";""
"202100040853";"128 609";"B01";"2";"7";"0";"2";"1";"1";"1";""
"202100040853";"128 610";"A01";"2";"7";"0";"2";"4";"1";"1";""
"202100040854";"128 606";"A01";"1";"7";"0";"2";"7";"12";"1";""
"202100040854";"128 607";"B01";"1";"34";"0";"2";"8";"1";"1";""
"202100040855";"128 604";"B01";"2";"7";"4";"2";"3";"1";"1";""
"202100040855";"128 605";"A01";"2";"14";"0";"2";"7";"12";"1";""
"202100040856";"128 602";"B01";"1";"7";"0";"2";"1";"1";"1";""
"202100040856";"128 603";"A01";"1";"7";"0";"2";"4";"11";"1";""
"202100040857";"128 600";"B01";"2";"7";"0";"2";"8";"11";"1";""
"202100040857";"128 601";"A01";"2";"32";"0";"2";"7";"17";"1";""
"202100040858";"128 598";"B01";"2";"7";"0";"2";"4";"2";"1";""
"202100040858";"128 599";"A01";"2";"7";"0";"2";"1";"2";"1";""
"202100040859";"128 595";"A01";"1";"31";"0";"2";"7";"3";"1";""
"202100040859";"128 596";"B01";"1";"7";"0";"2";"8";"1";"1";""
"202100040859";"128 597";"C01";"1";"7";"0";"2";"7";"1";"1";""
"202100040860";"128 593";"A01";"1";"33";"0";"2";"1";"3";"1";""
"202100040860";"128 594";"B01";"1";"31";"0";"2";"6";"3";"1";""
"202100040861";"128 590";"A01";"1";"33";"0";"2";"2";"3";"1";""
"202100040861";"128 591";"B01";"1";"7";"0";"2";"6";"1";"1";""
"202100040861";"128 592";"C01";"1";"7";"0";"2";"5";"1";"1";""
"202100040862";"128 588";"A01";"1";"7";"0";"2";"1";"2";"1";""
"202100040862";"128 589";"B01";"1";"7";"0";"2";"4";"2";"0";""
"202100040863";"128 586";"B01";"3";"33";"0";"2";"1";"1";"1";""
"202100040863";"128 587";"A01";"3";"7";"0";"2";"7";"15";"1";""
"202100040864";"128 583";"A01";"3";"7";"0";"1";"3";"1";"1";""
"202100040865";"128 581";"B01";"3";"1";"0";"2";"1";"1";"5";""
"202100040865";"128 582";"A01";"3";"1";"0";"2";"1";"13";"5";""
"202100040866";"128 579";"B01";"1";"2";"0";"2";"2";"1";"1";""
"202100040866";"128 580";"A01";"2";"7";"0";"2";"3";"15";"1";""
"202100040867";"128 577";"B01";"3";"7";"0";"2";"2";"2";"1";""
"202100040867";"128 578";"A01";"3";"30";"0";"2";"5";"2";"1";""
"202100040868";"128 575";"Z01";"2";"2";"0";"2";"0";"1";"0";""
"202100040868";"128 576";"A01";"1";"7";"0";"2";"7";"16";"1";""
"202100040869";"128 573";"B01";"1";"7";"0";"2";"8";"1";"1";""
"202100040869";"128 574";"A01";"1";"2";"0";"2";"1";"5";"1";""
"202100040870";"128 571";"B01";"2";"30";"0";"2";"0";"0";"0";""
"202100040870";"128 572";"A01";"2";"50";"0";"2";"3";"1";"3";""
"202100040871";"128 568";"A01";"2";"7";"1";"0";"2";"14";"0";""
"202100040871";"128 569";"B01";"2";"7";"1";"0";"6";"0";"0";""
"202100040871";"128 570";"C01";"2";"7";"1";"2";"4";"0";"1";""
"202100040872";"128 567";"A01";"2";"7";"8";"0";"1";"16";"1";""
"202100040873";"128 565";"A01";"2";"7";"0";"2";"1";"15";"1";""
"202100040873";"128 566";"B01";"1";"7";"0";"2";"2";"1";"1";""
"202100040874";"128 563";"B01";"2";"99";"0";"2";"4";"13";"3";""
"202100040874";"128 564";"A01";"2";"30";"0";"2";"4";"17";"1";""
"202100040875";"128 561";"B01";"2";"43";"0";"2";"0";"0";"1";""
"202100040875";"128 562";"A01";"1";"32";"0";"2";"0";"26";"1";""
"202100040876";"128 559";"A01";"1";"7";"0";"0";"3";"1";"0";""
"202100040876";"128 560";"B01";"1";"7";"15";"0";"1";"1";"0";""
"202100040877";"128 557";"A01";"1";"7";"4";"0";"1";"19";"1";""
"202100040878";"128 555";"B01";"1";"1";"0";"2";"1";"0";"0";""
"202100040878";"128 556";"A01";"2";"7";"0";"9";"3";"26";"1";""
"202100040879";"128 554";"A01";"2";"7";"0";"1";"1";"1";"2";""
"202100040880";"128 552";"A01";"1";"7";"0";"2";"1";"2";"1";""
"202100040880";"128 553";"B01";"1";"7";"0";"2";"4";"2";"1";""
"202100040881";"128 551";"A01";"1";"7";"1";"0";"1";"1";"1";""
"202100040882";"128 550";"A01";"1";"3";"0";"1";"3";"1";"1";""
"202100040883";"128 548";"A01";"2";"31";"0";"2";"1";"17";"1";""
"202100040883";"128 549";"B01";"1";"7";"0";"2";"3";"9";"1";""
"202100040884";"128 546";"A01";"2";"7";"0";"2";"1";"2";"1";""
"202100040884";"128 547";"B01";"1";"7";"0";"2";"4";"2";"1";""
"202100040885";"128 544";"B01";"1";"7";"0";"2";"1";"2";"1";""
"202100040885";"128 545";"A01";"1";"7";"0";"2";"4";"2";"1";""
"202100040886";"128 543";"A01";"0";"7";"0";"1";"2";"1";"1";""
"202100040887";"128 541";"B01";"0";"7";"0";"2";"3";"15";"1";""
"202100040887";"128 542";"A01";"0";"7";"0";"2";"0";"0";"0";""
"202100040888";"128 539";"A01";"3";"7";"0";"9";"3";"2";"1";""
"202100040888";"128 540";"B01";"3";"1";"0";"2";"8";"19";"5";""
"202100040889";"128 538";"A01";"2";"31";"0";"2";"8";"1";"1";""
"202100040890";"128 537";"A01";"0";"7";"0";"1";"2";"1";"1";""
"202100040891";"128 535";"B01";"3";"60";"0";"2";"7";"1";"5";""
"202100040891";"128 536";"A01";"3";"7";"0";"2";"2";"1";"1";""
"202100040892";"128 534";"A01";"2";"7";"0";"1";"1";"1";"1";""
"202100040893";"128 533";"A01";"1";"10";"0";"1";"4";"20";"6";""
"202100040894";"128 531";"A01";"1";"7";"0";"2";"2";"10";"1";""
"202100040894";"128 532";"B01";"1";"1";"0";"2";"1";"1";"5";""
"202100040895";"128 529";"B01";"1";"7";"0";"2";"5";"16";"1";""
"202100040895";"128 530";"A01";"1";"1";"0";"2";"1";"1";"5";""
"202100040896";"128 527";"A01";"1";"10";"0";"2";"1";"9";"1";""
"202100040896";"128 528";"B01";"2";"1";"0";"2";"7";"1";"5";""
"202100040897";"128 526";"A01";"1";"7";"0";"1";"1";"1";"1";""
"202100040898";"128 524";"FA01";"0";"7";"0";"2";"8";"1";"1";""
"202100040898";"128 525";"B01";"1";"33";"0";"2";"0";"0";"0";""
"202100040899";"128 523";"A01";"1";"7";"0";"1";"3";"1";"1";""
"202100040900";"128 519";"B01";"1";"33";"0";"2";"7";"1";"1";""
"202100040900";"128 520";"A01";"2";"7";"0";"2";"1";"15";"1";""
"202100040901";"128 517";"B01";"1";"80";"0";"2";"7";"1";"3";""
"202100040901";"128 518";"A01";"3";"7";"0";"2";"1";"9";"1";""
"202100040902";"128 515";"A01";"1";"7";"0";"9";"7";"17";"1";""
"202100040902";"128 516";"B01";"2";"1";"0";"2";"8";"2";"5";""
"202100040903";"128 513";"A01";"1";"7";"0";"9";"8";"10";"1";""
"202100040903";"128 514";"B01";"1";"33";"0";"2";"1";"1";"1";""
"202100040904";"128 511";"B01";"1";"7";"0";"2";"8";"1";"1";""
"202100040904";"128 512";"A01";"1";"10";"0";"2";"1";"1";"1";""
"202100040905";"128 509";"A01";"1";"7";"0";"2";"8";"1";"1";""
"202100040905";"128 510";"B01";"1";"7";"0";"2";"1";"1";"1";""
"202100040906";"128 506";"A01";"2";"10";"0";"1";"1";"1";"1";""
"202100040907";"128 504";"A01";"1";"7";"0";"2";"8";"9";"1";""
"202100040907";"128 505";"B01";"1";"1";"0";"2";"7";"1";"5";""
"202100040908";"128 503";"A01";"0";"7";"1";"0";"1";"14";"1";""
"202100040909";"128 501";"B01";"0";"7";"0";"2";"1";"1";"1";""
"202100040909";"128 502";"A01";"0";"1";"0";"2";"1";"19";"5";""
"202100040910";"128 499";"B01";"1";"7";"0";"2";"1";"15";"1";""
"202100040910";"128 500";"A01";"1";"30";"0";"2";"1";"26";"1";""
"202100040911";"128 497";"A01";"2";"7";"0";"2";"8";"15";"1";""
"202100040911";"128 498";"B01";"1";"2";"0";"2";"1";"1";"1";""
"202100040912";"128 495";"B01";"3";"1";"0";"2";"9";"18";"5";""
"202100040912";"128 496";"A01";"3";"14";"0";"2";"7";"16";"1";""
"202100040913";"128 492";"A01";"1";"30";"0";"2";"1";"2";"1";""
"202100040913";"128 493";"B01";"1";"7";"0";"2";"4";"2";"1";""
"202100040914";"128 490";"A01";"1";"7";"0";"2";"1";"1";"1";""
"202100040914";"128 491";"B01";"1";"7";"8";"2";"5";"1";"1";""
"202100040915";"128 488";"B01";"3";"7";"0";"2";"8";"15";"1";""
"202100040915";"128 489";"A01";"3";"7";"0";"2";"1";"1";"1";""
"202100040916";"128 487";"A01";"3";"37";"0";"1";"2";"16";"1";"1"
"202100040917";"128 485";"B01";"1";"14";"0";"2";"2";"1";"1";""
"202100040917";"128 486";"A01";"1";"7";"0";"2";"5";"15";"1";""
"202100040918";"128 483";"A01";"1";"7";"0";"2";"1";"2";"1";""
"202100040918";"128 484";"B01";"1";"7";"0";"2";"4";"1";"1";""
"202100040919";"128 481";"B01";"1";"2";"0";"2";"7";"1";"3";""
"202100040919";"128 482";"A01";"1";"7";"0";"2";"8";"9";"1";""
"202100040920";"128 477";"A01";"1";"7";"0";"2";"1";"19";"1";""
"202100040920";"128 478";"B01";"1";"7";"0";"2";"4";"1";"1";""
"202100040920";"128 479";"C01";"1";"7";"0";"2";"4";"1";"1";""
"202100040920";"128 480";"D01";"1";"7";"0";"2";"0";"0";"0";""
"202100040921";"128 475";"A01";"2";"10";"0";"2";"1";"2";"1";""
"202100040921";"128 476";"B01";"2";"7";"0";"2";"6";"23";"1";""
"202100040922";"128 473";"B01";"3";"50";"0";"2";"1";"1";"3";""
"202100040922";"128 474";"A01";"3";"10";"0";"2";"3";"1";"1";""
"202100040923";"128 472";"A01";"1";"7";"1";"0";"3";"5";"1";""
"202100040924";"128 470";"B01";"3";"2";"0";"2";"1";"17";"1";""
"202100040924";"128 471";"A01";"3";"7";"0";"2";"3";"10";"1";""
"202100040925";"128 468";"B01";"3";"2";"0";"2";"1";"1";"1";""
"202100040925";"128 469";"A01";"3";"7";"0";"2";"1";"15";"1";""
"202100040926";"128 466";"Z01";"2";"7";"0";"2";"0";"15";"0";""
"202100040926";"128 467";"B01";"2";"30";"0";"2";"0";"1";"1";""
"202100040927";"128 464";"A01";"2";"10";"0";"2";"5";"15";"1";""
"202100040927";"128 465";"B01";"2";"1";"0";"2";"2";"1";"5";""
"202100040928";"128 463";"A01";"0";"7";"0";"1";"4";"20";"1";""
"202100040929";"128 461";"A01";"2";"31";"0";"2";"1";"1";"1";""
"202100040929";"128 462";"B01";"2";"7";"0";"2";"8";"15";"1";""
"202100040930";"128 460";"A01";"1";"7";"0";"1";"3";"1";"1";""
"202100040931";"128 458";"A01";"2";"30";"0";"2";"1";"26";"1";""
"202100040931";"128 459";"B01";"1";"7";"0";"2";"3";"9";"1";""
"202100040932";"128 456";"A01";"3";"7";"0";"2";"8";"15";"1";""
"202100040932";"128 457";"B01";"3";"7";"0";"2";"2";"17";"1";""
"202100040933";"128 454";"C01";"1";"0";"0";"2";"9";"26";" -1";""
"202100040933";"128 455";"B01";"1";"31";"0";"2";"1";"1";"1";""
"202100040934";"128 452";"B01";"0";"2";"0";"2";"0";"1";"1";""
"202100040934";"128 453";"A01";"0";"7";"0";"2";"0";"0";"0";""
"202100040935";"128 450";"B01";"3";"30";"0";"2";"4";"12";"1";""
"202100040935";"128 451";"A01";"3";"7";"0";"2";"1";"0";"1";""
"202100040936";"128 448";"A01";"0";"2";"0";"2";"2";"3";"1";""
"202100040936";"128 449";"B01";"0";"7";"0";"2";"3";"15";"2";""
"202100040937";"128 447";"A01";"3";"0";"0";"1";"1";"26";"1";""