"Num_Acc";"id_vehicule";"num_veh";"senc";"catv";"obs";"obsm";"choc";"manv";"motor";"occutc"
"202100040938";"128 445";"B01";"2";"7";"0";"2";"3";"1";"1";""
"202100040938";"128 446";"A01";"1";"7";"0";"2";"2";"14";"1";""
"202100040939";"128 443";"B01";"2";"33";"0";"2";"1";"2";"1";""
"202100040939";"128 444";"A01";"1";"30";"0";"2";"1";"17";"1";""
"202100040940";"128 441";"A01";"3";"10";"0";"2";"2";"1";"1";""
"202100040940";"128 442";"B01";"3";"10";"0";"2";"6";"1";"1";""
"202100040941";"128 439";"B01";"3";"1";"0";"2";"7";"1";"5";""
"202100040941";"128 440";"A01";"3";"7";"0";"2";"1";"1";"1";""
"202100040942";"128 437";"A01";"1";"7";"0";"2";"2";"21";"1";""
"202100040942";"128 438";"B01";"1";"7";"0";"2";"6";"1";"1";""
"202100040943";"128 434";"C01";"3";"7";"0";"2";"6";"13";"1";""
"202100040943";"128 435";"B01";"1";"33";"0";"2";"8";"1";"1";""
"202100040943";"128 436";"A01";"1";"33";"4";"0";"3";"13";"1";""
"202100040944";"128 432";"B01";"1";"1";"0";"2";"8";"2";"6";""
"202100040944";"128 433";"A01";"1";"7";"0";"2";"2";"2";"2";""
"202100040945";"128 430";"A01";"3";"30";"0";"2";"0";"0";"0";""
"202100040945";"128 431";"B01";"3";"7";"0";"9";"0";"0";"0";""
"202100040946";"128 428";"A01";"2";"7";"0";"2";"2";"22";"1";""
"202100040946";"128 429";"B01";"2";"80";"0";"2";"8";"18";"3";""
"202100040947";"128 426";"A01";"1";"7";"0";"2";"1";"1";"1";""
"202100040947";"128 427";"B01";"1";"33";"0";"2";"3";"1";"1";""
"202100040948";"128 424";"A01";"1";"10";"0";"2";"6";"10";"1";""
"202100040948";"128 425";"B01";"1";"80";"0";"2";"1";"1";"3";""
"202100040949";"128 422";"B01";"1";"14";"0";"2";"8";"10";"1";""
"202100040949";"128 423";"A01";"1";"32";"0";"2";"2";"1";"1";""
"202100040950";"128 420";"B01";"2";"7";"0";"2";"6";"23";"3";""
"202100040950";"128 421";"A01";"2";"34";"0";"2";"2";"9";"1";""
"202100040951";"128 418";"A01";"2";"7";"0";"2";"2";"9";"3";""
"202100040951";"128 419";"B01";"2";"30";"0";"2";"1";"1";"1";""
"202100040952";"128 417";"A01";"2";"10";"0";"1";"2";"16";"3";""
"202100040953";"128 415";"A01";"1";"33";"0";"2";"6";"1";"1";""
"202100040953";"128 416";"Z01";"1";"7";"0";"2";"0";"12";"0";""
"202100040954";"128 413";"A01";"2";"1";"0";"2";"8";"13";"5";""
"202100040954";"128 414";"B01";"2";"7";"0";"2";"7";"1";"2";""
"202100040955";"128 411";"B01";"1";"80";"0";"2";"5";"1";"3";""
"202100040955";"128 412";"A01";"1";"7";"0";"2";"1";"1";"1";""
"202100040956";"128 410";"A01";"1";"1";"0";"0";"1";"1";"5";""
"202100040957";"128 409";"A01";"2";"32";"0";"0";"0";"1";"3";""
"202100040958";"128 407";"A01";"2";"30";"8";"0";"1";"16";"1";""
"202100040958";"128 408";"B01";"2";"7";"8";"0";"7";"1";"1";""
"202100040959";"128 405";"A01";"3";"7";"0";"2";"3";"15";"1";""
"202100040959";"128 406";"B01";"3";"1";"0";"2";"1";"1";"5";""
"202100040960";"128 403";"A01";"1";"7";"0";"2";"2";"1";"1";""
"202100040960";"128 404";"B01";"3";"7";"0";"2";"0";"0";"1";""
"202100040961";"128 401";"A01";"2";"32";"8";"2";"3";"18";"1";""
"202100040961";"128 402";"B01";"2";"7";"0";"2";"2";"16";"1";""
"202100040962";"128 399";"A01";"2";"30";"0";"2";"1";"1";"1";""
"202100040962";"128 400";"B01";"2";"7";"0";"2";"2";"16";"1";""
"202100040963";"128 397";"A01";"0";"7";"0";"2";"3";"15";"1";""
"202100040963";"128 398";"B01";"1";"31";"0";"2";"3";"1";"1";""
"202100040964";"128 394";"A01";"3";"7";"0";"2";"7";"12";"1";""
"202100040964";"128 395";"C01";"3";"10";"0";"2";"5";"1";"0";""
"202100040964";"128 396";"B01";"3";"32";"0";"2";"8";"1";"1";""
"202100040965";"128 392";"B01";"3";"7";"0";"2";"2";"1";"2";""
"202100040965";"128 393";"A01";"3";"15";"0";"0";"6";"1";"1";""
"202100040966";"128 390";"A01";"1";"7";"0";"2";"2";"16";"1";""
"202100040966";"128 391";"B01";"1";"33";"0";"2";"3";"16";"1";""
"202100040967";"128 388";"B01";"1";"99";"0";"0";"4";"0";"3";""
"202100040967";"128 389";"A01";"1";"7";"0";"2";"1";"17";"1";""
"202100040968";"128 387";"A01";"2";"7";"9";"0";"8";"9";"1";""
"202100040969";"128 385";"A01";"3";"30";"0";"2";"2";"15";"1";""
"202100040969";"128 386";"B01";"3";"7";"0";"2";"2";"16";"2";""
"202100040970";"128 383";"A01";"2";"7";"1";"2";"1";"13";"1";""
"202100040970";"128 384";"B01";"2";"7";"0";"2";"8";"13";"1";""
"202100040971";"128 382";"A01";"0";"7";"0";"1";"2";"2";"1";""
"202100040972";"128 380";"B01";"3";"7";"0";"2";"5";"15";"1";""
"202100040972";"128 381";"A01";"3";"7";"0";"2";"3";"1";"1";""
"202100040973";"128 379";"A01";"1";"7";"1";"0";"0";"0";"1";""
"202100040974";"128 377";"A01";"3";"7";"0";"1";"0";"0";"0";""
"202100040975";"128 376";"A01";"1";"10";"0";"1";"4";"26";"1";""
"202100040976";"128 374";"B01";"1";"43";"0";"2";"1";"2";"1";""
"202100040976";"128 375";"A01";"1";"7";"0";"2";"5";"15";"1";""
"202100040977";"128 373";"A01";"0";"7";"8";"0";"1";"26";"1";""
"202100040978";"128 372";"A01";"1";"7";"0";"1";"8";"26";"1";""
"202100040979";"128 370";"B01";"1";"32";"0";"2";"2";"21";"1";""
"202100040979";"128 371";"A01";"1";"7";"0";"2";"3";"10";"1";""
"202100040980";"128 368";"A01";"2";"50";"0";"2";"1";"5";"3";""
"202100040980";"128 369";"B01";"1";"1";"0";"2";"1";"1";"5";""
"202100040981";"128 366";"A01";"1";"1";"0";"2";"0";"17";"5";""
"202100040981";"128 367";"B01";"1";"1";"0";"2";"0";"21";"5";""
"202100040982";"128 364";"A01";"1";"7";"0";"2";"3";"11";"1";""
"202100040982";"128 365";"B01";"2";"7";"0";"2";"3";"1";"1";""
"202100040983";"128 363";"A01";"2";"33";"13";"0";"1";"1";"1";""
"202100040984";"128 361";"B01";"2";"1";"0";"2";"1";"1";"5";""
"202100040984";"128 362";"A01";"1";"7";"13";"2";"3";"21";"1";""
"202100040985";"128 359";"B01";"2";"33";"0";"2";"8";"1";"1";""
"202100040985";"128 360";"A01";"2";"7";"0";"2";"3";"1";"1";""
"202100040986";"128 358";"A01";"2";"2";"0";"0";"3";"1";"1";""
"202100040987";"128 356";"A01";"1";"33";"0";"2";"1";"2";"1";""
"202100040987";"128 357";"B01";"1";"7";"0";"2";"5";"2";"1";""
"202100040988";"128 354";"A01";"0";"7";"2";"9";"3";"1";"1";""
"202100040988";"128 355";"B01";"0";"1";"15";"2";"4";"2";"5";""
"202100040989";"128 353";"A01";"0";"7";"0";"1";"4";"20";"1";""
"202100040990";"128 351";"A01";"2";"7";"0";"9";"1";"15";"1";""
"202100040990";"128 352";"B01";"2";"1";"0";"2";"4";"1";"5";""
"202100040991";"128 349";"B01";"3";"10";"0";"2";"3";"1";"1";""
"202100040991";"128 350";"A01";"3";"2";"0";"2";"3";"1";"1";""
"202100040992";"128 347";"B01";"2";"7";"0";"2";"3";"1";"1";""
"202100040992";"128 348";"A01";"1";"7";"0";"2";"3";"1";"1";""
"202100040993";"128 345";"B01";"1";"33";"0";"2";"7";"17";"1";""
"202100040993";"128 346";"A01";"1";"10";"0";"2";"3";"15";"1";""
"202100040994";"128 344";"A01";"1";"7";"2";"0";"1";"1";"1";""
"202100040995";"128 341";"C01";"2";"33";"0";"2";"1";"1";"1";""
"202100040995";"128 342";"B01";"1";"7";"0";"0";"3";"1";"1";""
"202100040995";"128 343";"A01";"2";"7";"0";"2";"4";"1";"1";""
"202100040996";"128 340";"A01";"2";"35";"0";"0";"0";"1";"1";""
"202100040997";"128 336";"A01";"1";"7";"0";"2";"1";"2";"1";""
"202100040997";"128 337";"B01";"1";"7";"0";"2";"4";"1";"1";""
"202100040997";"128 338";"C01";"2";"7";"0";"2";"8";"1";"1";""
"202100040998";"128 335";"A01";"1";"31";"0";"0";"0";"1";"1";""
"202100040999";"128 333";"A01";"2";"15";"0";"9";"0";"1";"1";""
"202100040999";"128 334";"B01";"1";"1";"0";"9";"3";"1";"5";""
"202100041000";"128 331";"A01";"2";"10";"0";"2";"7";"5";"1";""
"202100041000";"128 332";"B01";"1";"33";"0";"2";"7";"1";"1";""
"202100041001";"128 329";"A01";"2";"21";"0";"2";"1";"9";"1";""
"202100041001";"128 330";"B01";"1";"10";"0";"2";"7";"1";"1";""
"202100041002";"128 327";"A01";"1";"7";"0";"2";"3";"1";"1";""
"202100041002";"128 328";"B01";"2";"33";"0";"2";"1";"1";"1";""
"202100041003";"128 325";"B01";"2";"33";"0";"2";"3";"1";"1";""
"202100041003";"128 326";"A01";"1";"33";"0";"2";"3";"13";"1";""
"202100041004";"128 324";"A01";"0";"33";"0";"0";"2";"1";"1";""
"202100041005";"128 323";"A01";"0";"36";"0";"0";"1";"0";"1";""
"202100041006";"128 321";"B01";"1";"7";"0";"2";"1";"0";"1";""
"202100041006";"128 322";"A01";"1";"10";"0";"2";"3";"16";"1";""
"202100041007";"128 319";"A01";"3";"7";"6";"0";"3";"1";"1";""
"202100041008";"128 318";"A01";"2";"7";"0";"1";"8";"21";"1";""
"202100041009";"128 316";"B01";"2";"7";"0";"0";"8";"1";"1";""
"202100041009";"128 317";"A01";"2";"7";"0";"2";"2";"14";"1";""
"202100041010";"128 313";"C01";"0";"7";"0";"2";"1";"23";"1";""
"202100041010";"128 314";"B01";"0";"2";"0";"2";"2";"1";"1";""
"202100041010";"128 315";"A01";"0";"7";"0";"2";"1";"16";"1";""
"202100041011";"128 311";"A01";"1";"7";"0";"2";"8";"1";"1";""
"202100041011";"128 312";"B01";"3";"7";"0";"2";"1";"1";"1";""
"202100041012";"128 309";"B01";"1";"7";"0";"2";"7";"17";"1";""
"202100041012";"128 310";"A01";"1";"7";"3";"2";"8";"13";"1";""
"202100041013";"128 307";"B01";"0";"7";"0";"0";"3";"2";"0";""
"202100041013";"128 308";"A01";"0";"7";"0";"0";"6";"2";"0";""
"202100041014";"128 305";"A01";"3";"1";"0";"0";"0";"2";"5";""
"202100041014";"128 306";"B01";"0";"7";"0";"9";"0";"1";"0";""
"202100041015";"128 303";"A01";"1";"10";"0";"2";"3";"13";"1";""
"202100041015";"128 304";"B01";"2";"7";"0";"2";"3";"1";"1";""
"202100041016";"128 302";"A01";"1";"7";"12";"0";"9";"1";"1";""
"202100041017";"128 300";"B01";"3";"7";"0";"2";"3";"1";"1";""
"202100041017";"128 301";"A01";"1";"34";"0";"2";"1";"1";"1";""
"202100041018";"128 298";"B01";"2";"7";"0";"2";"1";"1";"2";""
"202100041018";"128 299";"A01";"1";"7";"0";"2";"3";"19";"1";""
"202100041019";"128 296";"B01";"1";"7";"0";"2";"9";"1";"1";""
"202100041019";"128 297";"A01";"2";"7";"0";"2";"1";"19";"1";""
"202100041020";"128 294";"B01";"1";"7";"0";"2";"1";"2";"1";""
"202100041020";"128 295";"A01";"2";"33";"0";"2";"1";"5";"1";""
"202100041021";"128 292";"A01";"2";"33";"0";"0";"0";"1";"1";""
"202100041021";"128 293";"B01";"2";"33";"0";"0";"1";"1";"1";""
"202100041022";"128 291";"A01";"1";"33";"13";"0";"1";"1";"1";""
"202100041023";"128 289";"A01";"0";"2";"0";"2";"3";"1";"1";""
"202100041023";"128 290";"B01";"0";"1";"0";"2";"5";"19";"5";""
"202100041024";"128 288";"A01";"1";"7";"0";"0";"3";"1";"1";""
"202100041025";"128 286";"A01";"1";"7";"0";"2";"5";"17";"1";""
"202100041025";"128 287";"C01";"1";"1";"0";"2";"8";"0";"0";""
"202100041026";"128 284";"B01";"1";"7";"0";"2";"1";"1";"1";""
"202100041026";"128 285";"A01";"2";"7";"0";"2";"3";"5";"1";""
"202100041027";"128 282";"A01";"2";"7";"13";"0";"2";"14";"1";""
"202100041028";"128 281";"A01";"2";"2";"3";"0";"7";"1";"1";""
"202100041029";"128 280";"A01";"1";"7";"3";"0";"2";"1";"1";""
"202100041030";"128 278";"A01";"1";"10";"0";"2";"3";"13";"1";""
"202100041030";"128 279";"B01";"2";"7";"0";"2";"3";"1";"1";""
"202100041031";"128 277";"A01";"0";"7";"13";"0";"1";"1";"1";""
"202100041032";"128 272";"A01";"1";"7";"0";"2";"4";"1";"1";""
"202100041032";"128 273";"D01";"1";"10";"0";"2";"1";"2";"1";""
"202100041032";"128 274";"C01";"1";"7";"0";"2";"4";"2";"1";""
"202100041032";"128 275";"B01";"1";"7";"0";"2";"5";"2";"1";""
"202100041033";"128 270";"A01";"2";"15";"0";"2";"2";"1";"1";""
"202100041033";"128 271";"B01";"2";"7";"0";"2";"8";"11";"1";""
"202100041034";"128 268";"B01";"1";"7";"0";"2";"1";"2";"1";""
"202100041034";"128 269";"A01";"1";"7";"0";"2";"4";"1";"1";""
"202100041035";"128 265";"C01";"2";"7";"0";"2";"1";"2";"1";""
"202100041035";"128 266";"B01";"2";"10";"0";"2";"4";"2";"1";""
"202100041035";"128 267";"A01";"2";"7";"0";"2";"4";"1";"1";""
"202100041036";"128 263";"B01";"2";"7";"0";"2";"1";"1";"1";""
"202100041036";"128 264";"A01";"2";"7";"0";"2";"4";"1";"1";""
"202100041037";"128 260";"Z01";"1";"10";"0";"2";"0";"1";"0";""
"202100041037";"128 261";"A01";"1";"7";"0";"2";"4";"2";"1";""
"202100041037";"128 262";"B01";"1";"33";"0";"2";"1";"2";"1";""
"202100041038";"128 258";"A01";"1";"7";"0";"2";"2";"2";"1";""
"202100041038";"128 259";"B01";"1";"32";"0";"2";"4";"1";"1";""
"202100041039";"128 256";"A01";"2";"7";"4";"2";"9";"1";"1";""
"202100041039";"128 257";"B01";"2";"10";"0";"2";"0";"0";"1";""
"202100041040";"128 254";"B01";"2";"7";"0";"2";"4";"2";"1";""
"202100041040";"128 255";"A01";"2";"33";"0";"2";"1";"2";"1";""
"202100041041";"128 252";"A01";"1";"7";"0";"2";"4";"1";"1";""
"202100041041";"128 253";"B01";"1";"7";"0";"2";"1";"2";"1";""
"202100041042";"128 250";"A01";"2";"7";"0";"2";"1";"2";"1";""
"202100041042";"128 251";"B01";"2";"7";"0";"2";"4";"2";"1";""
"202100041043";"128 248";"A01";"2";"10";"0";"2";"1";"2";"1";""
"202100041043";"128 249";"B01";"2";"7";"0";"2";"4";"2";"1";""
"202100041044";"128 246";"A01";"1";"33";"0";"2";"1";"3";"1";""
"202100041044";"128 247";"B01";"1";"7";"0";"2";"4";"1";"1";""
"202100041045";"128 242";"A01";"2";"30";"0";"2";"1";"1";"1";""
"202100041045";"128 243";"B01";"3";"7";"0";"2";"5";"26";"1";""
"202100041046";"128 241";"A01";"1";"7";"0";"1";"1";"1";"1";""
"202100041047";"128 240";"A01";"1";"33";"4";"0";"7";"18";"1";""
"202100041048";"128 238";"B01";"2";"7";"0";"9";"5";"1";"1";""
"202100041048";"128 239";"A01";"2";"2";"0";"2";"0";"1";"1";""
"202100041049";"128 236";"A01";"2";"7";"0";"2";"1";"1";"1";""
"202100041049";"128 237";"B01";"2";"7";"0";"2";"4";"1";"1";""
"202100041050";"128 235";"A01";"0";"2";"0";"2";"1";"1";"1";""
"202100041051";"128 233";"B01";"1";"7";"0";"2";"1";"1";"1";""
"202100041051";"128 234";"A01";"2";"3";"0";"2";"1";"5";"1";""
"202100041052";"128 231";"A01";"1";"7";"0";"2";"1";"1";"1";""
"202100041052";"128 232";"B01";"1";"7";"0";"2";"6";"1";"1";""
"202100041053";"128 230";"A01";"2";"36";"12";"0";"0";"0";"1";""
"202100041054";"128 226";"C01";"2";"7";"0";"2";"5";"1";"1";""
"202100041054";"128 227";"D01";"2";"7";"0";"2";"7";"1";"0";""
"202100041054";"128 228";"A01";"2";"7";"0";"2";"8";"22";"1";""
"202100041054";"128 229";"B01";"2";"2";"1";"2";"1";"1";"1";""
"202100041055";"128 224";"A01";"1";"10";"0";"9";"1";"1";"1";""
"202100041055";"128 225";"B01";"2";"1";"0";"2";"7";"19";"5";""
"202100041056";"128 223";"A01";"2";"20";"0";"1";"3";"1";"1";""
"202100041057";"128 221";"A01";"2";"7";"0";"2";"1";"1";"1";""
"202100041057";"128 222";"B01";"1";"32";"0";"2";"1";"21";"1";""
"202100041058";"128 219";"A01";"2";"7";"1";"2";"7";"20";"1";""
"202100041058";"128 220";"B01";"2";"7";"1";"2";"1";"1";"1";""
"202100041059";"128 215";"A01";"1";"7";"0";"2";"1";"26";"1";""
"202100041059";"128 216";"B01";"1";"10";"0";"2";"1";"26";"1";""
"202100041059";"128 217";"C01";"1";"10";"0";"2";"4";"2";"1";""
"202100041059";"128 218";"D01";"1";"7";"0";"2";"4";"2";"1";""
"202100041060";"128 213";"A01";"1";"7";"0";"2";"7";"15";"1";""
"202100041060";"128 214";"B01";"1";"1";"0";"2";"1";"0";"5";""
"202100041061";"128 211";"B01";"1";"2";"0";"2";"1";"1";"1";""
"202100041061";"128 212";"A01";"1";"7";"0";"2";"3";"15";"1";""
"202100041062";"128 210";"A01";"3";"7";"0";"1";"2";"16";"0";""
"202100041063";"128 207";"C01";"2";"7";"0";"2";"3";"5";"1";""
"202100041063";"128 208";"Z01";"3";"7";"0";"2";"3";"26";"1";""
"202100041063";"128 209";"B01";"3";"7";"9";"2";"5";"15";"1";""
"202100041064";"128 205";"B01";"1";"7";"0";"2";"4";"2";"1";""
"202100041064";"128 206";"A01";"1";"7";"0";"2";"1";"2";"0";""
"202100041065";"128 204";"A01";"1";"7";"9";"0";"1";"26";"1";""
"202100041066";"128 203";"A01";"1";"7";"15";"0";"2";"26";"1";""
"202100041067";"128 201";"A01";"1";"7";"0";"2";"3";"13";"1";""
"202100041067";"128 202";"B01";"2";"7";"0";"2";"1";"1";"1";""
"202100041068";"128 199";"A01";"3";"7";"0";"2";"1";"15";"1";""
"202100041068";"128 200";"B01";"3";"7";"0";"2";"1";"1";"1";""
"202100041069";"128 198";"A01";"1";"7";"13";"0";"7";"14";"1";""
"202100041070";"128 196";"A01";"1";"7";"0";"2";"3";"13";"1";""
"202100041070";"128 197";"B01";"2";"7";"0";"2";"3";"1";"1";""
"202100041071";"128 194";"A01";"1";"10";"16";"9";"1";"9";"1";""
"202100041071";"128 195";"B01";"2";"33";"0";"2";"1";"5";"1";""
"202100041072";"128 191";"A01";"3";"7";"0";"1";"3";"15";"1";""
"202100041073";"128 190";"A01";"0";"33";"14";"0";"3";"13";"0";""
"202100041074";"128 188";"A01";"3";"7";"0";"2";"1";"13";"0";""
"202100041074";"128 189";"B01";"3";"7";"0";"2";"1";"1";"0";""
"202100041075";"128 187";"A01";"3";"7";"0";"1";"1";"15";"1";""
"202100041076";"128 186";"A01";"2";"7";"13";"0";"2";"17";"1";""
"202100041077";"128 185";"A01";"1";"7";"2";"0";"0";"19";"1";""
"202100041078";"128 183";"B01";"0";"1";"0";"2";"8";"15";"5";""
"202100041078";"128 184";"A01";"0";"7";"0";"9";"2";"21";"1";""
"202100041079";"128 182";"A01";"2";"7";"6";"0";"0";"1";"1";""
"202100041080";"128 180";"B01";"0";"30";"0";"2";"3";"9";"1";""
"202100041080";"128 181";"A01";"0";"99";"0";"2";"1";"1";"1";""
"202100041081";"128 179";"A01";"2";"7";"0";"1";"1";"21";"1";""
"202100041082";"128 178";"A01";"2";"7";"0";"1";"7";"1";"1";""
"202100041083";"128 176";"B01";"1";"1";"0";"2";"1";"1";"5";""
"202100041083";"128 177";"A01";"1";"7";"0";"2";"1";"16";"1";""
"202100041084";"128 174";"B01";"1";"7";"0";"2";"3";"15";"1";""
"202100041084";"128 175";"A01";"2";"30";"0";"2";"1";"1";"1";""
"202100041085";"128 171";"A01";"1";"33";"0";"2";"1";"2";"1";""
"202100041085";"128 172";"T01";"1";"99";"0";"0";"0";"2";" -1";""
"202100041085";"128 173";"B01";"1";"7";"0";"2";"4";"2";"1";""
"202100041086";"128 169";"B01";"2";"7";"0";"2";"4";"2";"1";""
"202100041086";"128 170";"A01";"2";"7";"0";"2";"1";"1";"1";""
"202100041087";"128 168";"A01";"0";"7";"0";"1";"1";"1";"1";""
"202100041088";"128 166";"A01";"1";"7";"0";"2";"1";"16";"1";""
"202100041088";"128 167";"B01";"2";"50";"0";"2";"1";"25";"3";""
"202100041089";"128 165";"A01";"1";"7";"0";"1";"2";"15";"1";""
"202100041090";"128 163";"B01";"1";"7";"0";"2";"3";"13";"1";""
"202100041090";"128 164";"A01";"2";"36";"0";"2";"2";"13";"1";""
"202100041091";"128 161";"B01";"1";"33";"0";"2";"2";"1";"1";""
"202100041091";"128 162";"A01";"2";"7";"0";"2";"3";"15";"1";""
"202100041092";"128 159";"A01";"2";"7";"0";"2";"1";"2";"1";""
"202100041092";"128 160";"B01";"2";"7";"0";"2";"4";"1";"1";""
"202100041093";"128 158";"A01";"2";"7";"0";"1";"1";"1";"1";""
"202100041094";"128 157";"A01";"1";"33";"0";"0";"0";"26";"1";""
"202100041095";"128 155";"A01";"3";"10";"0";"2";"1";"2";"1";""
"202100041095";"128 156";"B01";"3";"7";"0";"2";"4";"2";"1";""
"202100041096";"128 153";"A01";"3";"7";"0";"2";"1";"2";"1";""
"202100041096";"128 154";"B01";"3";"7";"0";"2";"4";"2";"1";""
"202100041097";"128 151";"A01";"3";"7";"0";"2";"2";"22";"1";""
"202100041097";"128 152";"B01";"3";"1";"0";"9";"1";"1";"5";""
"202100041098";"128 149";"B01";"1";"33";"0";"2";"1";"2";"1";""
"202100041098";"128 150";"A01";"1";"7";"0";"2";"6";"15";"2";""
"202100041099";"128 148";"A01";"0";"7";"6";"0";"1";"1";"1";""
"202100041100";"128 146";"B01";"0";"7";"0";"2";"1";"1";"1";""
"202100041100";"128 147";"A01";"0";"7";"0";"2";"1";"15";"1";""
"202100041101";"128 144";"A01";"1";"30";"0";"2";"0";"1";"1";""
"202100041101";"128 145";"B01";"1";"7";"0";"2";"0";"0";"1";""
"202100041102";"128 143";"A01";"3";"7";"0";"1";"1";"26";"1";""
"202100041103";"128 141";"B01";"1";"10";"14";"2";"4";"23";"1";""
"202100041103";"128 142";"A01";"1";"7";"0";"2";"1";"1";"1";""
"202100041104";"128 140";"A01";"2";"1";"0";"0";"0";"1";"5";""
"202100041105";"128 139";"A01";"1";"30";"0";"0";"8";"1";"1";""
"202100041106";"128 137";"B01";"1";"1";"0";"2";"1";"21";"5";""
"202100041106";"128 138";"A01";"1";"7";"0";"9";"2";"17";"1";""
"202100041107";"128 133";"A01";"0";"7";"0";"2";"1";"2";"1";""
"202100041107";"128 134";"D01";"0";"7";"0";"2";"4";"23";"1";""
"202100041107";"128 135";"C01";"0";"7";"0";"2";"4";"23";"1";""
"202100041107";"128 136";"B01";"0";"7";"0";"2";"4";"23";"1";""
"202100041108";"128 131";"B01";"3";"2";"0";"2";"1";"1";"1";""
"202100041108";"128 132";"A01";"3";"7";"0";"2";"4";"15";"1";""
"202100041109";"128 130";"A01";"3";"10";"0";"0";"2";"0";"1";""
"202100041110";"128 129";"A01";"0";"7";"0";"1";"1";"1";"1";""
"202100041111";"128 127";"B01";"1";"7";"0";"2";"2";"1";"1";""
"202100041111";"128 128";"A01";"2";"2";"0";"2";"1";"1";"1";""
"202100041112";"128 125";"A01";"2";"34";"1";"2";"1";"7";"1";""
"202100041112";"128 126";"B01";"2";"7";"0";"2";"7";"12";"6";""
"202100041113";"128 123";"B01";"2";"99";"0";"2";"3";"10";"3";""
"202100041113";"128 124";"A01";"1";"99";"0";"2";"2";"1";"3";""
"202100041114";"128 121";"A01";"1";"10";"0";"2";"3";"26";"1";""
"202100041114";"128 122";"B01";"1";"1";"0";"2";"1";"1";"5";""
"202100041115";"128 119";"A01";"0";"7";"0";"2";"8";"9";"1";""
"202100041115";"128 120";"B01";"2";"1";"0";"2";"7";"1";"5";""
"202100041116";"128 117";"A01";"2";"17";"0";"2";"6";"1";"1";""
"202100041116";"128 118";"B01";"1";"7";"0";"2";"1";"1";"1";""
"202100041117";"128 115";"A01";"2";"7";"0";"2";"1";"9";"1";""
"202100041117";"128 116";"B01";"1";"1";"0";"2";"0";"1";"0";""
"202100041118";"128 111";"A01";"2";"7";"1";"0";"7";"1";"1";""
"202100041118";"128 112";"B01";"2";"7";"1";"2";"8";"24";"1";""
"202100041119";"128 110";"A01";"3";"7";"0";"1";"2";"1";"1";""
"202100041120";"128 108";"B01";"2";"33";"0";"2";"1";"1";"1";""
"202100041120";"128 109";"A01";"1";"10";"0";"2";"6";"15";"1";""
"202100041121";"128 106";"B01";"1";"7";"0";"2";"1";"1";"1";""
"202100041121";"128 107";"A01";"1";"7";"0";"2";"1";"1";"1";""
"202100041122";"128 105";"A01";"1";"30";"0";"1";"1";"21";"0";""
"202100041123";"128 102";"B01";"3";"34";"0";"2";"1";"1";"1";""
"202100041123";"128 103";"A01";"3";"7";"0";"2";"5";"15";"1";""
"202100041123";"128 104";"T01";"1";"7";"0";"2";"0";"23";"1";""
"202100041124";"128 101";"A01";"1";"33";"0";"1";"1";"17";"0";""
"202100041125";"128 099";"B01";"2";"7";"0";"2";"2";"1";"1";""
"202100041125";"128 100";"A01";"3";"50";"0";"2";"1";"1";"3";""
"202100041126";"128 097";"A01";"3";"7";"0";"2";"7";"15";"1";""
"202100041126";"128 098";"B01";"3";"2";"0";"2";"1";"1";"1";""
"202100041127";"128 095";"B01";"3";"7";"0";"2";"5";"2";"1";""
"202100041127";"128 096";"A01";"3";"7";"0";"2";"3";"2";"1";""
"202100041128";"128 094";"A01";"3";"33";"0";"1";"3";"3";"1";""
"202100041129";"128 093";"A01";"3";"7";"0";"1";"1";"9";"1";""
"202100041130";"128 089";"C01";"1";"37";"0";"2";"6";"23";"1";"1"
"202100041130";"128 090";"B01";"1";"2";"1";"2";"1";"21";"1";""
"202100041130";"128 091";"A01";"1";"7";"0";"2";"5";"23";"1";""
"202100041131";"128 086";"A01";"3";"10";"8";"2";"5";"19";"1";""
"202100041131";"128 087";"C01";"3";"7";"0";"2";"1";"23";"1";""
"202100041131";"128 088";"B01";"1";"10";"8";"2";"1";"1";"1";""
"202100041132";"128 084";"A01";"3";"1";"0";"2";"1";"19";"5";""
"202100041132";"128 085";"B01";"3";"7";"0";"2";"8";"1";"1";""
"202100041133";"128 082";"B01";"1";"7";"0";"2";"4";"2";"1";""
"202100041133";"128 083";"A01";"1";"32";"0";"2";"1";"1";"1";""
"202100041134";"128 081";"A01";"3";"2";"0";"1";"1";"1";"1";""
"202100041135";"128 079";"A01";"1";"30";"0";"2";"1";"17";"3";""
"202100041135";"128 080";"B01";"1";"7";"0";"2";"6";"23";"1";""
"202100041136";"128 077";"A01";"2";"31";"0";"2";"1";"1";"1";""
"202100041136";"128 078";"B01";"1";"7";"0";"2";"2";"15";"1";""
"202100041137";"128 075";"A01";"2";"30";"0";"2";"7";"17";"1";""
"202100041137";"128 076";"B01";"2";"14";"0";"2";"6";"23";"1";""
"202100041138";"128 073";"A01";"2";"1";"0";"2";"7";"19";"5";""
"202100041138";"128 074";"B01";"2";"7";"0";"2";"1";"1";"1";""
"202100041139";"128 071";"A01";"0";"7";"0";"2";"4";"9";"1";""
"202100041139";"128 072";"B01";"0";"30";"0";"2";"7";"1";"1";""
"202100041140";"128 069";"A01";"2";"7";"0";"2";"3";"9";"1";""
"202100041140";"128 070";"B01";"1";"32";"0";"2";"3";"1";"1";""