"Num_Acc";"id_vehicule";"num_veh";"senc";"catv";"obs";"obsm";"choc";"manv";"motor";"occutc"
"202100041554";"127 329";"A01";"1";"10";"0";"1";"1";"15";"1";""
"202100041555";"127 327";"Z01";"2";"10";"0";"2";"1";"10";"1";""
"202100041555";"127 328";"A01";"1";"32";"0";"2";"2";"1";"1";""
"202100041556";"127 324";"A01";"1";"3";"0";"2";"9";"14";"3";""
"202100041556";"127 325";"B01";"1";"7";"0";"2";"6";"23";"1";""
"202100041556";"127 326";"C01";"1";"7";"0";"2";"2";"1";"1";""
"202100041557";"127 322";"A01";"1";"7";"0";"2";"2";"15";"1";""
"202100041557";"127 323";"B01";"1";"31";"0";"2";"1";"1";"1";""
"202100041558";"127 320";"A01";"2";"7";"0";"2";"3";"15";"1";""
"202100041558";"127 321";"B01";"2";"32";"0";"2";"2";"2";"1";""
"202100041559";"127 318";"B01";"2";"1";"0";"2";"1";"1";"5";""
"202100041559";"127 319";"A01";"1";"1";"0";"2";"1";"17";"5";""
"202100041560";"127 317";"A01";"1";"10";"0";"1";"4";"4";"1";""
"202100041561";"127 316";"A01";"1";"1";"14";"0";"7";"13";"5";""
"202100041562";"127 314";"A01";"0";"7";"0";"2";"2";"26";"1";""
"202100041562";"127 315";"B01";"3";"7";"0";"2";"3";"1";"1";""
"202100041563";"127 310";"D01";"2";"7";"0";"2";"1";"1";"1";""
"202100041563";"127 311";"C01";"2";"7";"0";"2";"4";"1";"0";""
"202100041563";"127 312";"B01";"2";"7";"0";"2";"4";"1";"1";""
"202100041563";"127 313";"A01";"2";"7";"0";"2";"4";"1";"0";""
"202100041564";"127 308";"B01";"1";"1";"8";"2";"3";"1";"5";""
"202100041564";"127 309";"A01";"1";"7";"0";"2";"4";"20";"1";""
"202100041565";"127 305";"A01";"1";"10";"0";"2";"1";"2";"1";""
"202100041565";"127 306";"C01";"1";"10";"0";"2";"4";"2";"1";""
"202100041565";"127 307";"B01";"1";"7";"0";"2";"4";"2";"1";""
"202100041566";"127 303";"B01";"0";"34";"0";"0";"5";"0";"1";""
"202100041566";"127 304";"A01";"0";"7";"0";"0";"3";"15";"1";""
"202100041567";"127 301";"A01";"1";"7";"0";"2";"8";"22";"1";""
"202100041567";"127 302";"B01";"1";"2";"1";"0";"2";"1";"1";""
"202100041568";"127 298";"B01";"3";"10";"0";"2";"0";"0";"1";""
"202100041568";"127 299";"C01";"3";"60";"12";"0";"5";"1";"5";""
"202100041568";"127 300";"A01";"3";"33";"0";"2";"2";"0";"1";""
"202100041569";"127 296";"B01";"1";"7";"0";"0";"4";"2";"1";""
"202100041569";"127 297";"A01";"1";"2";"0";"2";"1";"2";"1";""
"202100041570";"127 294";"A01";"2";"10";"1";"0";"3";"24";"1";""
"202100041570";"127 295";"B01";"2";"2";"1";"0";"2";"3";"1";""
"202100041571";"127 292";"B01";"1";"50";"0";"0";"0";"0";"3";""
"202100041571";"127 293";"A01";"1";"7";"0";"2";"2";"1";"1";""
"202100041572";"127 290";"A01";"1";"7";"0";"2";"1";"9";"0";""
"202100041572";"127 291";"B01";"2";"7";"0";"2";"2";"5";"1";""
"202100041573";"127 289";"A01";"3";"7";"0";"1";"1";"2";"3";""
"202100041574";"127 288";"A01";"1";"7";"0";"1";"1";"17";"1";""
"202100041575";"127 286";"A01";"0";"10";"0";"2";"2";"15";"1";""
"202100041575";"127 287";"B01";"3";"30";"0";"2";"1";"3";"1";""
"202100041576";"127 284";"B01";" -1";"7";"0";"2";"1";"1";"1";""
"202100041576";"127 285";"A01";" -1";"7";"0";"2";"1";"26";"1";""
"202100041577";"127 282";"B01";"2";"1";"0";"2";"1";"1";"5";""
"202100041577";"127 283";"A01";"1";"7";"0";"2";"1";"1";"0";""
"202100041578";"127 279";"C01";"1";"7";"0";"2";"1";"1";"6";""
"202100041578";"127 280";"B01";"1";"99";"0";"2";"4";"23";"6";""
"202100041578";"127 281";"A01";"1";"10";"0";"2";"4";"23";"1";""
"202100041579";"127 278";"A01";"1";"34";"0";"0";"3";"21";"1";""
"202100041580";"127 277";"A01";"3";"7";"9";"0";"2";"14";"1";""
"202100041581";"127 276";"A01";"2";"14";"6";"0";"1";"1";"1";""
"202100041582";"127 274";"A01";"0";"2";"0";"2";"1";"1";"1";""
"202100041582";"127 275";"B01";"0";"7";"0";"2";"3";"1";"1";""
"202100041583";"127 272";"B01";"2";"7";"0";"2";"3";"1";"1";""
"202100041583";"127 273";"A01";"1";"2";"0";"2";"1";"17";"1";""
"202100041584";"127 271";"A01";"1";"2";"0";"0";"0";"0";"1";""
"202100041585";"127 270";"A01";"0";"1";"0";"0";"0";"1";"5";""
"202100041586";"127 268";"A01";"1";"33";"0";"2";"1";"1";"1";""
"202100041586";"127 269";"B01";"2";"7";"0";"2";"8";"15";"1";""
"202100041587";"127 267";"A01";"1";"2";"0";"5";"1";"1";"1";""
"202100041588";"127 265";"A01";"2";"7";"0";"2";"8";"9";"1";""
"202100041588";"127 266";"B01";"1";"33";"0";"2";"1";"1";"1";""
"202100041589";"127 263";"A01";"1";"10";"0";"9";"1";"1";"0";""
"202100041589";"127 264";"B01";"2";"1";"0";"2";"1";"1";"5";""
"202100041590";"127 262";"A01";"1";"1";"8";"0";"1";"1";"5";""
"202100041591";"127 260";"A01";"2";"7";"0";"2";"1";"11";"1";""
"202100041591";"127 261";"B01";"1";"1";"0";"2";"1";"1";"5";""
"202100041592";"127 259";"A01";"3";"3";"13";"0";"3";"1";"1";""
"202100041593";"127 256";"A01";"2";"7";"0";"2";"3";"13";"1";""
"202100041593";"127 257";"C01";"1";"10";"14";"2";"8";"1";"1";""
"202100041593";"127 258";"B01";"3";"7";"0";"2";"3";"23";"1";""
"202100041594";"127 254";"A01";"2";"7";"0";"0";"4";"23";"1";""
"202100041594";"127 255";"B01";"2";"21";"0";"2";"1";"2";"1";""
"202100041595";"127 252";"B01";"2";"10";"0";"2";"3";"15";"1";""
"202100041595";"127 253";"A01";"2";"34";"0";"2";"1";"17";"1";""
"202100041596";"127 250";"B01";"1";"2";"0";"2";"1";"1";"1";""
"202100041596";"127 251";"A01";"3";"10";"0";"0";"2";"1";"1";""
"202100041597";"127 249";"A01";"1";"7";"13";"0";"0";"1";"1";""
"202100041598";"127 248";"A01";"2";"33";"0";"0";"0";"0";"0";""
"202100041599";"127 246";"B01";"1";"7";"0";"2";"1";"1";"1";""
"202100041599";"127 247";"A01";"2";"7";"7";"2";"1";"6";"1";""
"202100041600";"127 243";"C01";"2";"7";"0";"2";"4";"1";"1";""
"202100041600";"127 244";"B01";"2";"7";"0";"2";"4";"1";"1";""
"202100041600";"127 245";"A01";"2";"10";"0";"2";"1";"1";"1";""
"202100041601";"127 242";"A01";"1";"7";"2";"0";"2";"1";"1";""
"202100041602";"127 241";"A01";"2";"7";"0";"1";"7";"5";"1";""
"202100041603";"127 240";"A01";"2";"33";"0";"0";"7";"1";"1";""
"202100041604";"127 238";"A01";"1";"10";"0";"2";"1";"1";"1";""
"202100041604";"127 239";"B01";"1";"7";"0";"0";"4";"1";"1";""
"202100041605";"127 237";"A01";"1";"7";"0";"1";"2";"15";"1";""
"202100041606";"127 232";"A01";"2";"7";"0";"0";"0";"11";"1";""
"202100041606";"127 233";"B01";"2";"33";"0";"0";"6";"1";"1";""
"202100041606";"127 234";"C01";"2";"33";"0";"2";"1";"1";"1";""
"202100041607";"127 231";"A01";"2";"7";"15";"0";"1";"1";"1";""
"202100041608";"127 230";"A01";"2";"7";"2";"0";"1";"14";"1";""
"202100041609";"127 229";"A01";"2";"7";"0";"1";"1";"21";"1";""
"202100041610";"127 227";"A01";"0";"7";"0";"2";"6";"0";"3";""
"202100041610";"127 228";"B01";"0";"1";"0";"2";"1";"0";"0";""
"202100041611";"127 225";"B01";"1";"32";"0";"2";"8";"1";"1";""
"202100041611";"127 226";"A01";"2";"7";"0";"2";"1";"15";"1";""
"202100041612";"127 223";"A01";"1";"7";"0";"2";"3";"11";"1";""
"202100041612";"127 224";"B01";"1";"34";"0";"2";"1";"1";"1";""
"202100041613";"127 221";"A01";"1";"7";"0";"2";"1";"13";"1";""
"202100041613";"127 222";"B01";"2";"33";"0";"2";"1";"1";"1";""
"202100041614";"127 219";"A01";"3";"7";"1";"2";"1";"13";"1";""
"202100041614";"127 220";"B01";"3";"7";"1";"2";"3";"1";"1";""
"202100041615";"127 217";"A01";"3";"7";"0";"2";"3";"9";"1";""
"202100041615";"127 218";"B01";"2";"1";"0";"2";"1";"1";"5";""
"202100041616";"127 216";"A01";"2";"7";"13";"0";"2";"1";"2";""
"202100041617";"127 215";"A01";"3";"7";"9";"0";"1";"16";"1";""
"202100041618";"127 213";"B01";"3";"33";"0";"2";"1";"1";"1";""
"202100041618";"127 214";"A01";"3";"7";"0";"2";"3";"9";"1";""
"202100041619";"127 211";"A01";"1";"2";"0";"2";"1";"0";"1";""
"202100041619";"127 212";"B01";"1";"7";"0";"0";"5";"23";"1";""
"202100041620";"127 210";"A01";"3";"7";"0";"1";"2";"16";"1";""
"202100041621";"127 208";"A01";"1";"7";"0";"2";"1";"1";"1";""
"202100041621";"127 209";"B01";"2";"7";"0";"2";"1";"5";"1";""
"202100041622";"127 206";"B01";"2";"7";"0";"2";"3";"9";"1";""
"202100041622";"127 207";"A01";"2";"7";"0";"2";"2";"1";"1";""
"202100041623";"127 205";"A01";"2";"7";"15";"0";"4";"1";"1";""
"202100041624";"127 201";"D01";"1";"7";"0";"2";"0";"0";"1";""
"202100041624";"127 202";"A01";"1";"7";"0";"2";"2";"14";"1";""
"202100041624";"127 203";"B01";"1";"7";"0";"2";"9";"0";"1";""
"202100041624";"127 204";"C01";"1";"7";"0";"2";"0";"0";"1";""
"202100041625";"127 200";"A01";"2";"7";"3";"0";"9";"2";"1";""
"202100041626";"127 198";"A01";"2";"10";"0";"2";"6";"2";"1";""
"202100041626";"127 199";"B01";"2";"14";"0";"2";"2";"0";"1";""
"202100041627";"127 196";"A01";"1";"7";"0";"2";"1";"1";"1";""
"202100041627";"127 197";"B01";"1";"7";"0";"2";"4";"1";"1";""
"202100041628";"127 194";"B01";"1";"7";"0";"2";"1";"2";"1";""
"202100041628";"127 195";"C01";"1";"7";"0";"2";"4";"2";"1";""
"202100041629";"127 193";"A01";"2";"7";"3";"0";"8";"20";"1";""
"202100041630";"127 191";"A01";"1";"7";"0";"2";"1";"2";"1";""
"202100041630";"127 192";"B01";"1";"7";"0";"2";"4";"2";"1";""
"202100041631";"127 188";"A01";"2";"7";"0";"2";"1";"2";"2";""
"202100041631";"127 189";"B01";"2";"7";"0";"2";"9";"1";"1";""
"202100041631";"127 190";"C01";"2";"7";"0";"2";"4";"1";"1";""
"202100041632";"127 186";"A01";"2";"7";"0";"2";"3";"2";"1";""
"202100041632";"127 187";"B01";"2";"7";"0";"2";"5";"2";"1";""
"202100041633";"127 185";"A01";"2";"14";"3";"0";"2";"26";"1";""
"202100041634";"127 182";"A01";"1";"7";"0";"2";"8";"1";"1";""
"202100041634";"127 183";"B01";"1";"7";"0";"2";"4";"23";"1";""
"202100041634";"127 184";"C01";"1";"7";"0";"2";"4";"23";"1";""
"202100041635";"127 181";"A01";"1";"7";"0";"1";"0";"19";"0";""
"202100041636";"127 178";"A01";"1";"7";"0";"2";"2";"1";"1";""
"202100041636";"127 179";"B01";"2";"7";"0";"2";"8";"1";"1";""
"202100041637";"127 177";"A01";"1";"7";"0";"1";"1";"18";"1";""
"202100041638";"127 176";"A01";"1";"7";"0";"1";"2";"1";"1";""
"202100041639";"127 175";"A01";"1";"7";"1";"0";"3";"9";"6";""
"202100041640";"127 172";"B01";"3";"7";"0";"2";"0";"0";"0";""
"202100041640";"127 173";"A01";"3";"7";"0";"2";"0";"0";"0";""
"202100041641";"127 171";"A01";"1";"7";"0";"1";"1";"0";"1";""
"202100041642";"127 168";"C01";"2";"7";"0";"2";"3";"1";"2";""
"202100041642";"127 169";"B01";" -1";"7";"0";"2";"3";"9";"1";""
"202100041642";"127 170";"A01";"1";"33";"0";"2";"1";"1";"1";""
"202100041643";"127 167";"A01";"1";"7";"0";"1";"3";"15";"1";""
"202100041644";"127 166";"A01";"1";"7";"0";"1";"1";"1";"1";""
"202100041645";"127 165";"A01";"3";"7";"0";"1";"1";"1";"1";""
"202100041646";"127 164";"A01";"1";"30";"0";"1";"1";"1";"1";""
"202100041647";"127 163";"A01";"1";"7";"0";"1";"3";"16";"1";""
"202100041648";"127 161";"B01";"2";"30";"0";"2";"8";"2";"1";""
"202100041648";"127 162";"A01";"2";"7";"0";"2";"2";"16";"1";""
"202100041649";"127 160";"A01";"3";"10";"0";"1";"3";"0";"1";""
"202100041650";"127 155";"A01";"1";"7";"0";"1";"1";"1";"1";""
"202100041651";"127 153";"A01";"2";"7";"0";"2";"7";"16";"1";""
"202100041651";"127 154";"B01";"2";"30";"0";"2";"8";"16";"1";""
"202100041652";"127 151";"A01";"1";"7";"0";"2";"3";"15";"1";""
"202100041652";"127 152";"B01";"2";"33";"0";"2";"1";"1";"1";""
"202100041653";"127 149";"B01";"0";"7";"0";"2";"3";"1";"2";""
"202100041653";"127 150";"A01";"0";"7";"1";"2";"2";"1";"1";""
"202100041654";"127 147";"B01";"2";"7";"8";"2";"1";"1";"1";""
"202100041654";"127 148";"A01";"1";"7";"8";"1";"8";"1";"1";""
"202100041655";"127 145";"A01";"1";"31";"0";"2";"3";"1";"1";""
"202100041655";"127 146";"B01";"1";"7";"0";"2";"0";"1";"0";""
"202100041656";"127 142";"A01";"1";"7";"0";"2";"7";"12";"1";""
"202100041656";"127 143";"B01";"1";"7";"0";"2";"8";"2";"1";""
"202100041656";"127 144";"C01";"1";"7";"4";"2";"4";"2";"1";""
"202100041657";"127 141";"A01";"1";"30";"0";"1";"1";"7";"0";""
"202100041658";"127 139";"B01";"3";"34";"0";"2";"1";"1";"1";""
"202100041658";"127 140";"A01";"3";"7";"0";"2";"1";"13";"1";""
"202100041659";"127 138";"A01";"2";"30";"0";"0";"3";"15";"1";""
"202100041660";"127 136";"B01";"2";"7";"0";"2";"3";"15";"1";""
"202100041660";"127 137";"A01";"2";"7";"0";"2";"2";"1";"1";""
"202100041661";"127 133";"B01";"0";"7";"0";"2";"3";"1";"1";""
"202100041661";"127 134";"C01";"0";"7";"0";"2";"4";"2";"1";""
"202100041661";"127 135";"A01";"0";"7";"0";"2";"3";"13";"1";""
"202100041662";"127 131";"A01";"3";"7";"0";"0";"8";"19";"1";""
"202100041662";"127 132";"B01";"1";"7";"0";"0";"0";"0";"1";""
"202100041663";"127 129";"A01";"3";"33";"8";"2";"2";"17";"1";""
"202100041663";"127 130";"B01";"1";"7";"0";"2";"3";"15";"2";""
"202100041664";"127 128";"A01";"1";"7";"4";"0";"2";"21";"1";""
"202100041665";"127 127";"A01";"1";"33";"0";"0";"3";"1";"1";""
"202100041666";"127 125";"A01";"2";"7";"0";"2";"1";"2";"1";""
"202100041666";"127 126";"B01";"2";"7";"0";"1";"4";"23";"1";""
"202100041667";"127 123";"A01";"1";"7";"0";"2";"1";"15";"1";""
"202100041667";"127 124";"B01";"2";"7";"0";"2";"3";"1";"1";""
"202100041668";"127 121";"A01";"1";"7";"0";"2";"1";"9";"1";""
"202100041668";"127 122";"B01";"1";"7";"0";"2";"8";"1";"1";""
"202100041669";"127 120";"A01";"2";"30";"0";"1";"1";"1";"1";""
"202100041670";"127 119";"A01";"2";"7";"13";"0";"9";"14";"1";""
"202100041671";"127 118";"A01";"1";"7";"0";"1";"2";"1";"1";""
"202100041672";"127 116";"A01";"3";"7";"13";"0";"1";"0";"1";""
"202100041673";"127 114";"A01";"2";"7";"1";"0";"2";"14";"1";""
"202100041673";"127 115";"B01";"1";"7";"1";"0";"2";"26";"1";""
"202100041674";"127 113";"A01";"1";"7";"2";"0";"1";"1";"1";""
"202100041675";"127 112";"Z01";"1";"0";"0";"1";"0";"1";"6";""
"202100041676";"127 110";"B01";"1";"33";"0";"2";"4";"23";"1";""
"202100041676";"127 111";"A01";"1";"33";"0";"2";"1";"1";"1";""
"202100041677";"127 109";"A01";"1";"7";"0";"0";"1";"1";"1";""
"202100041678";"127 108";"A01";"1";"7";"1";"0";"1";"1";"1";""
"202100041679";"127 107";"A01";"0";"7";"13";"0";"1";"14";"1";""
"202100041680";"127 105";"B01";"1";"50";"0";"2";"1";"1";"3";""
"202100041680";"127 106";"A01";"1";"80";"0";"2";"8";"1";"3";""
"202100041681";"127 103";"B01";"1";"33";"0";"2";"1";"1";"1";""
"202100041681";"127 104";"A01";"2";"7";"0";"2";"2";"15";"1";""
"202100041682";"127 101";"B01";"1";"2";"0";"2";"1";"1";"1";""
"202100041682";"127 102";"A01";"1";"7";"0";"2";"8";"22";"1";""
"202100041683";"127 099";"B01";"1";"1";"0";"2";"7";"1";"5";""
"202100041683";"127 100";"A01";"1";"7";"0";"2";"8";"9";"1";""
"202100041684";"127 098";"A01";"3";"32";"8";"0";"2";"14";"1";""
"202100041685";"127 096";"B01";"0";"37";"0";"2";"2";"16";"1";"3"
"202100041685";"127 097";"A01";"0";"7";"0";"2";"5";"15";"1";""
"202100041686";"127 094";"B01";"2";"7";"0";"2";"7";"15";"1";""
"202100041686";"127 095";"A01";"1";"30";"0";"2";"2";"1";"1";""
"202100041687";"127 092";"B01";"1";"7";"0";"2";"3";"1";"2";""
"202100041687";"127 093";"A01";"1";"50";"0";"2";"1";"1";"3";""
"202100041688";"127 090";"B01";"1";"32";"0";"2";"4";"2";"1";""
"202100041688";"127 091";"A01";"1";"30";"0";"2";"1";"2";"1";""
"202100041689";"127 088";"A01";"2";"7";"0";"2";"6";"15";"1";""
"202100041689";"127 089";"B01";"2";"33";"0";"2";"1";"17";"1";""
"202100041690";"127 087";"A01";"2";"30";"0";"1";"1";"1";"1";""
"202100041691";"127 085";"A01";"1";"7";"0";"2";"5";"16";"1";""
"202100041691";"127 086";"B01";"0";"34";"0";"2";"3";"18";"1";""
"202100041692";"127 084";"A01";"1";"30";"0";"1";"7";"1";"1";""
"202100041693";"127 083";"Z01";"0";"50";"0";"1";"1";"25";"3";""
"202100041694";"127 081";"B01";"1";"7";"0";"2";"3";"10";"1";""
"202100041694";"127 082";"A01";"1";"7";"0";"2";"2";"17";"1";""
"202100041695";"127 080";"A01";"2";"1";"1";"0";"1";"1";"5";""
"202100041696";"127 078";"A01";"1";"30";"0";"2";"1";"1";"1";""
"202100041696";"127 079";"B01";"0";"7";"0";"0";"0";"0";"1";""
"202100041697";"127 077";"A01";"2";"7";"6";"0";"1";"1";"1";""
"202100041698";"127 076";"A01";"1";"7";"14";"1";"2";"9";"6";""
"202100041699";"127 074";"A01";"3";"7";"0";"2";"1";"9";"1";""
"202100041699";"127 075";"B01";"3";"33";"0";"2";"7";"1";"1";""
"202100041700";"127 073";"A01";"2";"10";"0";"1";"3";"16";"1";""
"202100041701";"127 071";"B01";"3";"7";"0";"2";"2";"1";"1";""
"202100041701";"127 072";"A01";"3";"7";"0";"2";"3";"19";"1";""
"202100041702";"127 069";"B01";"2";"7";"0";"2";"3";"15";"1";""
"202100041702";"127 070";"A01";"1";"33";"0";"2";"2";"3";"1";""
"202100041703";"127 067";"B01";"0";"7";"0";"2";"8";"19";"1";""
"202100041703";"127 068";"A01";"0";"7";"0";"2";"1";"19";"1";""
"202100041704";"127 065";"A01";"1";"10";"0";"2";"2";"26";"1";""
"202100041704";"127 066";"B01";"1";"15";"0";"2";"6";"1";"1";""
"202100041705";"127 063";"A01";"3";"7";"0";"2";"1";"1";"1";""
"202100041705";"127 064";"B01";"3";"36";"0";"2";"2";"15";"1";""
"202100041706";"127 061";"A01";"2";"15";"0";"2";"1";"2";"1";""
"202100041706";"127 062";"B01";"2";"15";"0";"0";"4";"2";"1";""
"202100041707";"127 059";"A01";"3";"33";"0";"2";"1";"1";"1";""
"202100041707";"127 060";"B01";"3";"21";"0";"2";"3";"9";"1";""
"202100041708";"127 057";"A01";"1";"7";"0";"2";"3";"1";"1";""
"202100041708";"127 058";"B01";"2";"7";"0";"2";"3";"1";"1";""
"202100041709";"127 055";"B01";"1";"15";"0";"2";"1";"1";"1";""
"202100041709";"127 056";"A01";"1";"7";"0";"2";"3";"16";"1";""
"202100041710";"127 054";"A01";"1";"7";"2";"0";"2";"21";"1";""
"202100041711";"127 052";"A01";"0";"7";"0";"2";"3";"23";"1";""
"202100041711";"127 053";"B01";"1";"1";"0";"2";"1";"16";"5";""
"202100041712";"127 051";"A01";"1";"33";"13";"0";"1";"14";"1";""
"202100041713";"127 050";"A01";"1";"7";"13";"0";"0";"1";"1";""
"202100041714";"127 046";"A01";"0";"1";"0";"0";"8";"19";"5";""
"202100041714";"127 047";"B01";"0";"33";"0";"2";"1";"1";"1";""
"202100041715";"127 045";"A01";"1";"7";"6";"0";"1";"1";"1";""
"202100041716";"127 043";"B01";"1";"37";"0";"2";"2";"9";"1";"1"
"202100041716";"127 044";"A01";"1";"1";"0";"2";"3";"25";"5";""
"202100041717";"127 040";"A01";"1";"2";"0";"2";"1";"1";"1";""
"202100041717";"127 041";"B01";"1";"7";"0";"2";"8";"20";"1";""
"202100041718";"127 037";"A01";"1";"7";"0";"2";"1";"1";"1";""
"202100041718";"127 038";"B01";"2";"7";"0";"2";"2";"1";"1";""
"202100041719";"127 036";"A01";"1";"33";"8";"0";"1";"1";"1";""
"202100041720";"127 034";"A01";"2";"2";"0";"2";"8";"19";"1";""
"202100041720";"127 035";"B01";"1";"7";"0";"2";"1";"1";"1";""
"202100041721";"127 033";"A01";"2";"7";"4";"0";"1";"11";"1";""
"202100041722";"127 032";"A01";"1";"7";"13";"0";"1";"1";"1";""
"202100041723";"127 031";"A01";"1";"7";"6";"0";"2";"1";"1";""
"202100041724";"127 029";"A01";"1";"15";"0";"2";"6";"1";"1";""
"202100041724";"127 030";"B01";"1";"10";"0";"9";"2";"2";"1";""
"202100041725";"127 028";"A01";"3";"33";"0";"0";"1";"1";"1";""
"202100041726";"127 026";"B01";"2";"15";"0";"2";"6";"26";"1";""
"202100041726";"127 027";"A01";"2";"7";"0";"2";"1";"26";"1";""
"202100041727";"127 024";"A01";"2";"7";"0";"2";"2";"2";"1";""
"202100041727";"127 025";"B01";"2";"7";"4";"0";"4";"1";"1";""
"202100041728";"127 023";"A01";"2";"7";"4";"0";"7";"1";"1";""
"202100041729";"127 022";"A01";"1";"10";"2";"0";"7";"14";"1";""
"202100041730";"127 020";"B01";"2";"7";"0";"2";"3";"15";"1";""
"202100041730";"127 021";"A01";"2";"33";"0";"2";"7";"17";"1";""
"202100041731";"127 018";"A01";"1";"7";"0";"2";"7";"19";"1";""
"202100041731";"127 019";"B01";"1";"7";"0";"2";"1";"1";"1";""
"202100041732";"127 016";"A01";"2";"7";"0";"2";"2";"9";"1";""
"202100041732";"127 017";"B01";"2";"1";"0";"2";"8";"1";"5";""
"202100041733";"127 014";"A01";"1";"15";"0";"2";"3";"0";"0";""
"202100041733";"127 015";"B01";"2";"33";"0";"2";"3";"0";"1";""
"202100041734";"127 012";"A01";"1";"2";"0";"2";"8";"15";"1";""
"202100041734";"127 013";"B01";"2";"7";"0";"2";"1";"1";"1";""
"202100041735";"127 011";"A01";"2";"7";"13";"0";"2";"0";"1";""
"202100041736";"127 010";"A01";"0";"7";"2";"0";"3";"1";"1";""
"202100041737";"127 009";"A01";"0";"31";"1";"0";"1";"26";"1";""
"202100041738";"127 007";"A01";"2";"1";"0";"2";"8";"1";"5";""
"202100041738";"127 008";"B01";"2";"7";"0";"2";"7";"1";"0";""
"202100041739";"127 003";"A01";"1";"7";"0";"0";"1";"1";"1";""
"202100041740";"127 001";"B01";"1";"7";"0";"2";"2";"2";"1";""
"202100041740";"127 002";"A01";"1";"10";"0";"2";"6";"1";"1";""
"202100041741";"126 999";"A01";"1";"7";"0";"2";"4";"2";"1";""
"202100041741";"127 000";"Z01";"1";"7";"0";"2";"1";"2";"1";""
"202100041742";"126 997";"B01";"2";"7";"0";"2";"1";"2";"1";""
"202100041742";"126 998";"A01";"2";"7";"0";"2";"4";"2";"1";""
"202100041743";"126 995";"B01";"1";"7";"0";"2";"1";"0";"1";""
"202100041743";"126 996";"A01";"1";"7";"4";"2";"1";"1";"1";""
"202100041744";"126 994";"A01";"2";"7";"0";"0";"0";"2";"1";""
"202100041745";"126 993";"A01";"1";"7";"3";"0";"0";"0";"1";""
"202100041746";"126 989";"C01";"1";"7";"0";"2";"3";"1";"1";""
"202100041746";"126 990";"D01";"1";"15";"0";"2";"2";"12";"1";""
"202100041746";"126 991";"A01";"1";"7";"0";"2";"7";"1";"1";""
"202100041746";"126 992";"B01";"1";"7";"0";"2";"7";"1";"1";""
"202100041747";"126 987";"B01";"2";"2";"0";"2";"8";"14";"1";""
"202100041747";"126 988";"A01";"2";"7";"0";"2";"7";"1";"1";""
"202100041748";"126 986";"A01";"2";"33";"3";"0";"3";"1";"1";""
"202100041749";"126 985";"A01";"1";"7";"13";"0";"1";"14";"1";""
"202100041750";"126 983";"A01";"2";"7";"3";"2";"1";"14";"1";""
"202100041750";"126 984";"B01";"2";"7";"0";"2";"5";"1";"1";""
"202100041751";"126 981";"A01";"1";"7";"0";"2";"3";"5";"1";""
"202100041751";"126 982";"B01";"2";"7";"0";"2";"1";"1";"1";""
"202100041752";"126 976";"A01";"2";"7";"0";"2";"1";"2";"1";""
"202100041752";"126 977";"B01";"2";"7";"0";"2";"5";"2";"1";""
"202100041752";"126 978";"C01";"2";"7";"0";"2";"4";"2";"1";""
"202100041752";"126 979";"D01";"2";"7";"0";"2";"4";"1";"1";""
"202100041752";"126 980";"E01";"2";"7";"0";"2";"4";"1";"1";""
"202100041753";"126 975";"A01";"1";"7";"13";"0";"1";"2";"1";""
"202100041754";"126 974";"A01";"2";"7";"6";"0";"2";"1";"1";""
"202100041755";"126 973";"A01";"1";"7";"0";"1";"3";"26";"1";""
"202100041756";"126 972";"A01";"3";"10";"0";"1";"2";"1";"1";""
"202100041757";"126 969";"A01";"1";"7";"0";"1";"7";"1";"1";""
"202100041758";"126 966";"A01";"1";"30";"0";"1";"1";"0";"1";""
"202100041759";"126 965";"A01";"1";"50";"14";"0";"1";"16";"3";""
"202100041760";"126 963";"B01";"1";"31";"0";"2";"1";"13";"1";""
"202100041760";"126 964";"A01";"2";"7";"0";"2";"3";"15";"1";""
"202100041761";"126 962";"A01";"3";"10";"0";"1";"3";"1";"1";""
"202100041762";"126 960";"B01";"3";"50";"12";"0";"1";"1";"3";""
"202100041762";"126 961";"A01";"3";"7";"0";"0";"1";"14";"1";""
"202100041763";"126 959";"A01";"1";"7";"12";"1";"3";"26";"1";""
"202100041764";"126 957";"A01";"2";"7";"0";"2";"3";"1";"1";""
"202100041764";"126 958";"B01";"2";"50";"0";"2";"6";"9";"3";""
"202100041765";"126 956";"A01";"0";"7";"0";"1";"2";"15";"0";""
"202100041766";"126 955";"Z01";"3";"7";"0";"1";"7";"19";"0";""
"202100041767";"126 953";"B01";"2";"1";"0";"2";"0";"19";"5";""
"202100041767";"126 954";"A01";"2";"7";"0";"2";"3";"1";"1";""
"202100041768";"126 952";"A01";"1";"7";"0";"1";"2";"26";"0";""
"202100041769";"126 951";"A01";"1";"7";"0";"1";"1";"14";"1";""
"202100041770";"126 948";"A01";"2";"32";"0";"1";"1";"1";"1";""
"202100041771";"126 947";"B01";"1";"7";"0";"1";"1";"1";"1";""
"202100041772";"126 945";"A01";"1";"2";"0";"2";"7";"1";"1";""
"202100041772";"126 946";"B01";"2";"7";"0";"2";"1";"15";"0";""
"202100041773";"126 944";"A01";"2";"7";"0";"1";"2";"1";"1";""
"202100041774";"126 942";"A01";"1";"30";"16";"0";"0";"26";"1";""
"202100041775";"126 941";"A01";"1";"30";"14";"0";"1";"1";"1";""