"Num_Acc";"id_vehicule";"num_veh";"senc";"catv";"obs";"obsm";"choc";"manv";"motor";"occutc"
"202100041776";"126 940";"A01";"1";"2";"0";"0";"0";"1";"1";""
"202100041777";"126 938";"A01";"2";"7";"0";"2";"1";"1";"1";""
"202100041777";"126 939";"B01";"2";"7";"0";"2";"1";"5";"1";""
"202100041778";"126 936";"A01";"2";"1";"0";"2";"3";"1";"5";""
"202100041778";"126 937";"B01";"2";"7";"0";"2";"1";"0";" -1";""
"202100041779";"126 934";"A01";"2";"7";"0";"2";"1";"13";"1";""
"202100041779";"126 935";"B01";"2";"7";"0";"2";"1";"1";"1";""
"202100041780";"126 933";"A01";"1";"30";"0";"0";"2";"1";"1";""
"202100041781";"126 930";"C01";"1";"7";"1";"2";"1";"26";"1";""
"202100041781";"126 931";"A01";"1";"30";"0";"2";"4";"26";"1";""
"202100041781";"126 932";"B01";"1";"7";"0";"9";"4";"1";"1";""
"202100041782";"126 928";"A01";"2";"7";"0";"9";"3";"19";"2";""
"202100041782";"126 929";"B01";"1";"34";"0";"2";"1";"1";"1";""
"202100041783";"126 924";"A01";"2";"7";"0";"2";"1";"13";"1";""
"202100041783";"126 925";"B01";"1";"2";"0";"2";"1";"1";"1";""
"202100041784";"126 922";"B01";"3";"7";"0";"2";"1";"1";"1";""
"202100041784";"126 923";"A01";"3";"31";"0";"2";"1";"13";"1";""
"202100041785";"126 921";"A01";"0";"99";"12";"0";"0";"26";"1";""
"202100041786";"126 918";"C01";"0";"7";"0";"2";"0";"0";"1";""
"202100041786";"126 919";"B01";"0";"3";"0";"2";"0";"0";"1";""
"202100041786";"126 920";"A01";"0";"7";"0";"2";"0";"0";"1";""
"202100041787";"126 915";"A01";"1";"10";"0";"2";"3";"9";"1";""
"202100041787";"126 916";"B01";"1";"30";"0";"2";"5";"1";"1";""
"202100041788";"126 913";"B01";"3";"7";"0";"2";"8";"9";"1";""
"202100041788";"126 914";"A01";"1";"33";"0";"2";"1";"17";"1";""
"202100041789";"126 911";"B01";"3";"7";"1";"0";"3";"4";"1";""
"202100041789";"126 912";"A01";"3";"7";"0";"2";"5";"24";"1";""
"202100041790";"126 909";"B01";"1";"1";"0";"2";"4";"1";"5";""
"202100041790";"126 910";"A01";"1";"7";"0";"2";"1";"1";"1";""
"202100041791";"126 907";"A01";"2";"7";"0";"2";"3";"1";"1";""
"202100041791";"126 908";"B01";"1";"7";"0";"2";"3";"23";"1";""
"202100041792";"126 905";"B01";"2";"7";"8";"2";"8";"16";"1";""
"202100041792";"126 906";"A01";"1";"7";"0";"2";"2";"12";"0";""
"202100041793";"126 903";"B01";"2";"7";"0";"2";"3";"1";"1";""
"202100041793";"126 904";"A01";"1";"7";"0";"2";"1";"5";"1";""
"202100041794";"126 901";"B01";"2";"1";"0";"2";"4";"13";"5";""
"202100041794";"126 902";"A01";"2";"7";"8";"2";"1";"2";"1";""
"202100041795";"126 900";"A01";"1";"7";"14";"0";"1";"9";"1";""
"202100041796";"126 898";"B01";"1";"33";"0";"2";"8";"1";"1";""
"202100041796";"126 899";"A01";"1";"7";"0";"2";"1";"1";"1";""
"202100041797";"126 897";"A01";"0";"30";"0";"0";"0";"15";"1";""
"202100041798";"126 895";"B01";"3";"1";"0";"2";"7";"26";"5";""
"202100041798";"126 896";"A01";"3";"7";"0";"2";"3";"9";"1";""
"202100041799";"126 892";"A01";"2";"7";"0";"2";"4";"23";"1";""
"202100041799";"126 893";"B01";"2";"7";"0";"2";"4";"23";"1";""
"202100041799";"126 894";"Z01";"2";"7";"0";"2";"1";"1";"0";""
"202100041800";"126 890";"B01";"2";"33";"0";"2";"1";"1";"1";""
"202100041800";"126 891";"A01";"1";"7";"0";"2";"1";"15";"1";""
"202100041801";"126 889";"A01";"1";"33";"0";"5";"1";"21";"1";""
"202100041802";"126 887";"A01";"1";"7";"0";"2";"1";"1";"1";""
"202100041802";"126 888";"B01";"1";"7";"0";"2";"4";"1";"1";""
"202100041803";"126 885";"A01";"2";"7";"0";"2";"3";"18";"1";""
"202100041803";"126 886";"B01";"2";"7";"0";"2";"2";"1";"2";""
"202100041804";"126 884";"A01";"1";"33";"0";"0";"5";"9";"1";""
"202100041805";"126 882";"A01";"2";"7";"0";"2";"0";"0";"1";""
"202100041805";"126 883";"B01";"1";"7";"0";"2";"1";"13";"1";""
"202100041806";"126 880";"B01";"1";"31";"0";"2";"3";"3";"1";""
"202100041806";"126 881";"A01";"1";"7";"0";"2";"5";"12";"1";""
"202100041807";"126 879";"A01";"1";"33";"0";"0";"0";"1";"1";""
"202100041808";"126 878";"A01";"1";"33";"0";"1";"1";"1";"1";""
"202100041809";"126 876";"A01";"3";"33";"0";"2";"1";"16";"1";""
"202100041809";"126 877";"B01";"3";"7";"0";"2";"2";"15";"1";""
"202100041810";"126 874";"B01";"2";"1";"0";"2";"2";"1";"5";""
"202100041810";"126 875";"A01";"2";"7";"0";"2";"3";"10";"1";""
"202100041811";"126 872";"A01";"1";"10";"0";"2";"3";"1";"1";""
"202100041811";"126 873";"B01";"1";"1";"0";"2";"1";"1";"5";""
"202100041812";"126 870";"A01";"1";"34";"0";"2";"2";"15";"1";""
"202100041812";"126 871";"B01";"2";"30";"0";"2";"3";"1";"1";""
"202100041813";"126 868";"B01";"1";"7";"0";"2";"2";"15";"1";""
"202100041813";"126 869";"A01";"2";"50";"0";"2";"1";"1";"3";""
"202100041814";"126 867";"A01";"1";"7";"0";"1";"1";"1";"1";""
"202100041815";"126 865";"B01";"3";"1";"0";"2";"1";"1";"5";""
"202100041815";"126 866";"A01";"3";"1";"0";"2";"1";"5";"5";""
"202100041816";"126 863";"B01";"2";"2";"0";"2";"1";"1";"1";""
"202100041816";"126 864";"A01";"2";"7";"0";"2";"3";"9";"1";""
"202100041817";"126 862";"A01";"2";"1";"1";"0";"8";"14";"5";""
"202100041818";"126 861";"A01";"2";"1";"0";"0";"0";"1";"5";""
"202100041819";"126 859";"B01";"1";"10";"0";"2";"1";"1";"1";""
"202100041819";"126 860";"A01";"2";"33";"0";"2";"7";"1";"1";""
"202100041820";"126 857";"A01";"3";"7";"0";"2";"1";"2";"2";""
"202100041820";"126 858";"B01";"3";"7";"0";"2";"4";"2";"1";""
"202100041821";"126 856";"A01";"2";"7";"0";"1";"2";"1";"1";""
"202100041822";"126 854";"A01";"1";"50";"0";"2";"1";"19";"3";""
"202100041822";"126 855";"B01";"1";"7";"0";"2";"3";"1";"2";""
"202100041823";"126 852";"A01";"1";"7";"0";"2";"2";"15";"1";""
"202100041823";"126 853";"B01";"1";"31";"0";"2";"6";"1";"1";""
"202100041824";"126 850";"A01";"1";"7";"0";"2";"5";"12";"1";""
"202100041824";"126 851";"B01";"1";"7";"0";"2";"3";"18";"1";""
"202100041825";"126 847";"A01";" -1";"7";"0";"2";"3";"21";"1";""
"202100041825";"126 848";"C01";" -1";"7";"1";"2";"4";"0";"1";""
"202100041825";"126 849";"B01";" -1";"10";"0";"2";"3";"10";"1";""
"202100041826";"126 846";"A01";"3";"7";"0";"1";"1";"15";"1";""
"202100041827";"126 844";"A01";"2";"7";"0";"2";"7";"1";"0";""
"202100041827";"126 845";"B01";"1";"2";"0";"2";"1";"1";"0";""
"202100041828";"126 842";"A01";"1";"7";"0";"2";"1";"26";"1";""
"202100041828";"126 843";"B01";"1";"7";"0";"2";"4";"2";"1";""
"202100041829";"126 841";"A01";"2";"7";"0";"1";"4";"26";"0";""
"202100041830";"126 840";"A01";"1";"32";"11";"0";"3";"13";"1";""
"202100041831";"126 838";"B01";"2";"7";"0";"2";"4";"23";"1";""
"202100041831";"126 839";"A01";"2";"7";"0";"2";"1";"2";"1";""
"202100041832";"126 837";"A01";"2";"7";"13";"0";"2";"1";"1";""
"202100041833";"126 836";"A01";"2";"7";"13";"0";"0";"13";"1";""
"202100041834";"126 835";"A01";"1";"31";"16";"0";"1";"1";"1";""
"202100041835";"126 834";"A01";"1";"7";"13";"0";"2";"13";"1";""
"202100041836";"126 833";"A01";"3";"7";"0";"1";"1";"16";"0";""
"202100041837";"126 832";"A01";"2";"2";"0";"0";"0";"15";"1";""
"202100041838";"126 831";"A01";"0";"7";"0";"0";"1";"1";"1";""
"202100041839";"126 829";"A01";"1";"7";"0";"2";"1";"5";"0";""
"202100041839";"126 830";"B01";"2";"7";"1";"2";"1";"1";"1";""
"202100041840";"126 828";"B01";"0";"50";"0";"0";" -1";"1";"3";""
"202100041841";"126 827";"A01";"1";"7";"13";"0";"2";"1";"1";""
"202100041842";"126 826";"A01";"2";"33";"0";"0";"1";"13";"1";""
"202100041843";"126 825";"A01";"1";"2";"0";"0";"0";"1";"1";""
"202100041844";"126 824";"A01";"2";"33";"13";"0";"1";"1";"1";""
"202100041845";"126 823";"A01";"1";"7";"13";"0";"1";"13";"1";""
"202100041846";"126 821";"A01";"2";"31";"0";"2";"1";"5";"1";""
"202100041846";"126 822";"B01";"1";"10";"0";"2";"0";"1";"1";""
"202100041847";"126 819";"A01";"1";"7";"0";"2";"7";"13";"1";""
"202100041847";"126 820";"B01";"2";"7";"0";"2";"1";"1";"1";""
"202100041848";"126 818";"A01";"3";"7";"0";"1";"1";"1";"1";""
"202100041849";"126 817";"A01";"3";"7";"13";"0";"7";"1";"1";""
"202100041850";"126 816";"A01";"2";"33";"7";"0";"1";"1";"1";""
"202100041851";"126 815";"A01";"1";"10";"6";"0";"3";"1";"1";""
"202100041852";"126 814";"A01";"2";"7";"3";"0";"0";"1";"1";""
"202100041853";"126 813";"A01";"1";"7";"4";"0";"2";"2";"1";""
"202100041854";"126 812";"A01";"1";"7";"4";"0";"3";"1";"1";""
"202100041855";"126 810";"A01";"3";"1";"0";"0";"1";"25";"5";""
"202100041855";"126 811";"B01";"3";"7";"0";"0";"2";"26";"1";""
"202100041856";"126 809";"A01";"1";"7";"0";"1";"2";"1";"0";""
"202100041857";"126 808";"A01";"2";"2";"0";"0";"0";"17";"1";""
"202100041858";"126 807";"A01";"1";"31";"16";"0";"0";"1";"1";""
"202100041859";"126 804";"A01";"1";"7";"0";"2";"3";"1";"1";""
"202100041859";"126 805";"B01";"2";"7";"0";"2";"8";"1";"0";""
"202100041859";"126 806";"C01";"2";"7";"0";"2";"3";"1";"1";""
"202100041860";"126 802";"B01";"1";"7";"0";"2";"4";"15";"1";""
"202100041860";"126 803";"A01";"1";"31";"0";"2";"1";"1";"1";""
"202100041861";"126 801";"A01";"1";"21";"0";"9";"0";"0";"0";""
"202100041862";"126 798";"A01";"1";"7";"0";"2";"1";"2";"1";""
"202100041862";"126 799";"B01";"1";"7";"0";"2";"4";"2";"1";""
"202100041862";"126 800";"C01";"1";"7";"0";"2";"4";"2";"1";""
"202100041863";"126 796";"B01";"1";"7";"0";"2";"8";"2";"1";""
"202100041863";"126 797";"A01";"1";"7";"4";"2";"9";"2";"1";""
"202100041864";"126 795";"A01";"2";"7";"14";"0";"1";"1";"1";""
"202100041865";"126 794";"A01";"2";"7";"6";"0";"1";"26";"1";""
"202100041866";"126 789";"B01";"2";"7";"0";"2";"4";"1";"1";""
"202100041866";"126 790";"C01";"2";"7";"0";"2";"4";"1";"1";""
"202100041866";"126 791";"D01";"2";"7";"0";"2";"4";"1";"1";""
"202100041866";"126 792";"E01";"2";"7";"0";"2";"4";"1";"1";""
"202100041866";"126 793";"A01";"2";"10";"0";"2";"1";"1";"1";""
"202100041867";"126 788";"A01";"1";"10";"0";"1";"1";"15";"1";""
"202100041868";"126 785";"A01";"1";"7";"0";"2";"1";"1";"1";""
"202100041868";"126 786";"B01";"1";"7";"0";"2";"1";"1";"1";""
"202100041868";"126 787";"C01";"1";"14";"0";"2";"4";"1";"1";""
"202100041869";"126 782";"C01";"1";"7";"0";"2";"1";"2";"1";""
"202100041869";"126 783";"B01";"1";"7";"0";"2";"4";"0";"1";""
"202100041869";"126 784";"A01";"1";"7";"0";"2";"4";"23";"1";""
"202100041870";"126 780";"B01";"1";"2";"0";"2";"1";"1";"1";""
"202100041870";"126 781";"A01";"2";"7";"0";"2";"3";"15";"1";""
"202100041871";"126 779";"A01";"2";"7";"0";"1";"1";"15";"1";""
"202100041872";"126 777";"A01";"0";"7";"0";"2";"4";"1";"1";""
"202100041872";"126 778";"B01";"0";"7";"0";"2";"1";"0";" -1";""
"202100041873";"126 776";"A01";"2";"1";"0";"0";"8";"1";"5";""
"202100041874";"126 774";"B01";"2";"7";"0";"2";"8";"1";"1";""
"202100041874";"126 775";"A01";"2";"7";"0";"2";"2";"15";"1";""
"202100041875";"126 772";"B01";"3";"10";"0";"2";"1";"1";"1";""
"202100041875";"126 773";"A01";"3";"7";"14";"2";"9";"1";"1";""
"202100041876";"126 771";"A01";"2";"7";"0";"1";"0";"0";"0";""
"202100041877";"126 769";"B01";"1";"15";"0";"2";"1";"10";"1";""
"202100041877";"126 770";"A01";"1";"7";"0";"2";"3";"1";"1";""
"202100041878";"126 768";"A01";"1";"10";"13";"0";"2";"26";"1";""
"202100041879";"126 766";"A01";"1";"7";"0";"2";"1";"9";"1";""
"202100041879";"126 767";"B01";"1";"7";"0";"2";"3";"1";"1";""
"202100041880";"126 764";"B01";"1";"1";"0";"2";"1";"25";"5";""
"202100041880";"126 765";"A01";"2";"7";"0";"2";"8";"1";"1";""
"202100041881";"126 762";"A01";"1";"7";"0";"2";"2";"15";"1";""
"202100041881";"126 763";"B01";"2";"7";"0";"2";"1";"1";"1";""
"202100041882";"126 760";"B01";"3";"33";"0";"2";"1";"1";"1";""
"202100041882";"126 761";"A01";"3";"37";"0";"2";"8";"9";"1";"1"
"202100041883";"126 755";"A01";"1";"7";"8";"0";"1";"1";"1";""
"202100041884";"126 753";"B01";"1";"7";"0";"2";"3";"1";"1";""
"202100041884";"126 754";"A01";"1";"7";"0";"2";"2";"1";"1";""
"202100041885";"126 751";"B01";"3";"7";"0";"2";"4";"23";"0";""
"202100041885";"126 752";"A01";"3";"7";"0";"2";"1";"26";"0";""
"202100041886";"126 750";"A01";"3";"7";"0";"1";"3";"26";"1";""
"202100041887";"126 747";"A01";"1";"31";"0";"2";"1";"21";"1";""
"202100041887";"126 748";"B01";"1";"7";"0";"2";"3";"26";"1";""
"202100041888";"126 745";"A01";"0";"7";"0";"2";"7";"13";"1";""
"202100041888";"126 746";"B01";"0";"2";"0";"2";"1";"1";"1";""
"202100041889";"126 743";"A01";"3";"7";"0";"2";"3";"15";"1";""
"202100041889";"126 744";"B01";"3";"1";"0";"2";"1";"1";"5";""
"202100041890";"126 741";"B01";"1";"33";"0";"2";"1";"1";"1";""
"202100041890";"126 742";"A01";"3";"3";"0";"2";"2";"9";"1";""
"202100041891";"126 739";"A01";"1";"7";"0";"2";"2";"9";"1";""
"202100041891";"126 740";"B01";"1";"3";"0";"2";"2";"2";"1";""
"202100041892";"126 737";"B01";"2";"7";"0";"2";"8";"1";"1";""
"202100041892";"126 738";"A01";"1";"10";"0";"2";"3";"15";"1";""
"202100041893";"126 735";"A01";"1";"7";"0";"9";"8";"1";"1";""
"202100041893";"126 736";"C01";"1";"31";"0";"2";"2";"1";"1";""
"202100041894";"126 734";"A01";"0";"1";"0";"0";"0";"1";"5";""
"202100041895";"126 732";"B01";"1";"1";"0";"2";"4";"1";"5";""
"202100041895";"126 733";"A01";"1";"7";"0";"2";"2";"1";"1";""
"202100041896";"126 730";"B01";"2";"33";"0";"0";"0";"0";"1";""
"202100041896";"126 731";"A01";"1";"7";"0";"2";"5";"9";"1";""
"202100041897";"126 728";"A01";"1";"13";"0";"2";"1";"2";"1";""
"202100041897";"126 729";"B01";"1";"7";"0";"2";"4";"23";"1";""
"202100041898";"126 726";"B01";"1";"33";"0";"2";"1";"1";"1";""
"202100041898";"126 727";"A01";"2";"7";"0";"2";"6";"17";"1";""
"202100041899";"126 725";"A01";"2";"30";"0";"0";"1";"16";"1";""
"202100041900";"126 723";"B01";"2";"7";"0";"2";"4";"1";"1";""
"202100041900";"126 724";"A01";"2";"7";"0";"2";"9";"26";"1";""
"202100041901";"126 721";"B01";"2";"1";"0";"2";"0";"0";"5";""
"202100041901";"126 722";"A01";"1";"7";"0";"2";"4";"26";"0";""
"202100041902";"126 719";"B01";"1";"1";"0";"2";"1";"9";"5";""
"202100041902";"126 720";"A01";"1";"7";"0";"2";"2";"9";"2";""
"202100041903";"126 717";"B01";"1";"7";"0";"2";"0";"13";"1";""
"202100041903";"126 718";"A01";"2";"31";"0";"2";"2";"17";"1";""
"202100041904";"126 715";"B01";"3";"14";"0";"2";"3";"1";"1";""
"202100041904";"126 716";"A01";"3";"31";"0";"2";"2";"13";"1";""
"202100041905";"126 713";"B01";"0";"80";"0";"2";"3";"0";"3";""
"202100041905";"126 714";"A01";"3";"7";"0";"2";"3";"26";"1";""
"202100041906";"126 711";"B01";"3";"7";"0";"2";"5";"16";"1";""
"202100041906";"126 712";"A01";"3";"33";"0";"2";"3";"26";"1";""
"202100041907";"126 709";"A01";"2";"33";"0";"2";"3";"17";"1";""
"202100041907";"126 710";"B01";"1";"7";"0";"2";"3";"1";"1";""
"202100041908";"126 707";"A01";"1";"7";"8";"2";"0";"1";"1";""
"202100041908";"126 708";"B01";"2";"7";"15";"2";"1";"19";"1";""
"202100041909";"126 706";"A01";"3";"7";"8";"0";"1";"14";"1";""
"202100041910";"126 704";"A01";"1";"7";"0";"2";"2";"26";"1";""
"202100041910";"126 705";"B01";"2";"80";"0";"2";"1";"25";"3";""
"202100041911";"126 702";"A01";"2";"7";"0";"2";"1";"2";"2";""
"202100041911";"126 703";"B01";"2";"7";"0";"2";"4";"15";"1";""
"202100041912";"126 701";"A01";"2";"7";"3";"2";"9";"9";"1";""
"202100041913";"126 699";"A01";"2";"7";"1";"0";"1";"14";"1";""
"202100041913";"126 700";"B01";"3";"7";"1";"2";"6";"24";"1";""
"202100041914";"126 698";"A01";"1";"30";"5";"0";"7";"14";"1";""
"202100041915";"126 696";"A01";"1";"7";"0";"2";"3";"15";"1";""
"202100041915";"126 697";"B01";"2";"2";"0";"2";"1";"1";"1";""
"202100041916";"126 695";"A01";"3";"7";"6";"0";"1";"0";"1";""
"202100041917";"126 693";"A01";"2";"32";"0";"2";"1";"2";"1";""
"202100041917";"126 694";"B01";"2";"7";"0";"2";"6";"15";"1";""
"202100041918";"126 691";"B01";"1";"7";"0";"2";"8";"0";"1";""
"202100041918";"126 692";"A01";"1";"7";"0";"2";"1";"0";"1";""
"202100041919";"126 690";"A01";"1";"30";"0";"0";"8";"26";"1";""
"202100041920";"126 688";"A01";"2";"10";"15";"2";"3";"15";"1";""
"202100041920";"126 689";"B01";"2";"7";"0";"2";"2";"11";"1";""
"202100041921";"126 686";"B01";"2";"7";"0";"2";"3";"9";"1";""
"202100041921";"126 687";"A01";"1";"7";"0";"2";"2";"1";"1";""
"202100041922";"126 684";"B01";"2";"14";"0";"0";"4";"1";"1";""
"202100041922";"126 685";"A01";"2";"7";"0";"2";"1";"1";"1";""
"202100041923";"126 682";"A01";"1";"7";"0";"2";"1";"13";"1";""
"202100041923";"126 683";"B01";"2";"7";"0";"2";"3";"23";"1";""
"202100041924";"126 680";"A01";"0";"7";"0";"2";"2";"1";"1";""
"202100041924";"126 681";"B01";"1";"14";"0";"2";"1";"1";"1";""
"202100041925";"126 678";"B01";"1";"1";"0";"2";"4";"1";"5";""
"202100041925";"126 679";"A01";"1";"10";"0";"2";"3";"16";"1";""
"202100041926";"126 676";"B01";"2";"33";"0";"2";"3";"21";"1";""
"202100041926";"126 677";"A01";"1";"10";"0";"2";"2";"15";"1";""
"202100041927";"126 674";"A01";"2";"2";"0";"2";"7";"9";"1";""
"202100041927";"126 675";"B01";"2";"1";"0";"2";"1";"1";"5";""
"202100041928";"126 673";"A01";"2";"1";"0";"1";"1";"25";"5";""
"202100041929";"126 671";"B01";"2";"1";"0";"2";"8";"1";"5";""
"202100041929";"126 672";"A01";"2";"7";"0";"2";"2";"16";"1";""
"202100041930";"126 669";"A01";"1";"7";"0";"2";"1";"1";"1";""
"202100041930";"126 670";"B01";"1";"1";"0";"2";"7";"16";"5";""
"202100041931";"126 667";"A01";"1";"7";"0";"2";"2";"16";"1";""
"202100041931";"126 668";"B01";"1";"60";"0";"2";"1";"1";"5";""
"202100041932";"126 666";"A01";"1";"7";"0";"1";"3";"1";"2";""
"202100041933";"126 665";"A01";"1";"30";"8";"0";"8";"14";"3";""
"202100041934";"126 663";"A01";"2";"50";"0";"2";"3";"8";"3";""
"202100041934";"126 664";"B01";"1";"7";"0";"2";"3";"7";"1";""
"202100041935";"126 662";"A01";"3";"2";"0";"1";"1";"3";"1";""
"202100041936";"126 660";"A01";"1";"34";"15";"2";"3";"1";"1";""
"202100041936";"126 661";"B01";"1";"7";"0";"2";"5";"1";"1";""
"202100041937";"126 658";"B01";"2";"7";"0";"2";"3";"10";"1";""
"202100041937";"126 659";"A01";"1";"7";"0";"2";"1";"1";"1";""
"202100041938";"126 656";"A01";"1";"60";"1";"0";"1";"25";"5";""
"202100041938";"126 657";"B01";"1";"7";"0";"2";"8";"22";"1";""
"202100041939";"126 655";"A01";"2";"7";"4";"0";"2";"0";"1";""
"202100041940";"126 654";"A01";"3";"1";"0";"1";"1";"1";"0";""
"202100041941";"126 652";"B01";"2";"7";"0";"2";"4";"0";"2";""
"202100041941";"126 653";"A01";"2";"7";"0";"2";"1";"0";"1";""
"202100041942";"126 651";"A01";"2";"7";"0";"1";"1";"1";"1";""
"202100041943";"126 649";"Z01";"1";"7";"0";"0";"4";"0";"0";""
"202100041943";"126 650";"A01";"1";"1";"0";"2";"4";"1";"5";""
"202100041944";"126 647";"A01";"0";"13";"0";"2";"3";"19";"1";""
"202100041944";"126 648";"B01";"0";"33";"0";"2";"1";"1";"1";""
"202100041945";"126 645";"B01";"1";"99";"0";"2";"3";"2";"1";""
"202100041945";"126 646";"A01";"1";"7";"0";"2";"2";"15";"1";""
"202100041946";"126 643";"B01";"2";"13";"0";"2";"3";"15";"1";""
"202100041946";"126 644";"A01";"1";"2";"0";"2";"3";"18";"1";""
"202100041947";"126 641";"B01";"1";"7";"0";"2";"3";"1";"1";""
"202100041947";"126 642";"A01";"1";"7";"0";"2";"2";"19";"1";""
"202100041948";"126 639";"B01";"1";"1";"0";"2";"1";"1";"0";""
"202100041948";"126 640";"A01";"1";"7";"0";"2";"8";"19";"1";""
"202100041949";"126 638";"A01";"1";"30";"0";"1";"1";"1";"3";""
"202100041950";"126 636";"A01";" -1";"33";"0";"2";"1";"1";"1";""
"202100041950";"126 637";"B01";" -1";"7";"0";"2";"1";"0";"1";""
"202100041951";"126 634";"A01";" -1";"34";"0";"2";"6";"1";"1";""
"202100041951";"126 635";"B01";" -1";"7";"0";"2";"3";"15";"1";""
"202100041952";"126 632";"A01";"2";"30";"0";"2";"2";"2";"1";""
"202100041952";"126 633";"B01";"2";"7";"0";"2";"3";"2";"1";""
"202100041953";"126 630";"A01";"2";"33";"0";"2";"1";"3";"1";""
"202100041953";"126 631";"B01";"2";"7";"0";"2";"6";"15";"2";""
"202100041954";"126 628";"B01";"1";"43";"0";"2";"2";"13";"1";""
"202100041954";"126 629";"A01";"2";"7";"0";"2";"3";"9";"1";""
"202100041955";"126 626";"B01";"1";"1";"0";"2";"8";"1";"5";""
"202100041955";"126 627";"A01";"1";"10";"0";"2";"2";"2";"1";""
"202100041956";"126 625";"A01";"2";"30";"1";"0";"1";"26";"1";""
"202100041957";"126 623";"B01";"1";"7";"0";"2";"3";"15";"1";""
"202100041957";"126 624";"A01";"1";"32";"0";"2";"1";"15";"1";""
"202100041958";"126 621";"B01";"2";"33";"0";"2";"2";"3";"1";""
"202100041958";"126 622";"A01";"1";"30";"0";"2";"3";"16";"0";""
"202100041959";"126 619";"A01";"3";"10";"0";"2";"2";"12";"1";""
"202100041959";"126 620";"B01";"3";"32";"4";"2";"3";"12";"1";""
"202100041960";"126 617";"A01";"3";"10";"0";"2";"6";"2";"1";""
"202100041960";"126 618";"B01";"3";"43";"0";"2";"2";"2";"1";""
"202100041961";"126 614";"A01";"2";"7";"17";"0";"1";"0";"1";""
"202100041962";"126 612";"A01";"2";"7";"0";"2";"1";"16";"1";""
"202100041962";"126 613";"B01";"1";"2";"0";"2";"1";"1";"1";""
"202100041963";"126 611";"A01";"0";"7";"13";"0";"1";"0";"1";""
"202100041964";"126 609";"A01";"1";"7";"0";"2";"3";"5";"1";""
"202100041964";"126 610";"B01";"1";"7";"0";"2";"2";"1";"1";""
"202100041965";"126 608";"A01";"3";"7";"14";"0";"9";"1";"0";""
"202100041966";"126 606";"A01";"1";"7";"0";"0";"0";"15";"1";""
"202100041966";"126 607";"B01";"1";"33";"0";"0";"2";"1";"1";""
"202100041967";"126 603";"A01";"3";"2";"13";"0";"2";"1";"1";""
"202100041968";"126 601";"B01";"2";"10";"0";"2";"2";"17";"1";""
"202100041968";"126 602";"A01";"2";"7";"0";"2";"3";"15";"1";""
"202100041969";"126 600";"A01";"1";"33";"3";"0";"3";"1";"1";""
"202100041970";"126 598";"B01";"1";"33";"0";"0";"7";"1";"1";""
"202100041970";"126 599";"A01";"1";"7";"0";"2";"1";"9";"1";""
"202100041971";"126 597";"A01";"2";"7";"2";"0";"1";"1";"1";""
"202100041972";"126 595";"A01";"1";"7";"0";"2";"8";"15";"1";""
"202100041972";"126 596";"B01";"1";"32";"0";"2";"1";"17";"1";""
"202100041973";"126 593";"A01";"1";"2";"8";"0";"1";"26";"1";""
"202100041974";"126 592";"A01";"1";"33";"2";"0";"1";"0";"1";""
"202100041975";"126 591";"A01";"1";"7";"14";"2";"1";"1";"1";""
"202100041976";"126 589";"A01";"1";"7";"0";"2";"3";"5";"1";""
"202100041976";"126 590";"B01";"2";"7";"0";"2";"3";"1";"1";""
"202100041977";"126 588";"A01";"3";"7";"0";"1";"1";"1";"1";""
"202100041978";"126 587";"A01";"2";"36";"0";"0";"0";"10";"0";""
"202100041979";"126 586";"A01";"2";"7";"2";"0";"2";"1";"1";""
"202100041980";"126 584";"B01";"3";"7";"0";"0";"4";"1";"1";""
"202100041980";"126 585";"A01";"3";"7";"0";"2";"1";"1";"1";""
"202100041981";"126 582";"A01";"1";"1";"0";"2";"1";"1";"5";""
"202100041981";"126 583";"B01";"1";"7";"0";"0";"4";"1";"1";""
"202100041982";"126 580";"B01";"1";"1";"0";"2";"6";"13";"5";""
"202100041982";"126 581";"A01";"1";"7";"0";"2";"2";"1";"1";""
"202100041983";"126 579";"A01";"1";"32";"3";"0";"0";"9";"1";""
"202100041984";"126 577";"B01";"2";"33";"0";"2";"4";"15";"1";""
"202100041984";"126 578";"A01";"2";"14";"0";"2";"3";"1";"1";""
"202100041985";"126 575";"B01";"0";"43";"0";"2";"1";"2";"1";""
"202100041985";"126 576";"A01";"0";"7";"0";"2";"6";"16";"1";""
"202100041986";"126 574";"A01";"3";"7";"0";"0";"9";"0";"1";""
"202100041987";"126 572";"B01";"2";"7";"0";"2";"1";"1";"1";""
"202100041987";"126 573";"A01";"2";"10";"0";"2";"7";"26";"1";""
"202100041988";"126 570";"B01";"1";"7";"3";"2";"3";"2";"1";""
"202100041988";"126 571";"A01";"1";"7";"3";"2";"4";"23";"1";""
"202100041989";"126 568";"B01";"1";"15";"0";"2";"1";"12";" -1";""
"202100041989";"126 569";"A01";"1";"7";"4";"2";"9";"1";"1";""
"202100041990";"126 567";"A01";"1";"7";"0";"0";"9";"2";"1";""
"202100041991";"126 565";"A01";"2";"7";"0";"2";"1";"2";"1";""
"202100041991";"126 566";"B01";"2";"15";"0";"2";"4";"2";"1";""
"202100041992";"126 564";"A01";"2";"7";"3";"0";"1";"2";"1";""
"202100041993";"126 562";"B01";"1";"15";"0";"2";"4";"2";"1";""
"202100041993";"126 563";"A01";"1";"7";"0";"2";"1";"2";"1";""