"Num_Acc";"id_vehicule";"num_veh";"senc";"catv";"obs";"obsm";"choc";"manv";"motor";"occutc"
"202100041994";"126 560";"B01";"1";"10";"0";"2";"6";"11";"1";""
"202100041994";"126 561";"A01";"1";"33";"0";"2";"1";"11";"1";""
"202100041995";"126 557";"B01";"1";"33";"0";"2";"8";"1";"0";""
"202100041995";"126 558";"A01";"1";"7";"0";"2";"1";"1";"1";""
"202100041996";"126 556";"A01";"1";"7";"0";"1";"7";"26";"1";""
"202100041997";"126 554";"A01";"1";"10";"0";"2";"2";"15";"0";""
"202100041997";"126 555";"B01";"2";"2";"0";"2";"1";"1";"0";""
"202100041998";"126 552";"B01";"3";"7";"0";"2";"7";"1";"6";""
"202100041998";"126 553";"A01";"3";"7";"0";"2";"1";"0";"1";""
"202100041999";"126 549";"C01";"2";"7";"0";"0";"4";"1";"1";""
"202100041999";"126 550";"B01";"1";"7";"0";"2";"4";"0";"1";""
"202100041999";"126 551";"A01";"2";"7";"0";"2";"1";"23";"1";""
"202100042000";"126 547";"A01";"1";"7";"0";"2";"3";"1";"1";""
"202100042000";"126 548";"B01";"1";"7";"0";"2";"1";"1";"1";""
"202100042001";"126 545";"B01";"2";"2";"0";"2";"2";"17";"1";""
"202100042001";"126 546";"A01";"2";"10";"0";"2";"8";"15";"1";""
"202100042002";"126 543";"A01";"2";"37";"0";"2";"3";"1";"1";"2"
"202100042002";"126 544";"B01";"2";"7";"0";"2";"2";"5";"1";""
"202100042003";"126 541";"A01";"3";"7";"0";"2";"3";"15";"1";""
"202100042003";"126 542";"B01";"3";"33";"0";"2";"1";"1";"1";""
"202100042004";"126 539";"B01";"3";"33";"0";"2";"1";"17";"1";""
"202100042004";"126 540";"A01";"3";"10";"0";"2";"8";"15";"1";""
"202100042005";"126 537";"A01";"3";"7";"0";"2";"4";"1";"1";""
"202100042005";"126 538";"B01";"3";"7";"14";"9";"4";"1";"1";""
"202100042006";"126 535";"B01";"1";"50";"0";"2";"8";"1";"3";""
"202100042006";"126 536";"A01";"1";"7";"0";"2";"1";"19";"1";""
"202100042007";"126 534";"A01";"2";"7";"2";"0";"3";"13";"1";""
"202100042008";"126 532";"A01";"0";"2";"0";"2";"1";"1";"1";""
"202100042008";"126 533";"B01";"0";"7";"0";"2";"4";"23";"1";""
"202100042009";"126 531";"A01";"0";"33";"0";"2";"1";"21";"1";""
"202100042010";"126 529";"B01";"2";"1";"0";"2";"7";"26";"0";""
"202100042010";"126 530";"A01";"1";"7";"0";"2";"1";"26";"1";""
"202100042011";"126 527";"A01";"1";"7";"0";"2";"5";"16";"1";""
"202100042011";"126 528";"B01";"1";"33";"0";"2";"3";"1";"1";""
"202100042012";"126 525";"A01";"1";"10";"0";"2";"1";"2";"1";""
"202100042012";"126 526";"B01";"1";"7";"0";"2";"4";"23";"1";""
"202100042013";"126 523";"A01";"2";"7";"8";"0";"1";"21";"1";""
"202100042013";"126 524";"B01";"1";"7";"8";"0";"3";"1";"1";""
"202100042014";"126 521";"B01";"2";"7";"3";"2";"2";"1";"1";""
"202100042014";"126 522";"A01";"2";"7";"0";"2";"4";"11";"0";""
"202100042015";"126 519";"B01";"2";"1";"0";"2";"7";"1";"5";""
"202100042015";"126 520";"A01";"1";"10";"0";"2";"2";"1";"1";""
"202100042016";"126 518";"A01";"2";"7";"0";"1";"3";"1";"1";""
"202100042017";"126 516";"B01";"1";"7";"0";"2";"4";"15";"1";""
"202100042017";"126 517";"A01";"1";"7";"0";"2";"1";"15";"1";""
"202100042018";"126 515";"A01";"1";"2";"1";"0";"4";"1";"1";""
"202100042019";"126 513";"A01";"2";"7";"0";"2";"5";"15";"2";""
"202100042019";"126 514";"B01";"1";"2";"0";"2";"1";"1";"1";""
"202100042020";"126 512";"A01";"1";"7";"0";"1";"1";"15";"1";""
"202100042021";"126 509";"A01";"1";"7";"0";"2";"4";"1";"1";""
"202100042021";"126 510";"B01";"1";"7";"0";"2";"1";"1";"1";""
"202100042021";"126 511";"C01";"1";"7";"0";"2";"1";"1";"1";""
"202100042022";"126 508";"A01";"1";"7";"0";"1";"1";"15";"1";""
"202100042023";"126 507";"A01";"3";"33";"0";"0";"0";"1";"1";""
"202100042024";"126 506";"A01";"3";"7";"0";"1";"1";"15";"1";""
"202100042025";"126 505";"A01";"0";"7";"0";"1";"2";"1";"1";""
"202100042026";"126 503";"B01";"2";"7";"0";"2";"7";"15";"1";""
"202100042026";"126 504";"A01";"1";"33";"0";"2";"1";"1";"1";""
"202100042027";"126 502";"A01";"1";"7";"0";"1";"5";"15";"1";""
"202100042028";"126 500";"B01";"0";"7";"0";"2";"7";"0";"1";""
"202100042028";"126 501";"A01";"0";"7";"0";"2";"1";"19";"1";""
"202100042029";"126 498";"B01";"1";"7";"0";"2";"2";"1";"1";""
"202100042029";"126 499";"A01";"1";"7";"0";"2";"1";"9";"1";""
"202100042030";"126 496";"B01";"2";"1";"0";"2";"1";"1";"0";""
"202100042030";"126 497";"A01";"1";"7";"0";"2";"2";"15";"1";""
"202100042031";"126 494";"B01";"3";"7";"0";"2";"1";"1";"1";""
"202100042031";"126 495";"A01";"3";"32";"0";"2";"1";"5";"1";""
"202100042032";"126 492";"A01";"3";"7";"0";"2";"3";"1";"1";""
"202100042032";"126 493";"B01";"3";"1";"0";"2";"1";"19";"0";""
"202100042033";"126 491";"B01";"3";"7";"0";"1";"2";"26";"1";""
"202100042034";"126 490";"A01";"1";"7";"0";"1";"1";"1";"1";""
"202100042035";"126 489";"A01";"1";"7";"6";"0";"5";"0";"1";""
"202100042036";"126 487";"B01";"2";"10";"0";"2";"3";"1";"1";""
"202100042036";"126 488";"A01";"1";"7";"0";"2";"3";"13";"1";""
"202100042037";"126 485";"A01";"3";"80";"0";"2";"1";"5";"3";""
"202100042037";"126 486";"B01";"3";"7";"0";"2";"2";"16";"1";""
"202100042038";"126 483";"B01";"1";"10";"0";"2";"3";"1";"1";""
"202100042038";"126 484";"A01";"2";"7";"0";"2";"1";"13";"1";""
"202100042039";"126 481";"B01";"2";"33";"0";"2";"1";"17";"1";""
"202100042039";"126 482";"A01";"2";"10";"0";"2";"3";"13";"1";""
"202100042040";"126 479";"A01";"1";"32";"0";"2";"3";"18";"1";""
"202100042040";"126 480";"B01";"1";"7";"0";"2";"7";"16";"1";""
"202100042041";"126 477";"A01";"1";"2";"0";"2";"1";"26";"1";""
"202100042041";"126 478";"B01";"2";"10";"0";"2";"6";"0";"1";""
"202100042042";"126 475";"B01";"2";"33";"0";"2";"7";"0";"1";""
"202100042042";"126 476";"A01";"2";"7";"0";"2";"3";"9";"1";""
"202100042043";"126 473";"B01";"1";"1";"1";"0";"2";"1";"5";""
"202100042043";"126 474";"A01";"1";"7";"0";"2";"3";"22";"1";""
"202100042044";"126 472";"A01";"1";"7";"0";"1";"1";"1";"1";""
"202100042045";"126 470";"A01";"3";"7";"3";"2";"1";"18";"1";""
"202100042045";"126 471";"B01";"3";"15";"0";"2";"2";"12";"1";""
"202100042046";"126 469";"A01";"2";"30";"12";"0";"7";"1";"1";""
"202100042047";"126 468";"A01";"0";"43";"6";"0";"0";"26";"1";""
"202100042048";"126 466";"B01";"2";"31";"0";"2";"1";"12";"1";""
"202100042048";"126 467";"A01";"1";"7";"0";"2";"3";"15";"1";""
"202100042049";"126 464";"A01";"3";"7";"0";"2";"1";"1";"1";""
"202100042049";"126 465";"B01";"1";"7";"0";"2";"7";"1";"1";""
"202100042050";"126 462";"B01";"2";"7";"0";"2";"7";"15";"1";""
"202100042050";"126 463";"A01";"1";"7";"0";"2";"1";"1";"1";""
"202100042051";"126 460";"B01";"1";"33";"1";"2";"9";"17";"1";""
"202100042051";"126 461";"A01";"1";"10";"0";"2";"3";"10";"1";""
"202100042052";"126 458";"A01";"2";"1";"0";"2";"1";"19";"5";""
"202100042052";"126 459";"B01";"2";"1";"0";"2";"1";"1";"5";""
"202100042053";"126 457";"A01";"1";"30";"12";"0";"1";"13";"1";""
"202100042054";"126 455";"B01";"1";"2";"0";"2";"5";"1";"1";""
"202100042054";"126 456";"A01";"1";"7";"0";"2";"3";"13";"2";""
"202100042055";"126 454";"A01";"2";"80";"0";"1";"1";"5";"3";""
"202100042056";"126 452";"B01";"3";"2";"0";"2";"3";"1";"1";""
"202100042056";"126 453";"A01";"3";"15";"0";"2";"2";"15";"1";""
"202100042057";"126 450";"B01";"2";"1";"0";"2";"2";"1";"5";""
"202100042057";"126 451";"A01";"1";"30";"0";"2";"4";"9";"1";""
"202100042058";"126 449";"A01";"1";"30";"0";"0";"1";"1";"1";""
"202100042059";"126 447";"B01";"2";"7";"0";"2";"4";"2";"1";""
"202100042059";"126 448";"A01";"2";"10";"0";"2";"1";"2";"1";""
"202100042060";"126 445";"B01";"2";"1";"0";"2";"3";"1";"5";""
"202100042060";"126 446";"A01";"2";"7";"0";"2";"7";"17";"1";""
"202100042061";"126 443";"Z01";"2";"1";"0";"2";"8";"1";"5";""
"202100042061";"126 444";"A01";"1";"80";"0";"2";"7";"18";"3";""
"202100042062";"126 442";"A01";"2";"80";"0";"0";"0";"1";"3";""
"202100042063";"126 440";"A01";"1";"1";"0";"2";"1";"1";"5";""
"202100042063";"126 441";"B01";"2";"7";"0";"9";"3";"15";"1";""
"202100042064";"126 438";"A01";"1";"7";"0";"2";"3";"2";"1";""
"202100042064";"126 439";"B01";"1";"2";"0";"2";"5";"23";"1";""
"202100042065";"126 436";"B01";"0";"40";"0";"2";"1";"1";"3";""
"202100042065";"126 437";"A01";"3";"7";"0";"4";"6";"9";"1";""
"202100042066";"126 434";"B01";"2";"33";"0";"2";"3";"1";"1";""
"202100042066";"126 435";"A01";"2";"7";"0";"2";"3";"9";"1";""
"202100042067";"126 432";"A01";"2";"7";"0";"2";"3";"15";"1";""
"202100042067";"126 433";"B01";"2";"33";"0";"2";"1";"3";"1";""
"202100042068";"126 430";"B01";"1";"7";"0";"2";"1";"1";"1";""
"202100042068";"126 431";"A01";"2";"7";"0";"2";"3";"15";"1";""
"202100042069";"126 429";"B01";"1";"10";"0";"1";"4";"16";"1";""
"202100042070";"126 427";"A01";"0";"7";"0";"2";"1";"26";"1";""
"202100042070";"126 428";"B01";"1";"31";"0";"2";"8";"15";"1";""
"202100042071";"126 425";"A01";"3";"7";"0";"2";"5";"1";"1";""
"202100042071";"126 426";"B01";"2";"7";"0";"2";"2";"1";"1";""
"202100042072";"126 423";"A01";"3";"7";"0";"9";"3";"15";"0";""
"202100042072";"126 424";"B01";"3";"1";"0";"2";"1";"23";"5";""
"202100042073";"126 421";"A01";"1";"7";"0";"0";"3";"26";"1";""
"202100042073";"126 422";"B01";"1";"2";"0";"2";"1";"17";"0";""
"202100042074";"126 419";"B01";"2";"37";"0";"0";"0";"0";"0";"1"
"202100042074";"126 420";"A01";"1";"2";"1";"0";"1";"1";"1";""
"202100042075";"126 417";"B01";"3";"30";"0";"2";"1";"1";"1";""
"202100042075";"126 418";"A01";"3";"7";"0";"2";"3";"10";"1";""
"202100042076";"126 415";"B01";"1";"33";"0";"2";"1";"23";"1";""
"202100042076";"126 416";"A01";"1";"7";"0";"2";"4";"4";"1";""
"202100042077";"126 413";"B01";"1";"7";"0";"0";"6";"1";"0";""
"202100042077";"126 414";"A01";"1";"13";"0";"2";"2";"2";"0";""
"202100042078";"126 412";"A01";"1";"33";"0";"0";"4";"1";"1";""
"202100042079";"126 410";"A01";"1";"7";"0";"2";"2";"19";"1";""
"202100042079";"126 411";"B01";"2";"43";"0";"2";"1";"1";"1";""
"202100042080";"126 408";"A01";"2";"7";"0";"2";"3";"9";"2";""
"202100042080";"126 409";"B01";"2";"1";"0";"2";"2";"16";"5";""
"202100042081";"126 406";"A01";"2";"2";"0";"2";"1";"1";"1";""
"202100042081";"126 407";"B01";"2";"7";"0";"2";"3";"1";"1";""
"202100042082";"126 405";"A01";"1";"7";"2";"0";"3";"1";"1";""
"202100042083";"126 403";"A01";"2";"2";"0";"2";"1";"1";"1";""
"202100042083";"126 404";"B01";"3";"7";"0";"2";"6";"15";"1";""
"202100042084";"126 402";"A01";"2";"34";"8";"0";"1";"1";"1";""
"202100042085";"126 400";"B01";"2";"17";"0";"2";"8";"2";"1";""
"202100042085";"126 401";"A01";"2";"33";"0";"2";"7";"9";"1";""
"202100042086";"126 399";"A01";"2";"32";"0";"0";"0";"16";"1";""
"202100042087";"126 398";"A01";"1";"7";"2";"0";"1";"6";"1";""
"202100042088";"126 397";"A01";"3";"7";"9";"1";"3";"4";"1";""
"202100042089";"126 396";"A01";"1";"43";"9";"0";"1";"14";"1";""
"202100042090";"126 395";"A01";"2";"21";"0";"1";"5";"17";"1";""
"202100042091";"126 394";"A01";"1";"7";"0";"1";"3";"15";"1";""
"202100042092";"126 392";"B01";"2";"3";"0";"2";"3";"1";"1";""
"202100042092";"126 393";"A01";"2";"7";"0";"2";"5";"17";"0";""
"202100042093";"126 391";"A01";"0";"2";"13";"0";"0";"1";"1";""
"202100042094";"126 389";"B01";"1";"7";"0";"2";"7";"1";"1";""
"202100042094";"126 390";"A01";"1";"33";"0";"2";"3";"9";"1";""
"202100042095";"126 387";"A01";"0";"21";"0";"2";"1";"19";"1";""
"202100042095";"126 388";"B01";"0";"7";"0";"2";"8";"1";"0";""
"202100042096";"126 385";"A01";"3";"7";"0";"2";"3";"16";"1";""
"202100042096";"126 386";"B01";"0";"7";"0";"1";"3";"1";"1";""
"202100042097";"126 382";"B01";"2";"7";"0";"2";"2";"1";"1";""
"202100042097";"126 383";"A01";"2";"7";"0";"0";"6";"1";"1";""
"202100042097";"126 384";"C01";"1";"7";"0";"2";"1";"1";"1";""
"202100042098";"126 380";"A01";"0";"7";"0";"2";"2";"1";"1";""
"202100042098";"126 381";"B01";"2";"33";"0";"2";"1";"1";"1";""
"202100042099";"126 378";"B01";"1";"1";"0";"2";"1";"1";"5";""
"202100042099";"126 379";"A01";"2";"2";"0";"2";"5";"15";"1";""
"202100042100";"126 377";"A01";"2";"7";"2";"0";"2";"0";"1";""
"202100042101";"126 374";"A01";"1";"7";"0";"0";"3";"1";"1";""
"202100042101";"126 375";"B01";"1";"7";"0";"0";"3";"1";"1";""
"202100042102";"126 372";"B01";"2";"10";"0";"0";"0";"1";"1";""
"202100042102";"126 373";"A01";"1";"2";"0";"2";"0";"1";"1";""
"202100042103";"126 371";"A01";"3";"1";"6";"0";"1";"15";"5";""
"202100042104";"126 370";"A01";"1";"7";"3";"0";"9";"1";"1";""
"202100042105";"126 368";"A01";"2";"7";"0";"2";"1";"1";"1";""
"202100042105";"126 369";"B01";"2";"2";"0";"2";"2";"1";"1";""
"202100042106";"126 366";"A01";"1";"7";"0";"2";"3";"1";"1";""
"202100042106";"126 367";"B01";"2";"2";"0";"2";"1";"1";"1";""
"202100042107";"126 365";"A01";"2";"7";"16";"0";"2";"17";"1";""
"202100042108";"126 363";"B01";"0";"1";"0";"2";"1";"19";"0";""
"202100042108";"126 364";"A01";"1";"7";"12";"2";"2";"1";"1";""
"202100042109";"126 361";"B01";"0";"1";"0";"2";"8";"2";"5";""
"202100042109";"126 362";"A01";"3";"1";"0";"2";"8";"2";"5";""
"202100042110";"126 359";"B01";"0";"7";"0";"2";"7";"14";"1";""
"202100042110";"126 360";"A01";"0";"37";"0";"2";"3";"1";"1";"1"
"202100042111";"126 357";"B01";"2";"17";"0";"2";"6";"12";"1";""
"202100042111";"126 358";"A01";"2";"7";"0";"2";"1";"21";"1";""
"202100042112";"126 354";"B01";"1";"7";"0";"2";"4";"2";"1";""
"202100042112";"126 355";"A01";"1";"7";"0";"0";"4";"1";"1";""
"202100042112";"126 356";"C01";"1";"7";"0";"2";"1";"1";"1";""
"202100042113";"126 351";"C01";"1";"10";"0";"2";"1";"1";"1";""
"202100042113";"126 352";"B01";"1";"7";"0";"2";"4";"2";"1";""
"202100042113";"126 353";"A01";"1";"7";"0";"0";"4";"2";"1";""
"202100042114";"126 349";"A01";"2";"7";"0";"2";"1";"15";"1";""
"202100042114";"126 350";"B01";"3";"7";"0";"2";"7";"1";"1";""
"202100042115";"126 347";"B01";"1";"7";"0";"9";"6";"2";"3";""
"202100042115";"126 348";"A01";"1";"32";"0";"2";"1";"2";"0";""
"202100042116";"126 346";"A01";"0";"32";"0";"0";"0";"15";"1";""
"202100042117";"126 345";"A01";"1";"7";"0";"1";"2";"15";"1";""
"202100042118";"126 344";"A01";"1";"17";"0";"0";"0";"15";"1";""
"202100042119";"126 341";"C01";"1";"7";"0";"2";"1";"1";"1";""
"202100042119";"126 342";"B01";"2";"10";"0";"2";"3";"1";"1";""
"202100042119";"126 343";"A01";"1";"10";"0";"2";"1";"13";"1";""
"202100042120";"126 340";"A01";"1";"30";"0";"1";"1";"19";"1";""
"202100042121";"126 339";"A01";"1";"7";"12";"0";"2";"1";"1";""
"202100042122";"126 337";"B01";"2";"10";"0";"2";"3";"1";"1";""
"202100042122";"126 338";"A01";"1";"33";"0";"2";"1";"17";"1";""
"202100042123";"126 335";"B01";"2";"33";"0";"2";"1";"1";"1";""
"202100042123";"126 336";"A01";"1";"7";"0";"2";"3";"15";"1";""
"202100042124";"126 333";"A01";"2";"2";"0";"2";"1";"17";"1";""
"202100042124";"126 334";"B01";"3";"10";"0";"2";"3";"19";"1";""
"202100042125";"126 331";"B01";"1";"2";"0";"2";"1";"10";"0";""
"202100042125";"126 332";"A01";"1";"1";"0";"2";"1";"1";"5";""
"202100042126";"126 328";"B01";"1";"7";"0";"2";"7";"1";"1";""
"202100042126";"126 329";"C01";"2";"7";"0";"2";"3";"1";"1";""
"202100042126";"126 330";"A01";"1";"7";"0";"2";"1";"1";"1";""
"202100042127";"126 327";"A01";"1";"7";"7";"0";"1";"1";"1";""
"202100042128";"126 325";"A01";"2";"7";"0";"2";"1";"1";"1";""
"202100042128";"126 326";"B01";"1";"7";"6";"2";"3";"1";"1";""
"202100042129";"126 323";"A01";"1";"10";"0";"2";"1";"0";"1";""
"202100042129";"126 324";"B01";"2";"7";"0";"2";"1";"0";"1";""
"202100042130";"126 319";"A01";"2";"33";"0";"2";"1";"1";"1";""
"202100042130";"126 320";"B01";"1";"7";"0";"2";"8";"19";"1";""
"202100042131";"126 318";"A01";"3";"10";"0";"1";"6";"4";"1";""
"202100042132";"126 317";"A01";"3";"7";"0";"1";"4";"4";"1";""
"202100042133";"126 315";"A01";"3";"1";"0";"0";"4";"9";"5";""
"202100042133";"126 316";"B01";"3";"7";"0";"2";"2";"1";"1";""
"202100042134";"126 313";"A01";"3";"7";"0";"2";"1";"2";"1";""
"202100042134";"126 314";"B01";"3";"33";"0";"0";"4";"23";"1";""
"202100042135";"126 312";"A01";"3";"2";"12";"0";"1";"1";"1";""
"202100042136";"126 310";"B01";"1";"7";"0";"2";"1";"9";"1";""
"202100042136";"126 311";"A01";"1";"2";"0";"2";"1";"1";"1";""
"202100042137";"126 308";"A01";"1";"7";"14";"0";"1";"1";"1";""
"202100042138";"126 307";"A01";"1";"7";"0";"2";"7";"1";"1";""
"202100042139";"126 305";"B01";"2";"7";"0";"2";"6";"1";"1";""
"202100042139";"126 306";"A01";"2";"17";"0";"2";"5";"14";"1";""
"202100042140";"126 301";"A01";"2";"7";"0";"9";"9";"26";"1";""
"202100042140";"126 302";"B01";"2";"7";"0";"2";"2";"0";"1";""
"202100042140";"126 303";"C01";"2";"7";"0";"2";"4";"23";"1";""
"202100042140";"126 304";"D01";"2";"7";"0";"2";"4";"23";"1";""
"202100042141";"126 299";"A01";"2";"15";"0";"2";"2";"12";"1";""
"202100042141";"126 300";"B01";"2";"7";"0";"2";"6";"1";"1";""
"202100042142";"126 297";"B01";"1";"15";"0";"2";"2";"14";"1";""
"202100042142";"126 298";"A01";"1";"7";"0";"2";"6";"13";"1";""
"202100042143";"126 295";"A01";"1";"10";"0";"2";"0";"14";"1";""
"202100042143";"126 296";"B01";"1";"7";"0";"2";"0";"1";"1";""
"202100042144";"126 294";"A01";"2";"33";"0";"0";"9";"2";"1";""
"202100042145";"126 292";"A01";"1";"32";"1";"0";"1";"12";"1";""
"202100042145";"126 293";"B01";"1";"10";"0";"2";"4";"26";"1";""
"202100042146";"126 290";"A01";"1";"33";"0";"2";"1";"1";"1";""
"202100042146";"126 291";"B01";"1";"7";"0";"2";"0";"17";"1";""
"202100042147";"126 288";"A01";"1";"10";"0";"2";"1";"1";"1";""
"202100042147";"126 289";"B01";"1";"7";"0";"2";"4";"1";"1";""
"202100042148";"126 286";"B01";"1";"30";"0";"2";"1";"1";"1";""
"202100042148";"126 287";"A01";"1";"7";"0";"9";"6";"9";"1";""
"202100042149";"126 284";"B01";"2";"7";"0";"2";"8";"1";"1";""
"202100042149";"126 285";"A01";"1";"0";"0";"0";"8";"26";"0";""
"202100042150";"126 282";"B01";"1";"7";"0";"2";"4";"9";"1";""
"202100042150";"126 283";"A01";"1";"30";"0";"2";"1";"18";"1";""
"202100042151";"126 280";"B01";"2";"60";"0";"2";"1";"0";"5";""
"202100042151";"126 281";"A01";"1";"1";"0";"2";"1";"25";"0";""
"202100042152";"126 278";"B01";"2";"2";"0";"2";"1";"2";"1";""
"202100042152";"126 279";"A01";"2";"7";"0";"9";"8";"15";"1";""
"202100042153";"126 276";"B01";"2";"1";"0";"2";"0";"1";"5";""
"202100042153";"126 277";"A01";"1";"7";"0";"2";"1";"15";"1";""
"202100042154";"126 274";"A01";"2";"31";"1";"2";"2";"17";"1";""
"202100042154";"126 275";"B01";"2";"10";"0";"2";"3";"26";"1";""
"202100042155";"126 272";"A01";"1";"7";"14";"2";"1";"1";"1";""
"202100042155";"126 273";"B01";"1";"7";"14";"2";"4";"15";"1";""
"202100042156";"126 270";"B01";"1";"7";"0";"2";"1";"2";"1";""
"202100042156";"126 271";"A01";"1";"7";"0";"2";"4";"26";"1";""
"202100042157";"126 268";"B01";"0";"7";"0";"2";"5";"17";"1";""
"202100042157";"126 269";"A01";"0";"37";"0";"2";"3";"15";"1";"2"
"202100042158";"126 266";"A01";"2";"7";"0";"2";"1";"19";"1";""
"202100042158";"126 267";"B01";"2";"7";"0";"2";"8";"1";"1";""
"202100042159";"126 264";"A01";"1";"36";"0";"2";"1";"19";"1";""
"202100042159";"126 265";"B01";"1";"7";"0";"2";"8";"0";"0";""
"202100042160";"126 263";"A01";"1";"33";"15";"0";"2";"26";"1";""
"202100042161";"126 261";"B01";"3";"7";"0";"2";"2";"1";"1";""
"202100042161";"126 262";"A01";"3";"7";"0";"2";"8";"9";"1";""
"202100042162";"126 257";"A01";"3";"33";"0";"2";"9";"13";"1";""
"202100042162";"126 258";"B01";"3";"7";"0";"2";"7";"1";"1";""
"202100042163";"126 256";"A01";"3";"7";"0";"1";"2";"26";"1";""
"202100042164";"126 255";"A01";"1";"7";"0";"1";"1";"1";"1";""
"202100042165";"126 254";"A01";"2";"7";"2";"0";"3";"13";"1";""
"202100042166";"126 251";"A01";"3";"7";"0";"1";"1";"15";"1";""
"202100042167";"126 250";"A01";"2";"7";"0";"0";"1";"14";"1";""
"202100042168";"126 248";"B01";"1";"2";"0";"0";"0";"0";"1";""
"202100042168";"126 249";"A01";"1";"7";"0";"2";"2";"16";"1";""
"202100042169";"126 246";"A01";"1";"37";"8";"1";"7";"16";"1";"1"
"202100042170";"126 244";"B01";"2";"1";"0";"2";"1";"1";"5";""
"202100042170";"126 245";"A01";"1";"7";"0";"2";"1";"16";"1";""
"202100042171";"126 242";"B01";"1";"7";"0";"2";"5";"1";"1";""
"202100042171";"126 243";"A01";"2";"7";"0";"2";"1";"1";"1";""
"202100042172";"126 240";"B01";"2";"10";"0";"2";"0";"19";" -1";""
"202100042172";"126 241";"A01";"0";"1";"0";"2";"0";"19";" -1";""
"202100042173";"126 238";"B01";"3";"1";"0";"2";"4";"2";"0";""
"202100042173";"126 239";"A01";"3";"7";"0";"2";"1";"2";"1";""
"202100042174";"126 237";"A01";"3";"7";"0";"1";"1";"1";"1";""
"202100042175";"126 234";"B01";"3";"7";"0";"2";"3";"19";"1";""
"202100042175";"126 235";"A01";"3";"7";"0";"2";"1";"19";"1";""
"202100042176";"126 231";"A01";"1";"15";"13";"0";"7";"14";"1";""
"202100042177";"126 230";"A01";"3";"7";"13";"0";"9";"14";"1";""
"202100042178";"126 229";"A01";"2";"30";"1";"0";"2";"1";"1";""
"202100042179";"126 228";"A01";"3";"7";"0";"1";"3";"1";"1";""
"202100042180";"126 227";"A01";"1";"7";"12";"0";"1";"9";"1";""
"202100042181";"126 226";"A01";"1";"7";"0";"1";"8";"1";"1";""
"202100042182";"126 224";"A01";"3";"60";"0";"0";"0";"21";"5";""
"202100042182";"126 225";"Z01";"3";"7";"0";" -1";" -1";"1";" -1";""
"202100042183";"126 222";"A01";"3";"7";"0";"2";"2";"15";"1";""
"202100042183";"126 223";"B01";"3";"1";"0";"2";"8";"1";"5";""
"202100042184";"126 221";"A01";"2";"7";"6";"2";"9";"14";"1";""
"202100042185";"126 220";"A01";"3";"7";"0";"0";"2";"1";"1";""
"202100042186";"126 218";"B01";"1";"1";"0";"2";"1";"15";"5";""
"202100042186";"126 219";"A01";"1";"7";"0";"2";"3";"15";"1";""
"202100042187";"126 216";"A01";"1";"10";"0";"0";"7";"9";"1";""
"202100042187";"126 217";"B01";"1";"1";"0";"2";"8";"12";"5";""
"202100042188";"126 214";"B01";"1";"2";"0";"2";"1";"1";"1";""
"202100042188";"126 215";"A01";"1";"7";"0";"2";"8";"15";"1";""
"202100042189";"126 212";"A01";"1";"1";"0";"2";"4";"19";"5";""
"202100042189";"126 213";"Z01";"2";"7";"0";"2";"0";"1";"0";""
"202100042190";"126 210";"A01";"1";"33";"0";"2";"2";"16";"1";""
"202100042190";"126 211";"B01";"1";"7";"0";"2";"3";"1";"1";""
"202100042191";"126 207";"C01";"2";"7";"0";"2";"1";"0";"1";""
"202100042191";"126 208";"B01";"2";"7";"0";"2";"6";"9";"1";""
"202100042191";"126 209";"A01";"2";"7";"0";"2";"1";"26";"1";""
"202100042192";"126 205";"B01";"1";"7";"1";"2";"3";"1";"1";""
"202100042192";"126 206";"A01";"2";"7";"0";"2";"3";"15";"1";""
"202100042193";"126 202";"A01";"1";"7";"2";"0";"2";"14";"1";""
"202100042194";"126 200";"A01";"2";"33";"0";"2";"1";"1";"1";""
"202100042194";"126 201";"B01";"2";"2";"0";"2";"8";"15";"1";""
"202100042195";"126 198";"B01";"1";"1";"0";"2";"1";"1";"0";""
"202100042195";"126 199";"A01";"1";"10";"0";"2";"7";"16";"1";""
"202100042196";"126 196";"A01";"1";"7";"0";"2";"3";"15";"1";""
"202100042196";"126 197";"B01";"1";"7";"0";"2";"1";"1";"1";""
"202100042197";"126 195";"A01";"1";"7";"6";"0";"2";"1";"1";""
"202100042198";"126 193";"B01";"1";"7";"0";"2";"1";"1";"1";""
"202100042198";"126 194";"A01";"1";"7";"0";"2";"8";"10";"1";""
"202100042199";"126 191";"A01";"0";"32";"5";"2";"0";"18";"1";""
"202100042199";"126 192";"B01";"3";"7";"0";"2";"0";"0";"1";""
"202100042200";"126 189";"B01";"3";"38";"0";"2";"3";"1";"1";"1"
"202100042200";"126 190";"A01";"3";"7";"0";"2";"3";"5";"1";""
"202100042201";"126 188";"A01";"2";"7";"9";"0";"1";"26";"1";""
"202100042202";"126 186";"B01";"1";"1";"0";"2";"7";"1";"5";""
"202100042202";"126 187";"A01";"2";"7";"0";"2";"1";"9";"1";""
"202100042203";"126 185";"A01";"0";"2";"0";"0";"0";"15";"1";""
"202100042204";"126 184";"A01";"3";"7";"0";"0";"3";"13";"1";""
"202100042205";"126 183";"A01";"1";"7";"8";"0";"3";"1";"1";""
"202100042206";"126 181";"B01";"3";"7";"0";"2";"5";"23";"1";""