"Num_Acc";"id_vehicule";"num_veh";"senc";"catv";"obs";"obsm";"choc";"manv";"motor";"occutc"
"202100042628";"125 428";"A01";"1";"14";"4";"0";"1";"1";"1";""
"202100042629";"125 427";"A01";"3";"36";"0";"0";"0";"26";"1";""
"202100042630";"125 425";"A01";"3";"7";"0";"2";"3";"1";"1";""
"202100042630";"125 426";"B01";"0";"1";"0";"2";"1";"15";" -1";""
"202100042631";"125 424";"A01";"1";"33";"7";"0";"1";"1";"1";""
"202100042632";"125 423";"A01";"1";"33";"6";"0";"1";"0";"1";""
"202100042633";"125 422";"A01";"2";"15";"0";"1";"1";"1";"1";""
"202100042634";"125 421";"A01";"2";"7";"15";"0";"1";"14";"1";""
"202100042635";"125 420";"A01";"1";"7";"8";"0";"9";"1";"1";""
"202100042636";"125 419";"A01";"1";"7";"13";"0";"1";"13";"1";""
"202100042637";"125 418";"A01";"2";"36";"0";"0";"3";"1";"1";""
"202100042638";"125 416";"A01";"1";"2";"0";"0";"0";"21";"1";""
"202100042638";"125 417";"B01";"2";"7";"0";"0";"0";"5";"0";""
"202100042639";"125 413";"C01";"0";"7";"14";"2";"6";"1";"0";""
"202100042639";"125 414";"B01";"0";"7";"0";"2";"4";"15";"0";""
"202100042639";"125 415";"A01";"0";"15";"0";"2";"3";"1";"0";""
"202100042640";"125 409";"B01";"2";"1";"0";"2";"3";"1";"5";""
"202100042640";"125 410";"A01";"2";"7";"0";"2";"8";"16";"1";""
"202100042641";"125 407";"B01";"1";"7";"0";"2";"1";"15";"1";""
"202100042641";"125 408";"A01";"2";"2";"0";"2";"1";"1";"1";""
"202100042642";"125 406";"A01";"1";"36";"0";"0";"0";"16";"1";""
"202100042643";"125 404";"B01";"3";"37";"0";"2";"6";"1";"1";"1"
"202100042643";"125 405";"A01";"3";"1";"11";"2";"8";"17";"5";""
"202100042644";"125 402";"B01";"2";"7";"0";"0";"8";"1";"1";""
"202100042644";"125 403";"A01";"1";"2";"0";"0";"8";"1";"1";""
"202100042645";"125 401";"A01";"2";"7";"13";"0";"1";"1";"1";""
"202100042646";"125 400";"A01";"2";"7";"4";"0";"3";"2";"1";""
"202100042647";"125 399";"A01";"1";"7";"1";"0";"2";"0";"1";""
"202100042648";"125 398";"A01";"3";"7";"5";"0";"1";"1";"1";""
"202100042649";"125 397";"A01";"0";"33";"0";"0";"8";"0";"1";""
"202100042650";"125 395";"A01";"1";"7";"0";"2";"1";"13";"1";""
"202100042650";"125 396";"B01";"2";"7";"0";"2";"1";"1";"1";""
"202100042651";"125 393";"B01";"1";"7";"0";"2";"3";"1";"1";""
"202100042651";"125 394";"A01";"2";"2";"0";"2";"1";"13";"1";""
"202100042652";"125 392";"A01";"1";"7";"8";"0";"1";"1";"1";""
"202100042653";"125 391";"A01";"2";"7";"2";"0";"7";"0";"1";""
"202100042654";"125 389";"A01";"2";"7";"0";"2";"6";"1";"3";""
"202100042654";"125 390";"B01";"2";"10";"0";"2";"2";"12";"1";""
"202100042655";"125 385";"D01";"1";"7";"1";"0";"1";"1";"1";""
"202100042655";"125 386";"C01";"1";"10";"1";"0";"3";"13";"1";""
"202100042655";"125 387";"B01";"1";"7";"0";"2";"0";"1";"1";""
"202100042655";"125 388";"A01";"1";"7";"4";"0";"2";"11";"1";""
"202100042656";"125 383";"A01";"1";"7";"0";"2";"1";"26";"1";""
"202100042656";"125 384";"B01";"1";"7";"0";"2";"4";"0";"1";""
"202100042657";"125 380";"C01";"2";"7";"0";"2";"4";"26";"1";""
"202100042657";"125 381";"A01";"2";"7";"0";"2";"1";"26";"1";""
"202100042657";"125 382";"B01";"2";"7";"0";"2";"4";"17";"1";""
"202100042658";"125 379";"A01";"2";"33";"3";"0";"0";"13";"1";""
"202100042659";"125 378";"A01";"2";"33";"0";"2";"1";"2";"1";""
"202100042660";"125 376";"A01";"2";"7";"0";"2";"8";"11";"1";""
"202100042660";"125 377";"B01";"2";"33";"0";"2";"7";"2";"1";""
"202100042661";"125 375";"A01";"1";"33";"4";"0";"3";"1";"1";""
"202100042662";"125 374";"A01";"2";"33";"3";"0";"3";"1";"1";""
"202100042663";"125 373";"A01";"2";"7";"8";"0";"4";"0";"1";""
"202100042664";"125 371";"A01";"1";"7";"0";"2";"1";"2";"1";""
"202100042664";"125 372";"B01";"1";"7";"0";"2";"4";"23";"1";""
"202100042665";"125 369";"B01";"1";"10";"0";"2";"3";"1";"1";""
"202100042665";"125 370";"A01";"2";"7";"0";"2";"2";"15";"1";""
"202100042666";"125 367";"A01";"1";"33";"0";"2";"1";"2";"1";""
"202100042666";"125 368";"B01";"1";"10";"0";"2";"4";"2";"1";""
"202100042667";"125 365";"Z01";"2";"7";"0";"2";"2";"1";"0";""
"202100042667";"125 366";"B01";"1";"2";"0";"2";"1";"1";"1";""
"202100042668";"125 363";"B01";"1";"7";"0";"2";"1";"1";"1";""
"202100042668";"125 364";"A01";"2";"50";"0";"2";"1";"5";"3";""
"202100042669";"125 361";"A01";"1";"31";"0";"2";"1";"26";"1";""
"202100042669";"125 362";"B01";"1";"7";"0";"2";"7";"1";"1";""
"202100042670";"125 359";"A01";"3";"7";"0";"2";"1";"5";"1";""
"202100042670";"125 360";"B01";"3";"7";"0";"2";"1";"1";"1";""
"202100042671";"125 358";"A01";"2";"7";"0";"1";"1";"26";"0";""
"202100042672";"125 356";"A01";"1";"32";"0";"2";"1";"21";"1";""
"202100042672";"125 357";"B01";"1";"7";"0";"2";"3";"15";"1";""
"202100042673";"125 355";"A01";"2";"7";"3";"0";"1";"21";"1";""
"202100042674";"125 353";"B01";"1";"7";"0";"2";"2";"2";"1";""
"202100042674";"125 354";"A01";"1";"30";"0";"2";"1";"2";"1";""
"202100042675";"125 351";"A01";"1";"33";"0";"2";"3";"21";"1";""
"202100042675";"125 352";"B01";"1";"33";"0";"2";"5";"26";"1";""
"202100042676";"125 349";"A01";"1";"33";"0";"2";"1";"1";"1";""
"202100042676";"125 350";"B01";"1";"7";"0";"2";"4";"23";"1";""
"202100042677";"125 347";"A01";"0";"7";"0";"1";"2";"1";"1";""
"202100042678";"125 345";"A01";"3";"7";"0";"1";"2";"1";"1";""
"202100042679";"125 344";"A01";"2";"7";"8";"0";"1";"21";"1";""
"202100042680";"125 343";"A01";"0";"33";"14";"0";"1";"1";"1";""
"202100042681";"125 342";"A01";"1";"7";"2";"0";"6";"13";"1";""
"202100042682";"125 337";"A01";"3";"30";"0";"2";"3";"14";"1";""
"202100042682";"125 338";"B01";"3";"7";"0";"2";"2";"0";"1";""
"202100042683";"125 336";"A01";"3";"34";"0";"0";"0";"9";"1";""
"202100042684";"125 334";"B01";"1";"7";"0";"9";"8";"1";"1";""
"202100042684";"125 335";"A01";"1";"1";"0";"2";"7";"1";"5";""
"202100042685";"125 332";"A01";"1";"7";"0";"2";"1";"1";"1";""
"202100042685";"125 333";"B01";"1";"7";"0";"2";"1";"1";"1";""
"202100042686";"125 331";"A01";"3";"7";"0";"1";"2";"21";"1";""
"202100042687";"125 330";"A01";"3";"7";"0";"1";"0";"26";"0";""
"202100042688";"125 328";"B01";"3";"7";"0";"2";"6";"15";"1";""
"202100042688";"125 329";"A01";"3";"33";"0";"2";"1";"17";"1";""
"202100042689";"125 327";"A01";"1";"32";"0";"0";"3";"0";"1";""
"202100042690";"125 325";"B01";"1";"2";"0";"2";"4";"1";"1";""
"202100042690";"125 326";"Z01";"1";"7";"0";"2";"1";"2";"1";""
"202100042691";"125 323";"B01";"2";"34";"0";"2";"1";"1";"1";""
"202100042691";"125 324";"A01";"1";"7";"0";"2";"7";"19";"1";""
"202100042692";"125 322";"A01";"2";"7";"0";"1";"1";"1";"1";""
"202100042693";"125 321";"A01";"3";"7";"13";"0";"2";"14";"1";""
"202100042694";"125 317";"ZZ01";"1";"7";"0";"2";"1";"2";"1";""
"202100042694";"125 318";"D01";"1";"7";"0";"2";"4";"2";"1";""
"202100042694";"125 319";"C01";"1";"7";"0";"2";"4";"2";"1";""
"202100042694";"125 320";"Z01";"1";"7";"0";"2";"1";"2";"1";""
"202100042695";"125 315";"A01";"3";"30";"0";"2";"1";"5";"1";""
"202100042695";"125 316";"B01";"3";"7";"0";"2";"1";"1";"1";""
"202100042696";"125 313";"B01";"2";"32";"0";"2";"1";"1";"1";""
"202100042696";"125 314";"A01";"1";"7";"0";"2";"1";"15";"1";""
"202100042697";"125 312";"A01";"1";"7";"1";"0";"1";"14";"1";""
"202100042698";"125 310";"B01";"1";"32";"0";"2";"2";"1";"1";""
"202100042698";"125 311";"A01";"2";"7";"0";"2";"8";"9";"1";""
"202100042699";"125 307";"B01";"1";"1";"0";"2";"5";"2";"5";""
"202100042699";"125 308";"A01";"1";"1";"0";"2";"1";"2";"5";""
"202100042699";"125 309";"C01";"1";"1";"0";"2";"1";"2";"5";""
"202100042700";"125 305";"A01";"3";"14";"0";"2";"2";"1";"1";""
"202100042700";"125 306";"B01";"3";"1";"0";"2";"8";"18";"5";""
"202100042701";"125 304";"A01";"3";"7";"0";"1";"7";"4";"1";""
"202100042702";"125 302";"B01";"1";"33";"0";"2";"1";"1";"1";""
"202100042702";"125 303";"A01";"1";"7";"0";"2";"2";"15";"1";""
"202100042703";"125 300";"B01";"3";"1";"0";"2";"2";"1";"5";""
"202100042703";"125 301";"A01";"3";"7";"0";"2";"3";"9";"1";""
"202100042704";"125 298";"B01";"1";"1";"0";"2";"8";"19";"5";""
"202100042704";"125 299";"A01";"1";"1";"0";"2";"1";"1";"5";""
"202100042705";"125 296";"A01";"1";"7";"0";"2";"7";"15";"1";""
"202100042705";"125 297";"B01";"2";"1";"0";"2";"1";"1";"5";""
"202100042706";"125 294";"B01";"1";"10";"0";"2";"3";"15";"1";""
"202100042706";"125 295";"A01";"1";"31";"0";"2";"7";"17";"1";""
"202100042707";"125 292";"A01";"2";"32";"0";"2";"1";"1";"1";""
"202100042707";"125 293";"B01";"2";"7";"0";"2";"4";"16";"1";""
"202100042708";"125 290";"A01";"1";"7";"0";"2";"4";"1";"3";""
"202100042708";"125 291";"B01";"1";"1";"0";"2";"4";"12";"5";""
"202100042709";"125 289";"A01";"0";"7";"1";"0";"2";"1";"3";""
"202100042710";"125 288";"A01";"1";"7";"0";"1";"1";"15";"1";""
"202100042711";"125 287";"A01";"3";"7";"4";"0";"2";"0";"1";""
"202100042712";"125 286";"A01";"3";"30";"15";"0";"0";"0";"1";""
"202100042713";"125 285";"A01";"1";"7";"0";"1";"3";"16";"1";""
"202100042714";"125 283";"A01";"3";"32";"0";"2";"1";"26";"1";""
"202100042714";"125 284";"B01";"1";"7";"0";"2";"4";"26";"1";""
"202100042715";"125 279";"C01";"1";"7";"0";"0";"0";"0";"1";""
"202100042715";"125 280";"B01";"1";"7";"0";"0";"0";"0";"1";""
"202100042715";"125 281";"A01";"1";"10";"0";"0";"0";"0";"0";""
"202100042715";"125 282";"D01";"1";"7";"0";"0";"0";"0";"1";""
"202100042716";"125 278";"A01";"1";"20";"0";"1";"2";"15";"0";""
"202100042717";"125 277";"A01";"1";"7";"1";"0";"2";"17";"1";""
"202100042718";"125 276";"A01";"1";"7";"0";"2";"1";"1";"1";""
"202100042719";"125 274";"A01";"3";"7";"0";"2";"1";"2";"1";""
"202100042719";"125 275";"B01";"3";"7";"0";"2";"4";"1";"1";""
"202100042720";"125 272";"A01";"0";"7";"0";"2";"3";"20";"1";""
"202100042720";"125 273";"B01";"0";"7";"0";"2";"2";"1";"1";""
"202100042721";"125 271";"A01";"1";"30";"7";"0";"1";"1";"1";""
"202100042722";"125 270";"A01";"1";"50";"0";"0";"0";"1";"3";""
"202100042723";"125 268";"B01";"3";"33";"0";"2";"2";"1";"1";""
"202100042723";"125 269";"A01";"3";"7";"0";"2";"1";"23";"1";""
"202100042724";"125 266";"B01";"1";"7";"0";"2";"4";"1";"1";""
"202100042724";"125 267";"A01";"1";"7";"0";"2";"1";"2";"1";""
"202100042725";"125 265";"A01";"1";"7";"0";"1";"5";"4";"1";""
"202100042726";"125 263";"A01";"1";"36";"1";"0";"1";"1";"6";""
"202100042726";"125 264";"B01";"0";"7";"0";"2";"7";"23";"0";""
"202100042727";"125 262";"A01";"1";"33";"6";"0";"1";"1";"1";""
"202100042728";"125 261";"A01";"1";"7";"0";"0";"9";"21";"1";""
"202100042729";"125 259";"A01";"2";"7";"0";"2";"2";"2";"1";""
"202100042729";"125 260";"B01";"2";"1";"0";"0";"4";"2";"5";""
"202100042730";"125 258";"A01";"1";"33";"6";"0";"1";"1";"6";""
"202100042731";"125 257";"A01";"2";"33";"13";"0";"1";"1";"1";""
"202100042732";"125 255";"A01";"0";"10";"0";"2";"3";"1";"1";""
"202100042732";"125 256";"B01";"0";"7";"15";"2";"7";"1";"1";""
"202100042733";"125 253";"B01";"1";"7";"0";"2";"3";"13";"1";""
"202100042733";"125 254";"A01";"2";"7";"0";"2";"3";"1";"1";""
"202100042734";"125 251";"A01";"1";"7";"0";"9";"1";"1";"1";""
"202100042734";"125 252";"B01";"0";"1";"0";"2";"1";"0";"5";""
"202100042735";"125 249";"B01";"2";"31";"0";"2";"3";"1";"1";""
"202100042735";"125 250";"A01";"1";"7";"0";"2";"3";"17";"0";""
"202100042736";"125 247";"A01";"3";"31";"0";"2";"1";"19";"0";""
"202100042736";"125 248";"B01";"0";"7";"0";"2";"2";"1";"0";""
"202100042737";"125 244";"A01";"3";"7";"0";"0";"9";"1";"1";""
"202100042738";"125 243";"A01";"2";"7";"2";"0";"1";"1";"1";""
"202100042739";"125 241";"B01";"3";"2";"0";"2";"1";"1";"1";""
"202100042739";"125 242";"A01";"1";"7";"0";"2";"3";"15";"1";""
"202100042740";"125 240";"A01";"3";"10";"0";"1";"2";"20";"0";""
"202100042741";"125 239";"A01";"1";"7";"2";"0";"3";"1";"1";""
"202100042742";"125 238";"A01";"2";"7";"3";"0";"1";"14";"1";""
"202100042743";"125 236";"A01";"3";"33";"0";"2";"1";"5";"1";""
"202100042743";"125 237";"B01";"3";"7";"0";"2";"1";"1";"1";""
"202100042744";"125 234";"A01";"1";"2";"0";"2";"4";"1";"1";""
"202100042744";"125 235";"B01";"2";"7";"0";"2";"3";"1";"1";""
"202100042745";"125 233";"A01";"1";"7";"0";"1";"2";"1";"1";""
"202100042746";"125 232";"A01";"2";"33";"3";"0";"3";"0";"1";""
"202100042747";"125 231";"A01";"1";"34";"6";"0";"1";"1";"1";""
"202100042748";"125 229";"A01";"1";"7";"13";"2";"2";"16";"1";""
"202100042748";"125 230";"B01";"2";"7";"0";"2";"1";"1";"1";""
"202100042749";"125 227";"B01";"2";"21";"0";"2";"3";"15";"1";""
"202100042749";"125 228";"A01";"1";"33";"0";"2";"3";"1";"1";""
"202100042750";"125 226";"A01";"0";"32";"0";"0";"2";"0";"1";""
"202100042751";"125 225";"A01";"1";"7";"8";"0";"1";"14";"1";""
"202100042752";"125 224";"A01";"3";"2";"17";"0";"1";"0";"1";""
"202100042753";"125 223";"A01";"2";"31";"0";"0";"0";"0";"1";""
"202100042754";"125 221";"B01";"2";"7";"0";"2";"3";"2";"1";""
"202100042754";"125 222";"A01";"2";"2";"0";"0";"8";"0";"1";""
"202100042755";"125 220";"A01";"2";"32";"0";"1";"1";"1";"1";""
"202100042756";"125 219";"A01";"2";"33";"0";"0";"0";"1";"1";""
"202100042757";"125 218";"A01";"0";"33";"1";"0";"1";"1";"1";""
"202100042758";"125 216";"B01";"1";"7";"0";"2";"3";"1";"1";""
"202100042758";"125 217";"A01";"2";"7";"0";"2";"3";"13";"1";""
"202100042759";"125 215";"A01";"1";"7";"8";"0";"3";"13";"1";""
"202100042760";"125 214";"A01";"1";"7";"2";"0";"3";"1";"1";""
"202100042761";"125 212";"A01";"1";"33";"15";"0";"3";"17";"1";""
"202100042762";"125 210";"A01";"2";"7";"2";"0";"7";"13";"1";""
"202100042763";"125 208";"A01";"1";"33";"0";"2";"1";"2";"1";""
"202100042763";"125 209";"B01";"1";"10";"0";"0";"7";"16";"1";""
"202100042764";"125 206";"A01";"1";"7";"3";"0";"9";"1";"1";""
"202100042765";"125 204";"A01";"1";"7";"5";"2";"5";"19";"1";""
"202100042765";"125 205";"B01";"1";"7";"5";"2";"1";"1";"1";""
"202100042766";"125 203";"A01";"2";"10";"0";"1";"2";"1";"1";""
"202100042767";"125 202";"A01";"3";"7";"13";"0";"2";"14";"1";""
"202100042768";"125 201";"A01";"1";"7";"3";"0";"2";"1";"0";""
"202100042769";"125 199";"B01";"3";"7";"0";"2";"8";"1";"1";""
"202100042769";"125 200";"A01";"3";"33";"0";"2";"8";"13";"1";""
"202100042770";"125 197";"B01";"3";"7";"8";"0";"6";"23";"1";""
"202100042770";"125 198";"A01";"3";"7";"1";"0";"2";"1";"1";""
"202100042771";"125 195";"B01";"2";"7";"0";"2";"2";"1";"1";""
"202100042771";"125 196";"A01";"1";"10";"0";"2";"0";"13";"1";""
"202100042772";"125 193";"B01";"2";"10";"0";"2";"8";"1";"1";""
"202100042772";"125 194";"A01";"1";"2";"0";"2";"3";"1";"1";""
"202100042773";"125 192";"A01";"1";"7";"0";"0";"0";"12";"1";""
"202100042774";"125 190";"B01";"1";"33";"0";"2";"1";"2";"1";""
"202100042774";"125 191";"A01";"1";"7";"0";"2";"2";"15";"1";""
"202100042775";"125 189";"A01";"1";"2";"0";"0";"0";"1";"1";""
"202100042776";"125 188";"A01";"1";"2";"12";"0";"1";"1";"1";""
"202100042777";"125 187";"A01";"2";"33";"0";"1";"7";"17";"1";""
"202100042778";"125 185";"B01";"1";"7";"0";"2";"3";"1";"1";""
"202100042778";"125 186";"A01";"2";"7";"0";"2";"3";"13";"1";""
"202100042779";"125 183";"A01";"1";"33";"0";"2";"8";"10";"1";""
"202100042779";"125 184";"B01";"1";"33";"0";"2";"1";"1";"1";""
"202100042780";"125 182";"A01";"1";"33";"12";"0";"7";"1";"1";""
"202100042781";"125 181";"A01";"2";"36";"13";"0";"2";"1";"1";""
"202100042782";"125 180";"A01";"2";"33";"15";"0";"9";"1";"1";""
"202100042783";"125 178";"B01";"0";"1";"0";"2";"1";"9";"5";""
"202100042783";"125 179";"A01";"3";"7";"0";"9";"3";"1";"1";""
"202100042784";"125 177";"A01";"0";"7";"13";"0";"1";"1";"1";""
"202100042785";"125 176";"A01";"2";"33";"6";"0";"1";"14";"1";""
"202100042786";"125 175";"A01";"1";"30";"8";"0";"1";"10";"1";""
"202100042787";"125 174";"A01";"1";"33";"13";"0";"1";"1";"1";""
"202100042788";"125 173";"A01";"3";"33";"2";"0";"1";"0";"1";""
"202100042789";"125 172";"A01";"3";"31";"0";"0";"0";"17";"1";""
"202100042790";"125 171";"A01";"3";"33";"0";"0";"0";"0";"1";""
"202100042791";"125 169";"A01";"2";"7";"0";"2";"2";"17";"1";""
"202100042791";"125 170";"B01";"2";"1";"0";"0";"4";"1";"5";""
"202100042792";"125 168";"A01";"1";"7";"9";"0";"1";"12";"1";""
"202100042793";"125 167";"A01";"2";"7";"6";"0";"1";"1";"1";""
"202100042794";"125 165";"B01";"1";"7";"0";"2";"1";"19";"1";""
"202100042794";"125 166";"A01";"1";"7";"0";"2";"1";"1";"1";""
"202100042795";"125 164";"A01";"2";"7";"0";"0";"1";"1";"1";""
"202100042796";"125 162";"B01";"2";"7";"0";"2";"1";"2";"1";""
"202100042796";"125 163";"A01";"2";"7";"0";"2";"4";"2";"1";""
"202100042797";"125 161";"A01";"2";"7";"3";"0";"1";"14";"1";""
"202100042798";"125 159";"A01";"2";"7";"0";"2";"1";"1";"1";""
"202100042798";"125 160";"B01";"2";"7";"0";"2";"4";"1";"1";""
"202100042799";"125 155";"D01";"1";"7";"0";"2";"1";"1";"1";""
"202100042799";"125 156";"C01";"1";"10";"0";"2";"4";"1";"1";""
"202100042799";"125 157";"B01";"1";"10";"0";"2";"4";"1";"1";""
"202100042799";"125 158";"A01";"1";"7";"0";"2";"4";"1";"1";""
"202100042800";"125 153";"B01";"2";"2";"0";"2";"4";"1";"1";""
"202100042800";"125 154";"A01";"2";"7";"0";"2";"1";"1";"1";""
"202100042801";"125 152";"A01";"2";"33";"0";"0";"7";"9";"1";""
"202100042802";"125 151";"A01";"3";"33";"0";"1";"7";"0";"0";""
"202100042803";"125 149";"A01";"1";"7";"0";"2";"3";"13";"1";""
"202100042803";"125 150";"B01";"2";"2";"0";"2";"1";"2";"1";""
"202100042804";"125 148";"A01";"1";"32";"0";"0";"8";"1";"1";""
"202100042805";"125 146";"B01";"1";"2";"0";"2";"1";"16";"1";""
"202100042805";"125 147";"A01";"1";"7";"0";"9";"8";"1";"1";""
"202100042806";"125 144";"B01";"1";"2";"0";"2";"1";"1";"1";""
"202100042806";"125 145";"A01";"1";"7";"0";"2";"7";"15";"1";""
"202100042807";"125 143";"A01";"3";"99";"13";"0";"1";"26";"1";""
"202100042808";"125 141";"B01";"3";"1";"0";"2";"1";"1";"5";""
"202100042808";"125 142";"A01";"3";"7";"0";"2";"2";"15";"1";""
"202100042809";"125 139";"A01";"2";"7";"0";"2";"3";"15";"1";""
"202100042809";"125 140";"B01";"1";"1";"0";"2";"3";"1";"5";""
"202100042810";"125 137";"A01";"1";"10";"0";"2";"5";"2";"1";""
"202100042810";"125 138";"B01";"1";"32";"0";"2";"7";"2";"1";""
"202100042811";"125 135";"A01";"3";"7";"1";"2";"1";"26";"1";""
"202100042811";"125 136";"B01";"3";"7";"0";"2";"8";"1";"1";""
"202100042812";"125 133";"A01";"2";"2";"0";"2";"1";"5";"1";""
"202100042812";"125 134";"B01";"1";"7";"0";"2";"3";"1";"1";""
"202100042813";"125 131";"A01";"1";"30";"0";"2";"1";"1";"1";""
"202100042813";"125 132";"B01";"3";"7";"0";"2";"2";"1";"1";""
"202100042814";"125 129";"B01";"1";"7";"0";"2";"4";"2";"1";""
"202100042814";"125 130";"A01";"1";"43";"0";"2";"1";"2";"1";""
"202100042815";"125 128";"A01";"1";"33";"16";"2";"0";"21";"1";""
"202100042816";"125 127";"A01";"1";"7";"0";"1";"7";"1";"1";""
"202100042817";"125 126";"A01";"3";"1";"0";"1";"7";"0";"5";""
"202100042818";"125 124";"A01";"2";"7";"0";"2";"3";"26";"1";""
"202100042818";"125 125";"B01";"2";"2";"0";"2";"7";"12";"1";""
"202100042819";"125 123";"A01";"3";"39";"0";"1";"3";"1";"3";""
"202100042820";"125 122";"A01";"2";"1";"0";"0";"0";"1";"6";""
"202100042821";"125 121";"Z01";"2";"7";"9";"1";"1";"14";"1";""
"202100042822";"125 119";"B01";"1";"7";"0";"2";"8";"15";"1";""
"202100042822";"125 120";"A01";"1";"33";"0";"2";"1";"17";"1";""
"202100042823";"125 117";"B01";"1";"34";"0";"2";"7";"1";"1";""
"202100042823";"125 118";"A01";"3";"7";"0";"2";"3";"9";"1";""
"202100042824";"125 115";"B01";"0";"7";"0";"2";"1";"1";"1";""
"202100042824";"125 116";"A01";"0";"30";"0";"2";"1";"5";"1";""
"202100042825";"125 114";"A01";"0";"7";"0";"1";"3";"1";"1";""
"202100042826";"125 112";"A01";"3";"7";"0";"2";"3";"15";"1";""
"202100042826";"125 113";"B01";"1";"1";"0";"2";"1";"1";"5";""
"202100042827";"125 110";"B01";"1";"7";"0";"2";"5";"2";"1";""
"202100042827";"125 111";"A01";"1";"33";"0";"2";"1";"2";"1";""
"202100042828";"125 108";"B01";"0";"7";"0";"2";"2";"0";"1";""
"202100042828";"125 109";"A01";"0";"33";"0";"2";"1";"0";"1";""
"202100042829";"125 106";"A01";"0";"31";"0";"2";"6";"23";"1";""
"202100042829";"125 107";"B01";"0";"15";"0";"2";"1";"0";"1";""
"202100042830";"125 105";"A01";"0";"7";"2";"0";"1";"1";"1";""
"202100042831";"125 104";"A01";"0";"32";"8";"0";"2";"13";"1";""
"202100042832";"125 103";"A01";"3";"33";"12";"0";"1";"0";"1";""
"202100042833";"125 102";"A01";"2";"7";"0";"0";"2";"0";"0";""
"202100042834";"125 100";"B01";"1";"1";"0";"2";"3";"1";"5";""
"202100042834";"125 101";"A01";"1";"32";"0";"2";"2";"9";"1";""
"202100042835";"125 098";"A01";"2";"31";"0";"2";"1";"19";"1";""
"202100042835";"125 099";"B01";"1";"7";"0";"2";"3";"19";"1";""
"202100042836";"125 096";"A01";"1";"7";"0";"2";"3";"13";"1";""
"202100042836";"125 097";"B01";"2";"7";"0";"2";"3";"1";"1";""
"202100042837";"125 094";"B01";"2";"32";"0";"9";"1";"1";"1";""
"202100042837";"125 095";"A01";"2";"1";"0";"2";"8";"15";"5";""
"202100042838";"125 092";"A01";"1";"7";"0";"2";"3";"10";"1";""
"202100042838";"125 093";"B01";"1";"1";"0";"2";"3";"2";"0";""
"202100042839";"125 091";"A01";"1";"7";"0";"1";"1";"1";"1";""
"202100042840";"125 090";"A01";"1";"30";"0";"1";"1";"1";"1";""
"202100042841";"125 088";"B01";"2";"40";"0";"2";"1";"1";"3";""
"202100042841";"125 089";"A01";"1";"7";"0";"4";"5";"1";"1";""
"202100042842";"125 086";"B01";"2";"13";"0";"2";"1";"15";"1";""
"202100042842";"125 087";"A01";"1";"7";"0";"2";"3";"15";"1";""
"202100042843";"125 084";"B01";"2";"7";"0";"2";"8";"1";"1";""
"202100042843";"125 085";"A01";"1";"7";"11";"2";"3";"13";"1";""
"202100042844";"125 083";"A01";"1";"10";"0";"1";"7";"1";"1";""
"202100042845";"125 082";"A01";"1";"7";"0";"1";"3";"15";"1";""
"202100042846";"125 080";"Z01";"2";"7";"0";"0";"0";"0";"0";""
"202100042846";"125 081";"A01";"1";"50";"0";"2";"1";"1";"3";""
"202100042847";"125 078";"B01";"2";"30";"0";"2";"1";"1";"1";""
"202100042847";"125 079";"A01";"1";"7";"0";"2";"3";"15";"1";""
"202100042848";"125 077";"A01";"1";"7";"1";"0";"2";"14";"1";""
"202100042849";"125 075";"A01";"2";"7";"0";"2";"2";"15";"1";""
"202100042849";"125 076";"B01";"1";"1";"0";"2";"1";"1";"5";""
"202100042850";"125 073";"B01";"2";"1";"0";"2";"7";"1";"5";""
"202100042850";"125 074";"A01";"2";"7";"0";"2";"3";"9";"1";""
"202100042851";"125 071";"B01";"1";"1";"0";"2";"8";"1";"5";""
"202100042851";"125 072";"Z01";"1";"7";"0";"0";"0";"0";"1";""
"202100042852";"125 069";"A01";"1";"7";"0";"2";"1";"1";"1";""
"202100042852";"125 070";"B01";"2";"7";"0";"2";"3";"15";"1";""
"202100042853";"125 067";"A01";"3";"7";"0";"9";"1";"0";"1";""
"202100042853";"125 068";"B01";"3";"1";"0";"2";"5";"2";"5";""
"202100042854";"125 065";"A01";"1";"7";"0";"2";"6";"15";"1";""
"202100042854";"125 066";"B01";"1";"33";"0";"2";"1";"17";"1";""
"202100042855";"125 063";"B01";"2";"1";"0";"2";"1";"5";"5";""
"202100042855";"125 064";"A01";"1";"7";"0";"2";"1";"1";"1";""
"202100042856";"125 061";"A01";"1";"7";"0";"2";"8";"9";"1";""
"202100042856";"125 062";"B01";"1";"33";"0";"2";"1";"1";"1";""
"202100042857";"125 059";"B01";"2";"7";"0";"0";"5";"2";"1";""
"202100042857";"125 060";"A01";"2";"2";"0";"2";"1";"2";"1";""
"202100042858";"125 058";"A01";"3";"31";"8";"0";"0";"26";"0";""
"202100042859";"125 057";"A01";"1";"7";"0";"1";"1";"1";"1";""
"202100042860";"125 055";"A01";"1";"7";"0";"2";"8";"10";"0";""
"202100042860";"125 056";"B01";"0";"33";"0";"2";"1";"1";"1";""
"202100042861";"125 053";"B01";"1";"7";"0";"2";"3";"17";"1";""
"202100042861";"125 054";"A01";"1";"7";"0";"2";"2";"17";"1";""
"202100042862";"125 052";"A01";"3";"30";"0";"0";"0";"15";"0";""
"202100042863";"125 050";"B01";"3";"32";"0";"2";"1";"2";"0";""