"Num_Acc";"id_vehicule";"num_veh";"senc";"catv";"obs";"obsm";"choc";"manv";"motor";"occutc"
"202100043285";"124 291";"A01";"3";"33";"0";"2";"1";"1";"1";""
"202100043285";"124 292";"B01";"3";"7";"0";"2";"7";"15";"1";""
"202100043286";"124 289";"A01";"1";"7";"0";"0";"3";"17";"1";""
"202100043286";"124 290";"B01";"2";"2";"0";"0";"3";"1";"1";""
"202100043287";"124 287";"B01";"0";"7";"0";"2";"1";"1";"1";""
"202100043287";"124 288";"A01";"0";"7";"8";"2";"1";"13";"1";""
"202100043288";"124 284";"A01";"1";"31";"0";"2";"1";"2";"1";""
"202100043288";"124 285";"B01";"1";"21";"0";"2";"4";"2";"1";""
"202100043289";"124 282";"A01";"2";"7";"0";"9";"2";"1";"2";""
"202100043289";"124 283";"B01";"3";"1";"0";"2";"1";"1";"5";""
"202100043290";"124 281";"A01";"2";"43";"4";"0";"7";"1";"1";""
"202100043291";"124 280";"A01";"1";"7";"0";"5";"1";"19";"1";""
"202100043292";"124 277";"C01";"2";"10";"3";"2";"3";"2";"1";""
"202100043292";"124 278";"B01";"2";"7";"3";"2";"3";"19";"1";""
"202100043292";"124 279";"A01";"2";"7";"3";"2";"5";"1";"1";""
"202100043293";"124 276";"A01";"1";"7";"0";" -1";"1";"1";"0";""
"202100043294";"124 275";"A01";"1";"33";"0";"1";"1";"17";"1";""
"202100043295";"124 273";"B01";"2";"33";"0";"2";"1";"1";"1";""
"202100043295";"124 274";"A01";"2";"7";"0";"2";"6";"15";"1";""
"202100043296";"124 272";"A01";"0";"34";"0";"0";"0";"13";"1";""
"202100043297";"124 270";"A01";"3";"7";"0";"2";"2";"1";"1";""
"202100043297";"124 271";"B01";"3";"1";"0";"2";"4";"0";"5";""
"202100043298";"124 268";"B01";"1";"1";"0";"2";"8";"15";"5";""
"202100043298";"124 269";"A01";"2";"7";"0";"2";"1";"1";"0";""
"202100043299";"124 265";"A01";"1";"7";"0";"2";"1";"2";"1";""
"202100043299";"124 266";"C01";"1";"7";"0";"2";"4";"2";"1";""
"202100043299";"124 267";"B01";"1";"7";"0";"2";"4";"2";"1";""
"202100043300";"124 263";"B01";"2";"7";"0";"2";"2";"2";"1";""
"202100043300";"124 264";"A01";"2";"30";"0";"2";"0";"9";"1";""
"202100043301";"124 261";"A01";"1";"2";"0";"2";"2";"2";"1";""
"202100043301";"124 262";"B01";"1";"7";"0";"2";"3";"15";"1";""
"202100043302";"124 259";"B01";"1";"7";"0";"2";"6";"15";"1";""
"202100043302";"124 260";"A01";"1";"43";"0";"2";"1";"1";"1";""
"202100043303";"124 258";"A01";"2";"7";"14";"0";"2";"17";"1";""
"202100043304";"124 256";"B01";"1";"7";"4";"2";"1";"11";"1";""
"202100043304";"124 257";"A01";"1";"10";"4";"2";"5";"1";"1";""
"202100043305";"124 254";"A01";"2";"7";"14";"2";"1";"19";"1";""
"202100043305";"124 255";"B01";"3";"7";"0";"2";"3";"9";"1";""
"202100043306";"124 252";"A01";"2";"1";"0";"0";"8";"1";"5";""
"202100043307";"124 251";"A01";"1";"33";"1";"0";"4";"9";"1";""
"202100043308";"124 249";"A01";"3";"33";"0";"2";"3";"2";"1";""
"202100043308";"124 250";"B01";"3";"33";"0";"2";"5";"2";"1";""
"202100043309";"124 248";"A01";"1";"7";"0";"1";"3";"1";"1";""
"202100043310";"124 247";"A01";"0";"7";"0";"1";"1";"15";"2";""
"202100043311";"124 245";"B01";"0";"7";"0";"2";"3";"15";"1";""
"202100043311";"124 246";"A01";"0";"32";"0";"2";"1";"17";"1";""
"202100043312";"124 242";"A01";"3";"99";"0";"1";"1";"1";"0";""
"202100043313";"124 239";"A01";"3";"7";"0";"2";"7";"9";"1";""
"202100043313";"124 240";"B01";"3";"34";"0";"2";"1";"1";"1";""
"202100043314";"124 237";"B01";"1";"7";"0";"2";"4";"1";"1";""
"202100043314";"124 238";"A01";"1";"7";"8";"2";"1";"2";"1";""
"202100043315";"124 235";"A01";"0";"1";"0";"2";"8";"1";"5";""
"202100043315";"124 236";"B01";"0";"7";"0";"2";"1";"9";"0";""
"202100043316";"124 233";"A01";"1";"50";"0";"2";"7";"1";"3";""
"202100043316";"124 234";"B01";"2";"10";"0";"2";"1";"1";"1";""
"202100043317";"124 232";"A01";"1";"7";"0";"1";"2";"1";"1";""
"202100043318";"124 231";"Z01";"3";"7";"0";"1";"0";"0";"1";""
"202100043319";"124 229";"A01";"1";"7";"0";"2";"3";"10";"1";""
"202100043319";"124 230";"B01";"2";"2";"0";"2";"1";"2";"1";""
"202100043320";"124 227";"B01";"1";"7";"0";"2";"3";"1";"1";""
"202100043320";"124 228";"A01";"1";"7";"0";"2";"2";"1";"1";""
"202100043321";"124 225";"B01";"1";"7";"0";"2";"1";"1";"1";""
"202100043321";"124 226";"A01";"1";"7";"0";"9";"8";"10";"1";""
"202100043322";"124 223";"B01";"1";"50";"0";"2";"4";"1";"3";""
"202100043322";"124 224";"A01";"2";"7";"0";"9";"1";"9";"1";""
"202100043323";"124 222";"A01";"1";"3";"16";"0";"1";"26";"1";""
"202100043324";"124 220";"A01";"1";"7";"0";"9";"3";"15";"1";""
"202100043324";"124 221";"B01";"2";"1";"14";"0";"0";"0";"0";""
"202100043325";"124 218";"A01";"2";"10";"0";"2";"1";"15";"1";""
"202100043325";"124 219";"B01";"2";"33";"0";"2";"1";"1";"1";""
"202100043326";"124 217";"A01";"1";"0";"1";"0";"1";"14";"0";""
"202100043327";"124 215";"B01";"1";"1";"0";"2";"8";"16";"5";""
"202100043327";"124 216";"A01";"2";"1";"0";"2";"8";"15";"5";""
"202100043328";"124 214";"A01";"1";"1";"14";"0";"0";"1";"5";""
"202100043329";"124 212";"A01";"0";"10";"0";"2";"5";"15";"1";""
"202100043329";"124 213";"B01";"0";"33";"0";"2";"1";"2";"1";""
"202100043330";"124 210";"B01";"1";"7";"0";"2";"7";"1";"1";""
"202100043330";"124 211";"A01";"1";"2";"0";"2";"1";"19";"1";""
"202100043331";"124 209";"A01";"3";"1";"0";"1";"0";"1";"5";""
"202100043332";"124 207";"A01";"2";"40";"0";"2";"3";"1";"3";""
"202100043332";"124 208";"B01";"1";"60";"0";"4";"2";"0";"5";""
"202100043333";"124 206";"A01";"1";"32";"0";"1";"1";"1";"1";""
"202100043334";"124 204";"B01";"1";"1";"0";"0";"4";"1";"0";""
"202100043334";"124 205";"A01";"1";"7";"0";"2";"2";"1";"1";""
"202100043335";"124 203";"A01";"1";"7";"8";"0";"3";"13";"1";""
"202100043336";"124 202";"A01";"1";"7";"6";"0";"1";"1";"1";""
"202100043337";"124 200";"A01";"1";"7";"0";"2";"3";"15";"1";""
"202100043337";"124 201";"B01";"2";"43";"0";"2";"1";"1";"1";""
"202100043338";"124 198";"B01";"0";"7";"0";"2";"1";"1";"1";""
"202100043338";"124 199";"A01";"0";"7";"0";"2";"1";"13";"1";""
"202100043339";"124 196";"A01";"1";"34";"0";"2";"3";"18";"1";""
"202100043339";"124 197";"B01";"1";"14";"0";"2";"2";"1";"1";""
"202100043340";"124 194";"A01";"1";"7";"9";"2";"2";"15";"1";""
"202100043340";"124 195";"B01";"2";"7";"0";"2";"2";"1";"1";""
"202100043341";"124 192";"B01";"1";"1";"0";"2";"1";"1";"0";""
"202100043341";"124 193";"A01";"1";"7";"0";"2";"1";"9";"1";""
"202100043342";"124 190";"A01";"0";"3";"0";"2";"1";"16";"1";""
"202100043342";"124 191";"B01";"0";"1";"0";"2";"1";"13";"5";""
"202100043343";"124 188";"B01";"3";"31";"0";"2";"1";"1";"1";""
"202100043343";"124 189";"A01";"3";"7";"0";"2";"3";"15";"1";""
"202100043344";"124 186";"A01";"1";"10";"0";"2";"3";"11";"1";""
"202100043344";"124 187";"B01";"1";"31";"0";"2";"7";"1";"1";""
"202100043345";"124 184";"A01";"1";"7";"0";"2";"2";"12";"1";""
"202100043345";"124 185";"B01";"1";"7";"0";"2";"6";"1";"1";""
"202100043346";"124 183";"A01";"1";"7";"0";"1";"2";"7";"2";""
"202100043347";"124 181";"A01";"1";"2";"0";"2";"1";"1";"1";""
"202100043347";"124 182";"B01";"1";"37";"0";"2";"6";"23";"2";"1"
"202100043348";"124 179";"A01";"1";"34";"0";"2";"3";"1";"1";""
"202100043348";"124 180";"B01";"3";"50";"0";"2";"1";"19";"3";""
"202100043349";"124 178";"A01";"2";"10";"0";"1";"8";"15";"1";""
"202100043350";"124 177";"A01";"2";"7";"1";"1";"2";"1";"1";""
"202100043351";"124 174";"A01";"2";"7";"0";"2";"1";"15";"1";""
"202100043351";"124 175";"B01";"2";"1";"0";"2";"3";"1";"5";""
"202100043352";"124 173";"A01";"1";"80";"0";"1";"1";"1";"3";""
"202100043353";"124 172";"A01";"2";"43";"1";"0";"3";"18";"1";""
"202100043354";"124 171";"A01";"1";"7";"0";"1";"2";"19";"1";""
"202100043355";"124 169";"B01";"2";"1";"0";"0";"0";"0";"5";""
"202100043355";"124 170";"A01";"2";"10";"0";"2";"0";"9";"1";""
"202100043356";"124 167";"B01";"2";"1";"0";"2";"4";"1";"5";""
"202100043356";"124 168";"A01";"2";"30";"0";"9";"1";"9";"1";""
"202100043357";"124 165";"B01";"1";"2";"0";"2";"8";"1";"3";""
"202100043357";"124 166";"A01";"2";"7";"0";"2";"2";"19";"1";""
"202100043358";"124 164";"A01";"2";"7";"0";"1";"2";"2";"1";""
"202100043359";"124 162";"A01";"2";"2";"0";"2";"7";"15";"1";""
"202100043359";"124 163";"B01";"2";"7";"0";"2";"1";"1";"1";""
"202100043360";"124 161";"A01";"0";"10";"0";"1";"3";"21";"1";""
"202100043361";"124 159";"B01";"2";"10";"0";"2";"3";"1";"1";""
"202100043361";"124 160";"A01";"2";"7";"0";"2";"5";"1";"1";""
"202100043362";"124 158";"A01";"1";"3";"0";"1";"4";"4";"0";""
"202100043363";"124 156";"A01";" -1";"10";"0";"1";"6";"4";"1";""
"202100043363";"124 157";"B01";"1";"7";"0";"1";"3";"1";"1";""
"202100043364";"124 154";"B01";" -1";"7";"0";"2";"1";"16";"1";""
"202100043364";"124 155";"A01";"1";"34";"0";"2";"1";"1";"0";""
"202100043365";"124 152";"A01";"1";"10";"0";"2";"8";"10";"1";""
"202100043365";"124 153";"B01";"1";"2";"0";"2";"1";"17";"1";""
"202100043366";"124 150";"A01";"1";"37";"1";"1";"1";"19";"1";"1"
"202100043366";"124 151";"B01";"1";"99";"0";"2";"0";"0";"0";""
"202100043367";"124 148";"A01";"2";"7";"0";"2";"7";"1";"1";""
"202100043367";"124 149";"B01";"2";"7";"0";"2";"1";"1";"1";""
"202100043368";"124 147";"Z01";"3";"7";"0";"1";"4";"0";"0";""
"202100043369";"124 145";"A01";"3";"7";"0";"9";"3";"26";"1";""
"202100043369";"124 146";"B01";"3";"1";"1";"2";"1";"1";"0";""
"202100043370";"124 143";"A01";"1";"32";"0";"2";"7";"15";"1";""
"202100043370";"124 144";"B01";"2";"7";"0";"2";"1";"1";"1";""
"202100043371";"124 141";"A01";"1";"30";"0";"2";"7";"9";"1";""
"202100043371";"124 142";"B01";"3";"34";"0";"2";"1";"1";"1";""
"202100043372";"124 139";"B01";"1";"32";"0";"2";"0";"0";"1";""
"202100043372";"124 140";"A01";"1";"30";"0";"2";"0";"13";"0";""
"202100043373";"124 137";"B01";"1";"1";"0";"2";"1";"1";"5";""
"202100043373";"124 138";"A01";"1";"7";"0";"2";"2";"16";"1";""
"202100043374";"124 135";"B01";"2";"7";"0";"2";"1";"15";"1";""
"202100043374";"124 136";"A01";"1";"32";"0";"2";"1";"1";"1";""
"202100043375";"124 133";"B01";"2";"1";"0";"2";"1";"1";"5";""
"202100043375";"124 134";"A01";"3";"7";"2";"2";"3";"16";"1";""
"202100043376";"124 131";"A01";"1";"14";"0";"2";"2";"16";"0";""
"202100043376";"124 132";"B01";"1";"2";"0";"2";"3";"1";"1";""
"202100043377";"124 128";"B01";"1";"2";"0";"2";"1";"1";"1";""
"202100043377";"124 129";"A01";"3";"7";"0";"2";"3";"26";"1";""
"202100043378";"124 125";"A01";"3";"14";"0";"1";"4";"4";"1";""
"202100043379";"124 121";"A01";"1";"7";"0";"2";"2";"1";"1";""
"202100043379";"124 122";"B01";"2";"60";"0";"2";"8";"19";"5";""
"202100043380";"124 120";"A01";"1";"32";"0";"0";"8";"17";"1";""
"202100043381";"124 119";"A01";"3";"1";"6";"0";"1";"1";"0";""
"202100043382";"124 117";"A01";"1";"7";"0";"2";"6";"15";"1";""
"202100043382";"124 118";"B01";"1";"7";"0";"2";"2";"17";"1";""
"202100043383";"124 115";"B01";"2";"7";"0";"2";"2";"1";"1";""
"202100043383";"124 116";"A01";"1";"2";"0";"2";"1";"1";"1";""
"202100043384";"124 113";"B01";"1";"7";"0";"2";"4";"23";"1";""
"202100043384";"124 114";"A01";"1";"7";"0";"2";"1";"1";"1";""
"202100043385";"124 112";"A01";"2";"2";"15";"0";"1";"21";"1";""
"202100043386";"124 111";"A01";"3";"21";"0";"1";"2";"1";"1";""
"202100043387";"124 110";"A01";"1";"33";"5";"0";"7";"1";"1";""
"202100043388";"124 108";"B01";"2";"7";"0";"2";"3";"1";"1";""
"202100043388";"124 109";"A01";"1";"7";"0";"2";"3";"1";"1";""
"202100043389";"124 106";"A01";"0";"7";"0";"2";"6";"15";"1";""
"202100043389";"124 107";"B01";"0";"36";"0";"2";"1";"1";"0";""
"202100043390";"124 104";"B01";"0";"7";"0";"2";"1";"2";"1";""
"202100043390";"124 105";"A01";"0";"15";"0";"2";"7";"2";"1";""
"202100043391";"124 102";"A01";"1";"2";"9";"0";"1";"17";"1";""
"202100043391";"124 103";"B01";"1";"7";"0";"0";"0";"15";"0";""
"202100043392";"124 101";"A01";"0";"7";"13";"0";"1";"1";"1";""
"202100043393";"124 100";"A01";"1";"7";"4";"0";"3";"17";"1";""
"202100043394";"124 099";"A01";"2";"33";"3";"0";"1";"2";"1";""
"202100043395";"124 098";"A01";"1";"7";"13";"0";"2";"1";"1";""
"202100043396";"124 096";"A01";"1";"7";"0";"2";"5";"1";"1";""
"202100043396";"124 097";"B01";"1";"7";"0";"2";"3";"11";"1";""
"202100043397";"124 093";"C01";"1";"7";"0";"2";"4";"1";"1";""
"202100043397";"124 094";"B01";"1";"7";"0";"2";"3";"12";"1";""
"202100043397";"124 095";"A01";"1";"7";"0";"2";"1";"0";"1";""
"202100043398";"124 092";"A01";"1";"7";"4";"0";"3";"21";"1";""
"202100043399";"124 091";"A01";"1";"7";"15";"1";"1";"14";"1";""
"202100043400";"124 088";"A01";"1";"7";"0";"2";"4";"23";"1";""
"202100043400";"124 089";"C01";"1";"7";"0";"2";"1";"2";"1";""
"202100043400";"124 090";"B01";"1";"7";"0";"2";"4";"2";"1";""
"202100043401";"124 085";"A01";"2";"7";"0";"2";"4";"23";"1";""
"202100043401";"124 086";"B01";"2";"7";"0";"2";"4";"23";"1";""
"202100043401";"124 087";"C01";"2";"7";"0";"2";"1";"2";"1";""
"202100043402";"124 082";"C01";"2";"7";"14";"0";"0";"0";"1";""
"202100043402";"124 083";"B01";"2";"10";"0";"2";"4";"24";"1";""
"202100043402";"124 084";"A01";"2";"31";"1";"0";"7";"1";"1";""
"202100043403";"124 079";"C01";"1";"10";"0";"2";"6";"2";"1";""
"202100043403";"124 080";"B01";"1";"7";"0";"0";"0";"0";"1";""
"202100043403";"124 081";"A01";"1";"7";"0";"2";"2";"21";"1";""
"202100043404";"124 077";"B01";"2";"7";"0";"2";"4";"1";"1";""
"202100043404";"124 078";"A01";"2";"43";"0";"2";"1";"1";"1";""
"202100043405";"124 076";"A01";"1";"7";"0";"1";"2";"1";"1";""
"202100043406";"124 075";"A01";"1";"33";"0";"1";"1";"1";"1";""
"202100043407";"124 074";"A01";"1";"32";"4";"0";"7";"1";"1";""
"202100043408";"124 073";"A01";"1";"30";"0";"1";"1";"17";"1";""
"202100043409";"124 071";"A01";"1";"7";"6";"2";"1";"17";"1";""
"202100043409";"124 072";"B01";"2";"2";"0";"2";"1";"1";"1";""
"202100043410";"124 070";"A01";"1";"2";"0";"0";"7";"9";"1";""
"202100043411";"124 068";"A01";"1";"2";"0";"2";"8";"13";"1";""
"202100043411";"124 069";"B01";"1";"10";"0";"2";"4";"1";"1";""
"202100043412";"124 065";"C01";"2";"7";"0";"2";"1";"0";"1";""
"202100043412";"124 066";"B01";"2";"7";"1";"2";"8";"1";"1";""
"202100043412";"124 067";"A01";"1";"7";"0";"2";"1";"1";"1";""
"202100043413";"124 064";"A01";"1";"7";"0";"0";"8";"1";"1";""
"202100043414";"124 062";"B01";"1";"50";"0";"2";"8";"1";"3";""
"202100043414";"124 063";"A01";"2";"7";"0";"2";"2";"15";"1";""
"202100043415";"124 057";"A01";"3";"7";"0";"2";"2";"13";"1";""
"202100043415";"124 058";"C01";"3";"7";"0";"0";"4";"2";"1";""
"202100043415";"124 059";"B01";"3";"7";"0";"2";"6";"2";"1";""
"202100043416";"124 055";"B01";"3";"10";"0";"2";"3";"1";"1";""
"202100043416";"124 056";"A01";"3";"10";"0";"2";"3";"13";"1";""
"202100043417";"124 054";"A01";"3";"32";"0";"0";"9";"15";"1";""
"202100043418";"124 053";"A01";"0";"7";"0";"1";"2";"2";"1";""
"202100043419";"124 050";"B01";"2";"7";"1";"2";"4";"2";"1";""
"202100043419";"124 051";"C01";"2";"15";"0";"2";"4";"24";"1";""
"202100043419";"124 052";"A01";"2";"15";"0";"2";"1";"2";"1";""
"202100043420";"124 049";"A01";"1";"3";"6";"0";"2";"14";"1";""
"202100043421";"124 048";"A01";"3";"7";"0";"1";"3";"1";"1";""
"202100043422";"124 046";"A01";"3";"7";"0";"9";"6";"20";"1";""
"202100043422";"124 047";"B01";"3";"99";"0";"2";"1";"1";"3";""
"202100043423";"124 043";"C01";"0";"7";"0";"5";"4";"1";"1";""
"202100043423";"124 044";"B01";"0";"7";"0";"2";"4";"1";"1";""
"202100043423";"124 045";"A01";"0";"7";"0";"2";"1";"1";"1";""
"202100043424";"124 041";"B01";"1";"43";"0";"2";"7";"17";"1";""
"202100043424";"124 042";"A01";"1";"7";"0";"2";"8";"15";"1";""
"202100043425";"124 040";"A01";"3";"7";"0";"1";"1";"16";"1";""
"202100043426";"124 037";"A01";"0";"10";"11";"0";"3";"13";"1";""
"202100043427";"124 035";"A01";"1";"7";"0";"2";"1";"0";"1";""
"202100043427";"124 036";"B01";"2";"30";"0";"2";"3";"0";"1";""
"202100043428";"124 033";"A01";"1";"1";"0";"2";"1";"17";"5";""
"202100043428";"124 034";"B01";"1";"1";"0";"2";"6";"15";"5";""
"202100043429";"124 032";"Z01";"1";"1";"0";"1";"0";"1";"5";""
"202100043430";"124 030";"A01";"1";"7";"0";"2";"1";"15";"1";""
"202100043430";"124 031";"B01";"1";"7";"0";"2";"2";"1";"1";""
"202100043431";"124 028";"B01";"2";"7";"0";"2";"3";"1";"1";""
"202100043431";"124 029";"A01";"2";"7";"6";"2";"1";"15";"1";""
"202100043432";"124 026";"B01";"2";"33";"0";"2";"1";"1";"1";""
"202100043432";"124 027";"A01";"1";"7";"0";"2";"2";"15";"1";""
"202100043433";"124 024";"A01";"3";"7";"0";"2";"2";"1";"1";""
"202100043433";"124 025";"B01";"1";"7";"0";"2";"1";"1";"1";""
"202100043434";"124 022";"B01";"2";"7";"0";"2";"2";"19";"1";""
"202100043434";"124 023";"A01";"1";"7";"0";"2";"1";"19";"1";""
"202100043435";"124 020";"B01";"1";"7";"0";"2";"1";"0";"1";""
"202100043435";"124 021";"A01";"1";"7";"0";"2";"1";"0";"1";""
"202100043436";"124 019";"A01";"2";"7";"0";"1";"2";"1";"1";""
"202100043437";"124 018";"A01";"0";"50";"0";"0";"0";"25";"3";""
"202100043438";"124 016";"A01";"1";"2";"0";"2";"0";"0";"1";""
"202100043438";"124 017";"B01";"1";"7";"0";"2";"0";"0";"1";""
"202100043439";"124 012";"D01";"1";"7";"0";"2";"4";"0";"1";""
"202100043439";"124 013";"C01";"1";"7";"0";"2";"1";"0";"1";""
"202100043439";"124 014";"A01";"1";"7";"0";"2";"1";"1";"1";""
"202100043439";"124 015";"B01";"1";"7";"0";"2";"1";"0";"1";""
"202100043440";"124 010";"A01";"1";"7";"0";"2";"0";"0";"1";""
"202100043440";"124 011";"B01";"1";"50";"0";"2";"5";"0";"3";""
"202100043441";"124 008";"B01";"2";"7";"0";"2";"6";"15";"1";""
"202100043441";"124 009";"A01";"2";"30";"0";"2";"1";"17";"1";""
"202100043442";"124 007";"A01";"1";"7";"4";"1";"3";"1";"1";""
"202100043443";"124 005";"A01";"3";"10";"9";"2";"7";"15";"1";""
"202100043443";"124 006";"B01";"1";"7";"9";"2";"1";"1";"1";""
"202100043444";"124 004";"A01";"1";"7";"0";"1";"3";"1";"1";""
"202100043445";"124 002";"B01";"1";"7";"0";"2";"2";"1";"1";""
"202100043445";"124 003";"A01";"1";"7";"0";"2";"3";"9";"1";""
"202100043446";"124 000";"A01";"3";"7";"0";"2";"0";"1";"1";""
"202100043446";"124 001";"B01";"3";"7";"0";"2";"0";"0";"1";""
"202100043447";"123 998";"A01";"2";"7";"0";"2";"1";"1";"1";""
"202100043447";"123 999";"B01";"1";"1";"0";"2";"0";"19";"5";""
"202100043448";"123 996";"B01";"2";"7";"0";"2";"1";"26";"1";""
"202100043448";"123 997";"A01";"1";"7";"0";"2";"1";"26";"1";""
"202100043449";"123 994";"A01";"2";"7";"0";"2";"1";"19";"1";""
"202100043449";"123 995";"B01";"2";"10";"0";"2";"7";"1";"1";""
"202100043450";"123 992";"B01";"3";"7";"0";"2";"3";"16";"1";""
"202100043450";"123 993";"A01";"3";"31";"0";"2";"1";"1";"1";""
"202100043451";"123 990";"A01";"0";"50";"0";"2";"7";"16";"0";""
"202100043451";"123 991";"B01";"0";"7";"0";"9";"2";"1";"1";""
"202100043452";"123 988";"B01";"0";"33";"0";"2";"1";"1";"1";""
"202100043452";"123 989";"A01";"0";"7";"0";"2";"3";"19";"1";""
"202100043453";"123 986";"B01";"1";"7";"0";"2";"3";"1";"1";""
"202100043453";"123 987";"A01";"1";"1";"0";"2";"8";"9";"5";""
"202100043454";"123 984";"B01";"2";"32";"0";"2";"9";"2";"1";""
"202100043454";"123 985";"A01";"2";"7";"0";"2";"3";"15";"1";""
"202100043455";"123 983";"A01";"2";"7";"7";"0";"2";"1";"1";""
"202100043456";"123 982";"A01";"1";"7";"0";"0";"1";"15";"1";""
"202100043457";"123 981";"A01";"2";"32";"0";"0";"0";"26";"1";""
"202100043458";"123 980";"A01";"1";"33";"0";"1";"3";"1";"1";""
"202100043459";"123 978";"B01";"2";"7";"0";"2";"4";"2";"1";""
"202100043459";"123 979";"A01";"2";"7";"0";"2";"1";"2";"1";""
"202100043460";"123 976";"B01";"2";"7";"0";"2";"2";"1";"1";""
"202100043460";"123 977";"A01";"1";"7";"0";"2";"3";"13";"1";""
"202100043461";"123 975";"A01";"1";"31";"4";"0";"1";"1";"1";""
"202100043462";"123 973";"A01";"3";"1";"0";"2";"1";"1";"5";""
"202100043462";"123 974";"B01";"3";"7";"0";"2";"4";"23";"1";""
"202100043463";"123 972";"A01";"2";"30";"14";"0";"1";"14";"1";""
"202100043464";"123 970";"A01";"1";"50";"0";"2";"7";"17";"3";""
"202100043464";"123 971";"Z01";"1";"50";"0";"2";"0";"15";"3";""
"202100043465";"123 966";"B01";"3";"7";"0";"2";"4";"2";"1";""
"202100043465";"123 967";"A01";"3";"7";"0";"2";"1";"2";"1";""
"202100043466";"123 964";"A01";"1";"7";"0";"2";"1";"1";"2";""
"202100043466";"123 965";"B01";"2";"30";"0";"2";"0";"1";"1";""
"202100043467";"123 962";"B01";"2";"31";"0";"2";"2";"17";"1";""
"202100043467";"123 963";"A01";"2";"10";"0";"2";"3";"13";"1";""
"202100043468";"123 960";"A01";"1";"7";"0";"2";"1";"15";"1";""
"202100043468";"123 961";"B01";"1";"7";"0";"2";"6";"1";"1";""
"202100043469";"123 959";"Z01";"3";"2";"0";"1";"0";"25";"0";""
"202100043470";"123 958";"A01";"2";"10";"1";"0";"2";"2";"0";""
"202100043471";"123 956";"A01";"2";"7";"0";"2";"3";"15";"1";""
"202100043471";"123 957";"B01";"2";"32";"0";"2";"2";"2";"1";""
"202100043472";"123 954";"B01";"2";"32";"0";"2";"1";"1";"1";""
"202100043472";"123 955";"A01";"1";"7";"0";"2";"1";"15";"1";""
"202100043473";"123 952";"B01";"3";"13";"0";"2";"4";"2";"1";""
"202100043473";"123 953";"A01";"3";"37";"0";"2";"1";"1";"1";"1"
"202100043474";"123 950";"A01";"1";"7";"0";"2";"4";"2";"1";""
"202100043474";"123 951";"B01";"0";"7";"0";"2";"4";"2";"1";""
"202100043475";"123 948";"A01";"1";"20";"0";"2";"1";"0";"1";""
"202100043475";"123 949";"B01";"3";"7";"0";"2";"3";"0";"1";""
"202100043476";"123 947";"A01";" -1";"7";"0";"1";"3";"1";"1";""
"202100043477";"123 945";"A01";"2";"7";"0";"2";"3";"11";"2";""
"202100043477";"123 946";"B01";"2";"33";"0";"2";"1";"1";"1";""
"202100043478";"123 944";"A01";"1";"32";"0";"1";"1";"21";"1";""
"202100043479";"123 942";"A01";"2";"32";"0";"2";"3";"2";"1";""
"202100043479";"123 943";"B01";"0";"7";"0";"2";"2";"16";"1";""
"202100043480";"123 940";"A01";"2";"7";"0";"2";"2";"16";"1";""
"202100043480";"123 941";"B01";"2";"7";"0";"2";"3";"9";"1";""
"202100043481";"123 939";"A01";"1";"50";"8";"0";"1";"1";"3";""
"202100043482";"123 937";"B01";"2";"2";"0";"2";"1";"17";"0";""
"202100043482";"123 938";"A01";"2";"7";"0";"2";"6";"10";"0";""
"202100043483";"123 935";"B01";"1";"30";"0";"2";"1";"1";"1";""
"202100043483";"123 936";"A01";"1";"7";"0";"2";"3";"9";"1";""
"202100043484";"123 933";"B01";"1";"33";"0";"2";"8";"21";"1";""
"202100043484";"123 934";"A01";"2";"7";"0";"2";"8";"19";"1";""
"202100043485";"123 931";"B01";"2";"32";"0";"2";"1";"1";"1";""
"202100043485";"123 932";"A01";"1";"7";"0";"2";"3";"15";"1";""
"202100043486";"123 930";"A01";"2";"7";"2";"0";"1";"1";"1";""
"202100043487";"123 928";"B01";"1";"31";"0";"2";"1";"1";"1";""
"202100043487";"123 929";"A01";"1";"7";"0";"2";"6";"23";"0";""
"202100043488";"123 926";"A01";"1";"7";"10";"2";"1";"13";"1";""
"202100043488";"123 927";"C01";"1";"7";"0";"2";"1";"1";"1";""
"202100043489";"123 925";"A01";"3";"2";"0";"0";"0";"1";"1";""
"202100043490";"123 923";"B01";"2";"7";"0";"2";"3";"1";"1";""
"202100043490";"123 924";"A01";"1";"7";"0";"2";"3";"13";"2";""
"202100043491";"123 921";"A01";"2";"33";"0";"0";"6";"23";"1";""
"202100043491";"123 922";"B01";"2";"33";"0";"2";"2";"2";"1";""
"202100043492";"123 918";"B01";"2";"7";"7";"0";"8";"1";"1";""
"202100043492";"123 919";"A01";"2";"7";"7";"2";"1";"19";"1";""
"202100043493";"123 917";"A01";"1";"7";"2";"0";"1";"13";"1";""
"202100043494";"123 915";"B01";"1";"7";"0";"2";"3";"1";"1";""
"202100043494";"123 916";"A01";"2";"2";"0";"2";"1";"13";"1";""
"202100043495";"123 914";"A01";"3";"10";"0";"1";"5";"4";"1";""
"202100043496";"123 912";"A01";"1";"33";"0";"2";"1";"1";"1";""
"202100043496";"123 913";"B01";"1";"7";"0";"0";"6";"1";"1";""
"202100043497";"123 911";"A01";"1";"7";"6";"0";"3";"1";"1";""
"202100043498";"123 909";"A01";"2";"7";"0";"2";"2";"1";"1";""