"Num_Acc";"id_vehicule";"num_veh";"senc";"catv";"obs";"obsm";"choc";"manv";"motor";"occutc"
"202100043498";"123 910";"B01";"2";"80";"0";"2";"4";"1";"3";""
"202100043499";"123 908";"A01";"0";"7";"2";"0";"9";"1";"1";""
"202100043500";"123 907";"A01";"3";"31";"0";"0";"0";"14";"1";""
"202100043501";"123 906";"A01";"1";"7";"0";"1";"1";"1";"1";""
"202100043502";"123 905";"A01";"1";"31";"13";"0";"3";"1";"1";""
"202100043503";"123 903";"A01";"3";"7";"0";"9";"5";"1";"1";""
"202100043503";"123 904";"B01";"3";"1";"0";"2";"1";"1";"5";""
"202100043504";"123 902";"A01";"1";"33";"0";"0";"0";"2";"1";""
"202100043505";"123 901";"A01";"1";"7";"17";"0";"7";"1";"1";""
"202100043506";"123 898";"B01";"3";"1";"0";"2";"0";"15";"5";""
"202100043506";"123 899";"A01";"0";"7";"0";"2";"2";"21";"1";""
"202100043507";"123 896";"A01";"2";"7";"0";"2";"3";"5";"1";""
"202100043507";"123 897";"B01";"1";"7";"0";"0";"3";"1";"1";""
"202100043508";"123 894";"A01";"1";"31";"0";"2";"1";"2";"1";""
"202100043508";"123 895";"B01";"1";"7";"0";"0";"5";"1";"1";""
"202100043509";"123 892";"B01";"1";"21";"0";"0";"0";"16";"1";""
"202100043509";"123 893";"A01";"2";"14";"8";"0";"7";"1";"1";""
"202100043510";"123 890";"A01";"1";"7";"0";"2";"3";"15";"1";""
"202100043510";"123 891";"B01";"3";"33";"0";"2";"3";"1";"1";""
"202100043511";"123 888";"B01";"2";"7";"0";"2";"1";"1";"1";""
"202100043511";"123 889";"A01";"1";"7";"0";"2";"1";"5";"1";""
"202100043512";"123 886";"B01";"1";"34";"0";"2";"1";"1";"1";""
"202100043512";"123 887";"A01";"1";"7";"0";"2";"7";"16";"1";""
"202100043513";"123 884";"B01";"1";"15";"0";"2";"1";"1";"1";""
"202100043513";"123 885";"A01";"2";"7";"0";"2";"1";"13";"1";""
"202100043514";"123 882";"A01";"3";"33";"13";"0";"1";"1";"1";""
"202100043515";"123 880";"B01";"2";"7";"0";"2";"1";"1";"1";""
"202100043515";"123 881";"A01";"2";"7";"0";"2";"8";"5";"1";""
"202100043516";"123 879";"A01";"2";"34";"0";"0";"0";"1";"1";""
"202100043517";"123 876";"A01";"2";"7";"6";"2";"3";"0";"1";""
"202100043517";"123 877";"B01";"1";"33";"0";"2";"8";"19";"1";""
"202100043518";"123 874";"A01";"1";"7";"0";"2";"1";"5";"1";""
"202100043518";"123 875";"B01";"2";"14";"0";"2";"3";"1";"0";""
"202100043519";"123 872";"B01";"1";"7";"0";"2";"2";"1";"1";""
"202100043519";"123 873";"C01";"3";"10";"0";"2";"3";"1";"1";""
"202100043520";"123 871";"A01";"0";"7";"15";"0";"7";"15";"1";""
"202100043521";"123 870";"A01";"3";"7";"17";"0";"2";"0";"1";""
"202100043522";"123 867";"B01";"2";"7";"0";"2";"6";"15";"1";""
"202100043522";"123 868";"C01";"2";"7";"0";"2";"3";"21";"1";""
"202100043522";"123 869";"A01";"1";"7";"0";"2";"3";"1";"1";""
"202100043523";"123 865";"A01";"1";"7";"0";"2";"0";"17";"1";""
"202100043523";"123 866";"B01";"1";"2";"0";"2";"3";"1";"1";""
"202100043524";"123 863";"A01";"1";"7";"0";"2";"1";"13";"1";""
"202100043524";"123 864";"B01";"2";"7";"0";"2";"1";"1";"1";""
"202100043525";"123 862";"A01";"3";"2";"6";"0";"3";"16";"1";""
"202100043526";"123 860";"A01";"1";"7";"0";"2";"1";"10";"1";""
"202100043526";"123 861";"B01";"2";"7";"0";"2";"7";"2";"1";""
"202100043527";"123 859";"A01";"1";"7";"2";"0";"9";"1";"1";""
"202100043528";"123 857";"B01";"2";"7";"0";"2";"3";"1";"1";""
"202100043528";"123 858";"A01";"1";"2";"0";"2";"3";"13";"1";""
"202100043529";"123 855";"A01";"2";"7";"0";"2";"1";"5";"1";""
"202100043529";"123 856";"B01";"1";"7";"0";"2";"1";"1";"1";""
"202100043530";"123 853";"A01";"2";"43";"0";"2";"3";"3";"1";""
"202100043530";"123 854";"B01";"1";"7";"0";"2";"7";"0";"1";""
"202100043531";"123 851";"B01";"1";"14";"0";"2";"2";"2";"1";""
"202100043531";"123 852";"A01";"1";"7";"0";"2";"3";"1";"1";""
"202100043532";"123 850";"A01";"1";"3";"13";"0";"0";"26";"3";""
"202100043533";"123 848";"B01";"1";"32";"0";"2";"8";"1";"1";""
"202100043533";"123 849";"A01";"2";"10";"0";"2";"1";"1";"1";""
"202100043534";"123 847";"A01";"3";"10";"0";"1";"4";"26";"1";""
"202100043535";"123 845";"A01";"1";"10";"0";"2";"1";"1";"1";""
"202100043535";"123 846";"B01";"1";"7";"0";"2";"7";"1";"1";""
"202100043536";"123 843";"B01";"1";"1";"0";"2";"4";"1";"0";""
"202100043536";"123 844";"A01";"1";"7";"0";"2";"2";"1";"1";""
"202100043537";"123 841";"B01";" -1";"7";"4";"0";"4";"2";"1";""
"202100043537";"123 842";"A01";" -1";"7";"0";"2";"1";"2";"1";""
"202100043538";"123 839";"B01";"2";"7";"0";"2";"1";"1";"1";""
"202100043538";"123 840";"A01";"2";"30";"0";"2";"1";"17";"1";""
"202100043539";"123 837";"B01";"2";"7";"0";"2";"5";"1";"1";""
"202100043539";"123 838";"A01";"1";"30";"0";"2";"1";"1";"1";""
"202100043540";"123 835";"B01";"2";"7";"0";"2";"3";"1";"1";""
"202100043540";"123 836";"A01";"1";"7";"0";"2";"1";"13";"1";""
"202100043541";"123 834";"A01";"3";"7";"8";"1";"2";"1";"1";""
"202100043542";"123 832";"A01";"1";"30";"0";"2";"1";"1";"1";""
"202100043542";"123 833";"B01";"1";"7";"0";"2";"6";"1";"1";""
"202100043543";"123 831";"A01";"2";"7";"0";"1";"6";"4";"1";""
"202100043544";"123 829";"B01";"1";"31";"0";"2";"1";"1";"1";""
"202100043544";"123 830";"A01";"1";"7";"0";"2";"2";"15";"1";""
"202100043545";"123 827";"B01";"1";"7";"0";"2";"1";"15";"1";""
"202100043545";"123 828";"A01";"1";"7";"0";"2";"7";"1";"1";""
"202100043546";"123 825";"A01";"3";"7";"0";"2";"2";"19";"1";""
"202100043546";"123 826";"B01";"3";"33";"0";"2";"1";"1";"1";""
"202100043547";"123 823";"B01";"1";"33";"0";"2";"1";"1";"1";""
"202100043547";"123 824";"A01";"2";"7";"0";"2";"2";"15";"1";""
"202100043548";"123 821";"A01";"1";"7";"0";"2";"1";"15";"1";""
"202100043548";"123 822";"B01";"2";"2";"0";"2";"1";"1";"1";""
"202100043549";"123 819";"B01";"2";"1";"0";"2";"2";"26";"5";""
"202100043549";"123 820";"Z01";"2";"7";"0";"2";"2";"1";"0";""
"202100043550";"123 818";"A01";"1";"7";"0";"1";"3";"1";"1";""
"202100043551";"123 817";"A01";"1";"7";"0";"1";"8";"2";"1";""
"202100043552";"123 816";"A01";"1";"7";"0";"1";"1";"1";"3";""
"202100043553";"123 814";"A01";"1";"33";"0";"2";"1";"1";"1";""
"202100043553";"123 815";"B01";"2";"7";"0";"2";"1";"15";"1";""
"202100043554";"123 813";"A01";"3";"10";"0";"1";"3";"1";"1";""
"202100043555";"123 812";"A01";"3";"31";"14";"0";"1";"14";"1";""
"202100043556";"123 810";"B01";"2";"1";"0";"2";"1";"1";"5";""
"202100043556";"123 811";"A01";"2";"7";"0";"2";"2";"22";"1";""
"202100043557";"123 808";"Z01";"3";"30";"0";"2";"8";"9";"0";""
"202100043557";"123 809";"B01";"1";"1";"0";"2";"1";"1";"5";""
"202100043558";"123 807";"A01";"3";"30";"0";"0";"0";"1";"1";""
"202100043559";"123 806";"A01";"1";"7";"0";"1";"3";"1";"2";""
"202100043560";"123 804";"B01";"2";"31";"0";"2";"7";"1";"1";""
"202100043560";"123 805";"A01";"2";"7";"0";"2";"1";"9";"1";""
"202100043561";"123 802";"A01";"1";"7";"0";"0";"1";"1";"1";""
"202100043561";"123 803";"B01";"2";"7";"0";"0";"2";"1";"1";""
"202100043562";"123 800";"B01";"3";"33";"0";"2";"1";"1";"1";""
"202100043562";"123 801";"A01";"3";"7";"0";"2";"2";"15";"1";""
"202100043563";"123 798";"A01";"0";"7";"0";"2";"1";"16";"1";""
"202100043563";"123 799";"B01";"0";"32";"0";"2";"2";"1";"1";""
"202100043564";"123 797";"A01";"3";"32";"0";"1";"0";"26";"1";""
"202100043565";"123 795";"A01";"1";"7";"0";"2";"2";"16";"1";""
"202100043565";"123 796";"B01";"1";"2";"0";"2";"1";"1";"1";""
"202100043566";"123 794";"A01";"0";"30";"0";"0";"0";"1";"1";""
"202100043567";"123 792";"B01";"1";"7";"0";"2";"5";"12";"1";""
"202100043567";"123 793";"A01";"1";"43";"0";"2";"3";"26";"1";""
"202100043568";"123 790";"A01";"2";"33";"0";"2";"8";"15";"1";""
"202100043568";"123 791";"B01";"2";"7";"0";"2";"1";"15";"1";""
"202100043569";"123 789";"A01";"2";"7";"1";"0";"3";"13";"1";""
"202100043570";"123 788";"A01";"2";"7";"1";"0";"2";"14";"2";""
"202100043571";"123 787";"A01";"0";"33";"0";"0";"1";"14";"1";""
"202100043572";"123 785";"A01";"1";"10";"0";"2";"2";"21";"1";""
"202100043572";"123 786";"B01";"3";"1";"0";"2";"1";"19";"5";""
"202100043573";"123 784";"A01";"1";"34";"13";"0";"1";"14";"1";""
"202100043574";"123 781";"A01";"3";"10";"0";"2";"3";"1";"1";""
"202100043574";"123 782";"B01";"3";"7";"0";"2";"3";"13";"1";""
"202100043574";"123 783";"C01";"3";"7";"0";"2";"8";"1";"1";""
"202100043575";"123 780";"A01";"1";"7";"0";"1";"1";"1";"1";""
"202100043576";"123 778";"B01";"2";"7";"0";"2";"4";"2";"1";""
"202100043576";"123 779";"A01";"2";"32";"0";"2";"1";"1";"1";""
"202100043577";"123 775";"A01";"3";"1";"0";"0";"0";"1";"5";""
"202100043578";"123 774";"A01";"3";"7";"0";"1";"8";"26";"1";""
"202100043579";"123 773";"A01";"1";"2";"0";"0";"0";"0";"0";""
"202100043580";"123 770";"C01";"1";"33";"0";"2";"4";"15";"1";""
"202100043580";"123 771";"B01";"1";"33";"0";"2";"8";"15";"1";""
"202100043580";"123 772";"A01";"1";"7";"0";"2";"1";"17";"1";""
"202100043581";"123 768";"B01";"2";"21";"0";"2";"3";"1";"1";""
"202100043581";"123 769";"A01";"1";"33";"0";"2";"1";"13";"1";""
"202100043582";"123 766";"A01";"1";"7";"0";"2";"2";"13";"1";""
"202100043582";"123 767";"B01";"2";"7";"0";"2";"1";"1";"1";""
"202100043583";"123 764";"A01";"2";"7";"0";"2";"3";"1";"1";""
"202100043583";"123 765";"B01";"1";"7";"0";"2";"1";"1";"1";""
"202100043584";"123 762";"A01";"1";"7";"0";"2";"3";"0";"1";""
"202100043584";"123 763";"B01";"2";"1";"0";"2";"1";"13";"5";""
"202100043585";"123 760";"A01";"2";"7";"0";"2";"1";"2";"1";""
"202100043585";"123 761";"B01";"2";"10";"0";"2";"4";"2";"1";""
"202100043586";"123 759";"A01";"2";"36";"13";"0";"2";"1";"1";""
"202100043587";"123 758";"A01";"2";"50";"1";"0";"1";"0";"3";""
"202100043588";"123 756";"B01";"0";"10";"7";"0";"2";"15";"1";""
"202100043588";"123 757";"A01";"0";"7";"7";"2";"1";"1";"1";""
"202100043589";"123 755";"A01";"1";"31";"0";"0";"8";"1";"1";""
"202100043590";"123 754";"A01";"1";"7";"2";"0";"8";"1";"1";""
"202100043591";"123 753";"A01";"1";"32";"3";"0";"1";"1";"1";""
"202100043592";"123 751";"B01";"3";"1";"0";"2";"8";"19";"0";""
"202100043592";"123 752";"A01";"3";"10";"0";"2";"3";"1";"1";""
"202100043593";"123 750";"A01";"1";"7";"8";"0";"0";"1";"1";""
"202100043594";"123 749";"A01";"2";"7";"0";"1";"1";"1";"1";""
"202100043595";"123 747";"A01";"2";"7";"2";"0";"1";"1";"1";""
"202100043596";"123 744";"A01";"0";"2";"0";"9";"3";"1";"1";""
"202100043596";"123 745";"B01";"3";"1";"0";"2";"3";"1";"5";""
"202100043596";"123 746";"C01";"3";"1";"0";"2";"3";"1";"5";""
"202100043597";"123 743";"A01";"2";"7";"1";"0";"2";"1";"2";""
"202100043598";"123 742";"A01";"1";"7";"8";"0";"9";"2";"1";""
"202100043599";"123 740";"B01";"1";"7";"0";"0";"6";"23";"1";""
"202100043599";"123 741";"A01";"1";"2";"0";"2";"1";"1";"1";""
"202100043600";"123 738";"A01";"1";"1";"0";"2";"1";"1";"5";""
"202100043600";"123 739";"B01";"1";"1";"0";"2";"4";"2";"5";""
"202100043601";"123 736";"B01";"1";"33";"0";"2";"1";"1";"1";""
"202100043601";"123 737";"A01";"1";"7";"0";"2";"2";"2";"1";""
"202100043602";"123 735";"A01";"1";"7";"0";"0";"9";"1";"1";""
"202100043603";"123 734";"A01";"2";"7";"4";"0";"2";"1";"1";""
"202100043604";"123 732";"A01";"1";"7";"0";"2";"8";"13";"1";""
"202100043604";"123 733";"B01";"1";"7";"0";"2";"1";"2";"1";""
"202100043605";"123 731";"A01";"2";"7";"4";"0";"2";"26";"1";""
"202100043606";"123 730";"A01";"2";"7";"0";"0";"1";"13";"1";""
"202100043607";"123 729";"A01";"2";"7";"4";"0";"1";"26";"1";""
"202100043608";"123 728";"A01";"2";"7";"4";"0";"1";"14";"1";""
"202100043609";"123 727";"A01";"3";"7";"8";"0";"1";"9";"1";""
"202100043610";"123 725";"A01";"1";"7";"0";"2";"7";"19";"1";""
"202100043610";"123 726";"B01";"1";"33";"14";"0";"0";"0";"1";""
"202100043611";"123 723";"B01";"1";"2";"0";"2";"7";"1";"1";""
"202100043611";"123 724";"A01";"1";"7";"0";"9";"0";"9";"1";""
"202100043612";"123 721";"B01";"3";"31";"0";"2";"1";"1";"1";""
"202100043612";"123 722";"A01";"3";"7";"0";"2";"7";"19";"1";""
"202100043613";"123 719";"A01";"3";"7";"0";"2";"8";"10";"1";""
"202100043613";"123 720";"B01";"3";"33";"0";"2";"1";"2";"1";""
"202100043614";"123 717";"B01";"3";"7";"0";"2";"3";"9";"1";""
"202100043614";"123 718";"A01";"3";"7";"0";"2";"3";"9";"1";""
"202100043615";"123 716";"A01";"1";"7";"0";"1";"3";"1";"1";""
"202100043616";"123 714";"A01";"2";"10";"0";"2";"3";"11";"1";""
"202100043616";"123 715";"B01";"2";"7";"0";"2";"2";"26";"1";""
"202100043617";"123 712";"B01";"3";"33";"0";"2";"9";"17";"1";""
"202100043617";"123 713";"A01";"3";"7";"0";"2";"8";"1";"1";""
"202100043618";"123 711";"A01";"2";"1";"0";"1";"1";"1";"5";""
"202100043619";"123 709";"A01";"2";"7";"0";"2";"1";"15";"1";""
"202100043619";"123 710";"B01";"1";"7";"0";"2";"1";"1";"1";""
"202100043620";"123 708";"A01";"2";"7";"6";"0";"1";"14";"1";""
"202100043621";"123 706";"B01";"2";"7";"0";"2";"6";"1";"2";""
"202100043621";"123 707";"A01";"1";"7";"0";"2";"1";"1";"1";""
"202100043622";"123 704";"A01";"1";"10";"0";"2";"5";"15";"1";""
"202100043622";"123 705";"B01";"2";"33";"0";"2";"1";"1";"1";""
"202100043623";"123 703";"A01";"2";"7";"0";"1";"1";"1";"1";""
"202100043624";"123 700";"B01";"3";"7";"0";"2";"3";"9";"1";""
"202100043624";"123 701";"C01";"2";"7";"0";"2";"3";"23";"1";""
"202100043624";"123 702";"A01";"2";"31";"0";"2";"1";"17";"1";""
"202100043625";"123 698";"A01";"3";"2";"0";"2";"1";"26";"1";""
"202100043625";"123 699";"B01";"3";"7";"0";"2";"4";"2";"1";""
"202100043626";"123 696";"A01";"1";"7";"0";"2";"2";"1";"1";""
"202100043626";"123 697";"B01";"1";"33";"0";"2";"3";"15";"1";""
"202100043627";"123 694";"A01";"2";"37";"0";"2";"1";"1";"1";"2"
"202100043627";"123 695";"B01";"2";"1";"0";"2";"7";"15";"5";""
"202100043628";"123 692";"B01";"2";"7";"0";"2";"4";"1";"1";""
"202100043628";"123 693";"A01";"2";"3";"0";"2";"1";"2";"1";""
"202100043629";"123 690";"B01";"3";"33";"0";"2";"1";"1";"1";""
"202100043629";"123 691";"A01";"3";"7";"0";"2";"2";"15";"1";""
"202100043630";"123 688";"B01";"2";"10";"0";"2";"4";"2";"1";""
"202100043630";"123 689";"A01";"2";"7";"0";"2";"1";"2";"1";""
"202100043631";"123 686";"B01";"1";"7";"0";"2";"4";"1";"1";""
"202100043631";"123 687";"A01";"1";"7";"0";"2";"1";"2";"1";""
"202100043632";"123 684";"B01";"1";"7";"0";"2";"2";"1";"1";""
"202100043632";"123 685";"A01";"2";"2";"0";"2";"1";"5";"1";""
"202100043633";"123 682";"B01";"3";"2";"0";"2";"2";"14";"1";""
"202100043633";"123 683";"Z01";"3";"7";"0";"2";"3";"0";"0";""
"202100043634";"123 680";"A01";"1";"7";"0";"2";"7";"16";"1";""
"202100043634";"123 681";"B01";"1";"1";"0";"2";"1";"1";"5";""
"202100043635";"123 679";"A01";"1";"7";"9";"0";"2";"1";"1";""
"202100043636";"123 677";"B01";"0";"7";"0";"2";"8";"1";"1";""
"202100043636";"123 678";"A01";"0";"30";"0";"2";"1";"19";"1";""
"202100043637";"123 675";"A01";"1";"7";"0";"2";"2";"15";"1";""
"202100043637";"123 676";"B01";"0";"7";"0";"0";"1";"1";" -1";""
"202100043638";"123 673";"B01";"2";"37";"0";"2";"3";"1";"1";"2"
"202100043638";"123 674";"A01";"1";"7";"0";"2";"3";"13";"1";""
"202100043639";"123 672";"A01";"2";"30";"12";"0";"7";"14";"1";""
"202100043640";"123 670";"A01";"0";"7";"0";"2";"0";"26";"1";""
"202100043640";"123 671";"B01";"1";"32";"0";"2";"3";"0";"1";""
"202100043641";"123 668";"A01";"1";"7";"0";"2";"1";"26";"1";""
"202100043641";"123 669";"B01";"1";"7";"0";"0";"0";"0";"0";""
"202100043642";"123 666";"B01";"1";"7";"0";"2";"4";"0";"1";""
"202100043642";"123 667";"A01";"1";"7";"0";"2";"1";"0";"1";""
"202100043643";"123 664";"A01";"2";"32";"0";"2";"1";"1";"1";""
"202100043643";"123 665";"B01";"2";"7";"0";"2";"4";"23";"1";""
"202100043644";"123 662";"A01";"1";"7";"0";"2";"3";"13";"1";""
"202100043644";"123 663";"B01";"1";"80";"0";"2";"7";"1";"3";""
"202100043645";"123 660";"A01";"2";"7";"0";"2";"5";"10";"1";""
"202100043645";"123 661";"B01";"1";"31";"0";"2";"1";"1";"1";""
"202100043646";"123 658";"A01";"1";"14";"0";"2";"2";"1";"1";""
"202100043646";"123 659";"B01";"1";"1";"0";"2";"4";"13";"5";""
"202100043647";"123 656";"A01";"1";"32";"0";"2";"8";"1";"1";""
"202100043647";"123 657";"B01";"1";"60";"0";"2";"8";"19";"5";""
"202100043648";"123 655";"A01";"2";"33";"0";"1";"1";"1";"1";""
"202100043649";"123 653";"B01";"2";"32";"0";"2";"3";"14";"1";""
"202100043649";"123 654";"A01";"2";"7";"0";"2";"5";"17";"1";""
"202100043650";"123 651";"A01";"1";"7";"0";"2";"3";"15";"1";""
"202100043650";"123 652";"B01";"1";"30";"0";"2";"8";"1";"1";""
"202100043651";"123 649";"A01";"1";"32";"0";"2";"1";"2";"1";""
"202100043651";"123 650";"B01";"1";"1";"0";"2";"6";"15";"5";""
"202100043652";"123 647";"B01";"3";"1";"0";"2";"1";"1";"5";""
"202100043652";"123 648";"A01";"3";"7";"0";"2";"3";"22";"1";""
"202100043653";"123 645";"Z01";"3";"1";"0";"2";"3";"2";"5";""
"202100043653";"123 646";"B01";"1";"60";"0";"2";"5";"2";"5";""
"202100043654";"123 643";"A01";"1";"31";"0";"2";"1";"26";"1";""
"202100043654";"123 644";"B01";"0";"7";"0";"2";"1";"15";"1";""
"202100043655";"123 641";"A01";"2";"7";"0";"2";"7";"19";"1";""
"202100043655";"123 642";"B01";"1";"2";"0";"2";"1";"19";"1";""
"202100043656";"123 639";"A01";"2";"10";"0";"0";"6";"20";"6";""
"202100043656";"123 640";"B01";"2";"31";"0";"2";"1";"17";"1";""
"202100043657";"123 638";"A01";"2";"30";"0";"1";"1";"1";"1";""
"202100043658";"123 636";"B01";"2";"2";"0";"2";"3";"9";"1";""
"202100043658";"123 637";"A01";"2";"10";"0";"2";"2";"9";"1";""
"202100043659";"123 634";"A01";"3";"7";"0";"2";"1";"1";"1";""
"202100043659";"123 635";"B01";"3";"7";"0";"2";"2";"15";"1";""
"202100043660";"123 632";"A01";"2";"33";"0";"2";"1";"2";"1";""
"202100043660";"123 633";"B01";"2";"7";"0";"2";"5";"1";"1";""
"202100043661";"123 630";"B01";"1";"1";"0";"2";"1";"1";"0";""
"202100043661";"123 631";"A01";"1";"20";"0";"2";"2";"16";"1";""
"202100043662";"123 628";"C01";" -1";"7";"1";"2";"1";"26";"1";""
"202100043662";"123 629";"A01";" -1";"30";"1";"0";"2";"26";"1";""
"202100043663";"123 626";"A01";"2";"7";"0";"2";"3";"15";"1";""
"202100043663";"123 627";"B01";"2";"33";"0";"2";"2";"17";"1";""
"202100043664";"123 625";"A01";"3";"40";"0";"1";"1";"1";"3";""
"202100043665";"123 623";"B01";"1";"10";"0";"1";"0";"9";"0";""
"202100043665";"123 624";"A01";"3";"7";"0";"2";"4";"15";"0";""
"202100043666";"123 621";"B01";"1";"2";"0";"2";"3";"13";"1";""
"202100043666";"123 622";"A01";"1";"7";"0";"2";"2";"1";"1";""
"202100043667";"123 620";"A01";"1";"32";"0";"1";"1";"16";"1";""
"202100043668";"123 619";"A01";"2";"7";"2";"0";"1";"1";"1";""
"202100043669";"123 618";"A01";"3";"7";"6";"0";"1";"2";"1";""
"202100043670";"123 616";"B01";"3";"7";"0";"2";"1";"1";"1";""
"202100043670";"123 617";"A01";"3";"7";"0";"2";"1";"13";"1";""
"202100043671";"123 614";"B01";"2";"10";"0";"2";"3";"0";"1";""
"202100043671";"123 615";"A01";"1";"7";"0";"2";"8";"13";"1";""
"202100043672";"123 613";"A01";"3";"7";"0";"1";"1";"1";"1";""
"202100043673";"123 612";"A01";"1";"33";"0";"0";"1";"1";"1";""
"202100043674";"123 610";"B01";"2";"1";"0";"0";"5";"1";"0";""
"202100043674";"123 611";"A01";"1";"7";"0";"9";"3";"9";"1";""
"202100043675";"123 609";"A01";"2";"7";"0";"0";"9";"1";"1";""
"202100043676";"123 607";"B01";"2";"7";"0";"9";"3";"1";"1";""
"202100043676";"123 608";"A01";"1";"2";"0";"2";"1";"5";"1";""
"202100043677";"123 605";"A01";"0";"7";"0";"0";"8";"1";"1";""
"202100043677";"123 606";"B01";"0";"7";"0";"0";"2";"1";"1";""
"202100043678";"123 603";"B01";"1";"1";"0";"2";"3";"1";"5";""
"202100043678";"123 604";"A01";"2";"7";"0";"2";"3";"15";"1";""
"202100043679";"123 602";"A01";"1";"7";"14";"0";"1";"1";"0";""
"202100043680";"123 601";"A01";"1";"2";"13";"0";"1";"1";"1";""
"202100043681";"123 600";"A01";"1";"2";"12";"0";"1";"1";"1";""
"202100043682";"123 598";"A01";"1";"36";"0";"2";"5";"1";"1";""
"202100043682";"123 599";"B01";"1";"7";"0";"2";"3";"13";"0";""
"202100043683";"123 597";"A01";"3";"7";"0";"1";"4";"4";"2";""
"202100043684";"123 596";"A01";"1";"7";"6";"0";"9";"1";"1";""
"202100043685";"123 594";"B01";"1";"15";"0";"2";"6";"1";"1";""
"202100043685";"123 595";"A01";"2";"7";"0";"2";"3";"1";"1";""
"202100043686";"123 593";"A01";"0";"31";"0";"0";"0";"1";"1";""
"202100043687";"123 592";"A01";"2";"7";"2";"0";"3";"1";"1";""
"202100043688";"123 590";"A01";"3";"7";"0";"9";"2";"1";"1";""
"202100043688";"123 591";"B01";"3";"1";"0";"2";"3";"1";"5";""
"202100043689";"123 589";"A01";"3";"31";"0";"0";"0";"1";"1";""
"202100043690";"123 588";"A01";"0";"7";"1";"0";"1";"13";"1";""
"202100043691";"123 587";"A01";"1";"33";"13";"0";"0";"1";"1";""
"202100043692";"123 585";"A01";"2";"33";"0";"2";"1";"5";"1";""
"202100043692";"123 586";"B01";"1";"10";"0";"2";"3";"1";"1";""
"202100043693";"123 583";"A01";"1";"2";"0";"2";"2";"1";"1";""
"202100043693";"123 584";"B01";"2";"7";"0";"2";"1";"15";"1";""
"202100043694";"123 580";"B01";"1";"2";"0";"2";"1";"1";"1";""
"202100043694";"123 581";"C01";"1";"2";"0";"2";"1";"1";"1";""
"202100043694";"123 582";"A01";"2";"10";"0";"2";"3";"16";"1";""
"202100043695";"123 579";"A01";"1";"33";"0";"0";"8";"15";"1";""
"202100043696";"123 578";"A01";"1";"7";"13";"0";"2";"1";"1";""
"202100043697";"123 577";"A01";"1";"7";"13";"0";"0";"14";"1";""
"202100043698";"123 575";"A01";"1";"7";"0";"2";"2";"2";"1";""
"202100043698";"123 576";"B01";"1";"1";"0";"2";"4";"2";"5";""
"202100043699";"123 574";"A01";"2";"7";"15";"0";"1";"0";"1";""
"202100043700";"123 573";"A01";"3";"33";"15";"0";"9";"1";"4";""
"202100043701";"123 572";"A01";"3";"7";"2";"0";"1";"1";"1";""
"202100043702";"123 571";"A01";"3";"31";"5";"0";"1";"25";"1";""
"202100043703";"123 570";"A01";"1";"33";"0";"0";"0";"0";"1";""
"202100043704";"123 568";"B01";"1";"7";"13";"0";"6";"2";"1";""
"202100043704";"123 569";"A01";"1";"7";"0";"2";"2";"2";"1";""
"202100043705";"123 566";"B01";"2";"3";"0";"2";"8";"11";"1";""
"202100043705";"123 567";"A01";"2";"2";"0";"2";"2";"1";"1";""
"202100043706";"123 565";"A01";"3";"10";"1";"1";"1";"2";"1";""
"202100043707";"123 564";"A01";"1";"33";"8";"9";"2";"26";"1";""
"202100043708";"123 562";"A01";"1";"1";"0";"2";"1";"1";"5";""
"202100043708";"123 563";"B01";"1";"7";"0";"2";"3";"1";"1";""
"202100043709";"123 561";"A01";"2";"7";"2";"0";"8";"14";"1";""
"202100043710";"123 560";"A01";"2";"1";"0";"0";"0";"1";"5";""
"202100043711";"123 559";"A01";"2";"10";"2";"0";"1";"13";"1";""
"202100043712";"123 558";"A01";"3";"2";"0";"1";"1";"1";"1";""
"202100043713";"123 556";"B01";"3";"7";"0";"2";"1";"1";"1";""
"202100043713";"123 557";"A01";"3";"2";"0";"2";"1";"1";"1";""
"202100043714";"123 554";"A01";"1";"10";"0";"2";"2";"1";"1";""
"202100043714";"123 555";"B01";"1";"1";"0";"2";"7";"19";"5";""
"202100043715";"123 553";"A01";"3";"7";"13";"0";"7";"2";"1";""
"202100043716";"123 550";"A01";"1";"1";"0";"2";"6";"9";"5";""
"202100043716";"123 551";"B01";"2";"7";"0";"2";"2";"1";"1";""
"202100043717";"123 548";"B01";"2";"10";"0";"2";"1";"1";"1";""
"202100043717";"123 549";"A01";"1";"7";"0";"2";"7";"1";"1";""
"202100043718";"123 546";"B01";"2";"15";"0";"2";"7";"12";"1";""
"202100043718";"123 547";"A01";"2";"7";"0";"2";"8";"2";"1";""
"202100043719";"123 545";"A01";"2";"7";"0";"0";"1";"1";"1";""
"202100043720";"123 544";"A01";"1";"7";"13";"0";"2";"1";"1";""
"202100043721";"123 542";"A01";"1";"7";"0";"2";"4";"1";"1";""
"202100043721";"123 543";"B01";"1";"7";"0";"2";"1";"2";"1";""
"202100043722";"123 540";"A01";"1";"15";"0";"2";"3";"9";"1";""
"202100043722";"123 541";"B01";"1";"7";"0";"2";"2";"1";"1";""
"202100043723";"123 538";"B01";"1";"33";"4";"2";"7";"1";"1";""
"202100043723";"123 539";"A01";"1";"7";"0";"2";"8";"11";"1";""
"202100043724";"123 535";"C01";"1";"32";"0";"2";"3";"1";"1";""