"Num_Acc";"id_vehicule";"num_veh";"senc";"catv";"obs";"obsm";"choc";"manv";"motor";"occutc"
"202100043724";"123 536";"B01";"1";"7";"0";"2";"5";"14";"1";""
"202100043724";"123 537";"A01";"1";"14";"0";"2";"0";"12";"1";""
"202100043725";"123 532";"C01";"1";"7";"0";"0";"2";"14";"1";""
"202100043725";"123 533";"B01";"1";"7";"0";"2";"6";"1";"1";""
"202100043725";"123 534";"A01";"1";"7";"0";"2";"2";"1";"1";""
"202100043726";"123 530";"Z01";"1";"7";"0";"2";"0";"0";"0";""
"202100043726";"123 531";"A01";"1";"33";"0";"2";"1";"1";"1";""
"202100043727";"123 528";"B01";"1";"7";"0";"2";"6";"2";"1";""
"202100043727";"123 529";"A01";"1";"31";"0";"2";"1";"12";"1";""
"202100043728";"123 526";"B01";"1";"7";"0";"2";"4";"1";"1";""
"202100043728";"123 527";"A01";"1";"7";"0";"2";"1";"2";"1";""
"202100043729";"123 524";"A01";"2";"7";"0";"2";"7";"12";"1";""
"202100043729";"123 525";"B01";"2";"33";"0";"2";"3";"3";"1";""
"202100043730";"123 520";"A01";"2";"7";"1";"2";"1";"17";"1";""
"202100043730";"123 521";"B01";"2";"7";"0";"2";"6";"16";"1";""
"202100043731";"123 518";"B01";"1";"7";"0";"2";"4";"1";"1";""
"202100043731";"123 519";"A01";"1";"10";"0";"2";"1";"2";"1";""
"202100043732";"123 517";"A01";"3";"33";"2";"0";"1";"9";"1";""
"202100043733";"123 516";"A01";"1";"7";"2";"2";"0";"26";"1";""
"202100043734";"123 514";"B01";"2";"7";"0";"2";"3";"1";"1";""
"202100043734";"123 515";"A01";"2";"33";"11";"2";"7";"17";"1";""
"202100043735";"123 512";"B01";"2";"7";"0";"2";"7";"1";"1";""
"202100043735";"123 513";"A01";"2";"30";"0";"2";"1";"9";"1";""
"202100043736";"123 511";"A01";"1";"31";"0";"0";"0";"9";"1";""
"202100043737";"123 508";"A01";"1";"7";"0";"2";"2";"14";"1";""
"202100043737";"123 509";"C01";"2";"7";"0";"2";"1";"1";"1";""
"202100043737";"123 510";"B01";"1";"32";"0";"2";"1";"14";"1";""
"202100043738";"123 505";"A01";"3";"7";"0";"2";"9";"17";"1";""
"202100043738";"123 506";"B01";"3";"17";"0";"2";"8";"1";"1";""
"202100043738";"123 507";"C01";"3";"10";"0";"2";"8";"1";"1";""
"202100043739";"123 503";"A01";"2";"7";"0";"2";"8";"0";"1";""
"202100043739";"123 504";"B01";"1";"30";"0";"2";"8";"0";"1";""
"202100043740";"123 501";"B01";"2";"7";"0";"2";"3";"1";"1";""
"202100043740";"123 502";"A01";"2";"7";"0";"2";"6";"15";"1";""
"202100043741";"123 499";"B01";"1";"99";"0";"2";"3";"1";"1";""
"202100043741";"123 500";"A01";"1";"7";"2";"2";"1";"9";"1";""
"202100043742";"123 497";"B01";"2";"7";"0";"2";"3";"13";"1";""
"202100043742";"123 498";"A01";"1";"7";"0";"2";"3";"1";"1";""
"202100043743";"123 495";"A01";"0";"10";"0";"2";"2";"1";"1";""
"202100043743";"123 496";"B01";"3";"1";"0";"2";"1";"5";"5";""
"202100043744";"123 494";"A01";"1";"10";"4";"0";"1";"2";"1";""
"202100043745";"123 492";"B01";"1";"7";"0";"2";"2";"1";"1";""
"202100043745";"123 493";"A01";"2";"3";"0";"2";"1";"14";"1";""
"202100043746";"123 491";"A01";"2";"7";"15";"0";"2";"14";"1";""
"202100043747";"123 489";"B01";"1";"7";"0";"2";"3";"1";"1";""
"202100043747";"123 490";"A01";"2";"30";"0";"2";"8";"19";"1";""
"202100043748";"123 487";"A01";"0";"7";"0";"2";"1";"13";"1";""
"202100043748";"123 488";"B01";"0";"7";"0";"2";"1";"1";"1";""
"202100043749";"123 485";"B01";"0";"2";"0";"2";"1";"1";"3";""
"202100043749";"123 486";"A01";"0";"7";"0";"2";"3";"20";"1";""
"202100043750";"123 484";"A01";"0";"7";"1";"0";"9";"1";"1";""
"202100043751";"123 481";"A01";"1";"32";"12";"0";"1";"16";"1";""
"202100043752";"123 479";"A01";"2";"7";"0";"2";"1";"5";"1";""
"202100043752";"123 480";"B01";"1";"7";"0";"2";"1";"1";"1";""
"202100043753";"123 477";"B01";"1";"7";"0";"2";"1";"11";"1";""
"202100043753";"123 478";"A01";"2";"7";"0";"2";"8";"15";"1";""
"202100043754";"123 475";"A01";"3";"34";"0";"2";"1";"26";"1";""
"202100043754";"123 476";"B01";"3";"7";"0";"2";"5";"2";"1";""
"202100043755";"123 474";"A01";"0";"10";"0";"1";"2";"15";"1";""
"202100043756";"123 472";"A01";"0";"7";"0";"2";"2";"1";"1";""
"202100043756";"123 473";"B01";"2";"7";"0";"2";"3";"9";"1";""
"202100043757";"123 471";"A01";"1";"7";"13";"0";"0";"1";"1";""
"202100043758";"123 469";"B01";"2";"7";"0";"2";"2";"1";"1";""
"202100043758";"123 470";"A01";"2";"7";"0";"2";"3";"16";"1";""
"202100043759";"123 467";"A01";"3";"7";"0";"2";"3";"15";"1";""
"202100043759";"123 468";"B01";"3";"7";"0";"2";"8";"1";"1";""
"202100043760";"123 465";"A01";"1";"7";"0";"2";"7";"15";"1";""
"202100043760";"123 466";"B01";"2";"2";"0";"2";"1";"1";"1";""
"202100043761";"123 464";"A01";"3";"31";"0";"0";"1";"26";"1";""
"202100043762";"123 463";"A01";"3";"10";"0";"1";"4";"4";"1";""
"202100043763";"123 461";"A01";"1";"2";"0";"2";"1";"17";"1";""
"202100043763";"123 462";"B01";"1";"7";"0";"2";"6";"15";"1";""
"202100043764";"123 460";"A01";"2";"7";"0";"1";"1";"1";"1";""
"202100043765";"123 458";"B01";"2";"7";"0";"2";"1";"1";"1";""
"202100043765";"123 459";"A01";"2";"10";"0";"2";"7";"1";"1";""
"202100043766";"123 457";"A01";"2";"37";"0";"1";"8";"15";"1";"1"
"202100043767";"123 455";"A01";"2";"7";"0";"2";"1";"2";"1";""
"202100043767";"123 456";"B01";"2";"7";"0";"2";"4";"1";"1";""
"202100043768";"123 453";"A01";"2";"7";"0";"2";"8";"23";"1";""
"202100043768";"123 454";"B01";"3";"7";"0";"2";"3";"13";"1";""
"202100043769";"123 451";"A01";"2";"2";"0";"2";"1";"1";"1";""
"202100043769";"123 452";"B01";"2";"7";"0";"2";"4";"1";"1";""
"202100043770";"123 449";"B01";"2";"7";"0";"2";"4";"23";"1";""
"202100043770";"123 450";"A01";"2";"10";"0";"2";"1";"1";"1";""
"202100043771";"123 447";"B01";"2";"30";"0";"2";"8";"1";"1";""
"202100043771";"123 448";"A01";"1";"7";"0";"2";"1";"15";"0";""
"202100043772";"123 445";"A01";"2";"33";"0";"2";"1";"1";"1";""
"202100043772";"123 446";"B01";"2";"7";"0";"2";"6";"1";"1";""
"202100043773";"123 443";"B01";"1";"33";"0";"2";"1";"3";"1";""
"202100043773";"123 444";"A01";"1";"7";"0";"2";"6";"15";"1";""
"202100043774";"123 441";"B01";"3";"34";"0";"2";"1";"1";"1";""
"202100043774";"123 442";"A01";"3";"7";"0";"2";"7";"15";"1";""
"202100043775";"123 438";"C01";"1";"7";"0";"0";"0";"0";"1";""
"202100043775";"123 439";"A01";"1";"10";"0";"0";"1";"2";"1";""
"202100043775";"123 440";"B01";"1";"7";"0";"0";"0";"0";"1";""
"202100043776";"123 436";"B01";"2";"7";"0";"2";"4";"2";"1";""
"202100043776";"123 437";"A01";"2";"2";"0";"2";"1";"2";"1";""
"202100043777";"123 434";"B01";"1";"7";"0";"2";"1";"1";"1";""
"202100043777";"123 435";"A01";"1";"50";"0";"2";"1";"19";"3";""
"202100043778";"123 430";"A01";"2";"33";"0";"2";"7";"12";"1";""
"202100043778";"123 431";"B01";"2";"7";"0";"2";"6";"1";"1";""
"202100043779";"123 429";"A01";"1";"10";"0";"1";"7";"1";"1";""
"202100043780";"123 428";"A01";"2";"33";"0";"0";"8";"21";"1";""
"202100043781";"123 427";"A01";"1";"7";"16";"0";"9";"1";"1";""
"202100043782";"123 425";"A01";"1";"7";"0";"2";"1";"1";"1";""
"202100043782";"123 426";"B01";"1";"7";"0";"2";"4";"24";"1";""
"202100043783";"123 423";"A01";"2";"7";"0";"2";"2";"15";"1";""
"202100043783";"123 424";"B01";"1";"2";"0";"2";"7";"1";"1";""
"202100043784";"123 421";"A01";"1";"7";"0";"2";"5";"15";"1";""
"202100043784";"123 422";"B01";"1";"2";"0";"2";"1";"0";"1";""
"202100043785";"123 419";"B01";"2";"1";"0";"2";"2";"1";"5";""
"202100043785";"123 420";"A01";"1";"7";"0";"2";"3";"15";"1";""
"202100043786";"123 416";"B01";"2";"7";"0";"2";"4";"2";"1";""
"202100043786";"123 417";"A01";"2";"32";"0";"2";"4";"2";"1";""
"202100043786";"123 418";"Z01";"2";"7";"0";"2";"1";"2";"0";""
"202100043787";"123 414";"A01";"2";"7";"0";"2";"1";"2";"1";""
"202100043787";"123 415";"B01";"2";"7";"0";"2";"4";"2";"1";""
"202100043788";"123 412";"A01";"2";"31";"0";"2";"1";"2";"1";""
"202100043788";"123 413";"B01";"2";"7";"0";"2";"4";"2";"1";""
"202100043789";"123 410";"A01";"2";"33";"0";"2";"3";"3";"1";""
"202100043789";"123 411";"B01";"2";"7";"0";"2";"5";"12";"1";""
"202100043790";"123 409";"A01";"2";"7";"0";"1";"1";"1";"2";""
"202100043791";"123 407";"B01";"2";"50";"0";"2";"1";"1";"3";""
"202100043791";"123 408";"A01";"1";"7";"0";"2";"1";"16";"1";""
"202100043792";"123 405";"A01";"1";"37";"0";"2";"2";"16";"3";"1"
"202100043792";"123 406";"B01";"1";"1";"0";"2";"3";"1";"5";""
"202100043793";"123 403";"B01";"2";"10";"0";"2";"7";"16";"3";""
"202100043793";"123 404";"A01";"2";"80";"0";"2";"1";"1";"3";""
"202100043794";"123 402";"Z01";"1";"7";"0";"1";"1";"15";"1";""
"202100043795";"123 400";"B01";"3";"31";"0";"2";"1";"1";"1";""
"202100043795";"123 401";"A01";"3";"30";"0";"2";"8";"9";"1";""
"202100043796";"123 398";"B01";"1";"80";"0";"2";"8";"1";"3";""
"202100043796";"123 399";"A01";"1";"7";"0";"2";"2";"14";"1";""
"202100043797";"123 396";"A01";"1";"7";"0";"2";"3";"1";"1";""
"202100043797";"123 397";"B01";"1";"7";"0";"2";"1";"15";"1";""
"202100043798";"123 394";"B01";"1";"50";"0";"2";"8";"1";"3";""
"202100043798";"123 395";"A01";"1";"7";"0";"2";"1";"1";"1";""
"202100043799";"123 393";"A01";"2";"7";"0";"1";"2";"9";"1";""
"202100043800";"123 391";"A01";"3";"7";"0";"2";"5";"1";"1";""
"202100043800";"123 392";"B01";"3";"7";"0";"2";"2";"9";"1";""
"202100043801";"123 390";"A01";"2";"10";"0";"1";"4";"26";"1";""
"202100043802";"123 388";"B01";"1";"32";"0";"2";"1";"3";"1";""
"202100043802";"123 389";"A01";"1";"7";"1";"0";"0";"11";"1";""
"202100043803";"123 385";"A01";"1";"7";"0";"2";"2";"10";"1";""
"202100043803";"123 386";"C01";"1";"37";"0";"2";"5";"9";"1";"1"
"202100043803";"123 387";"B01";"1";"7";"0";"2";"1";"2";"1";""
"202100043804";"123 383";"A01";"1";"7";"0";"2";"1";"13";"1";""
"202100043804";"123 384";"B01";"2";"7";"0";"2";"1";"23";"2";""
"202100043805";"123 381";"A01";"3";"7";"0";"2";"3";"15";"1";""
"202100043805";"123 382";"B01";"3";"7";"0";"2";"1";"1";"1";""
"202100043806";"123 379";"B01";"3";"7";"0";"2";"3";"1";"1";""
"202100043806";"123 380";"A01";"3";"30";"0";"2";"0";"0";"1";""
"202100043807";"123 377";"B01";"1";"7";"0";"2";"3";"2";"1";""
"202100043807";"123 378";"A01";"1";"32";"16";"0";"4";"23";"1";""
"202100043808";"123 375";"B01";"2";"7";"1";"0";"2";"0";"1";""
"202100043808";"123 376";"A01";"1";"7";"0";"2";"2";"1";"1";""
"202100043809";"123 373";"B01";"2";"31";"0";"2";"2";"0";"1";""
"202100043809";"123 374";"A01";"2";"7";"0";"2";"3";"15";"1";""
"202100043810";"123 372";"A01";"3";"7";"0";"1";"1";"1";"1";""
"202100043811";"123 371";"A01";"1";"30";"0";"0";"3";"26";"1";""
"202100043812";"123 369";"B01";"1";"7";"0";"2";"4";"1";"1";""
"202100043812";"123 370";"A01";"1";"7";"0";"2";"1";"2";"1";""
"202100043813";"123 367";"A01";"2";"7";"0";"2";"8";"22";"1";""
"202100043813";"123 368";"B01";"2";"1";"1";"0";"7";"2";"0";""
"202100043814";"123 366";"A01";"2";"7";"0";"1";"4";"4";"1";""
"202100043815";"123 365";"A01";"1";"30";"0";"1";"3";"17";"1";""
"202100043816";"123 363";"B01";"3";"10";"0";"2";"8";"13";"1";""
"202100043816";"123 364";"A01";"3";"30";"0";"2";"8";"17";"0";""
"202100043817";"123 361";"A01";"1";"7";"1";"1";"3";"14";"1";""
"202100043817";"123 362";"B01";"1";"7";"0";"0";"6";"24";"1";""
"202100043818";"123 359";"B01";"1";"7";"0";"2";"8";"1";"1";""
"202100043818";"123 360";"A01";"2";"7";"0";"2";"8";"13";"1";""
"202100043819";"123 358";"A01";"1";"1";"0";"9";"1";"0";"5";""
"202100043820";"123 354";"D01";"2";"7";"1";"0";"3";"21";"1";""
"202100043820";"123 355";"C01";"2";"7";"3";"2";"7";"17";"1";""
"202100043820";"123 356";"B01";"2";"17";"0";"2";"8";"17";"1";""
"202100043820";"123 357";"A01";"2";"17";"0";"0";"5";"24";"1";""
"202100043821";"123 352";"A01";"0";"7";"0";"2";"1";"0";"1";""
"202100043821";"123 353";"B01";"0";"7";"0";"2";"4";"0";"1";""
"202100043822";"123 350";"A01";"2";"31";"0";"2";"1";"17";"1";""
"202100043822";"123 351";"B01";"2";"7";"0";"0";"3";"15";"1";""
"202100043823";"123 349";"A01";"0";"7";"0";"0";"1";"1";"1";""
"202100043824";"123 348";"A01";"1";"80";"0";"0";"0";"0";"3";""
"202100043825";"123 347";"A01";"1";"7";"2";"0";"8";"1";"3";""
"202100043826";"123 345";"A01";"0";"7";"0";"2";"8";"15";"1";""
"202100043826";"123 346";"B01";"2";"30";"0";"2";"1";"1";"1";""
"202100043827";"123 343";"A01";"1";"15";"0";"2";"2";"15";"1";""
"202100043827";"123 344";"B01";"2";"33";"0";"2";"1";"1";"1";""
"202100043828";"123 341";"A01";"2";"2";"0";"2";"1";"17";"1";""
"202100043828";"123 342";"B01";"2";"7";"0";"2";"3";"15";"1";""
"202100043829";"123 339";"B01";"1";"7";"0";"2";"1";"1";"1";""
"202100043829";"123 340";"A01";"2";"7";"0";"2";"1";"13";"1";""
"202100043830";"123 338";"A01";"1";"33";"13";"9";"9";"13";"1";""
"202100043831";"123 337";"A01";"3";"32";"13";"0";"8";"1";"1";""
"202100043832";"123 335";"A01";"3";"7";"0";"2";"3";"1";"1";""
"202100043832";"123 336";"B01";"3";"7";"0";"2";"3";"1";"1";""
"202100043833";"123 334";"A01";"1";"7";"2";"0";"5";"14";"1";""
"202100043834";"123 333";"A01";"3";"2";"0";"1";"3";"1";"1";""
"202100043835";"123 328";"D01";"1";"7";"0";"2";"9";"1";"0";""
"202100043835";"123 329";"E01";"1";"7";"0";"2";"9";"23";"1";""
"202100043835";"123 330";"A01";"1";"7";"0";"2";"1";"1";"1";""
"202100043835";"123 331";"B01";"1";"7";"0";"2";"9";"23";"1";""
"202100043835";"123 332";"C01";"1";"7";"0";"2";"9";"23";"1";""
"202100043836";"123 325";"A01";"2";"17";"0";"6";"1";"1";"1";""
"202100043836";"123 326";"B01";"2";"7";"0";"6";"2";"1";"1";""
"202100043836";"123 327";"C01";"2";"7";"3";"6";"1";"1";"1";""
"202100043837";"123 321";"A01";"1";"7";"0";"2";"7";"13";"1";""
"202100043837";"123 322";"B01";"2";"7";"0";"2";"1";"1";"1";""
"202100043838";"123 319";"A01";"2";"7";"0";"2";"3";"19";"1";""
"202100043838";"123 320";"B01";"1";"32";"0";"2";"1";"1";"1";""
"202100043839";"123 317";"B01";"2";"1";"0";"2";"1";"19";"0";""
"202100043839";"123 318";"A01";"2";"7";"0";"9";"2";"1";"1";""
"202100043840";"123 315";"B01";"1";"33";"0";"2";"1";"0";"1";""
"202100043840";"123 316";"A01";"2";"7";"0";"2";"3";"10";"1";""
"202100043841";"123 313";"B01";"3";"2";"0";"2";"1";"1";"1";""
"202100043841";"123 314";"A01";"3";"2";"0";"2";"3";"19";"1";""
"202100043842";"123 309";"A01";"1";"33";"4";"0";"7";"1";"1";""
"202100043843";"123 307";"A01";"1";"33";"0";"2";"0";"1";"1";""
"202100043843";"123 308";"B01";"2";"7";"0";"2";"1";"1";"1";""
"202100043844";"123 305";"A01";"2";"31";"0";"2";"8";"1";"1";""
"202100043844";"123 306";"B01";"1";"7";"0";"2";"3";"13";"1";""
"202100043845";"123 300";"A01";"0";"10";"0";"1";"1";"1";"1";""
"202100043846";"123 298";"A01";"1";"14";"0";"2";"2";"12";"1";""
"202100043846";"123 299";"B01";"2";"7";"0";"2";"3";"1";"1";""
"202100043847";"123 296";"A01";"2";"7";"0";"2";"1";"2";"1";""
"202100043847";"123 297";"B01";"2";"7";"0";"2";"4";"1";"1";""
"202100043848";"123 295";"A01";"2";"7";"14";"0";"1";"0";"1";""
"202100043849";"123 293";"B01";"1";"7";"0";"2";"6";"2";"2";""
"202100043849";"123 294";"A01";"1";"7";"0";"2";"2";"2";"1";""
"202100043850";"123 292";"B01";"1";"34";"1";"0";"1";"2";"1";""
"202100043851";"123 289";"C01";"2";"7";"0";"2";"4";"24";"1";""
"202100043851";"123 290";"A01";"2";"10";"1";"0";"1";"26";"1";""
"202100043851";"123 291";"B01";"2";"7";"0";"2";"4";"24";"1";""
"202100043852";"123 284";"C01";"1";"7";"0";"2";"1";"0";"1";""
"202100043852";"123 285";"B01";"1";"7";"0";"2";"4";"0";"1";""
"202100043852";"123 286";"A01";"1";"7";"0";"2";"1";"0";"1";""
"202100043852";"123 287";"D01";"1";"10";"0";"2";"4";"0";"1";""
"202100043852";"123 288";"E01";"1";"10";"0";"2";"8";"0";"1";""
"202100043853";"123 282";"B01";"2";"7";"0";"2";"3";"1";"1";""
"202100043853";"123 283";"A01";"2";"34";"0";"2";"1";"5";"1";""
"202100043854";"123 280";"Z01";"1";"7";"0";"2";"1";"26";"0";""
"202100043854";"123 281";"A01";"1";"7";"0";"2";"8";"23";"1";""
"202100043855";"123 278";"A01";"1";"17";"0";"2";"3";"11";"1";""
"202100043855";"123 279";"B01";"1";"7";"0";"2";"5";"1";"1";""
"202100043856";"123 276";"A01";"3";"37";"0";"2";"3";"1";"1";"1"
"202100043856";"123 277";"B01";"3";"7";"0";"2";"8";"17";"1";""
"202100043857";"123 274";"B01";"1";"7";"0";"2";"2";"1";"2";""
"202100043857";"123 275";"A01";"1";"7";"0";"2";"2";"1";"2";""
"202100043858";"123 271";"A01";"2";"10";"0";"1";"3";"15";"1";""
"202100043859";"123 269";"B01";"2";"99";"0";"2";"1";"1";"3";""
"202100043859";"123 270";"A01";"1";"7";"0";"2";"0";"0";"0";""
"202100043860";"123 267";"A01";"3";"7";"0";"2";"3";"1";"1";""
"202100043860";"123 268";"B01";"3";"30";"0";"2";"1";"0";"1";""
"202100043861";"123 266";"A01";"3";"7";"9";"0";"1";"26";"1";""
"202100043862";"123 264";"A01";"2";"7";"6";"9";"1";"1";"1";""
"202100043862";"123 265";"B01";"1";"1";"6";"2";"8";"19";"0";""
"202100043863";"123 263";"A01";"1";"7";"0";"1";"1";"1";"1";""
"202100043864";"123 261";"A01";"1";"14";"0";"9";"5";"17";"1";""
"202100043864";"123 262";"B01";"1";"1";"0";"0";"0";"2";"5";""
"202100043865";"123 260";"A01";"2";"7";"15";"0";"8";" -1";"1";""
"202100043866";"123 258";"B01";"2";"7";"0";"2";"2";"0";"1";""
"202100043866";"123 259";"A01";"3";"7";"0";"2";"8";"9";"1";""
"202100043867";"123 257";"A01";"1";"7";"0";"1";"1";"1";"0";""
"202100043868";"123 256";"A01";"1";"30";"12";"0";"8";"13";"1";""
"202100043869";"123 254";"B01";"2";"1";"0";"2";"4";"1";"5";""
"202100043869";"123 255";"A01";"1";"7";"0";"2";"3";"16";"1";""
"202100043870";"123 252";"A01";"1";"2";"0";"2";"1";"1";"1";""
"202100043870";"123 253";"B01";"1";"7";"0";"2";"4";"2";"1";""
"202100043871";"123 250";"B01";"2";"7";"0";"2";"2";"16";"1";""
"202100043871";"123 251";"A01";"2";"2";"0";"2";"2";"18";"1";""
"202100043872";"123 249";"A01";"1";"99";"0";"1";"1";"15";"1";""
"202100043873";"123 247";"A01";"1";"13";"5";"2";"2";"12";"0";""
"202100043873";"123 248";"B01";"1";"7";"3";"2";"6";"1";"1";""
"202100043874";"123 246";"A01";"3";"7";"0";"1";"8";"15";"1";""
"202100043875";"123 245";"A01";"2";"7";"0";"1";"1";"1";"1";""
"202100043876";"123 243";"A01";"1";"7";"0";"2";"1";"1";"1";""
"202100043876";"123 244";"B01";"2";"7";"0";"2";"1";"1";"1";""
"202100043877";"123 241";"B01";"2";"10";"0";"0";"8";"15";"1";""
"202100043877";"123 242";"A01";"2";"31";"0";"2";"1";"17";"1";""
"202100043878";"123 240";"A01";"2";"7";"0";"1";"7";"1";"1";""
"202100043879";"123 239";"A01";"1";"7";"0";"1";"2";"1";"1";""
"202100043880";"123 236";"A01";"2";"7";"0";"2";"1";"1";"1";""
"202100043880";"123 237";"C01";"2";"7";"0";"2";"1";"26";"1";""
"202100043880";"123 238";"B01";"2";"7";"9";"0";"5";"15";"1";""
"202100043881";"123 234";"B01";"1";"7";"0";"2";"2";"16";"1";""
"202100043881";"123 235";"A01";"1";"1";"0";"2";"1";"1";"0";""
"202100043882";"123 233";"A01";"1";"15";"13";"0";"2";"26";"1";""
"202100043883";"123 230";"C01";"1";"7";"0";"0";"0";"0";"0";""
"202100043883";"123 231";"B01";"3";"3";"0";"0";"0";"0";"0";""
"202100043883";"123 232";"A01";"2";"7";"0";"0";"0";"0";"0";""
"202100043884";"123 228";"B01";"1";"7";"0";"2";"2";"1";"1";""
"202100043884";"123 229";"A01";"1";"1";"0";"2";"1";"9";"5";""
"202100043885";"123 226";"A01";"1";"50";"0";"2";"1";"1";"3";""
"202100043885";"123 227";"B01";"1";"7";"0";"2";"5";"2";"1";""
"202100043886";"123 224";"B01";"0";"37";"0";"2";"0";"0";"1";"2"
"202100043886";"123 225";"A01";"0";"10";"0";"2";"2";"15";"1";""
"202100043887";"123 222";"A01";"1";"7";"0";"2";"2";"15";"1";""
"202100043887";"123 223";"B01";"2";"31";"0";"2";"3";"1";"1";""
"202100043888";"123 221";"A01";"1";"30";"0";"1";"1";"11";"0";""
"202100043889";"123 219";"B01";"1";"7";"0";"0";"0";"24";"0";""
"202100043889";"123 220";"A01";"1";"2";"0";"2";"2";"21";"0";""
"202100043890";"123 217";"B01";"3";"7";"0";"2";"8";"1";"1";""
"202100043890";"123 218";"A01";"3";"7";"0";"2";"1";"1";"1";""
"202100043891";"123 215";"A01";"2";"7";"0";"2";"3";"9";"1";""
"202100043891";"123 216";"B01";"2";"7";"0";"2";"1";"1";"1";""
"202100043892";"123 211";"A01";"0";"2";"0";"2";"1";"17";"1";""
"202100043892";"123 212";"B01";"0";"1";"0";"2";"4";"15";"5";""
"202100043893";"123 209";"A01";"1";"15";"0";"0";"0";"1";"1";""
"202100043893";"123 210";"B01";"1";"7";"4";"0";"0";"1";"1";""
"202100043894";"123 208";"A01";"2";"7";"0";"1";"2";"19";"1";""
"202100043895";"123 207";"A01";"1";"7";"3";"2";"3";"19";"1";""
"202100043896";"123 206";"A01";"3";"7";"1";"0";"1";"14";"1";""
"202100043897";"123 204";"B01";"1";"34";"0";"2";"4";"23";"1";""
"202100043897";"123 205";"Z01";"1";"7";"0";"2";"1";"26";"1";""
"202100043898";"123 202";"B01";"1";"33";"0";"2";"1";"1";"1";""
"202100043898";"123 203";"A01";"1";"7";"0";"2";"3";"10";"1";""
"202100043899";"123 200";"A01";"3";"30";"0";"2";"1";"0";"1";""
"202100043899";"123 201";"B01";"3";"7";"0";"2";"1";"0";"0";""
"202100043900";"123 198";"B01";"2";"31";"0";"2";"1";"1";"1";""
"202100043900";"123 199";"A01";"1";"7";"0";"2";"0";"15";"1";""
"202100043901";"123 197";"A01";"3";"7";"1";"0";"2";"1";"1";""
"202100043902";"123 195";"A01";"2";"7";"0";"2";"5";"1";"1";""
"202100043902";"123 196";"B01";"3";"13";"0";"2";"1";"0";"1";""
"202100043903";"123 193";"A01";"3";"7";"0";"2";"3";"1";"1";""
"202100043903";"123 194";"B01";"3";"32";"0";"2";"4";"23";"1";""
"202100043904";"123 191";"A01";"2";"33";"0";"2";"4";"2";"1";""
"202100043904";"123 192";"Z01";"2";"7";"0";"2";"1";"2";"1";""
"202100043905";"123 190";"A01";"2";"80";"0";"2";"0";"21";"3";""
"202100043906";"123 188";"B01";"2";"7";"0";"2";"2";"1";"1";""
"202100043906";"123 189";"A01";"2";"50";"0";"2";"3";"13";"3";""
"202100043907";"123 186";"A01";"2";"32";"0";"2";"1";"1";"1";""
"202100043907";"123 187";"B01";"2";"1";"0";"2";"4";"21";"5";""
"202100043908";"123 184";"B01";"2";"1";"0";"2";"4";"17";"5";""
"202100043908";"123 185";"A01";"2";"7";"0";"2";"1";"17";"1";""
"202100043909";"123 181";"B01";"1";"10";"0";"2";"5";"2";"1";""
"202100043909";"123 182";"A01";"1";"33";"0";"2";"1";"2";"1";""
"202100043909";"123 183";"C01";"1";"7";"0";"2";"6";"1";"1";""
"202100043910";"123 179";"B01";"2";"7";"0";"2";"1";"15";"1";""
"202100043910";"123 180";"A01";"1";"34";"0";"2";"3";"7";"1";""
"202100043911";"123 178";"A01";"1";"50";"0";"1";"1";"1";"3";""
"202100043912";"123 177";"A01";"1";"32";"9";"0";"5";"13";"1";""
"202100043913";"123 175";"A01";"1";"33";"0";"2";"4";"23";"1";""
"202100043913";"123 176";"Z01";"1";"32";"0";"2";"1";"2";"1";""
"202100043914";"123 173";"A01";"1";"10";"0";"2";"2";"16";"1";""
"202100043914";"123 174";"B01";"1";"1";"0";"2";"1";"1";"5";""
"202100043915";"123 172";"A01";"2";"7";"0";"1";"4";"4";"1";""
"202100043916";"123 171";"A01";"3";"7";"0";"1";"7";"4";"2";""
"202100043917";"123 170";"A01";"2";"10";"7";"0";"3";"1";"1";""
"202100043918";"123 169";"A01";"3";"7";"0";"1";"1";"15";"1";""
"202100043919";"123 167";"A01";"1";"7";"0";"2";"3";"2";"1";""
"202100043919";"123 168";"B01";"3";"1";"0";"2";"0";"0";"5";""
"202100043920";"123 166";"A01";"1";"7";"0";"1";"0";"0";"6";""
"202100043921";"123 164";"A01";"3";"7";"0";"2";"1";"1";"0";""
"202100043921";"123 165";"B01";"3";"17";"0";"2";"4";"23";"0";""
"202100043922";"123 162";"A01";"1";"30";"0";"2";"4";"11";"1";""
"202100043922";"123 163";"B01";"1";"7";"0";"2";"1";"1";"1";""
"202100043923";"123 161";"X01";"0";"0";"0";"1";"0";"0";"0";""
"202100043924";"123 159";"A01";"1";"30";"0";"2";"2";"17";"1";""
"202100043924";"123 160";"B01";"2";"10";"0";"2";"3";"15";"1";""
"202100043925";"123 157";"B01";"1";"7";"0";"2";"4";"15";"1";""
"202100043925";"123 158";"A01";"1";"7";"0";"2";"1";"23";"1";""
"202100043926";"123 155";"A01";"2";"10";"0";"2";"1";"1";"1";""
"202100043926";"123 156";"B01";"2";"7";"0";"0";"4";"1";"1";""
"202100043927";"123 154";"A01";"2";"7";"0";"1";"3";"1";"1";""
"202100043928";"123 153";"A01";"1";"10";"0";"1";"1";"1";"1";""
"202100043929";"123 151";"B01";"2";"34";"0";"2";"8";"18";"1";""