"Num_Acc";"id_vehicule";"num_veh";"senc";"catv";"obs";"obsm";"choc";"manv";"motor";"occutc"
"202100044141";"122 773";"A01";"2";"7";"0";"2";"7";"15";"1";""
"202100044141";"122 774";"B01";"2";"7";"0";"2";"1";"1";"1";""
"202100044142";"122 772";"A01";"1";"7";"15";"0";"1";"14";"1";""
"202100044143";"122 771";"A01";"2";"1";"0";"1";"2";"1";"5";""
"202100044144";"122 770";"A01";"1";"7";"13";"0";"2";"15";"1";""
"202100044145";"122 769";"A01";"1";"7";"2";"0";"1";"13";"1";""
"202100044146";"122 768";"A01";"2";"7";"13";"0";"2";"14";"1";""
"202100044147";"122 767";"A01";"1";"7";"0";"1";"3";"1";"1";""
"202100044148";"122 765";"A01";"1";"30";"0";"2";"0";"15";"1";""
"202100044148";"122 766";"B01";"2";"7";"0";"2";"3";"1";"1";""
"202100044149";"122 763";"B01";"1";"50";"0";"2";"8";"19";"3";""
"202100044149";"122 764";"A01";"1";"7";"0";"2";"1";"1";"1";""
"202100044150";"122 761";"A01";"3";"10";"0";"2";"1";"15";"1";""
"202100044150";"122 762";"B01";"3";"7";"0";"2";"4";"15";"1";""
"202100044151";"122 757";"B01";"1";"33";"0";"2";"1";"17";"1";""
"202100044151";"122 758";"A01";"3";"7";"0";"2";"3";"15";"1";""
"202100044152";"122 755";"B01";"2";"7";"0";"2";"8";"15";"2";""
"202100044152";"122 756";"A01";"2";"31";"0";"2";"7";"3";"1";""
"202100044153";"122 749";"A01";"2";"7";"0";"2";"1";"2";"1";""
"202100044153";"122 750";"B01";"2";"7";"0";"2";"4";"2";"1";""
"202100044153";"122 751";"C01";"2";"32";"0";"2";"4";"2";"1";""
"202100044153";"122 752";"D01";"2";"7";"0";"2";"4";"2";"0";""
"202100044154";"122 747";"A01";"0";"7";"0";"2";"1";"9";"1";""
"202100044154";"122 748";"B01";"0";"32";"0";"2";"2";"3";"1";""
"202100044155";"122 746";"A01";"2";"43";"6";"0";"0";"2";"1";""
"202100044156";"122 744";"B01";"2";"80";"0";"2";"3";"25";"5";""
"202100044156";"122 745";"A01";"2";"7";"0";"2";"2";"25";"1";""
"202100044157";"122 742";"B01";"3";"7";"0";"2";"1";"9";"1";""
"202100044157";"122 743";"A01";"2";"7";"6";"0";"0";"0";"1";""
"202100044158";"122 740";"A01";"1";"7";"0";"2";"1";"2";"3";""
"202100044158";"122 741";"B01";"1";"10";"0";"2";"4";"2";"1";""
"202100044159";"122 738";"B01";"1";"33";"0";"2";"2";"17";"1";""
"202100044159";"122 739";"A01";"1";"7";"0";"2";"3";"15";"1";""
"202100044160";"122 737";"A01";"2";"1";"0";"1";"1";"1";"5";""
"202100044161";"122 735";"B01";"0";"30";"0";"2";"2";"1";"1";""
"202100044161";"122 736";"Z01";"0";"7";"0";"2";"0";"14";"0";""
"202100044162";"122 733";"B01";"2";"2";"0";"2";"2";"1";"1";""
"202100044162";"122 734";"A01";"2";"7";"0";"2";"4";"20";"1";""
"202100044163";"122 732";"A01";"2";"30";"0";"2";"0";"21";"1";""
"202100044164";"122 730";"B01";"2";"7";"0";"2";"2";"15";"1";""
"202100044164";"122 731";"A01";"1";"43";"0";"2";"1";"7";"1";""
"202100044165";"122 728";"B01";"1";"32";"0";"2";"3";"1";"1";""
"202100044165";"122 729";"A01";"1";"30";"0";"2";"5";"12";"1";""
"202100044166";"122 726";"A01";"3";"7";"0";"2";"1";"1";"1";""
"202100044166";"122 727";"B01";"3";"7";"0";"2";"4";"23";"1";""
"202100044167";"122 725";"A01";"3";"80";"0";"0";"0";"1";"3";""
"202100044168";"122 724";"A01";"1";"30";"0";"1";"7";"1";"3";""
"202100044169";"122 722";"A01";"1";"32";"0";"2";"1";"1";"1";""
"202100044169";"122 723";"B01";"0";"1";"0";"2";"8";"9";"5";""
"202100044170";"122 720";"B01";"1";"7";"0";"2";"2";"16";"1";""
"202100044170";"122 721";"A01";"1";"32";"0";"2";"3";"18";"1";""
"202100044171";"122 718";"B01";"3";"7";"0";"2";"7";"1";"1";""
"202100044171";"122 719";"A01";"2";"1";"0";"2";"1";"15";"5";""
"202100044172";"122 716";"B01";"1";"7";"0";"2";"4";"2";"1";""
"202100044172";"122 717";"A01";"1";"14";"0";"2";"1";"2";"1";""
"202100044173";"122 714";"A01";"3";"7";"0";"2";"4";"2";"1";""
"202100044173";"122 715";"B01";"2";"10";"1";"9";"4";"2";"1";""
"202100044174";"122 712";"B01";"2";"7";"0";"2";"4";"2";"1";""
"202100044174";"122 713";"A01";"2";"30";"0";"2";"1";"2";"1";""
"202100044175";"122 710";"B01";"3";"7";"0";"2";"8";"1";"3";""
"202100044175";"122 711";"A01";"3";"7";"0";"2";"1";"19";"1";""
"202100044176";"122 709";"Z01";"2";"50";"0";"1";"1";"25";"3";""
"202100044177";"122 707";"A01";"3";"32";"0";"2";"1";"1";"1";""
"202100044177";"122 708";"B01";"3";"7";"0";"2";"3";"15";"1";""
"202100044178";"122 706";"A01";"1";"7";"1";"0";"2";"14";"1";""
"202100044179";"122 704";"A01";"1";"7";"0";"2";"2";"2";"1";""
"202100044179";"122 705";"B01";"1";"7";"0";"2";"0";"0";"1";""
"202100044180";"122 702";"A01";"2";"32";"0";"2";"1";"21";"1";""
"202100044180";"122 703";"B01";"1";"7";"0";"2";"3";"21";"1";""
"202100044181";"122 700";"A01";"1";"7";"12";"2";"3";"15";"1";""
"202100044181";"122 701";"B01";"2";"30";"0";"2";"1";"1";"1";""
"202100044182";"122 698";"B01";"2";"33";"0";"2";"6";"1";"1";""
"202100044182";"122 699";"A01";"1";"7";"0";"2";"3";"2";"0";""
"202100044183";"122 696";"B01";"1";"50";"1";"0";"1";"1";"3";""
"202100044183";"122 697";"A01";"1";"7";"0";"2";"8";"22";"1";""
"202100044184";"122 694";"A01";"3";"7";"0";"2";"3";"16";"1";""
"202100044184";"122 695";"B01";"3";"1";"0";"2";"3";"5";"0";""
"202100044185";"122 693";"A01";"1";"7";"0";"0";"5";"23";"1";""
"202100044186";"122 691";"A01";"1";"10";"0";"2";"3";"16";"1";""
"202100044186";"122 692";"B01";"3";"1";"0";"2";"1";"19";"5";""
"202100044187";"122 690";"A01";"2";"50";"0";"1";"0";"19";"3";""
"202100044188";"122 689";"A01";"1";"30";"0";"0";"9";"1";"1";""
"202100044189";"122 688";"A01";"1";"7";"0";"1";"1";"9";"1";""
"202100044190";"122 686";"B01";"2";"33";"0";"2";"7";"1";"1";""
"202100044190";"122 687";"A01";"1";"7";"0";"2";"1";"1";"1";""
"202100044191";"122 684";"B01";"1";"7";"0";"2";"1";"1";"1";""
"202100044191";"122 685";"A01";"2";"7";"3";"2";"1";"13";"1";""
"202100044192";"122 682";"B01";"3";"1";"0";"2";"3";"1";"5";""
"202100044192";"122 683";"A01";"3";"7";"13";"2";"3";"1";"1";""
"202100044193";"122 680";"A01";"0";"7";"0";"0";"6";"10";"1";""
"202100044193";"122 681";"B01";"2";"33";"0";"2";"1";"1";"1";""
"202100044194";"122 678";"A01";"2";"33";"0";"0";"1";"2";"1";""
"202100044194";"122 679";"B01";"2";"21";"0";"2";"5";"15";"1";""
"202100044195";"122 677";"A01";"1";"7";"3";"0";"2";"2";"0";""
"202100044196";"122 675";"A01";"2";"7";"0";"2";"1";"17";"1";""
"202100044196";"122 676";"B01";"1";"33";"0";"2";"1";"1";"1";""
"202100044197";"122 674";"A01";"1";"2";"0";"0";"0";"1";"1";""
"202100044198";"122 672";"A01";"2";"7";"0";"2";"3";"1";"1";""
"202100044198";"122 673";"B01";"1";"7";"0";"2";"3";"1";"1";""
"202100044199";"122 670";"B01";"2";"13";"0";"2";"2";"1";"1";""
"202100044199";"122 671";"A01";"1";"10";"0";"2";"2";"13";"1";""
"202100044200";"122 669";"A01";"1";"10";"13";"0";"7";"1";"1";""
"202100044201";"122 667";"B01";"3";"7";"0";"2";"3";"14";"1";""
"202100044201";"122 668";"A01";"3";"7";"0";"2";"3";"13";"1";""
"202100044202";"122 666";"A01";"1";"7";"0";"0";"9";"1";"1";""
"202100044203";"122 664";"B01";"1";"7";"0";"2";"1";"1";"1";""
"202100044203";"122 665";"A01";"1";"7";"0";"2";"3";"9";"1";""
"202100044204";"122 663";"A01";"3";"32";"0";"0";"9";"14";"1";""
"202100044205";"122 661";"A01";"2";"7";"0";"2";"3";"13";"2";""
"202100044205";"122 662";"B01";"1";"15";"0";"2";"3";"1";"1";""
"202100044206";"122 659";"B01";"1";"10";"0";"0";"4";"1";"1";""
"202100044206";"122 660";"A01";"1";"10";"0";"2";"1";"2";"1";""
"202100044207";"122 655";"D01";"2";"7";"5";"0";"1";"0";"1";""
"202100044207";"122 656";"C01";"2";"10";"0";"2";"1";"0";"1";""
"202100044207";"122 657";"B01";"2";"10";"1";"0";"1";"0";"1";""
"202100044207";"122 658";"A01";"2";"7";"3";"0";"0";"0";"1";""
"202100044208";"122 652";"A01";"2";"7";"0";"2";"2";"5";"1";""
"202100044208";"122 653";"C01";"1";"7";"0";"2";"1";"2";"1";""
"202100044208";"122 654";"B01";"1";"7";"0";"2";"1";"5";"1";""
"202100044209";"122 648";"B01";"3";"10";"0";"2";"1";"15";"1";""
"202100044209";"122 649";"A01";"3";"1";"0";"2";"1";"1";"5";""
"202100044210";"122 646";"B01";"1";"2";"0";"2";"2";"2";"1";""
"202100044210";"122 647";"A01";"2";"7";"0";"2";"3";"9";"1";""
"202100044211";"122 644";"A01";"1";"33";"0";"2";"8";"21";"1";""
"202100044211";"122 645";"B01";"1";"15";"0";"2";"2";"16";"1";""
"202100044212";"122 642";"B01";"1";"2";"0";"2";"1";"1";"1";""
"202100044212";"122 643";"A01";"2";"7";"0";"2";"2";"15";"1";""
"202100044213";"122 640";"B01";"2";"7";"0";"2";"3";"1";"1";""
"202100044213";"122 641";"A01";"1";"10";"0";"2";"6";"13";"1";""
"202100044214";"122 639";"A01";"3";"7";"0";"1";"2";"1";"1";""
"202100044215";"122 638";"A01";"2";"7";"0";"1";"5";"4";"1";""
"202100044216";"122 637";"A01";"1";"7";"13";"0";"1";"1";"1";""
"202100044217";"122 636";"A01";"1";"7";"13";"0";"9";"1";"1";""
"202100044218";"122 634";"A01";"1";"7";"0";"2";"4";"1";"1";""
"202100044218";"122 635";"B01";"1";"33";"0";"2";"1";"1";"1";""
"202100044219";"122 632";"A01";"1";"10";"0";"2";"1";"1";"1";""
"202100044219";"122 633";"B01";"1";"7";"0";"2";"4";"1";"1";""
"202100044220";"122 630";"A01";"1";"7";"0";"2";"1";"2";"1";""
"202100044220";"122 631";"B01";"1";"7";"0";"2";"4";"1";"1";""
"202100044221";"122 628";"B01";"2";"15";"0";"2";"3";"11";"1";""
"202100044221";"122 629";"A01";"2";"7";"0";"2";"2";"1";"1";""
"202100044222";"122 627";"A01";"1";"7";"4";"0";"2";"26";"1";""
"202100044223";"122 625";"A01";"1";"7";"0";"2";"1";"1";"1";""
"202100044223";"122 626";"B01";"1";"7";"0";"2";"4";"2";"1";""
"202100044224";"122 623";"A01";"1";"33";"0";"2";"0";"26";"1";""
"202100044224";"122 624";"B01";"1";"7";"0";"2";"2";"0";"1";""
"202100044225";"122 621";"B01";"2";"7";"0";"2";"1";"2";"1";""
"202100044225";"122 622";"A01";"2";"7";"0";"2";"4";"2";"1";""
"202100044226";"122 614";"A01";"2";"10";"0";"2";"4";"2";"1";""
"202100044226";"122 615";"B01";"2";"13";"0";"2";"1";"2";"1";""
"202100044226";"122 616";"C01";"2";"7";"0";"2";"4";"0";"1";""
"202100044226";"122 617";"D01";"2";"10";"0";"2";"1";"1";"1";""
"202100044226";"122 618";"E01";"2";"7";"0";"2";"4";"2";"1";""
"202100044226";"122 619";"F01";"2";"7";"0";"2";"8";"2";"1";""
"202100044226";"122 620";"G01";"2";"7";"0";"2";"0";"2";"1";""
"202100044227";"122 612";"B01";"1";"7";"0";"2";"0";"21";"1";""
"202100044227";"122 613";"A01";"1";"7";"0";"2";"6";"26";"1";""
"202100044228";"122 611";"A01";"2";"33";"3";"0";"9";"1";"1";""
"202100044229";"122 608";"C01";"1";"7";"0";"2";"6";"1";"1";""
"202100044229";"122 609";"A01";"1";"7";"0";"2";"3";"11";"1";""
"202100044229";"122 610";"B01";"1";"7";"0";"2";"2";"1";"1";""
"202100044230";"122 606";"A01";"1";"10";"0";"2";"3";"12";"1";""
"202100044230";"122 607";"B01";"1";"15";"0";"2";"5";"11";"1";""
"202100044231";"122 603";"B01";"1";"10";"0";"2";"4";"2";"1";""
"202100044231";"122 604";"A01";"1";"10";"0";"2";"1";"2";"1";""
"202100044231";"122 605";"C01";"1";"7";"0";"2";"4";"2";"1";""
"202100044232";"122 601";"A01";"1";"14";"0";"2";"3";"2";"1";""
"202100044232";"122 602";"B01";"1";"7";"3";"2";"5";"12";"1";""
"202100044233";"122 599";"A01";"1";"7";"0";"2";"1";"26";"1";""
"202100044233";"122 600";"B01";"1";"7";"0";"2";"4";"26";"1";""
"202100044234";"122 596";"B01";"2";"2";"0";"2";"1";"1";"1";""
"202100044234";"122 597";"A01";"2";"7";"0";"2";"7";"15";"1";""
"202100044235";"122 595";"A01";"1";"30";"0";"1";"1";"1";"1";""
"202100044236";"122 594";"A01";"1";"7";"0";"1";"2";"1";"1";""
"202100044237";"122 593";"A01";"1";"2";"0";"0";"9";"1";"1";""
"202100044238";"122 591";"B01";"1";"7";"0";"2";"1";"0";"1";""
"202100044238";"122 592";"A01";"1";"7";"0";"2";"4";"0";"1";""
"202100044239";"122 590";"A01";"1";"50";"0";"2";"8";"26";"3";""
"202100044240";"122 589";"A01";"1";"7";"4";"0";"2";"1";"1";""
"202100044241";"122 587";"A01";"1";"33";"0";"2";"1";"2";"1";""
"202100044241";"122 588";"B01";"1";"7";"0";"2";"4";"2";"1";""
"202100044242";"122 585";"B01";"1";"7";"0";"2";"4";"1";"0";""
"202100044242";"122 586";"A01";"1";"36";"1";"2";"1";"1";"1";""
"202100044243";"122 584";"A01";"2";"7";"0";"1";"1";"19";"1";""
"202100044244";"122 583";"A01";"3";"10";"14";"0";"3";"1";"1";""
"202100044245";"122 581";"B01";"2";"1";"0";"2";"1";"1";"5";""
"202100044245";"122 582";"A01";"1";"7";"0";"2";"5";"15";"1";""
"202100044246";"122 579";"B01";"1";"2";"0";"2";"7";"1";"1";""
"202100044246";"122 580";"A01";"1";"7";"0";"2";"8";"11";"1";""
"202100044247";"122 577";"A01";"1";"10";"0";"9";"2";"26";"1";""
"202100044247";"122 578";"B01";"1";"1";"0";"2";"7";"26";"5";""
"202100044248";"122 576";"A01";"0";"7";"0";"1";"1";"16";"1";""
"202100044249";"122 574";"B01";"0";"7";"0";"2";"7";"0";"1";""
"202100044249";"122 575";"A01";"2";"7";"0";"2";"7";"1";"1";""
"202100044250";"122 572";"A01";"1";"7";"0";"2";"6";"22";"1";""
"202100044250";"122 573";"B01";"1";"50";"0";"2";"1";"1";"3";""
"202100044251";"122 570";"A01";"1";"7";"0";"2";"8";"1";"1";""
"202100044251";"122 571";"B01";"0";"50";"0";"2";"1";"19";"3";""
"202100044252";"122 568";"A01";"1";"10";"0";"2";"1";"9";"1";""
"202100044252";"122 569";"B01";"2";"33";"0";"2";"2";"1";"1";""
"202100044253";"122 566";"B01";"1";"7";"0";"2";"8";"19";"1";""
"202100044253";"122 567";"A01";"1";"7";"0";"2";"1";"19";"1";""
"202100044254";"122 563";"A01";"1";"7";"0";"2";"1";"2";"1";""
"202100044254";"122 564";"B01";"1";"7";"0";"2";"4";"23";"1";""
"202100044254";"122 565";"C01";"1";"7";"0";"2";"4";"23";"1";""
"202100044255";"122 562";"A01";"2";"7";"15";"0";"2";"14";"1";""
"202100044256";"122 560";"A01";"2";"7";"0";"2";"3";"1";"1";""
"202100044256";"122 561";"B01";"1";"7";"0";"2";"2";"1";"1";""
"202100044257";"122 558";"B01";"1";"7";"0";"2";"7";"1";"1";""
"202100044257";"122 559";"A01";"1";"2";"0";"2";"1";"19";"1";""
"202100044258";"122 555";"C01";"2";"7";"0";"2";"1";"2";"1";""
"202100044258";"122 556";"B01";"2";"7";"0";"2";"4";"2";"1";""
"202100044258";"122 557";"A01";"2";"7";"0";"2";"4";"15";"1";""
"202100044259";"122 553";"B01";" -1";"1";"0";"2";"1";"19";"5";""
"202100044259";"122 554";"A01";"2";"7";"0";"2";"1";"1";"1";""
"202100044260";"122 551";"B01";"2";"1";"1";"0";"1";"1";"5";""
"202100044260";"122 552";"A01";"2";"10";"0";"2";"8";"22";"1";""
"202100044261";"122 549";"A01";"1";"7";"1";"2";"1";"2";"1";""
"202100044261";"122 550";"B01";"2";"7";"0";"2";"4";"2";"1";""
"202100044262";"122 548";"B01";"2";"2";"0";"0";"7";"26";"3";""
"202100044263";"122 546";"B01";"1";"80";"0";"2";"1";"1";"3";""
"202100044263";"122 547";"A01";"2";"7";"0";"2";"2";"15";"1";""
"202100044264";"122 545";"A01";"3";"7";"8";"0";"3";"5";"1";""
"202100044265";"122 544";"A01";"3";"33";"1";"0";"1";"26";"0";""
"202100044266";"122 542";"A01";"3";"50";"0";"2";"1";"1";"3";""
"202100044266";"122 543";"B01";"3";"7";"0";"2";"3";"1";"1";""
"202100044267";"122 540";"A01";"1";"7";"0";"9";"1";"1";"1";""
"202100044267";"122 541";"B01";"1";"1";"0";"2";"8";"1";"5";""
"202100044268";"122 538";"A01";"0";"10";"0";"2";"1";"1";"1";""
"202100044268";"122 539";"B01";"0";"7";"0";"2";"5";"1";"1";""
"202100044269";"122 536";"B01";"0";"7";"0";"2";"1";"1";"1";""
"202100044269";"122 537";"A01";"0";"7";"0";"2";"1";"13";"0";""
"202100044270";"122 534";"B01";"1";"2";"0";"2";"0";"0";"1";""
"202100044270";"122 535";"A01";"1";"7";"0";"2";"1";"15";"1";""
"202100044271";"122 532";"A01";"2";"7";"0";"2";"2";"15";"1";""
"202100044271";"122 533";"B01";"1";"33";"0";"2";"1";"1";"1";""
"202100044272";"122 530";"B01";"1";"7";"0";"2";"4";"23";"1";""
"202100044272";"122 531";"A01";"1";"7";"0";"2";"1";"2";"1";""
"202100044273";"122 529";"A01";"1";"10";"3";"0";"7";"14";"1";""
"202100044274";"122 527";"B01";"1";"31";"0";"2";"1";"1";"1";""
"202100044274";"122 528";"A01";"2";"7";"0";"2";"7";"1";"1";""
"202100044275";"122 525";"A01";"1";"7";"0";"2";"1";"2";"1";""
"202100044275";"122 526";"B01";"1";"7";"0";"2";"4";"23";"1";""
"202100044276";"122 524";"A01";"2";"7";"8";"0";"1";"1";"1";""
"202100044277";"122 522";"B01";"1";"7";"0";"2";"5";"16";"1";""
"202100044277";"122 523";"A01";"1";"31";"0";"2";"1";"7";"1";""
"202100044278";"122 520";"B01";"1";"7";"0";"2";"2";"15";"1";""
"202100044278";"122 521";"A01";"2";"32";"0";"2";"1";"1";"1";""
"202100044279";"122 518";"A01";"3";"33";"0";"0";"0";"0";"1";""
"202100044279";"122 519";"B01";"3";"7";"0";"0";"0";"0";"1";""
"202100044280";"122 517";"A01";"3";"7";"0";"1";"4";"4";"1";""
"202100044281";"122 515";"A01";"2";"1";"0";"2";"1";"19";"5";""
"202100044281";"122 516";"B01";"1";"7";"0";"2";"7";"1";"1";""
"202100044282";"122 512";"Z01";"1";"7";"0";"2";"2";"12";"1";""
"202100044282";"122 513";"B01";"1";"7";"0";"2";"7";"1";"1";""
"202100044282";"122 514";"A01";"1";"38";"0";"2";"3";"1";"1";"1"
"202100044283";"122 511";"A01";"3";"7";"0";"1";"6";"4";"1";""
"202100044284";"122 509";"A01";"3";"7";"0";"2";"1";"2";"1";""
"202100044284";"122 510";"B01";"3";"7";"0";"2";"4";"23";"1";""
"202100044285";"122 507";"B01";"1";"30";"0";"2";"9";"0";"1";""
"202100044285";"122 508";"A01";"2";"7";"0";"2";"1";"1";"1";""
"202100044286";"122 504";"A01";"3";"7";"0";"2";"1";"26";"1";""
"202100044286";"122 505";"C01";"3";"7";"0";"2";"2";"24";"1";""
"202100044286";"122 506";"B01";"3";"7";"0";"2";"7";"1";"1";""
"202100044287";"122 502";"B01";"3";"7";"0";"2";"3";"15";"1";""
"202100044287";"122 503";"A01";"3";"30";"0";"2";"7";"17";"1";""
"202100044288";"122 501";"A01";"2";"10";"0";"1";"1";"1";"1";""
"202100044289";"122 499";"A01";"2";"2";"0";"2";"1";"1";"1";""
"202100044289";"122 500";"B01";"2";"7";"0";"2";"5";"15";"1";""
"202100044290";"122 497";"D01";"3";"60";"0";"2";"1";"19";"5";""
"202100044290";"122 498";"A01";"1";"7";"0";"2";"2";"1";"1";""
"202100044291";"122 494";"B01";"1";"43";"0";"2";"4";"3";"1";""
"202100044291";"122 495";"C01";"1";"7";"0";"2";"8";"1";"1";""
"202100044291";"122 496";"A01";"1";"33";"0";"2";"1";"3";"1";""
"202100044292";"122 492";"B01";"1";"7";"0";"2";"1";"2";"2";""
"202100044292";"122 493";"A01";"1";"7";"0";"2";"4";"2";"1";""
"202100044293";"122 490";"Z01";"1";"33";"0";"2";"0";"1";"1";""
"202100044293";"122 491";"A01";"1";"1";"0";"2";"3";"1";"5";""
"202100044294";"122 488";"B01";"1";"1";"0";"2";"8";"19";"5";""
"202100044294";"122 489";"A01";"2";"7";"0";"2";"3";"15";"1";""
"202100044295";"122 486";"B01";"2";"2";"0";"2";"5";"1";"1";""
"202100044295";"122 487";"A01";"2";"7";"0";"2";"3";"10";"1";""
"202100044296";"122 484";"B01";"2";"7";"0";"2";"8";"22";"1";""
"202100044296";"122 485";"A01";"2";"1";"0";"2";"1";"1";"5";""
"202100044297";"122 482";"B01";"3";"30";"0";"2";"1";"17";"1";""
"202100044297";"122 483";"A01";"3";"80";"0";"2";"8";"19";"3";""
"202100044298";"122 480";"A01";"2";"7";"0";"2";"3";"2";"1";""
"202100044298";"122 481";"B01";"2";"32";"0";"2";"5";"2";"1";""
"202100044299";"122 479";"A01";"1";"50";"0";"1";"1";"5";"3";""
"202100044300";"122 477";"B01";"2";"7";"0";"2";"2";"16";"1";""
"202100044300";"122 478";"A01";"2";"32";"0";"2";"3";"18";"1";""
"202100044301";"122 475";"B01";"2";"33";"0";"2";"8";"1";"1";""
"202100044301";"122 476";"A01";"1";"7";"0";"2";"3";"15";"1";""
"202100044302";"122 474";"A01";"2";"50";"0";"1";"1";"25";"3";""
"202100044303";"122 473";"A01";"2";"1";"0";"1";"1";"1";"5";""
"202100044304";"122 471";"B01";"1";"30";"0";"2";"4";"23";"1";""
"202100044304";"122 472";"A01";"1";"7";"0";"2";"1";"2";"1";""
"202100044305";"122 470";"A01";"1";"7";"0";"1";"4";"4";"1";""
"202100044306";"122 469";"A01";"1";"7";"0";"1";"3";"1";"1";""
"202100044307";"122 467";"B01";"1";"7";"0";"2";"0";"0";"1";""
"202100044307";"122 468";"A01";"1";"7";"0";"2";"0";"19";"1";""
"202100044308";"122 466";"A01";"2";"7";"0";"1";"3";"1";"1";""
"202100044309";"122 463";"C01";"3";"7";"0";"2";"0";"0";"1";""
"202100044309";"122 464";"B01";" -1";"7";"0";"2";"8";"1";"1";""
"202100044309";"122 465";"A01";" -1";"32";"0";"2";"1";"1";"3";""
"202100044310";"122 462";"A01";"1";"10";"0";"1";"3";"11";"0";""
"202100044311";"122 461";"A01";"1";"7";"0";"1";"0";"11";"0";""
"202100044312";"122 459";"A01";"1";"7";"0";"2";"3";"15";"1";""
"202100044312";"122 460";"B01";"1";"43";"0";"2";"1";"17";"1";""
"202100044313";"122 458";"A01";"1";"7";"0";"1";"2";"1";"1";""
"202100044314";"122 457";"A01";"2";"1";"0";"1";"1";"1";"5";""
"202100044315";"122 456";"A01";"0";"7";"1";"0";"2";"26";"1";""
"202100044316";"122 454";"A01";"1";"30";"0";"2";"1";"1";"1";""
"202100044316";"122 455";"B01";"2";"10";"0";"2";"3";"19";"1";""
"202100044317";"122 453";"A01";"1";"33";"0";"1";"1";"1";"1";""
"202100044318";"122 451";"A01";"1";"7";"0";"2";"3";"9";"1";""
"202100044318";"122 452";"B01";"1";"1";"0";"2";"7";"1";"5";""
"202100044319";"122 449";"A01";"2";"7";"0";"2";"7";"15";"1";""
"202100044319";"122 450";"B01";"1";"37";"0";"2";"2";"1";"1";"1"
"202100044320";"122 447";"A01";"1";"3";"0";"2";"1";"1";"1";""
"202100044320";"122 448";"B01";"1";"1";"0";"2";"4";"15";"5";""
"202100044321";"122 445";"A01";"1";"7";"0";"2";"3";"19";"1";""
"202100044321";"122 446";"B01";"2";"2";"0";"0";"8";"1";"1";""
"202100044322";"122 443";"A01";"0";"7";"0";"2";"2";"1";"1";""
"202100044322";"122 444";"B01";"0";"2";"0";"2";"3";"1";"1";""
"202100044323";"122 442";"A01";"3";"2";"0";"0";"8";"15";"1";""
"202100044324";"122 440";"A01";"3";"21";"0";"2";"2";"16";"1";""
"202100044324";"122 441";"B01";"3";"2";"0";"2";"1";"18";"1";""
"202100044325";"122 436";"C01";"1";"10";"0";"2";"1";"2";"1";""
"202100044325";"122 437";"B01";"1";"7";"0";"2";"3";"1";"1";""
"202100044325";"122 438";"D01";"1";"7";"0";"2";"1";"2";"1";""
"202100044325";"122 439";"A01";"2";"7";"0";"2";"3";"13";"1";""
"202100044326";"122 434";"B01";"2";"7";"0";"2";"7";"1";"1";""
"202100044326";"122 435";"A01";"3";"7";"0";"2";"1";"19";"1";""
"202100044327";"122 433";"A01";"2";"7";"2";"0";"1";"1";"1";""
"202100044328";"122 431";"A01";"1";"0";"0";"2";"0";"0";"0";""
"202100044328";"122 432";"B01";"1";"1";"0";"0";"4";"1";"5";""
"202100044329";"122 429";"A01";"3";"7";"1";"2";"7";"13";"1";""
"202100044329";"122 430";"B01";"3";"7";"0";"2";"1";"1";"1";""
"202100044330";"122 428";"A01";"2";"7";"13";"0";"1";"14";"1";""
"202100044331";"122 426";"A01";"1";"17";"0";"2";"1";"17";"1";""
"202100044331";"122 427";"B01";"1";"7";"0";"2";"8";"26";"1";""
"202100044332";"122 425";"A01";"2";"2";"2";"0";"2";"1";"1";""
"202100044333";"122 423";"A01";"1";"7";"0";"2";"1";"1";"1";""
"202100044333";"122 424";"B01";"2";"7";"0";"2";"8";"14";"1";""
"202100044334";"122 422";"A01";"1";"7";"2";"0";"3";"13";"1";""
"202100044335";"122 420";"A01";"0";"7";"0";"9";"4";"2";"1";""
"202100044335";"122 421";"B01";"3";"1";"0";"0";"4";"1";"5";""
"202100044336";"122 418";"A01";"2";"7";"0";"0";"8";"19";"1";""
"202100044336";"122 419";"B01";"2";"31";"0";"2";"3";"21";"1";""
"202100044337";"122 416";"A01";"1";"10";"0";"2";"2";"0";"1";""
"202100044337";"122 417";"B01";"1";"10";"0";"2";"6";"0";"0";""
"202100044338";"122 414";"B01";"1";"10";"0";"9";"1";"17";"1";""
"202100044338";"122 415";"A01";"1";"17";"0";"2";"0";"1";"1";""
"202100044339";"122 413";"A01";"3";"7";"16";"0";"9";"26";"1";""
"202100044340";"122 412";"A01";"3";"21";"0";"1";"5";"17";"1";""
"202100044341";"122 411";"A01";"1";"7";"13";"0";"1";"5";"1";""
"202100044342";"122 410";"A01";"2";"7";"13";"0";"1";"1";"1";""
"202100044343";"122 409";"A01";"1";"7";"5";"0";"0";"2";"1";""
"202100044344";"122 407";"B01";"1";"7";"0";"2";"1";"1";"1";""
"202100044344";"122 408";"A01";"2";"7";"0";"2";"1";"13";"1";""
"202100044345";"122 406";"A01";"1";"7";"0";"0";"1";"1";"1";""
"202100044346";"122 405";"A01";"2";"14";"3";"0";"7";"14";"1";""
"202100044347";"122 403";"B01";"2";"10";"0";"2";"8";"21";"1";""
"202100044347";"122 404";"A01";"1";"7";"0";"2";"3";"13";"1";""
"202100044348";"122 400";"A01";"1";"7";"0";"2";"7";"2";"1";""