"Num_Acc";"id_vehicule";"num_veh";"senc";"catv";"obs";"obsm";"choc";"manv";"motor";"occutc"
"202100044585";"122 022";"B01";"2";"10";"0";"2";"1";"1";"1";""
"202100044585";"122 023";"A01";"1";"30";"0";"2";"1";"17";"0";""
"202100044586";"122 020";"A01";"0";"7";"15";"2";"8";"19";"1";""
"202100044586";"122 021";"B01";"2";"7";"0";"2";"1";"21";"1";""
"202100044587";"122 019";"A01";"1";"7";"8";"0";"1";"25";"1";""
"202100044588";"122 017";"A01";"1";"7";"0";"2";"2";"9";"1";""
"202100044588";"122 018";"B01";"1";"30";"0";"2";"1";"2";"1";""
"202100044589";"122 016";"Z01";"2";"2";"0";"1";"1";"1";"0";""
"202100044590";"122 015";"A01";"3";"50";"0";"1";"1";"1";"3";""
"202100044591";"122 014";"A01";"2";"43";"0";"1";"1";"3";"1";""
"202100044592";"122 011";"C01";"2";"60";"0";"2";"8";"16";"5";""
"202100044592";"122 012";"B01";"2";"1";"0";"2";"8";"16";"5";""
"202100044592";"122 013";"A01";"2";"14";"0";"2";"2";"16";"1";""
"202100044593";"122 009";"A01";"3";"10";"0";"2";"1";"1";"1";""
"202100044593";"122 010";"B01";"3";"7";"0";"2";"4";"23";"1";""
"202100044594";"122 007";"A01";"2";"2";"0";"2";"6";"9";"1";""
"202100044594";"122 008";"B01";"2";"1";"0";"2";"1";"1";"5";""
"202100044595";"122 006";"A01";"1";"7";"0";"1";"1";"1";"1";""
"202100044596";"122 005";"A01";"1";"31";"0";"0";"3";"15";"3";""
"202100044597";"122 003";"A01";"2";"10";"0";"2";"0";"9";"1";""
"202100044597";"122 004";"B01";"2";"33";"0";"2";"0";"21";"1";""
"202100044598";"122 001";"A01";"1";"7";"0";"2";"2";"15";"1";""
"202100044598";"122 002";"B01";"2";"2";"0";"2";"1";"1";"1";""
"202100044599";"121 999";"B01";"2";"31";"0";"2";"3";"1";"1";""
"202100044599";"122 000";"A01";"1";"7";"0";"2";"1";"15";"1";""
"202100044600";"121 997";"A01";"1";"7";"0";"2";"3";"15";"1";""
"202100044600";"121 998";"B01";"2";"37";"0";"2";"2";"1";"1";"3"
"202100044601";"121 995";"A01";"2";"7";"0";"2";"3";"15";"1";""
"202100044601";"121 996";"B01";"1";"31";"1";"2";"1";"1";"1";""
"202100044602";"121 993";"A01";"1";"30";"0";"2";"1";"2";"1";""
"202100044602";"121 994";"B01";"1";"7";"0";"2";"6";"2";"1";""
"202100044603";"121 991";"A01";"1";"43";"0";"2";"1";"1";"1";""
"202100044603";"121 992";"B01";"1";"7";"0";"2";"4";"26";"1";""
"202100044604";"121 989";"A01";"2";"7";"0";"2";"1";"2";"1";""
"202100044604";"121 990";"B01";"2";"7";"0";"2";"4";"23";"1";""
"202100044605";"121 987";"A01";"2";"7";"0";"1";"1";"1";"1";""
"202100044605";"121 988";"B01";"1";"7";"0";"2";"2";"1";"1";""
"202100044606";"121 986";"A01";"1";"50";"0";"1";"1";"0";"3";""
"202100044607";"121 984";"A01";"1";"33";"0";"2";"5";"15";"1";""
"202100044607";"121 985";"B01";"3";"7";"0";"2";"4";"26";"1";""
"202100044608";"121 983";"A01";"1";"7";"0";"1";"4";"20";"1";""
"202100044609";"121 981";"B01";"1";"32";"0";"2";"1";"1";"1";""
"202100044609";"121 982";"A01";"1";"10";"0";"0";"0";"0";"0";""
"202100044610";"121 979";"A01";"1";"7";"0";"9";"1";"1";"1";""
"202100044610";"121 980";"B01";"3";"99";"0";"2";"8";"0";"3";""
"202100044611";"121 977";"B01";"0";"7";"1";"2";"1";"26";"1";""
"202100044611";"121 978";"A01";"1";"30";"0";"2";"2";"1";"1";""
"202100044612";"121 975";"A01";"2";"10";"0";"2";"3";"15";"1";""
"202100044612";"121 976";"B01";"2";"32";"0";"2";"1";"17";"1";""
"202100044613";"121 974";"A01";"3";"1";"0";"1";"8";"1";"0";""
"202100044614";"121 973";"A01";"2";"1";"8";"0";"1";"1";"0";""
"202100044615";"121 971";"Z01";"3";"7";"0";"2";"1";"9";"0";""
"202100044615";"121 972";"B01";"1";"50";"0";"2";"7";"1";"3";""
"202100044616";"121 969";"B01";"1";"32";"0";"2";"3";"1";"1";""
"202100044616";"121 970";"A01";"1";"1";"0";"2";"2";"12";"5";""
"202100044617";"121 967";"B01";"2";"7";"0";"2";"1";"1";"1";""
"202100044617";"121 968";"A01";"2";"34";"0";"2";"1";"1";"1";""
"202100044618";"121 966";"A01";"2";"7";"6";"0";"1";"1";"1";""
"202100044619";"121 965";"A01";"2";"7";"15";"0";"2";"14";"1";""
"202100044620";"121 964";"A01";"1";"7";"0";"1";"2";"1";"1";""
"202100044621";"121 963";"A01";"2";"1";"0";"0";"0";"0";"5";""
"202100044622";"121 961";"B01";"3";"7";"0";"2";"1";"1";"1";""
"202100044622";"121 962";"A01";"3";"2";"0";"2";"1";"13";"1";""
"202100044623";"121 959";"B01";"3";"7";"0";"2";"5";"19";"1";""
"202100044623";"121 960";"A01";"3";"1";"0";"2";"3";"1";"5";""
"202100044624";"121 958";"A01";"1";"2";"2";"0";"3";"15";"1";""
"202100044625";"121 956";"B01";"2";"7";"0";"0";"0";"19";"0";""
"202100044625";"121 957";"A01";"1";"33";"0";"0";"0";"1";"0";""
"202100044626";"121 954";"B01";"1";"7";"0";"2";"1";"1";"1";""
"202100044626";"121 955";"A01";"2";"7";"0";"2";"1";"1";"1";""
"202100044627";"121 952";"A01";"1";"1";"0";"0";"8";"15";"5";""
"202100044627";"121 953";"B01";"1";"2";"0";"2";"1";"15";"1";""
"202100044628";"121 950";"A01";"2";"7";"8";"2";"3";"13";"1";""
"202100044628";"121 951";"B01";"1";"7";"0";"2";"3";"15";"1";""
"202100044629";"121 949";"A01";"1";"7";"2";"0";"1";"1";"1";""
"202100044630";"121 948";"A01";"3";"7";"0";"1";"4";"4";"1";""
"202100044631";"121 946";"B01";"1";"10";"0";"0";"1";"1";"1";""
"202100044631";"121 947";"A01";"2";"7";"0";"2";"7";"13";"1";""
"202100044632";"121 944";"B01";"1";"33";"0";"2";"3";"17";"1";""
"202100044632";"121 945";"A01";"1";"7";"0";"2";"8";"1";"1";""
"202100044633";"121 943";"A01";"1";"10";"0";"1";"2";"1";"1";""
"202100044634";"121 941";"A01";"1";"7";"0";"2";"3";"15";"1";""
"202100044634";"121 942";"B01";"1";"33";"0";"2";"1";"17";"1";""
"202100044635";"121 938";"B01";"1";"7";"2";"2";"8";"13";"1";""
"202100044635";"121 939";"A01";"2";"7";"2";"2";"8";"1";"1";""
"202100044636";"121 937";"A01";"2";"33";"2";"0";"1";"1";"1";""
"202100044637";"121 935";"A01";"3";"33";"0";"2";"2";"17";"1";""
"202100044637";"121 936";"B01";"3";"21";"0";"2";"3";"15";"1";""
"202100044638";"121 933";"A01";"1";"7";"2";"0";"1";"2";"1";""
"202100044638";"121 934";"B01";"1";"7";"2";"2";"4";"2";"1";""
"202100044639";"121 931";"A01";"2";"31";"2";"2";"1";"0";"0";""
"202100044639";"121 932";"B01";"2";"33";"2";"2";"4";"2";"0";""
"202100044640";"121 929";"A01";"2";"7";"0";"9";"8";"1";"1";""
"202100044640";"121 930";"B01";"1";"1";"0";"2";"3";"1";"5";""
"202100044641";"121 927";"A01";"1";"7";"0";"0";"3";"13";"1";""
"202100044641";"121 928";"B01";"2";"7";"0";"2";"3";"1";"1";""
"202100044642";"121 925";"A01";"1";"17";"0";"2";"2";"1";"1";""
"202100044642";"121 926";"B01";"1";"13";"0";"2";"6";"1";"1";""
"202100044643";"121 923";"B01";"2";"7";"0";"2";"6";"1";"1";""
"202100044643";"121 924";"A01";"2";"7";"0";"2";"2";"26";"1";""
"202100044644";"121 920";"C01";"1";"7";"0";"2";"8";"2";"1";""
"202100044644";"121 921";"B01";"1";"7";"0";"2";"4";"2";"1";""
"202100044644";"121 922";"A01";"1";"34";"0";"2";"1";"2";"1";""
"202100044645";"121 918";"A01";"2";"7";"0";"2";"1";"26";"1";""
"202100044645";"121 919";"B01";"2";"17";"0";"2";"4";"0";"1";""
"202100044646";"121 914";"D01";"1";"7";"0";"2";"3";"2";"2";""
"202100044646";"121 915";"B01";"1";"33";"0";"2";"0";"3";"1";""
"202100044646";"121 916";"A01";"1";"7";"0";"2";"4";"2";"1";""
"202100044646";"121 917";"C01";"1";"7";"0";"2";"2";"2";"1";""
"202100044647";"121 912";"A01";"1";"7";"0";"2";"4";"0";"1";""
"202100044647";"121 913";"B01";"1";"15";"0";"2";"2";"0";"1";""
"202100044648";"121 908";"A01";"1";"10";"0";"2";"1";"1";"1";""
"202100044648";"121 909";"B01";"1";"7";"0";"2";"4";"1";"1";""
"202100044648";"121 910";"D01";"1";"7";"0";"2";"4";"1";"1";""
"202100044648";"121 911";"C01";"1";"7";"0";"2";"4";"1";"1";""
"202100044649";"121 906";"A01";"1";"14";"0";"2";"1";"1";"1";""
"202100044649";"121 907";"B01";"1";"7";"0";"2";"4";"1";"1";""
"202100044650";"121 903";"B01";"1";"7";"0";"2";"1";"1";"1";""
"202100044650";"121 904";"A01";"1";"7";"0";"2";"0";"0";"1";""
"202100044651";"121 901";"A01";"2";"7";"0";"2";"3";"1";"1";""
"202100044651";"121 902";"B01";"2";"7";"0";"2";"7";"16";"1";""
"202100044652";"121 899";"B01";"3";"7";"0";"2";"0";"19";"1";""
"202100044652";"121 900";"A01";"3";"33";"0";"2";"7";"1";"1";""
"202100044653";"121 897";"A01";"3";"7";"0";"2";"1";"26";"1";""
"202100044653";"121 898";"B01";"3";"7";"0";"2";"1";"0";"1";""
"202100044654";"121 895";"B01";"2";"2";"0";"2";"1";"1";"1";""
"202100044654";"121 896";"A01";"1";"2";"0";"2";"1";"1";"1";""
"202100044655";"121 893";"B01";"0";"2";"0";"2";"0";"1";"1";""
"202100044655";"121 894";"A01";"0";"7";"0";"2";"0";"1";"1";""
"202100044656";"121 891";"B01";"2";"1";"0";"2";"1";"19";"5";""
"202100044656";"121 892";"A01";"2";"7";"0";"2";"2";"1";"1";""
"202100044657";"121 889";"A01";"1";"7";"0";"2";"2";"15";"1";""
"202100044657";"121 890";"B01";"2";"32";"0";"2";"1";"1";"1";""
"202100044658";"121 888";"A01";"3";"10";"0";"0";"6";"15";"1";""
"202100044659";"121 886";"B01";"1";"7";"0";"1";"4";"26";"1";""
"202100044659";"121 887";"A01";"1";"7";"0";"2";"1";"26";"2";""
"202100044660";"121 884";"A01";"3";"7";"0";"2";"3";"1";"1";""
"202100044660";"121 885";"Z01";"3";"7";"15";"2";"1";"1";"1";""
"202100044661";"121 883";"A01";"1";"1";"0";"0";"0";"1";"5";""
"202100044662";"121 882";"A01";"1";"10";"0";"1";"2";"15";"1";""
"202100044663";"121 880";"A01";"2";"7";"0";"2";"2";"15";"2";""
"202100044663";"121 881";"B01";"1";"33";"0";"2";"1";"0";"1";""
"202100044664";"121 877";"B01";" -1";"33";"0";"2";"8";"1";"1";""
"202100044664";"121 878";"A01";" -1";"7";"0";"2";"8";"13";"1";""
"202100044665";"121 875";"A01";"1";"7";"0";"2";"1";"19";"1";""
"202100044665";"121 876";"B01";"1";"7";"0";"2";"2";"1";"1";""
"202100044666";"121 874";"A01";"3";"37";"0";"1";"1";"1";"1";"1"
"202100044667";"121 871";"A01";"3";"7";"0";"2";"1";"1";"1";""
"202100044667";"121 872";"C01";"3";"7";"8";"2";"3";"1";"1";""
"202100044667";"121 873";"B01";"3";"7";"0";"2";"2";"1";"1";""
"202100044668";"121 869";"B01";"1";"7";"0";"2";"3";"1";"1";""
"202100044668";"121 870";"A01";"1";"30";"0";"2";"1";"1";"1";""
"202100044669";"121 867";"B01";"1";"7";"0";"2";"1";"1";"1";""
"202100044669";"121 868";"A01";"2";"7";"0";"2";"1";"15";"1";""
"202100044670";"121 865";"B01";"1";"2";"0";"2";"1";"1";"1";""
"202100044670";"121 866";"A01";"2";"7";"0";"2";"3";"9";"1";""
"202100044671";"121 863";"A01";"2";"7";"0";"2";"2";"16";"2";""
"202100044671";"121 864";"B01";"2";"30";"0";"2";"3";"18";"3";""
"202100044672";"121 861";"B01";"1";"7";"0";"2";"8";"15";"1";""
"202100044672";"121 862";"A01";"1";"30";"0";"2";"1";"17";"1";""
"202100044673";"121 859";"A01";"2";"33";"0";"2";"1";"13";"1";""
"202100044673";"121 860";"B01";"1";"7";"0";"2";"3";"23";"1";""
"202100044674";"121 857";"A01";"0";"7";"0";"2";"8";"9";"1";""
"202100044674";"121 858";"B01";"1";"7";"0";"2";"1";"1";"1";""
"202100044675";"121 855";"A01";"2";"7";"0";"2";"1";"1";"1";""
"202100044675";"121 856";"B01";"1";"30";"0";"2";"7";"1";"3";""
"202100044676";"121 853";"A01";"1";"7";"0";"2";"1";"9";"1";""
"202100044676";"121 854";"B01";"1";"7";"0";"2";"3";"1";"1";""
"202100044677";"121 851";"B01";"3";"1";"0";"2";"7";"19";"5";""
"202100044677";"121 852";"A01";"2";"7";"0";"2";"1";"1";"1";""
"202100044678";"121 850";"A01";"3";"31";"0";"1";"1";"1";"1";""
"202100044679";"121 849";"A01";"1";"7";"0";"1";"7";"1";"1";""
"202100044680";"121 847";"B01";"3";"10";"0";"2";"6";"16";"1";""
"202100044680";"121 848";"A01";"3";"33";"0";"2";"1";"16";"1";""
"202100044681";"121 845";"A01";"0";"3";"0";"2";"0";"15";"1";""
"202100044681";"121 846";"B01";"0";"32";"0";"2";"1";"1";"1";""
"202100044682";"121 843";"B01";"0";"0";"0";"2";"1";"2";"0";""
"202100044682";"121 844";"A01";"2";"30";"0";"2";"4";"1";"1";""
"202100044683";"121 841";"B01";"2";"7";"0";"2";"6";"15";"1";""
"202100044683";"121 842";"A01";"2";"33";"0";"2";"1";"17";"1";""
"202100044684";"121 839";"B01";"2";"7";"0";"2";"3";"1";"1";""
"202100044684";"121 840";"A01";"1";"31";"0";"2";"6";"1";"1";""
"202100044685";"121 837";"B01";"3";"2";"0";"2";"7";"0";"1";""
"202100044685";"121 838";"A01";"3";"7";"0";"2";"1";"1";"1";""
"202100044686";"121 835";"B01";"3";"1";"0";"2";"8";"0";"5";""
"202100044686";"121 836";"A01";"3";"7";"0";"2";"1";"1";"1";""
"202100044687";"121 834";"A01";"3";"30";"14";"0";"9";"1";"1";""
"202100044688";"121 832";"B01";"3";"1";"0";"2";"4";"1";"5";""
"202100044688";"121 833";"A01";"1";"7";"0";"2";"1";"1";"1";""
"202100044689";"121 831";"A01";"0";"7";"0";"1";"2";"1";"1";""
"202100044690";"121 829";"A01";"3";"10";"0";"0";"0";"9";"1";""
"202100044690";"121 830";"B01";"1";"80";"8";"0";"1";"0";"3";""
"202100044691";"121 828";"B01";"3";"7";"0";"1";"1";"1";"1";""
"202100044692";"121 827";"Z01";"1";"0";"0";"1";"0";"0";"0";""
"202100044693";"121 825";"B01";"1";"33";"0";"2";"2";"1";"1";""
"202100044693";"121 826";"A01";"2";"7";"0";"2";"3";"9";"1";""
"202100044694";"121 823";"A01";"2";"7";"0";"2";"1";"1";"1";""
"202100044694";"121 824";"B01";"1";"7";"0";"2";"2";"1";"1";""
"202100044695";"121 821";"B01";"2";"7";"3";"0";"3";"13";"1";""
"202100044695";"121 822";"A01";"2";"7";"0";"2";"7";"1";"1";""
"202100044696";"121 820";"A01";"0";"7";"0";"1";"2";"1";"1";""
"202100044697";"121 818";"B01";"1";"7";"0";"2";"1";"1";"1";""
"202100044697";"121 819";"A01";"1";"7";"0";"2";"1";"13";"1";""
"202100044698";"121 816";"B01";"2";"1";"0";"2";"8";"1";"5";""
"202100044698";"121 817";"A01";"2";"7";"0";"2";"2";"21";"1";""
"202100044699";"121 814";"B01";"2";"7";"0";"2";"3";"9";"1";""
"202100044699";"121 815";"A01";"1";"7";"0";"2";"1";"17";"1";""
"202100044700";"121 812";"A01";"1";"7";"0";"2";"3";"1";"1";""
"202100044700";"121 813";"B01";"1";"7";"0";"2";"2";"1";"1";""
"202100044701";"121 810";"A01";"3";"10";"0";"2";"3";"9";"1";""
"202100044701";"121 811";"B01";"3";"7";"0";"2";"2";"1";"1";""
"202100044702";"121 809";"A01";"1";"7";"0";"1";"2";"9";"1";""
"202100044703";"121 807";"B01";"3";"7";"0";"2";"3";"23";"1";""
"202100044703";"121 808";"A01";"2";"1";"0";"2";"1";"1";"5";""
"202100044704";"121 805";"A01";"1";"7";"0";"2";"1";"1";"1";""
"202100044704";"121 806";"B01";"1";"7";"0";"2";"4";"23";"1";""
"202100044705";"121 804";"A01";"1";"7";"0";"1";"1";"1";"1";""
"202100044706";"121 803";"A01";"2";"32";"0";"0";"2";"1";"1";""
"202100044707";"121 801";"A01";"1";"10";"0";"2";"7";"1";"1";""
"202100044707";"121 802";"B01";"1";"43";"0";"2";"1";"1";"1";""
"202100044708";"121 800";"A01";"3";"33";"0";"9";"1";"1";"1";""
"202100044709";"121 798";"A01";"2";"32";"9";"2";"8";"1";"1";""
"202100044709";"121 799";"B01";"3";"7";"9";"2";"1";"15";"1";""
"202100044710";"121 796";"B01";"1";"33";"0";"2";"4";"1";"1";""
"202100044710";"121 797";"A01";"1";"10";"9";"2";"1";"1";"1";""
"202100044711";"121 794";"B01";"2";"34";"0";"2";"5";"1";"1";""
"202100044711";"121 795";"A01";"2";"7";"0";"2";"3";"1";"1";""
"202100044712";"121 793";"A01";"2";"50";"0";"1";"1";"14";"3";""
"202100044713";"121 792";"A01";"1";"80";"0";"0";"1";"15";"3";""
"202100044714";"121 791";"A01";"2";"1";"0";"1";"7";"1";"5";""
"202100044715";"121 789";"A01";"3";"31";"0";"2";"1";"1";"1";""
"202100044715";"121 790";"B01";"3";"10";"0";"2";"4";"16";"1";""
"202100044716";"121 787";"A01";"1";"10";"0";"2";"2";"17";"1";""
"202100044716";"121 788";"B01";"1";"7";"0";"2";"3";"15";"1";""
"202100044717";"121 785";"B01";"1";"1";"0";"2";"5";"19";"5";""
"202100044717";"121 786";"A01";"1";"43";"0";"2";"2";"1";"1";""
"202100044718";"121 783";"A01";"2";"7";"0";"2";"3";"1";"1";""
"202100044718";"121 784";"B01";"2";"50";"0";"2";"4";"1";"3";""
"202100044719";"121 780";"B01";"2";"7";"0";"2";"1";"16";"1";""
"202100044719";"121 781";"A01";"2";"33";"0";"2";"7";"1";"1";""
"202100044719";"121 782";"C01";"1";"7";"0";"2";"3";"1";"2";""
"202100044720";"121 778";"A01";"1";"7";"0";"2";"3";"13";"1";""
"202100044720";"121 779";"B01";"1";"30";"0";"2";"7";"1";"3";""
"202100044721";"121 776";"B01";"1";"33";"0";"2";"1";"1";"1";""
"202100044721";"121 777";"A01";"1";"7";"0";"2";"2";"1";"1";""
"202100044722";"121 774";"A01";"1";"7";"0";"2";"7";"16";"1";""
"202100044722";"121 775";"B01";"1";"1";"0";"2";"4";"1";"5";""
"202100044723";"121 773";"B01";"1";"50";"1";"0";"1";"1";"3";""
"202100044724";"121 772";"A01";"2";"7";"0";"1";"1";"1";"1";""
"202100044725";"121 770";"B01";"1";"2";"0";"2";"8";"1";"1";""
"202100044725";"121 771";"A01";"1";"7";"0";"2";"7";"9";"1";""
"202100044726";"121 768";"A01";"1";"7";"11";"2";"2";"1";"1";""
"202100044726";"121 769";"B01";"1";"10";"0";"2";"7";"1";"1";""
"202100044727";"121 766";"A01";"1";"7";"0";"2";"3";"15";"2";""
"202100044727";"121 767";"B01";"1";"2";"0";"2";"7";"17";"1";""
"202100044728";"121 765";"A01";"0";"7";"0";"1";"1";"15";"1";""
"202100044729";"121 763";"A01";"3";"7";"0";"9";"8";"22";"2";""
"202100044729";"121 764";"B01";"3";"1";"1";"0";"1";"1";"5";""
"202100044730";"121 761";"B01";"3";"1";"0";"2";"1";"19";"5";""
"202100044730";"121 762";"A01";"2";"10";"0";"2";"7";"1";"1";""
"202100044731";"121 759";"B01";"1";"10";"15";"0";"7";"9";"1";""
"202100044731";"121 760";"A01";"1";"7";"0";"2";"1";"1";"1";""
"202100044732";"121 757";"A01";"1";"1";"0";"2";"8";"1";"5";""
"202100044732";"121 758";"B01";"1";"7";"0";"2";"2";"1";"1";""
"202100044733";"121 754";"A01";"1";"7";"13";"0";"1";"13";"1";""
"202100044734";"121 753";"A01";"0";"7";"0";"1";"4";"4";"1";""
"202100044735";"121 751";"A01";"1";"10";"0";"0";"0";"15";"1";""
"202100044735";"121 752";"B01";"2";"2";"0";"0";"0";"5";"1";""
"202100044736";"121 750";"A01";"1";"7";"0";"0";"9";"1";"1";""
"202100044737";"121 749";"A01";"2";"7";"2";"0";"2";"1";"1";""
"202100044738";"121 748";"A01";"1";"7";"0";"1";"1";"15";"1";""
"202100044739";"121 746";"A01";"1";"7";"0";"0";"3";"13";"1";""
"202100044739";"121 747";"B01";"1";"31";"0";"2";"1";"14";"1";""
"202100044740";"121 745";"A01";"1";"7";"13";"0";"1";"0";"1";""
"202100044741";"121 743";"A01";"1";"50";"0";"2";"1";"15";"3";""
"202100044741";"121 744";"B01";"1";"7";"0";"2";"1";"0";"1";""
"202100044742";"121 741";"A01";"2";"10";"0";"0";"8";"1";"1";""
"202100044742";"121 742";"B01";"1";"7";"0";"2";"3";"1";"1";""
"202100044743";"121 740";"A01";"2";"34";"12";"0";"1";"1";"1";""
"202100044744";"121 737";"B01";"1";"7";"0";"2";"4";"2";"1";""
"202100044744";"121 738";"C01";"1";"7";"0";"2";"3";"2";"1";""
"202100044744";"121 739";"A01";"1";"7";"0";"2";"4";"2";"1";""
"202100044745";"121 735";"A01";"1";"7";"0";"2";"1";"17";"1";""
"202100044745";"121 736";"B01";"2";"7";"0";"2";"1";"1";"1";""
"202100044746";"121 734";"A01";"1";"7";"0";"1";"1";"15";"1";""
"202100044747";"121 733";"A01";"1";"1";"0";"0";"1";"0";"5";""
"202100044748";"121 731";"B01";"2";"7";"0";"2";"1";"1";"2";""
"202100044748";"121 732";"A01";"1";"7";"0";"2";"2";"15";"1";""
"202100044749";"121 728";"B01";"2";"7";"0";"2";"1";"1";"1";""
"202100044749";"121 729";"A01";"1";"3";"0";"2";"3";"11";"1";""
"202100044749";"121 730";"C01";"2";"7";"0";"2";"3";"23";"1";""
"202100044750";"121 726";"A01";"1";"7";"0";"2";"5";"1";"1";""
"202100044750";"121 727";"B01";"1";"33";"0";"2";"1";"1";"1";""
"202100044751";"121 724";"B01";"1";"7";"0";"0";"1";"1";"1";""
"202100044751";"121 725";"A01";"1";"7";"0";"0";"1";"13";"1";""
"202100044752";"121 722";"A01";"1";"7";"0";"2";"1";"13";"1";""
"202100044752";"121 723";"B01";"2";"7";"0";"2";"1";"0";"1";""
"202100044753";"121 720";"A01";"0";"1";"0";"2";"8";"1";"5";""
"202100044753";"121 721";"B01";"1";"7";"0";"9";"1";"1";"1";""
"202100044754";"121 718";"B01";"2";"10";"0";"2";"1";"1";"1";""
"202100044754";"121 719";"A01";"1";"31";"0";"2";"3";"1";"1";""
"202100044755";"121 716";"A01";"2";"7";"13";"0";"1";"1";"1";""
"202100044756";"121 715";"A01";"2";"33";"14";"0";"9";"1";"1";""
"202100044757";"121 714";"A01";"2";"10";"15";"0";"3";"1";"1";""
"202100044758";"121 712";"B01";"3";"7";"0";"2";"8";"1";"1";""
"202100044758";"121 713";"A01";"3";"2";"0";"2";"1";"1";"1";""
"202100044759";"121 710";"B01";"2";"15";"0";"0";"6";"1";"1";""
"202100044759";"121 711";"A01";"2";"10";"0";"2";"2";"1";"1";""
"202100044760";"121 705";"A01";"1";"15";"0";"0";"4";"23";"1";""
"202100044760";"121 706";"B01";"1";"7";"14";"2";"1";"1";"1";""
"202100044760";"121 707";"C01";"1";"7";"0";"0";"4";"1";"1";""
"202100044760";"121 708";"D01";"1";"7";"14";"2";"1";"1";"1";""
"202100044760";"121 709";"E01";"1";"10";"0";"0";"6";"1";"1";""
"202100044761";"121 702";"B01";"2";"10";"3";"2";"3";"1";"1";""
"202100044761";"121 703";"A01";"1";"7";"0";"2";"3";"13";"1";""
"202100044761";"121 704";"C01";"1";"10";"0";"2";"3";"1";"1";""
"202100044762";"121 700";"A01";"1";"7";"0";"0";"8";"9";"3";""
"202100044762";"121 701";"B01";"1";"33";"0";"2";"1";"1";"1";""
"202100044763";"121 699";"A01";"1";"7";"0";"1";"2";"1";"1";""
"202100044764";"121 697";"B01";"3";"2";"0";"2";"1";"13";"1";""
"202100044764";"121 698";"A01";"3";"7";"0";"2";"2";"1";"1";""
"202100044765";"121 695";"A01";"1";"7";"0";"0";"3";"1";"1";""
"202100044765";"121 696";"B01";"1";"7";"1";"0";"4";"23";"1";""
"202100044766";"121 693";"A01";"1";"1";"0";"2";"1";"19";"0";""
"202100044766";"121 694";"B01";"2";"38";"0";"2";"1";"1";"1";"1"
"202100044767";"121 690";"A01";"2";"7";"0";"2";"3";"1";"1";""
"202100044767";"121 691";"B01";"1";"7";"0";"2";"3";"1";"1";""
"202100044767";"121 692";"C01";"2";"7";"10";"2";"1";"1";"1";""
"202100044768";"121 689";"A01";"2";"31";"13";"9";"2";"1";"1";""
"202100044769";"121 688";"A01";"1";"17";"6";"0";"3";"1";"1";""
"202100044770";"121 687";"A01";"3";"2";"0";"0";"3";"0";"1";""
"202100044771";"121 685";"B01";" -1";"7";"0";"2";"1";"0";"1";""
"202100044771";"121 686";"A01";" -1";"7";"0";"2";"1";"13";"1";""
"202100044772";"121 684";"A01";"1";"2";"12";"0";"3";"1";"1";""
"202100044773";"121 682";"B01";"2";"10";"0";"2";"1";"1";"1";""
"202100044773";"121 683";"A01";"2";"36";"0";"2";"7";"19";"1";""
"202100044774";"121 680";"A01";"2";"31";"0";"2";"8";"1";"1";""
"202100044774";"121 681";"B01";"2";"0";"0";"2";"5";"1";" -1";""
"202100044775";"121 678";"B01";"1";"7";"0";"2";"8";"1";"1";""
"202100044775";"121 679";"A01";"1";"15";"0";"2";"7";"12";"1";""
"202100044776";"121 676";"Z01";"2";"0";"0";"2";"1";"2";"1";""
"202100044776";"121 677";"A01";"2";"10";"0";"2";"4";"1";"1";""
"202100044777";"121 675";"A01";"2";"7";"3";"0";"1";"9";"1";""
"202100044778";"121 673";"B01";"1";"7";"0";"2";"6";"1";"1";""
"202100044778";"121 674";"A01";"1";"33";"4";"2";"3";"11";"1";""
"202100044779";"121 671";"B01";"1";"7";"0";"2";"5";"1";"1";""
"202100044779";"121 672";"A01";"1";"7";"0";"2";"3";"12";"1";""
"202100044780";"121 669";"A01";"1";"7";"0";"2";"5";"12";"1";""
"202100044780";"121 670";"B01";"1";"10";"0";"2";"3";"2";"1";""
"202100044781";"121 667";"B01";"1";"7";"0";"2";"4";"1";"1";""
"202100044781";"121 668";"A01";"1";"10";"0";"2";"1";"1";"1";""
"202100044782";"121 665";"A01";"1";"10";"0";"2";"5";"12";"1";""
"202100044782";"121 666";"B01";"1";"33";"0";"2";"1";"2";"1";""
"202100044783";"121 663";"A01";"1";"33";"5";"2";"1";"1";"1";""
"202100044783";"121 664";"B01";"1";"7";"0";"2";"7";"1";"1";""
"202100044784";"121 661";"A01";"2";"7";"0";"2";"6";"1";"1";""
"202100044784";"121 662";"Z01";"2";"10";"0";"2";"1";"0";"1";""
"202100044785";"121 660";"A01";"2";"15";"0";"1";"1";"9";"1";""
"202100044786";"121 656";"A01";"1";"7";"0";"2";"2";"19";"1";""
"202100044786";"121 657";"B01";"2";"32";"0";"2";"7";"1";"1";""
"202100044787";"121 655";"A01";"3";"7";"0";"1";"1";"15";"1";""
"202100044788";"121 654";"A01";"1";"7";"0";"1";"1";"9";"1";""
"202100044789";"121 653";"A01";"3";"7";"0";"1";"3";"15";"1";""
"202100044790";"121 651";"A01";"2";"7";"0";"2";"1";"2";"1";""
"202100044790";"121 652";"B01";"2";"7";"0";"2";"4";"2";"1";""
"202100044791";"121 649";"A01";"1";"10";"0";"2";"1";"2";"1";""