"Num_Acc";"id_vehicule";"num_veh";"senc";"catv";"obs";"obsm";"choc";"manv";"motor";"occutc"
"202100045871";"119 763";"B01";"1";"7";"0";"2";"3";"1";"1";""
"202100045872";"119 760";"B01";"1";"30";"0";"2";"3";"1";"1";""
"202100045872";"119 761";"A01";"1";"7";"0";"2";"2";"15";"1";""
"202100045873";"119 758";"A01";"0";"10";"0";"2";"3";"13";"1";""
"202100045873";"119 759";"B01";"0";"7";"0";"2";"2";"1";"1";""
"202100045874";"119 757";"A01";"1";"7";"8";"0";"1";"0";"1";""
"202100045875";"119 756";"A01";"1";"7";"0";"1";"2";"1";"1";""
"202100045876";"119 754";"A01";"3";"7";"0";"0";"7";"15";"1";""
"202100045876";"119 755";"B01";"3";"1";"0";"0";"1";"1";"5";""
"202100045877";"119 753";"A01";"1";"7";"13";"0";"1";"13";"1";""
"202100045878";"119 751";"A01";"1";"7";"0";"2";"2";"15";"1";""
"202100045878";"119 752";"B01";"2";"2";"0";"2";"1";"1";"1";""
"202100045879";"119 750";"A01";"0";"1";"0";"0";"0";"1";"5";""
"202100045880";"119 749";"A01";"2";"7";"0";"0";"1";"1";"1";""
"202100045881";"119 746";"A01";"2";"7";"0";"2";"6";"11";"1";""
"202100045881";"119 747";"B01";"2";"10";"0";"2";"2";"1";"1";""
"202100045881";"119 748";"C01";"2";"7";"0";"2";"6";"1";"1";""
"202100045882";"119 745";"A01";"1";"31";"4";"0";"8";"2";"1";""
"202100045883";"119 743";"B01";"1";"33";"0";"2";"3";"1";"1";""
"202100045883";"119 744";"A01";"1";"7";"0";"2";"5";"9";"1";""
"202100045884";"119 740";"A01";"1";"10";"0";"2";"1";"2";"1";""
"202100045884";"119 741";"B01";"1";"7";"0";"2";"4";"2";"1";""
"202100045884";"119 742";"C01";"1";"7";"0";"2";"4";"2";"1";""
"202100045885";"119 738";"A01";"2";"7";"0";"2";"1";"21";"1";""
"202100045885";"119 739";"B01";"2";"7";"0";"2";"4";"21";"1";""
"202100045886";"119 733";"C01";"1";"33";"0";"2";"7";"17";"1";""
"202100045886";"119 734";"B01";"1";"7";"1";"2";"2";"13";"1";""
"202100045886";"119 735";"A01";"1";"7";"0";"2";"6";"23";"1";""
"202100045887";"119 732";"A01";"1";"7";"0";"1";"1";"1";"1";""
"202100045888";"119 731";"A01";"1";"7";"0";"1";"8";"19";"6";""
"202100045889";"119 730";"A01";"2";"10";"0";"0";"6";"20";"0";""
"202100045890";"119 729";"A01";"1";"7";"0";"1";"2";"1";"6";""
"202100045891";"119 728";"A01";"0";"7";"0";"1";"1";"1";"0";""
"202100045892";"119 727";"A01";"3";"7";"0";"1";"1";"1";"1";""
"202100045893";"119 726";"A01";"1";"33";"0";"1";"1";"1";"1";""
"202100045894";"119 725";"A01";"2";"34";"0";"1";"1";"1";"1";""
"202100045895";"119 723";"B01";"1";"10";"0";"2";"4";"1";"1";""
"202100045895";"119 724";"A01";"1";"10";"0";"2";"1";"1";"1";""
"202100045896";"119 721";"A01";"2";"33";"0";"2";"0";"21";"1";""
"202100045896";"119 722";"B01";"2";"10";"0";"0";"0";"14";"1";""
"202100045897";"119 719";"B01";"1";"7";"0";"0";"4";"0";"1";""
"202100045897";"119 720";"A01";"1";"7";"0";"2";"1";"1";"0";""
"202100045898";"119 716";"A01";"1";"7";"0";"1";"2";"14";"1";""
"202100045899";"119 711";"B01";"1";"7";"0";"2";"1";"1";"1";""
"202100045899";"119 712";"A01";"1";"7";"0";"2";"8";"1";"1";""
"202100045899";"119 713";"Z01";"1";"7";"0";"2";"2";"12";"0";""
"202100045900";"119 710";"A01";"1";"1";"0";"1";"1";"25";"5";""
"202100045901";"119 708";"T01";"2";"7";"1";"0";"0";"23";"1";""
"202100045901";"119 709";"A01";"2";"43";"0";"1";"1";"1";"1";""
"202100045902";"119 706";"A01";"2";"7";"0";"2";"3";"9";"1";""
"202100045902";"119 707";"B01";"2";"30";"0";"2";"1";"2";"1";""
"202100045903";"119 704";"A01";"2";"33";"0";"2";"1";"15";"1";""
"202100045903";"119 705";"B01";"2";"7";"0";"2";"3";"0";"0";""
"202100045904";"119 703";"A01";"1";"33";"0";"0";"0";"3";"1";""
"202100045905";"119 701";"B01";"3";"7";"0";"2";"4";"23";"0";""
"202100045905";"119 702";"A01";"3";"7";"0";"2";"1";"1";"1";""
"202100045906";"119 699";"B01";"1";"37";"0";"2";"5";"23";"1";"1"
"202100045906";"119 700";"A01";"1";"99";"0";"2";"3";"2";"1";""
"202100045907";"119 697";"B01";"1";"31";"0";"2";"2";"0";"1";""
"202100045907";"119 698";"A01";"1";"7";"1";"0";"1";"15";"1";""
"202100045908";"119 695";"A01";"1";"20";"0";"2";"2";"19";"1";""
"202100045908";"119 696";"B01";"2";"10";"0";"2";"1";"1";"1";""
"202100045909";"119 694";"A01";"1";"32";"0";"9";"0";"15";"1";""
"202100045910";"119 692";"A01";"0";"7";"0";"2";"1";"14";"1";""
"202100045910";"119 693";"B01";"0";"10";"0";"0";"1";"0";"0";""
"202100045911";"119 690";"A01";"2";"7";"0";"2";"1";"2";"1";""
"202100045911";"119 691";"B01";"2";"99";"0";"2";"4";"23";"1";""
"202100045912";"119 688";"B01";"2";"7";"0";"2";"1";"1";"1";""
"202100045912";"119 689";"A01";"1";"7";"0";"2";"7";"15";"1";""
"202100045913";"119 687";"A01";"2";"30";"14";"0";"0";"0";"1";""
"202100045914";"119 686";"A01";"2";"33";"0";"1";"2";"1";"1";""
"202100045915";"119 684";"B01";"2";"30";"0";"2";"4";"23";"1";""
"202100045915";"119 685";"A01";"1";"7";"0";"2";"1";"26";"1";""
"202100045916";"119 683";"A01";"3";"7";"0";"1";"3";"1";"2";""
"202100045917";"119 682";"A01";"1";"7";"0";"1";"3";"1";"1";""
"202100045918";"119 680";"B01";"3";"7";"0";"2";"2";"1";"1";""
"202100045918";"119 681";"A01";"0";"7";"0";"2";"3";"16";"1";""
"202100045919";"119 679";"A01";"3";"7";"0";"1";"2";"1";"1";""
"202100045920";"119 677";"A01";"0";"2";"0";"2";"2";"18";"1";""
"202100045920";"119 678";"B01";"0";"7";"0";"0";"2";"1";"1";""
"202100045921";"119 675";"B01";"0";"7";"0";"2";"8";"1";"1";""
"202100045921";"119 676";"A01";"0";"2";"0";"2";"7";"17";"1";""
"202100045922";"119 673";"B01";"0";"7";"0";"2";"3";"16";"1";""
"202100045922";"119 674";"A01";"0";"7";"0";"2";"3";"15";"1";""
"202100045923";"119 671";"B01";"3";"33";"0";"2";"3";"1";"1";""
"202100045923";"119 672";"A01";"3";"7";"0";"2";"6";"15";"1";""
"202100045924";"119 669";"B01";"2";"1";"0";"2";"0";"0";"5";""
"202100045924";"119 670";"A01";"2";"34";"0";"2";"0";"0";"1";""
"202100045925";"119 665";"B01";"1";"7";"0";"2";"3";"1";"1";""
"202100045925";"119 666";"A01";"1";"10";"0";"2";"7";"1";"1";""
"202100045926";"119 663";"A01";"3";"7";"0";"2";"3";"9";"2";""
"202100045926";"119 664";"B01";"2";"1";"0";"2";"7";"1";"5";""
"202100045927";"119 661";"B01";"2";"1";"0";"2";"1";"1";"5";""
"202100045927";"119 662";"A01";"1";"7";"0";"2";"1";"9";"1";""
"202100045928";"119 659";"B01";"2";"1";"0";"0";"0";"0";"5";""
"202100045928";"119 660";"A01";"2";"7";"0";"2";"0";"0";"1";""
"202100045929";"119 657";"Z01";"1";"7";"0";"2";"0";"0";"0";""
"202100045929";"119 658";"B01";"1";"33";"0";"2";"1";"0";"1";""
"202100045930";"119 655";"A01";"1";"1";"0";"2";"1";"19";"5";""
"202100045930";"119 656";"B01";"2";"7";"0";"2";"3";"1";"2";""
"202100045931";"119 653";"B01";"1";"7";"0";"2";"1";"1";"1";""
"202100045931";"119 654";"A01";"2";"10";"0";"2";"8";"15";"1";""
"202100045932";"119 650";"A01";"1";"7";"0";"2";"1";"26";"1";""
"202100045932";"119 651";"B01";"1";"34";"0";"2";"4";"1";"1";""
"202100045932";"119 652";"C01";"1";"7";"0";"2";"4";"26";"1";""
"202100045933";"119 648";"A01";"1";"7";"0";"2";"5";"15";"1";""
"202100045933";"119 649";"B01";"2";"33";"0";"2";"1";"1";"1";""
"202100045934";"119 647";"A01";"1";"7";"0";"1";"1";"1";"1";""
"202100045935";"119 646";"A01";"3";"7";"15";"0";"1";"16";"0";""
"202100045936";"119 643";"C01";"3";"7";"0";"2";"3";"0";"1";""
"202100045936";"119 644";"B01";"3";"33";"0";"2";"8";"9";"1";""
"202100045936";"119 645";"A01";"3";"7";"0";"2";"3";"9";"1";""
"202100045937";"119 641";"A01";"3";"10";"0";"9";"8";"1";"1";""
"202100045937";"119 642";"B01";"3";"30";"0";"2";"8";"1";"3";""
"202100045938";"119 640";"A01";"1";"7";"15";"1";"1";"26";"1";""
"202100045939";"119 638";"B01";"3";"7";"0";"2";"7";"1";"1";""
"202100045939";"119 639";"A01";"3";"7";"0";"2";"1";"1";"1";""
"202100045940";"119 636";"B01";"1";"2";"0";"2";"3";"1";"1";""
"202100045940";"119 637";"A01";"2";"7";"0";"2";"2";"1";"1";""
"202100045941";"119 635";"A01";"2";"7";"0";"1";"2";"1";"1";""
"202100045942";"119 633";"B01";"1";"1";"0";"2";"1";"1";"5";""
"202100045942";"119 634";"A01";"1";"7";"0";"2";"2";"16";"1";""
"202100045943";"119 632";"A01";"2";"7";"15";"0";"1";"14";"1";""
"202100045944";"119 630";"B01";"1";"1";"0";"2";"7";"19";"5";""
"202100045944";"119 631";"A01";"1";"7";"0";"2";"1";"16";"1";""
"202100045945";"119 629";"A01";"2";"30";"0";"0";"0";"1";"3";""
"202100045946";"119 627";"B01";"2";"1";"0";"2";"1";"1";"5";""
"202100045946";"119 628";"A01";"2";"7";"0";"2";"5";"16";"1";""
"202100045947";"119 625";"A01";"1";"7";"0";"2";"1";"15";"1";""
"202100045947";"119 626";"B01";"2";"33";"0";"2";"1";"1";"1";""
"202100045948";"119 622";"B01";"3";"7";"0";"2";"7";"16";"1";""
"202100045948";"119 623";"D01";"0";"7";"0";"0";"0";"0";"1";""
"202100045948";"119 624";"Z01";"2";"7";"1";"2";"1";"18";"1";""
"202100045949";"119 620";"B01";"1";"7";"0";"2";"3";"1";"1";""
"202100045949";"119 621";"A01";"0";"10";"0";"2";"1";"19";"1";""
"202100045950";"119 618";"A01";"2";"7";"0";"2";"1";"2";"1";""
"202100045950";"119 619";"B01";"2";"7";"0";"2";"4";"1";"1";""
"202100045951";"119 616";"A01";"2";"14";"0";"2";"5";"12";"1";""
"202100045951";"119 617";"B01";"2";"7";"0";"2";"3";"1";"1";""
"202100045952";"119 615";"A01";"1";"7";"3";"0";"2";"14";"1";""
"202100045953";"119 614";"A01";"1";"7";"0";"5";"0";"21";"1";""
"202100045954";"119 612";"A01";"3";"7";"0";"9";"0";"1";"1";""
"202100045954";"119 613";"B01";"0";"1";"0";"2";"0";"15";"5";""
"202100045955";"119 611";"A01";"3";"31";"0";"1";"2";"21";"1";""
"202100045956";"119 609";"B01";"0";"32";"0";"2";"8";"1";"1";""
"202100045956";"119 610";"A01";"0";"7";"0";"2";"8";"15";"1";""
"202100045957";"119 605";"A01";"1";"7";"0";"1";"0";"0";"1";""
"202100045958";"119 603";"A01";"3";"32";"0";"2";"1";"1";"1";""
"202100045958";"119 604";"B01";"0";"7";"0";"2";"3";"16";"1";""
"202100045959";"119 601";"B01";"2";"7";"0";"2";"8";"1";"1";""
"202100045959";"119 602";"A01";"1";"7";"0";"2";"1";"13";"1";""
"202100045960";"119 600";"Z01";"1";"7";"0";"1";"1";"1";"1";""
"202100045961";"119 598";"A01";"3";"7";"0";"2";"2";"9";"1";""
"202100045961";"119 599";"B01";"1";"33";"1";"2";"3";"1";"1";""
"202100045962";"119 596";"A01";"2";"7";"0";"2";"4";"15";"1";""
"202100045962";"119 597";"B01";"2";"33";"0";"2";"1";"2";"1";""
"202100045963";"119 594";"B01";"1";"2";"0";"2";"1";"1";"1";""
"202100045963";"119 595";"A01";"2";"7";"0";"2";"2";"15";"1";""
"202100045964";"119 592";"B01";"2";"7";"0";"2";"5";"16";"1";""
"202100045964";"119 593";"A01";"2";"30";"0";"2";"1";"1";"1";""
"202100045965";"119 591";"A01";"1";"10";"0";"1";"1";"1";"1";""
"202100045966";"119 589";"A01";"3";"7";"0";"2";"1";"2";"1";""
"202100045966";"119 590";"B01";"3";"7";"0";"2";"5";"2";"1";""
"202100045967";"119 587";"B01";"2";"7";"0";"2";"6";"9";"1";""
"202100045967";"119 588";"A01";"2";"33";"0";"2";"1";"17";"1";""
"202100045968";"119 585";"B01";"1";"7";"0";"2";"3";"11";"1";""
"202100045968";"119 586";"A01";"1";"33";"0";"2";"2";"3";"1";""
"202100045969";"119 584";"A01";"2";"14";"0";"1";"1";"1";"1";""
"202100045970";"119 582";"B01";"1";"1";"0";"2";"7";"16";"5";""
"202100045970";"119 583";"A01";"1";"33";"0";"2";"1";"7";"1";""
"202100045971";"119 581";"A01";"1";"7";"0";"1";"4";"1";"1";""
"202100045972";"119 579";"A01";"3";"32";"0";"2";"1";"15";"1";""
"202100045972";"119 580";"Z01";"3";"33";"0";"2";"1";"1";"1";""
"202100045973";"119 577";"A01";"1";"2";"0";"2";"1";"17";"1";""
"202100045973";"119 578";"B01";"1";"7";"0";"2";"3";"9";"1";""
"202100045974";"119 575";"A01";"1";"34";"0";"2";"6";"18";"1";""
"202100045974";"119 576";"Z01";"3";"10";"0";"2";"7";"16";"0";""
"202100045975";"119 574";"A01";"2";"7";"6";"0";"1";"15";"1";""
"202100045976";"119 572";"Z01";"2";"7";"0";"2";"2";"17";"1";""
"202100045976";"119 573";"A01";"2";"50";"0";"2";"6";"1";"3";""
"202100045977";"119 570";"B01";"1";"33";"0";"2";"1";"1";"1";""
"202100045977";"119 571";"A01";"1";"7";"0";"2";"8";"10";"2";""
"202100045978";"119 568";"A01";"1";"1";"0";"2";"3";"15";"5";""
"202100045978";"119 569";"B01";"1";"7";"0";"2";"2";"1";"1";""
"202100045979";"119 566";"B01";"2";"1";"0";"2";"3";"15";"5";""
"202100045979";"119 567";"A01";"2";"37";"0";"2";"2";"13";"2";"1"
"202100045980";"119 564";"B01";"2";"7";"0";"2";"4";"23";"1";""
"202100045980";"119 565";"A01";"1";"33";"0";"2";"1";"1";"1";""
"202100045981";"119 562";"B01";"2";"1";"0";"2";"7";"1";"5";""
"202100045981";"119 563";"A01";"2";"1";"0";"2";"8";"18";"5";""
"202100045982";"119 561";"A01";"1";"10";"0";"1";"1";"15";"1";""
"202100045983";"119 560";"A01";"3";"1";"12";"0";"0";"14";"5";""
"202100045984";"119 559";"A01";"1";"7";"0";"1";"8";"1";"1";""
"202100045985";"119 558";"A01";"2";"1";"0";"0";"0";"1";"5";""
"202100045986";"119 557";"A01";"1";"2";"0";"1";"1";"1";"1";""
"202100045987";"119 556";"A01";"1";"50";"0";"0";"0";"1";"3";""
"202100045988";"119 555";"A01";"1";"7";"0";"1";"3";"1";"1";""
"202100045989";"119 553";"B01";"2";"7";"0";"2";"3";"9";"1";""
"202100045989";"119 554";"A01";"1";"30";"0";"2";"1";"21";"1";""
"202100045990";"119 551";"A01";"0";"7";"0";"2";"3";"26";"0";""
"202100045990";"119 552";"B01";"1";"43";"0";"2";"1";"1";"1";""
"202100045991";"119 549";"A01";"0";"10";"0";"2";"1";"0";"0";""
"202100045991";"119 550";"B01";"1";"7";"0";"2";"1";"0";"0";""
"202100045992";"119 547";"B01";"3";"33";"0";"2";"8";"2";"1";""
"202100045992";"119 548";"A01";"3";"7";"0";"2";"3";"0";"1";""
"202100045993";"119 545";"A01";"1";"7";"1";"2";"2";"9";"1";""
"202100045993";"119 546";"B01";"1";"33";"1";"2";"3";"2";"1";""
"202100045994";"119 543";"A01";"1";"10";"0";"2";"1";"19";"1";""
"202100045994";"119 544";"B01";"1";"1";"0";"2";"1";"19";"5";""
"202100045995";"119 541";"B01";"2";"7";"0";"2";"7";"15";"1";""
"202100045995";"119 542";"A01";"1";"33";"0";"2";"1";"1";"1";""
"202100045996";"119 539";"B01";"1";"33";"0";"2";"3";"1";"1";""
"202100045996";"119 540";"A01";"2";"7";"0";"0";"2";"10";"1";""
"202100045997";"119 537";"B01";"1";"1";"1";"0";"1";"1";"5";""
"202100045997";"119 538";"A01";"1";"7";"0";"2";"8";"24";"1";""
"202100045998";"119 535";"B01";"1";"7";"0";"2";"1";"15";"1";""
"202100045998";"119 536";"A01";"2";"32";"0";"2";"1";"1";"1";""
"202100045999";"119 534";"A01";"1";"7";"0";"1";"2";"1";"1";""
"202100046000";"119 530";"D01";"2";"7";"1";"0";"4";"24";"2";""
"202100046000";"119 531";"A01";"2";"33";"0";"2";"1";"1";"1";""
"202100046000";"119 532";"C01";"2";"7";"1";"0";"8";"24";"1";""
"202100046000";"119 533";"B01";"2";"7";"1";"2";"3";"16";"1";""
"202100046001";"119 528";"B01";"2";"2";"0";"2";"1";"23";"1";""
"202100046001";"119 529";"A01";"2";"2";"0";"2";"4";"1";"3";""
"202100046002";"119 526";"B01";"1";"32";"0";"2";"2";"1";"1";""
"202100046002";"119 527";"A01";"2";"50";"0";"2";"1";"25";"3";""
"202100046003";"119 525";"A01";"2";"7";"2";"0";"8";"26";"1";""
"202100046004";"119 524";"A01";"1";"7";"1";"0";"1";"1";"1";""
"202100046005";"119 522";"A01";"2";"10";"3";"0";"2";"11";"1";""
"202100046006";"119 521";"A01";"1";"7";"0";"1";"3";"1";"0";""
"202100046007";"119 519";"B01";"1";"7";"0";"0";"4";"1";"1";""
"202100046007";"119 520";"A01";"2";"33";"0";"2";"1";"2";"1";""
"202100046008";"119 518";"A01";"3";"7";"0";"1";"1";"1";"1";""
"202100046009";"119 517";"A01";"0";"1";"14";"0";"0";"1";"5";""
"202100046010";"119 515";"B01";"2";"2";"0";"2";"1";"1";"1";""
"202100046010";"119 516";"A01";"0";"7";"0";"2";"3";"14";"1";""
"202100046011";"119 513";"A01";"2";"10";"3";"2";"1";"0";"1";""
"202100046011";"119 514";"B01";"2";"15";"0";"2";"7";"1";"1";""
"202100046012";"119 511";"B01";"1";"7";"0";"6";"4";"1";"1";""
"202100046012";"119 512";"A01";"1";"37";"0";"2";"1";"1";"1";"1"
"202100046013";"119 509";"B01";"2";"10";"0";"2";"1";"1";"1";""
"202100046013";"119 510";"A01";"1";"7";"0";"2";"1";"13";"1";""
"202100046014";"119 508";"A01";"1";"7";"8";"0";"1";"1";"1";""
"202100046015";"119 506";"B01";"1";"7";"0";"0";"2";"1";"1";""
"202100046015";"119 507";"A01";"2";"7";"0";"0";"3";"15";"1";""
"202100046016";"119 505";"A01";"1";"33";"0";"0";"9";"1";"1";""
"202100046017";"119 503";"B01";"2";"1";"0";"2";"8";"1";"5";""
"202100046017";"119 504";"A01";"1";"7";"0";"9";"1";"15";"1";""
"202100046018";"119 501";"B01";"2";"1";"0";"2";"8";"13";"5";""
"202100046018";"119 502";"A01";"2";"7";"0";"9";"7";"17";"1";""
"202100046019";"119 499";"A01";"2";"7";"0";"2";"3";"9";"1";""
"202100046019";"119 500";"B01";"0";"33";"0";"0";"7";"1";"1";""
"202100046020";"119 498";"A01";"2";"33";"0";"0";"0";"1";"1";""
"202100046021";"119 497";"A01";"3";"7";"0";"1";"0";"19";"1";""
"202100046022";"119 496";"A01";"2";"7";"2";"0";"8";"1";"1";""
"202100046023";"119 494";"A01";"1";"2";"0";"2";"1";"2";"1";""
"202100046023";"119 495";"B01";"1";"7";"0";"0";"4";"2";"1";""
"202100046024";"119 492";"A01";"2";"10";"0";"2";"3";"1";"1";""
"202100046024";"119 493";"B01";"1";"31";"0";"2";"1";"13";"1";""
"202100046025";"119 490";"A01";"1";"7";"9";"0";"1";"9";"1";""
"202100046025";"119 491";"B01";"0";"7";"0";"0";"3";"1";"2";""
"202100046026";"119 488";"B01";"2";"33";"0";"0";"4";"23";"1";""
"202100046026";"119 489";"A01";"2";"33";"0";"2";"1";"2";"1";""
"202100046027";"119 486";"B01";"2";"2";"0";"2";"3";"1";"1";""
"202100046027";"119 487";"A01";"1";"7";"0";"2";"3";"15";"1";""
"202100046028";"119 484";"B01";"2";"2";"0";"2";"1";"1";"1";""
"202100046028";"119 485";"A01";"1";"7";"0";"2";"6";"26";"1";""
"202100046029";"119 483";"A01";"3";"43";"0";"1";"0";"1";"1";""
"202100046030";"119 481";"A01";"1";"7";"0";"0";"0";"9";"0";""
"202100046030";"119 482";"B01";"1";"33";"0";"0";"8";"1";"1";""
"202100046031";"119 478";"B01";"2";"10";"0";"2";"2";"2";"4";""
"202100046031";"119 479";"A01";"2";"17";"0";"0";"6";"2";"1";""
"202100046032";"119 476";"B01";"3";"33";"0";"2";"2";"1";"1";""
"202100046032";"119 477";"A01";"3";"7";"0";"2";"3";"16";"1";""
"202100046033";"119 474";"A01";"1";"7";"0";"2";"3";"15";"1";""
"202100046033";"119 475";"B01";"2";"2";"0";"2";"1";"1";"0";""
"202100046034";"119 473";"A01";"2";"7";"6";"0";"1";"16";"1";""
"202100046035";"119 471";"A01";"1";"1";"0";"0";"2";"1";"5";""
"202100046035";"119 472";"B01";"1";"1";"0";"0";"4";"1";"5";""
"202100046036";"119 470";"A01";"0";"10";"0";"1";"3";"26";"1";""
"202100046037";"119 468";"A01";"1";"32";"0";"2";"1";"17";"1";""
"202100046037";"119 469";"B01";"1";"7";"0";"0";"6";"13";"1";""
"202100046038";"119 466";"B01";"1";"10";"0";"2";"2";"21";"1";""
"202100046038";"119 467";"A01";"1";"1";"0";"2";"8";"19";"5";""
"202100046039";"119 465";"A01";"2";"7";"8";"0";"8";"19";"1";""
"202100046040";"119 463";"A01";"1";"7";"0";"2";"2";"15";"1";""
"202100046040";"119 464";"B01";"2";"2";"0";"2";"3";"1";"1";""
"202100046041";"119 461";"B01";"1";"7";"0";"0";"4";"23";"1";""
"202100046041";"119 462";"A01";"1";"7";"0";"2";"1";"2";"2";""
"202100046042";"119 459";"A01";"2";"7";"0";"2";"3";"15";"1";""
"202100046042";"119 460";"B01";"2";"31";"0";"2";"1";"17";"1";""
"202100046043";"119 457";"B01";"0";"7";"0";"9";"6";"4";"1";""
"202100046043";"119 458";"A01";"0";"1";"0";"0";"1";"2";"5";""
"202100046044";"119 453";"E01";"1";"7";"0";"0";"6";"1";"1";""
"202100046044";"119 454";"D01";"1";"7";"4";"0";"5";"1";"1";""
"202100046044";"119 455";"A01";"1";"7";"3";"2";"7";"1";"1";""
"202100046044";"119 456";"B01";"1";"7";"0";"0";"8";"1";"1";""
"202100046045";"119 451";"A01";"2";"7";"0";"2";"3";"1";"1";""
"202100046045";"119 452";"B01";"1";"7";"0";"2";"1";"15";"1";""
"202100046046";"119 448";"A01";"0";"1";"0";"0";"0";"0";"5";""
"202100046047";"119 447";"A01";"1";"32";"0";"0";"0";"2";"1";""
"202100046048";"119 445";"B01";"1";"33";"0";"2";"3";"1";"1";""
"202100046048";"119 446";"A01";"1";"7";"0";"2";"7";"12";"1";""
"202100046049";"119 444";"A01";"1";"7";"0";"0";"1";"1";"1";""
"202100046050";"119 441";"C01";"1";"17";"0";"2";"6";"1";"1";""
"202100046050";"119 442";"A01";"1";"10";"0";"2";"1";"1";"1";""
"202100046050";"119 443";"B01";"1";"7";"0";"2";"4";"23";"1";""
"202100046051";"119 440";"A01";"1";"7";"11";"0";"1";"13";"1";""
"202100046052";"119 438";"Z01";"1";"7";"0";"2";"0";"0";"0";""
"202100046052";"119 439";"A01";"1";"2";"0";"2";"4";"2";"1";""
"202100046053";"119 435";"C01";"2";"17";"0";"2";"6";"23";"1";""
"202100046053";"119 436";"B01";"2";"10";"0";"2";"6";"23";"1";""
"202100046053";"119 437";"A01";"2";"7";"0";"2";"2";"2";"1";""
"202100046054";"119 433";"A01";"2";"7";"0";"2";"2";"12";"1";""
"202100046054";"119 434";"B01";"2";"7";"0";"2";"6";"1";"1";""
"202100046055";"119 431";"A01";"1";"7";"0";"2";"7";"14";"1";""
"202100046055";"119 432";"B01";"1";"31";"0";"2";"1";"18";"1";""
"202100046056";"119 427";"A01";"2";"10";"0";"2";"1";"2";"1";""
"202100046056";"119 428";"D01";"2";"7";"0";"2";"4";"2";"1";""
"202100046056";"119 429";"C01";"2";"7";"0";"2";"4";"2";"1";""
"202100046056";"119 430";"B01";"2";"10";"0";"2";"4";"2";"1";""
"202100046057";"119 424";"B01";"1";"7";"0";"2";"5";"23";"1";""
"202100046057";"119 425";"C01";"1";"7";"0";"2";"1";"1";"1";""
"202100046057";"119 426";"A01";"1";"33";"0";"2";"1";"3";"1";""
"202100046058";"119 421";"A01";"1";"10";"0";"1";"1";"1";"1";""
"202100046059";"119 420";"A01";"2";"7";"0";"1";"2";"15";"1";""
"202100046060";"119 419";"A01";"1";"31";"0";"1";"8";"1";"1";""
"202100046061";"119 417";"A01";"2";"43";"0";"0";"6";"9";"1";""
"202100046061";"119 418";"B01";"2";"15";"0";"2";"3";"15";"1";""
"202100046062";"119 415";"A01";"2";"33";"0";"2";"1";"1";"1";""
"202100046062";"119 416";"B01";"2";"7";"0";"2";"3";"15";"1";""
"202100046063";"119 413";"A01";"3";"7";"0";"2";"7";"19";"1";""
"202100046063";"119 414";"B01";"3";"7";"0";"2";"2";"1";"1";""
"202100046064";"119 411";"A01";"3";"33";"0";"2";"3";"9";"1";""
"202100046064";"119 412";"B01";"3";"7";"0";"2";"5";"12";"1";""
"202100046065";"119 409";"B01";"2";"32";"0";"2";"5";"1";"1";""
"202100046065";"119 410";"A01";"1";"7";"0";"2";"5";"0";"1";""
"202100046066";"119 408";"A01";"3";"7";"1";"0";"1";"1";"2";""
"202100046067";"119 407";"A01";"1";"7";"1";"1";"1";"1";"1";""
"202100046068";"119 405";"Z01";"2";"7";"0";"0";"3";"13";"1";""
"202100046068";"119 406";"B01";"1";"7";"0";"2";"6";"1";"1";""
"202100046069";"119 403";"B01";"1";"7";"0";"2";"1";"1";"1";""
"202100046069";"119 404";"A01";"1";"33";"0";"2";"4";"2";"1";""
"202100046070";"119 401";"A01";"0";"33";"0";"2";"8";"17";"1";""
"202100046070";"119 402";"Z01";"3";"10";"0";"2";"7";"17";"1";""
"202100046071";"119 399";"A01";"2";"7";"0";"1";"3";"26";"1";""
"202100046072";"119 398";"A01";"2";"3";"6";"0";"1";"13";"1";""
"202100046073";"119 396";"B01";"2";"34";"0";"2";"1";"17";"1";""
"202100046073";"119 397";"A01";"2";"7";"0";"2";"8";"15";"1";""
"202100046074";"119 395";"A01";"1";"7";"0";"1";"1";"1";"1";""
"202100046075";"119 393";"A01";"1";"30";"0";"2";"7";"2";"1";""
"202100046075";"119 394";"B01";"1";"7";"0";"2";"3";"15";"1";""
"202100046076";"119 391";"A01";"1";"7";"0";"2";"2";"15";"1";""
"202100046076";"119 392";"B01";"2";"7";"0";"2";"1";"1";"1";""
"202100046077";"119 389";"B01";"1";"1";"0";"2";"7";"0";"5";""
"202100046077";"119 390";"A01";"1";"7";"0";"2";"1";"9";"1";""
"202100046078";"119 387";"B01";"1";"7";"0";"2";"4";"2";"1";""
"202100046078";"119 388";"A01";"1";"7";"0";"2";"1";"2";"1";""
"202100046079";"119 386";"A01";"2";"30";"14";"0";"8";"26";"1";""
"202100046080";"119 385";"A01";"1";"7";"0";"1";"1";"1";"1";""
"202100046081";"119 384";"A01";"1";"10";"8";"0";"2";"26";"1";""
"202100046082";"119 382";"B01";"1";"7";"0";"2";"2";"1";"1";""
"202100046082";"119 383";"A01";"1";"7";"0";"2";"1";"9";"1";""
"202100046083";"119 380";"A01";"2";"7";"0";"2";"7";"17";"1";""
"202100046083";"119 381";"B01";"2";"7";"0";"2";"8";"15";"1";""
"202100046084";"119 379";"A01";"1";"7";"0";"1";"2";"21";"1";""