"Num_Acc";"id_vehicule";"num_veh";"senc";"catv";"obs";"obsm";"choc";"manv";"motor";"occutc"
"202100046526";"118 619";"A01";"3";"33";"0";"2";"1";"1";"1";""
"202100046526";"118 620";"B01";"3";"10";"0";"2";"4";"1";"1";""
"202100046527";"118 618";"A01";"3";"50";"0";"0";"0";"1";"3";""
"202100046528";"118 616";"B01";"2";"7";"0";"2";"3";"1";"1";""
"202100046528";"118 617";"A01";"1";"7";"6";"2";"2";"1";"1";""
"202100046529";"118 615";"A01";"3";"7";"0";"1";"2";"16";"1";""
"202100046530";"118 614";"A01";"3";"7";"0";"1";"4";"4";"1";""
"202100046531";"118 612";"A01";"2";"60";"0";"2";"8";"19";"5";""
"202100046531";"118 613";"B01";"1";"43";"0";"2";"1";"1";"1";""
"202100046532";"118 609";"A01";"2";"10";"0";"2";"1";"1";"1";""
"202100046532";"118 610";"B01";"2";"7";"0";"2";"4";"23";"1";""
"202100046532";"118 611";"C01";"2";"7";"0";"2";"4";"23";"1";""
"202100046533";"118 607";"A01";"3";"32";"0";"2";"2";"15";"1";""
"202100046533";"118 608";"B01";"2";"2";"0";"2";"1";"7";"1";""
"202100046534";"118 605";"A01";"0";"7";"0";"2";"2";"1";"1";""
"202100046534";"118 606";"B01";"0";"7";"0";"2";"1";"16";"1";""
"202100046535";"118 603";"A01";"1";"7";"0";"2";"3";"15";"1";""
"202100046535";"118 604";"B01";"1";"2";"0";"2";"0";"2";"1";""
"202100046536";"118 601";"A01";"1";"31";"0";"2";"1";"2";"1";""
"202100046536";"118 602";"B01";"1";"17";"6";"0";"4";"2";"1";""
"202100046537";"118 599";"A01";"1";"7";"0";"2";"2";"15";"1";""
"202100046537";"118 600";"B01";"2";"2";"0";"2";"1";"1";"1";""
"202100046538";"118 597";"B01";"2";"7";"0";"2";"4";"15";"1";""
"202100046538";"118 598";"A01";"2";"7";"0";"2";"1";"1";"1";""
"202100046539";"118 594";"C01";"3";"10";"0";"2";"3";"1";"1";""
"202100046539";"118 595";"B01";"3";"33";"0";"2";"2";"1";"1";""
"202100046539";"118 596";"A01";"3";"10";"0";"2";"7";"15";"1";""
"202100046540";"118 592";"B01";"1";"60";"0";"2";"4";"1";"5";""
"202100046540";"118 593";"Z01";"1";"7";"0";"9";"1";"2";"0";""
"202100046541";"118 590";"B01";"0";"7";"0";"2";"1";"9";"1";""
"202100046541";"118 591";"A01";"0";"1";"0";"2";"3";"25";"5";""
"202100046542";"118 586";"A01";"1";"34";"0";"2";"1";"1";"1";""
"202100046542";"118 587";"B01";"2";"10";"0";"2";"6";"0";"1";""
"202100046543";"118 583";"B01";"2";"33";"0";"2";"6";"23";"1";""
"202100046543";"118 584";"A01";"2";"32";"0";"2";"1";"1";"1";""
"202100046543";"118 585";"C01";"2";"7";"0";"2";"2";"15";"0";""
"202100046544";"118 581";"B01";"1";"7";"0";"2";"8";"1";"1";""
"202100046544";"118 582";"A01";"1";"7";"0";"2";"1";"19";"1";""
"202100046545";"118 580";"A01";"1";"14";"0";"1";"1";"26";"1";""
"202100046546";"118 578";"B01";"2";"7";"0";"0";"4";"2";"1";""
"202100046546";"118 579";"A01";"1";"7";"0";"2";"1";"1";"1";""
"202100046547";"118 577";"A01";"3";"10";"0";"1";"3";"15";"1";""
"202100046548";"118 575";"A01";"1";"7";"0";"2";"2";"15";"1";""
"202100046548";"118 576";"B01";"2";"33";"0";"2";"1";"26";"1";""
"202100046549";"118 571";"A01";"1";"7";"0";"2";"4";"1";"1";""
"202100046549";"118 572";"C01";"1";"10";"0";"2";"0";"0";"1";""
"202100046549";"118 573";"D01";"1";"7";"0";"2";"0";"0";"1";""
"202100046549";"118 574";"B01";"1";"7";"0";"2";"0";"0";"1";""
"202100046550";"118 568";"C01";"1";"7";"0";"2";"1";"2";"1";""
"202100046550";"118 569";"A01";"0";"7";"0";"2";"4";"2";"1";""
"202100046550";"118 570";"B01";"1";"7";"0";"2";"4";"2";"1";""
"202100046551";"118 561";"G01";"1";"7";"0";"2";"4";"1";"1";""
"202100046551";"118 562";"F01";"1";"7";"0";"2";"9";"1";"1";""
"202100046551";"118 563";"E01";"1";"7";"0";"2";"9";"1";"1";""
"202100046551";"118 564";"D01";"1";"10";"0";"2";"1";"1";"1";""
"202100046551";"118 565";"C01";"1";"7";"0";"2";"9";"1";"1";""
"202100046551";"118 566";"B01";"1";"7";"0";"2";"5";"1";"2";""
"202100046551";"118 567";"A01";"1";"15";"0";"2";"6";"1";"1";""
"202100046552";"118 558";"B01";"1";"7";"0";"2";"4";"23";"1";""
"202100046552";"118 559";"C01";"1";"7";"0";"2";"2";"2";"1";""
"202100046552";"118 560";"A01";"1";"10";"0";"2";"1";"2";"1";""
"202100046553";"118 555";"A01";"2";"10";"0";"2";"7";"12";"1";""
"202100046553";"118 556";"C01";"2";"15";"0";"2";"4";"24";"1";""
"202100046553";"118 557";"B01";"2";"7";"0";"2";"8";"1";"1";""
"202100046554";"118 554";"A01";"2";"17";"3";"0";"1";"13";"1";""
"202100046555";"118 552";"A01";"2";"33";"0";"2";"1";"0";"1";""
"202100046555";"118 553";"B01";"2";"7";"0";"2";"5";"0";"1";""
"202100046556";"118 551";"A01";"1";"7";"4";"0";"2";"1";"1";""
"202100046557";"118 550";"A01";"2";"7";"0";"9";"1";"9";"1";""
"202100046558";"118 547";"C01";"1";"7";"0";"2";"1";"2";"1";""
"202100046558";"118 548";"B01";"1";"7";"0";"2";"1";"1";"0";""
"202100046558";"118 549";"A01";"1";"7";"0";"2";"0";"1";"0";""
"202100046559";"118 546";"A01";"3";"7";"0";"1";"1";"25";"1";""
"202100046560";"118 544";"A01";"2";"30";"0";"2";"7";"1";"1";""
"202100046560";"118 545";"B01";"1";"7";"0";"2";"1";"1";"1";""
"202100046561";"118 542";"Z01";"2";"14";"0";"2";"2";"1";"1";""
"202100046561";"118 543";"B01";"2";"50";"13";"2";"8";"1";"3";""
"202100046562";"118 540";"A01";"1";"7";"0";"0";"0";"16";"1";""
"202100046562";"118 541";"B01";"1";"2";"0";"2";"0";"1";"1";""
"202100046563";"118 538";"A01";"1";"2";"0";"2";"8";"1";"1";""
"202100046563";"118 539";"B01";"2";"7";"0";"9";"8";"1";"1";""
"202100046564";"118 536";"A01";"2";"7";"0";"2";"1";"21";"0";""
"202100046564";"118 537";"B01";"2";"30";"0";"2";"4";"1";"1";""
"202100046565";"118 535";"A01";"3";"33";"0";"2";"0";"1";"0";""
"202100046566";"118 534";"A01";"1";"7";"0";"1";"1";"2";"1";""
"202100046567";"118 531";"A01";"1";"7";"0";"2";"1";"1";"1";""
"202100046567";"118 532";"B01";"1";"7";"0";"2";"4";"23";"1";""
"202100046567";"118 533";"C01";"1";"7";"0";"2";"6";"15";"1";""
"202100046568";"118 529";"B01";"3";"1";"0";"2";"1";"0";"0";""
"202100046568";"118 530";"A01";"3";"7";"0";"2";"3";"26";"1";""
"202100046569";"118 528";"A01";"2";"30";"0";"0";"0";"9";"1";""
"202100046570";"118 526";"A01";"1";"7";"0";"9";"8";"1";"1";""
"202100046570";"118 527";"B01";"1";"50";"0";"2";"7";"0";"3";""
"202100046571";"118 525";"A01";"3";"10";"0";"1";"1";"1";"1";""
"202100046572";"118 523";"A01";"2";"7";"0";"2";"1";"2";"1";""
"202100046572";"118 524";"B01";"2";"7";"0";"2";"6";"2";"1";""
"202100046573";"118 521";"A01";"1";"33";"0";"2";"0";"14";"1";""
"202100046573";"118 522";"B01";"1";"33";"0";"2";"0";"0";"1";""
"202100046574";"118 519";"A01";"1";"7";"0";"2";"2";"9";"1";""
"202100046574";"118 520";"B01";"2";"7";"0";"2";"1";"1";"1";""
"202100046575";"118 517";"A01";"1";"2";"0";"2";"8";"18";"1";""
"202100046575";"118 518";"B01";"1";"2";"0";"2";"5";"23";"1";""
"202100046576";"118 516";"A01";"3";"7";"2";"0";"1";"26";"6";""
"202100046577";"118 515";"A01";"3";"7";"0";"1";"1";"16";"1";""
"202100046578";"118 514";"A01";"0";"7";"0";"1";"1";"1";"1";""
"202100046579";"118 512";"A01";"1";"10";"0";"2";"4";"20";"1";""
"202100046579";"118 513";"B01";"1";"30";"0";"2";"1";"21";"1";""
"202100046580";"118 510";"B01";"0";"1";"0";"0";"0";"0";"5";""
"202100046580";"118 511";"A01";"0";"7";"0";"2";"7";"22";"1";""
"202100046581";"118 508";"B01";"0";"7";"0";"0";"0";"0";"1";""
"202100046581";"118 509";"A01";"0";"7";"0";"2";"3";"1";"1";""
"202100046582";"118 507";"A01";"0";"7";"0";"1";"1";"1";"1";""
"202100046583";"118 506";"A01";"3";"7";"0";"1";"1";"21";"1";""
"202100046584";"118 503";"A01";"2";"33";"6";"0";"0";"26";"1";""
"202100046585";"118 501";"A01";"1";"7";"0";"2";"4";"2";"1";""
"202100046585";"118 502";"B01";"1";"7";"0";"2";"4";"1";"1";""
"202100046586";"118 499";"C01";"1";"1";"0";"2";"1";"15";"5";""
"202100046586";"118 500";"A01";"2";"7";"0";"2";"3";"16";"1";""
"202100046587";"118 495";"D01";"1";"7";"0";"2";"4";"1";"1";""
"202100046587";"118 496";"B01";"1";"7";"0";"2";"1";"1";"1";""
"202100046587";"118 497";"A01";"1";"7";"0";"2";"1";"2";"1";""
"202100046587";"118 498";"C01";"1";"7";"0";"2";"1";"1";"1";""
"202100046588";"118 493";"A01";"1";"7";"0";"2";"3";"9";"1";""
"202100046588";"118 494";"B01";"1";"2";"0";"2";"1";"16";"1";""
"202100046589";"118 491";"A01";"2";"10";"0";"2";"1";"15";"1";""
"202100046589";"118 492";"B01";"2";"7";"0";"2";"2";"1";"1";""
"202100046590";"118 489";"A01";"2";"7";"0";"2";"2";"9";"1";""
"202100046590";"118 490";"B01";"2";"1";"0";"2";"1";"1";"6";""
"202100046591";"118 487";"A01";"1";"50";"0";"2";"1";"15";"3";""
"202100046591";"118 488";"B01";"2";"7";"0";"2";"1";"1";"1";""
"202100046592";"118 485";"B01";"1";"7";"0";"2";"8";"1";"1";""
"202100046592";"118 486";"A01";"2";"7";"0";"2";"2";"1";"1";""
"202100046593";"118 483";"B01";"1";"7";"0";"2";"4";"2";"1";""
"202100046593";"118 484";"A01";"1";"7";"0";"2";"1";"2";"1";""
"202100046594";"118 481";"B01";"3";"7";"0";"2";"3";"19";"1";""
"202100046594";"118 482";"A01";"3";"32";"0";"2";"7";"19";"1";""
"202100046595";"118 479";"B01";"2";"10";"0";"2";"3";"26";"1";""
"202100046595";"118 480";"A01";"2";"33";"0";"2";"5";"16";"1";""
"202100046596";"118 477";"A01";"2";"7";"0";"2";"2";"1";"1";""
"202100046596";"118 478";"Y01";"2";"1";"0";"0";"0";"0";"5";""
"202100046597";"118 475";"B01";"2";"7";"0";"2";"1";"9";"1";""
"202100046597";"118 476";"A01";"1";"7";"0";"2";"2";"1";"1";""
"202100046598";"118 473";"B01";"0";"60";"0";"2";"8";"19";"5";""
"202100046598";"118 474";"A01";"0";"7";"0";"2";"1";"1";"1";""
"202100046599";"118 472";"A01";"3";"7";"0";"1";"1";"1";"1";""
"202100046600";"118 471";"A01";"1";"3";"0";"1";"1";"16";"1";""
"202100046601";"118 470";"A01";"0";"7";"1";"0";"1";"1";"1";""
"202100046602";"118 469";"A01";"3";"1";"0";"1";"1";"1";"5";""
"202100046603";"118 468";"A01";"1";"7";"0";"1";"3";"13";"1";""
"202100046604";"118 464";"A01";"2";"7";"0";"2";"1";"1";"1";""
"202100046604";"118 465";"B01";"1";"10";"0";"2";"1";"0";"1";""
"202100046604";"118 466";"C01";"2";"10";"0";"2";"0";"0";"1";""
"202100046604";"118 467";"D01";"2";"10";"0";"2";"0";"0";"1";""
"202100046605";"118 463";"A01";"2";"7";"0";"1";"1";"15";"1";""
"202100046606";"118 461";"B01";"3";"40";"0";"2";"1";"1";"3";""
"202100046606";"118 462";"A01";"3";"34";"0";"4";"7";"19";"1";""
"202100046607";"118 459";"B01";"2";"1";"0";"2";"8";"0";"5";""
"202100046607";"118 460";"A01";"2";"14";"0";"2";"7";"16";"1";""
"202100046608";"118 458";"A01";"2";"7";"6";"0";"1";"1";"1";""
"202100046609";"118 455";"B01";"1";"7";"0";"2";"4";"23";"1";""
"202100046609";"118 456";"C01";"1";"10";"0";"2";"4";"23";"1";""
"202100046609";"118 457";"Z01";"1";"7";"0";"2";"1";"1";"1";""
"202100046610";"118 453";"A01";"2";"15";"0";"2";"4";"9";"1";""
"202100046610";"118 454";"B01";"2";"7";"0";"2";"7";"1";"1";""
"202100046611";"118 451";"B01";"3";"31";"0";"2";"1";"1";"1";""
"202100046611";"118 452";"A01";"3";"7";"0";"2";"3";"20";"1";""
"202100046612";"118 449";"B01";"2";"7";"0";"2";"6";"2";"3";""
"202100046612";"118 450";"A01";"2";"32";"0";"2";"7";"17";"6";""
"202100046613";"118 447";"A01";"3";"30";"0";"2";"1";"19";"1";""
"202100046613";"118 448";"B01";"3";"7";"0";"2";"2";"1";"1";""
"202100046614";"118 446";"A01";"1";"7";"0";"1";"1";"16";"1";""
"202100046615";"118 443";"A01";"1";"7";"0";"1";"1";"1";"1";""
"202100046616";"118 441";"A01";"2";"10";"0";"2";"3";"15";"1";""
"202100046616";"118 442";"B01";"2";"1";"0";"2";"2";"1";"5";""
"202100046617";"118 439";"A01";"3";"7";"0";"2";"5";"16";"1";""
"202100046617";"118 440";"Z01";"3";"1";"0";"2";"0";"0";"5";""
"202100046618";"118 438";"A01";"1";"7";"3";"0";"7";"1";"1";""
"202100046619";"118 436";"B01";"1";"32";"0";"2";"1";"1";"1";""
"202100046619";"118 437";"A01";"2";"7";"0";"2";"7";"15";"1";""
"202100046620";"118 434";"A01";"1";"7";"0";"2";"3";"6";"1";""
"202100046620";"118 435";"B01";"1";"7";"0";"2";"2";"1";"1";""
"202100046621";"118 432";"A01";"0";"7";"0";"2";"7";"15";"1";""
"202100046621";"118 433";"B01";"0";"33";"0";"2";"1";"1";"1";""
"202100046622";"118 430";"B01";"0";"7";"0";"9";"1";"1";"1";""
"202100046622";"118 431";"A01";"0";"31";"0";"2";"1";"13";"1";""
"202100046623";"118 428";"B01";"3";"10";"0";"2";"3";"1";"1";""
"202100046623";"118 429";"A01";"3";"33";"0";"2";"1";"1";"1";""
"202100046624";"118 427";"A01";"2";"7";"0";"1";"3";"1";"6";""
"202100046625";"118 425";"A01";"1";"7";"0";"9";"4";"23";"1";""
"202100046625";"118 426";"B01";"1";"7";"0";"2";"1";"2";"1";""
"202100046626";"118 423";"B01";"3";"1";"0";"9";"4";"21";"5";""
"202100046626";"118 424";"A01";"3";"1";"0";"9";"1";"1";"5";""
"202100046627";"118 422";"A01";"1";"7";"0";"1";"2";"1";"1";""
"202100046628";"118 420";"B01";"0";"31";"0";"2";"4";"23";"1";""
"202100046628";"118 421";"A01";"2";"7";"0";"2";"3";"1";"1";""
"202100046629";"118 417";"B01";"1";"7";"0";"2";"6";"1";"1";""
"202100046629";"118 418";"C01";"1";"7";"0";"2";"1";"1";"2";""
"202100046629";"118 419";"A01";"1";"15";"0";"2";"2";"12";"1";""
"202100046630";"118 415";"B01";"2";"7";"0";"2";"5";"12";"1";""
"202100046630";"118 416";"A01";"2";"43";"0";"2";"1";"1";"1";""
"202100046631";"118 413";"A01";"2";"43";"0";"2";"1";"3";"1";""
"202100046631";"118 414";"B01";"2";"7";"0";"2";"5";"1";"1";""
"202100046632";"118 411";"B01";"1";"50";"0";"2";"1";"1";"3";""
"202100046632";"118 412";"A01";"2";"31";"0";"2";"2";"15";"1";""
"202100046633";"118 409";"B01";"1";"7";"0";"2";"2";"1";"1";""
"202100046633";"118 410";"A01";"1";"30";"0";"2";"7";"18";"1";""
"202100046634";"118 406";"Z01";"1";"30";"0";"2";"7";"13";"0";""
"202100046634";"118 407";"B01";"2";"80";"0";"2";"1";"1";"3";""
"202100046634";"118 408";"A01";"2";"80";"0";"2";"1";"1";"3";""
"202100046635";"118 405";"A01";"2";"30";"14";"0";"8";"1";"1";""
"202100046636";"118 403";"B01";"1";"7";"0";"2";"3";"15";"1";""
"202100046636";"118 404";"A01";"1";"30";"0";"2";"7";"7";"1";""
"202100046637";"118 401";"Z01";"2";"7";"0";"2";"0";"17";"0";""
"202100046637";"118 402";"A01";"2";"30";"0";"2";"1";"1";"3";""
"202100046638";"118 400";"A01";"1";"50";"0";"0";"0";"1";"3";""
"202100046639";"118 398";"A01";"2";"10";"0";"2";"2";"2";"1";""
"202100046639";"118 399";"B01";"2";"7";"0";"2";"6";"23";"1";""
"202100046640";"118 397";"A01";"2";"7";"0";"1";"2";"1";"1";""
"202100046641";"118 395";"A01";"1";"33";"0";"2";"1";"18";"1";""
"202100046641";"118 396";"B01";"2";"7";"0";"2";"2";"15";"1";""
"202100046642";"118 394";"A01";"2";"80";"0";"1";"1";"1";"3";""
"202100046643";"118 392";"B01";"1";"7";"0";"2";"4";"23";"1";""
"202100046643";"118 393";"A01";"1";"2";"0";"2";"1";"2";"1";""
"202100046644";"118 391";"A01";"1";"1";"0";"1";"2";"1";"5";""
"202100046645";"118 389";"B01";"2";"1";"0";"2";"0";"1";"5";""
"202100046645";"118 390";"A01";"2";"10";"0";"2";"0";"22";"1";""
"202100046646";"118 387";"B01";"2";"1";"0";"2";"8";"18";"5";""
"202100046646";"118 388";"A01";"2";"15";"0";"2";"7";"1";"1";""
"202100046647";"118 385";"B01";"2";"34";"0";"2";"4";"17";"3";""
"202100046647";"118 386";"A01";"2";"1";"0";"2";"1";"15";"5";""
"202100046648";"118 383";"A01";"2";"7";"0";"2";"2";"16";"1";""
"202100046648";"118 384";"B01";"1";"1";"0";"2";"4";"1";"5";""
"202100046649";"118 381";"B01";"3";"1";"0";"2";"8";"1";"5";""
"202100046649";"118 382";"A01";"0";"7";"0";"2";"7";"17";"1";""
"202100046650";"118 380";"A01";"2";"30";"0";"1";"1";"1";"1";""
"202100046651";"118 378";"A01";"1";"7";"0";"2";"3";"21";"1";""
"202100046651";"118 379";"B01";"1";"7";"0";"2";"5";"2";"1";""
"202100046652";"118 377";"A01";"0";"7";"1";"1";"2";"13";"1";""
"202100046653";"118 376";"A01";"1";"31";"0";"1";"1";"26";"0";""
"202100046654";"118 374";"A01";"1";"7";"0";"2";"7";"20";"1";""
"202100046654";"118 375";"B01";"2";"2";"0";"2";"1";"1";"1";""
"202100046655";"118 373";"A01";"1";"1";"0";"1";"1";"1";"5";""
"202100046656";"118 372";"A01";"0";"7";"0";"2";"2";"17";"1";""
"202100046657";"118 369";"C01";"3";"7";"0";"2";"8";"1";"1";""
"202100046657";"118 370";"B01";"3";"7";"0";"2";"3";"15";"2";""
"202100046657";"118 371";"A01";"3";"33";"0";"2";"1";"1";"1";""
"202100046658";"118 366";"B01";"1";"7";"0";"2";"4";"0";"0";""
"202100046658";"118 367";"A01";"1";"7";"0";"2";"1";"2";"0";""
"202100046659";"118 365";"A01";"1";"15";"0";"1";"0";"19";"1";""
"202100046660";"118 364";"A01";"3";"60";"0";"1";"1";"1";"5";""
"202100046661";"118 363";"A01";"1";"0";"0";"1";"0";"1";"0";""
"202100046662";"118 362";"A01";"1";"7";"3";"0";"9";"1";"1";""
"202100046663";"118 361";"A01";"1";"7";"0";"1";"2";"1";"1";""
"202100046664";"118 359";"A01";"3";"34";"0";"2";"1";"1";"0";""
"202100046664";"118 360";"B01";"3";"3";"0";"2";"5";"9";"0";""
"202100046665";"118 355";"A01";"2";"30";"0";"2";"1";"3";"1";""
"202100046665";"118 356";"T01";"2";"7";"0";"2";"0";"26";"1";""
"202100046665";"118 357";"C01";"1";"37";"0";"2";"3";"1";"1";"1"
"202100046665";"118 358";"B01";"2";"7";"0";"2";"4";"1";"1";""
"202100046666";"118 353";"B01";"1";"7";"0";"2";"2";"16";"1";""
"202100046666";"118 354";"A01";"1";"50";"0";"2";"1";"1";"3";""
"202100046667";"118 351";"B01";"2";"33";"0";"2";"1";"1";"1";""
"202100046667";"118 352";"A01";"1";"15";"0";"2";"3";"15";"1";""
"202100046668";"118 350";"A01";"2";"7";"1";"0";"2";"1";"1";""
"202100046669";"118 349";"A01";"1";"7";"1";"0";"7";"1";"1";""
"202100046670";"118 348";"A01";"0";"7";"13";"0";"3";"26";"1";""
"202100046671";"118 347";"A01";"2";"7";"3";"0";"1";"9";"1";""
"202100046672";"118 345";"B01";"2";"60";"0";"0";"7";"15";"5";""
"202100046672";"118 346";"A01";"2";"7";"0";"2";"7";"1";"1";""
"202100046673";"118 343";"A01";"2";"15";"0";"2";"7";"17";"1";""
"202100046673";"118 344";"B01";"2";"1";"0";"0";"8";"23";"5";""
"202100046674";"118 342";"A01";"0";"7";"0";"1";"8";"2";"1";""
"202100046675";"118 341";"A01";"1";"15";"0";"1";"3";"1";"1";""
"202100046676";"118 339";"B01";"1";"7";"0";"2";"1";"1";"1";""
"202100046676";"118 340";"A01";"1";"7";"0";"2";"3";"15";"1";""
"202100046677";"118 337";"B01";"2";"7";"0";"2";"1";"1";"1";""
"202100046677";"118 338";"A01";"1";"7";"0";"2";"1";"5";"1";""
"202100046678";"118 335";"A01";"1";"7";"1";"0";"2";"1";"1";""
"202100046678";"118 336";"B01";"1";"10";"0";"0";"4";"24";"1";""
"202100046679";"118 334";"A01";"3";"7";"0";"0";"8";"23";"1";""
"202100046680";"118 333";"A01";"3";"7";"0";"1";"4";"4";"2";""
"202100046681";"118 332";"A01";"1";"33";"0";"6";"1";"1";"1";""
"202100046682";"118 331";"A01";"2";"7";"4";"0";"1";"1";"1";""
"202100046683";"118 330";"A01";"2";"33";"10";"0";"1";"1";"1";""
"202100046684";"118 329";"A01";"1";"1";"0";"0";"8";"1";"5";""
"202100046685";"118 327";"A01";"1";"7";"0";"2";"2";"15";"1";""
"202100046685";"118 328";"B01";"2";"33";"0";"2";"1";"1";"1";""
"202100046686";"118 324";"A01";"1";"2";"0";"2";"7";"19";"1";""
"202100046686";"118 325";"C01";"2";"15";"0";"2";"1";"1";"1";""
"202100046686";"118 326";"B01";"1";"10";"0";"2";"3";"1";"1";""
"202100046687";"118 322";"B01";"1";"1";"0";"2";"8";"1";"5";""
"202100046687";"118 323";"A01";"1";"7";"0";"2";"7";"17";"1";""
"202100046688";"118 320";"B01";"1";"7";"0";"2";"7";"1";"1";""
"202100046688";"118 321";"A01";"2";"7";"0";"2";"3";"15";"1";""
"202100046689";"118 319";"A01";"0";"7";"2";"0";"3";"13";"1";""
"202100046690";"118 318";"A01";"2";"7";"13";"0";"2";"1";"1";""
"202100046691";"118 316";"A01";"3";"7";"0";"1";"4";"20";"1";""
"202100046692";"118 314";"A01";"2";"10";"0";"2";"0";"1";"1";""
"202100046692";"118 315";"B01";"1";"7";"0";"9";"3";"1";"1";""
"202100046693";"118 313";"A01";"1";"7";"0";"1";"2";"1";"1";""
"202100046694";"118 312";"A01";"1";"32";"13";"0";"1";"1";"1";""
"202100046695";"118 311";"A01";"2";"7";"2";"0";"3";"1";"1";""
"202100046696";"118 309";"B01";"1";"10";"0";"2";"2";"1";"1";""
"202100046696";"118 310";"A01";"1";"33";"0";"2";"0";"18";"1";""
"202100046697";"118 307";"A01";"1";"7";"0";"0";"2";"1";"0";""
"202100046697";"118 308";"B01";"1";"1";"0";"2";"3";"13";"0";""
"202100046698";"118 305";"B01";"0";"7";"0";"2";"8";"1";"2";""
"202100046698";"118 306";"A01";"3";"7";"0";"2";"3";"26";"1";""
"202100046699";"118 304";"A01";"3";"1";"8";"0";"0";"1";"5";""
"202100046700";"118 300";"C01";"2";"7";"0";"0";"4";"2";"1";""
"202100046700";"118 301";"B01";"2";"7";"0";"2";"4";"2";"1";""
"202100046700";"118 302";"A01";"2";"7";"0";"2";"1";"2";"1";""
"202100046701";"118 299";"A01";"2";"7";"2";"0";"2";"1";"1";""
"202100046702";"118 297";"B01";"1";"31";"0";"2";"1";"1";"1";""
"202100046702";"118 298";"A01";"2";"7";"0";"2";"2";"15";"1";""
"202100046703";"118 296";"A01";"2";"7";"13";"0";"2";"1";"1";""
"202100046704";"118 295";"A01";"3";"33";"9";"0";"0";"0";"1";""
"202100046705";"118 293";"A01";"1";"33";"0";"0";"0";"1";"1";""
"202100046706";"118 290";"B01";"1";"7";"0";"2";"4";"2";"1";""
"202100046706";"118 291";"C01";"1";"7";"0";"2";"1";"2";"0";""
"202100046706";"118 292";"A01";"1";"7";"0";"2";"4";"2";"1";""
"202100046707";"118 287";"A01";"1";"10";"0";"2";"4";"2";"1";""
"202100046707";"118 288";"B01";"1";"7";"0";"2";"1";"2";"1";""
"202100046707";"118 289";"C01";"1";"10";"0";"2";"1";"2";"1";""
"202100046708";"118 286";"A01";"1";"7";"14";"0";"9";"0";"1";""
"202100046709";"118 284";"B01";"1";"10";"0";"2";"3";"21";"1";""
"202100046709";"118 285";"A01";"1";"7";"0";"2";"5";"23";"1";""
"202100046710";"118 281";"C01";"1";"7";"0";"2";"1";"2";"1";""
"202100046710";"118 282";"B01";"1";"7";"0";"2";"4";"2";"1";""
"202100046710";"118 283";"A01";"1";"7";"0";"2";"4";"2";"1";""
"202100046711";"118 279";"B01";"2";"7";"0";"2";"1";"2";"1";""
"202100046711";"118 280";"A01";"2";"10";"0";"2";"4";"1";"1";""
"202100046712";"118 277";"B01";"1";"7";"0";"2";"3";"23";"1";""
"202100046712";"118 278";"A01";"1";"7";"0";"2";"1";"2";"1";""
"202100046713";"118 272";"C01";"2";"7";"0";"2";"4";"1";"1";""
"202100046713";"118 273";"A01";"2";"13";"0";"2";"1";"2";"1";""
"202100046713";"118 274";"B01";"2";"7";"0";"2";"4";"1";"1";""
"202100046713";"118 275";"D01";"2";"7";"0";"2";"4";"2";"1";""
"202100046713";"118 276";"E01";"2";"7";"0";"2";"4";"0";"1";""
"202100046714";"118 270";"A01";"1";"7";"0";"2";"0";"0";"1";""
"202100046714";"118 271";"B01";"1";"7";"0";"2";"0";"0";"1";""
"202100046715";"118 267";"A01";"2";"43";"0";"2";"7";"3";"1";""
"202100046715";"118 268";"B01";"2";"7";"0";"2";"8";"2";"1";""
"202100046715";"118 269";"C01";"2";"10";"0";"2";"5";"2";"1";""
"202100046716";"118 265";"A01";"2";"7";"0";"2";"1";"17";"1";""
"202100046716";"118 266";"B01";"2";"3";"3";"2";"4";"1";"1";""
"202100046717";"118 263";"B01";"2";"33";"0";"2";"7";"3";"1";""
"202100046717";"118 264";"A01";"2";"7";"0";"2";"8";"11";"1";""
"202100046718";"118 262";"A01";"2";"33";"0";"2";"2";"1";"1";""
"202100046719";"118 260";"A01";"2";"10";"0";"2";"1";"1";"1";""
"202100046719";"118 261";"B01";"2";"7";"0";"2";"4";"1";"1";""
"202100046720";"118 259";"A01";"2";"7";"0";"1";"6";"4";"1";""
"202100046721";"118 258";"A01";"1";"7";"0";"1";"1";"1";"1";""
"202100046722";"118 256";"A01";"1";"30";"0";"2";"4";"1";"1";""
"202100046722";"118 257";"B01";"1";"7";"0";"2";"1";"1";"1";""
"202100046723";"118 255";"A01";"3";"30";"12";"0";"0";"0";"0";""
"202100046724";"118 253";"Z01";"1";"0";"0";"0";"0";"0";"0";""
"202100046724";"118 254";"B01";"1";"2";"0";"2";"0";"16";"1";""
"202100046725";"118 252";"A01";"1";"37";"0";"1";"1";"26";"1";"1"
"202100046726";"118 250";"B01";"2";"60";"0";"2";"1";"1";"5";""
"202100046726";"118 251";"A01";"2";"7";"0";"2";"5";"16";"1";""
"202100046727";"118 248";"B01";"2";"1";"0";"2";"1";"1";"5";""
"202100046727";"118 249";"A01";"2";"7";"0";"2";"3";"15";"1";""
"202100046728";"118 247";"A01";"1";"99";"0";"0";"0";"26";"0";""
"202100046729";"118 245";"A01";"2";"7";"0";"2";"7";"19";"1";""
"202100046729";"118 246";"B01";"3";"33";"0";"2";"1";"19";"1";""