"Num_Acc";"id_vehicule";"num_veh";"senc";"catv";"obs";"obsm";"choc";"manv";"motor";"occutc"
"202100046730";"118 243";"B01";"1";"30";"0";"2";"1";"1";"1";""
"202100046730";"118 244";"A01";"3";"7";"0";"2";"3";"15";"1";""
"202100046731";"118 241";"B01";"1";"31";"0";"2";"1";"1";"1";""
"202100046731";"118 242";"A01";"1";"7";"0";"2";"5";"21";"1";""
"202100046732";"118 239";"A01";"2";"10";"0";"2";"0";"1";"1";""
"202100046732";"118 240";"B01";"1";"1";"0";"2";"0";"0";"5";""
"202100046733";"118 236";"A01";"2";"7";"0";"2";"3";"13";"1";""
"202100046733";"118 237";"C01";"2";"7";"0";"2";"4";"1";"1";""
"202100046733";"118 238";"B01";"2";"7";"0";"2";"1";"14";"1";""
"202100046734";"118 234";"A01";"3";"7";"0";"2";"2";"15";"1";""
"202100046734";"118 235";"B01";"0";"33";"0";"0";"0";"0";"1";""
"202100046735";"118 233";"A01";"1";"7";"0";"1";"3";"16";"1";""
"202100046736";"118 231";"B01";"0";"80";"0";"2";"2";"15";"3";""
"202100046736";"118 232";"A01";"3";"7";"0";"1";"3";"2";"1";""
"202100046737";"118 229";"B01";"2";"10";"0";"2";"4";"2";"1";""
"202100046737";"118 230";"A01";"2";"33";"0";"2";"1";"2";"1";""
"202100046738";"118 227";"A01";"1";"80";"0";"2";"1";"1";"3";""
"202100046738";"118 228";"B01";"2";"37";"0";"2";"8";"1";"1";"1"
"202100046739";"118 225";"A01";"2";"7";"0";"2";"2";"15";"1";""
"202100046739";"118 226";"B01";"1";"2";"0";"2";"7";"21";"1";""
"202100046740";"118 222";"C01";"2";"7";"0";"2";"4";"2";"1";""
"202100046740";"118 223";"B01";"2";"7";"0";"2";"4";"2";"1";""
"202100046740";"118 224";"A01";"2";"7";"0";"2";"1";"2";"1";""
"202100046741";"118 221";"A01";"2";"7";"0";"1";"0";"0";"1";""
"202100046742";"118 220";"A01";"1";"7";"0";"1";"1";"16";"1";""
"202100046743";"118 218";"Z01";"2";"7";"0";"2";"1";"13";"1";""
"202100046743";"118 219";"A01";"1";"7";"0";"2";"3";"1";"1";""
"202100046744";"118 216";"A01";"1";"7";"1";"0";"1";"14";"1";""
"202100046744";"118 217";"B01";"1";"7";"0";"2";"2";"24";"1";""
"202100046745";"118 215";"A01";"2";"7";"0";"1";"1";"15";"1";""
"202100046746";"118 213";"A01";"1";"7";"0";"2";"3";"10";"1";""
"202100046746";"118 214";"B01";"2";"2";"0";"2";"1";"1";"1";""
"202100046747";"118 212";"A01";"1";"10";"8";"0";"1";"1";"1";""
"202100046748";"118 210";"A01";"1";"7";"0";"2";"1";"15";"1";""
"202100046748";"118 211";"B01";"3";"60";"0";"2";"0";"1";"5";""
"202100046749";"118 208";"B01";"1";"30";"0";"2";"3";"1";"3";""
"202100046749";"118 209";"A01";"1";"30";"0";"2";"2";"1";"1";""
"202100046750";"118 207";"A01";"3";"33";"0";"0";"1";"1";"0";""
"202100046751";"118 206";"A01";"1";"7";"16";"0";"1";"15";"1";""
"202100046752";"118 205";"A01";"2";"99";"0";"1";"2";"19";"1";""
"202100046753";"118 203";"B01";"3";"7";"0";"2";"3";"1";"1";""
"202100046753";"118 204";"A01";"3";"32";"0";"2";"8";"15";"1";""
"202100046754";"118 201";"B01";"1";"7";"0";"2";"4";"1";"1";""
"202100046754";"118 202";"A01";"1";"7";"0";"2";"1";"1";"1";""
"202100046755";"118 199";"A01";"1";"7";"0";"2";"6";"1";"1";""
"202100046755";"118 200";"B01";"2";"2";"0";"2";"1";"1";"1";""
"202100046756";"118 197";"B01";"1";"7";"0";"2";"3";"1";"1";""
"202100046756";"118 198";"A01";"2";"7";"0";"2";"2";"1";"1";""
"202100046757";"118 195";"B01";"3";"1";"0";"0";"0";"1";"5";""
"202100046757";"118 196";"A01";"3";"1";"0";"0";"0";"1";"5";""
"202100046758";"118 193";"A01";"3";"7";"0";"2";"1";"2";"0";""
"202100046758";"118 194";"B01";"3";"30";"0";"2";"4";"23";"1";""
"202100046759";"118 191";"B01";"2";"7";"0";"2";"1";"1";"1";""
"202100046759";"118 192";"A01";"1";"33";"14";"2";"1";"13";"1";""
"202100046760";"118 189";"B01";"0";"37";"0";"2";"2";"1";"1";"2"
"202100046760";"118 190";"A01";"0";"7";"0";"2";"1";"26";"1";""
"202100046761";"118 187";"A01";"2";"1";"0";"2";"0";"26";"0";""
"202100046761";"118 188";"B01";"1";"7";"0";"2";"3";"16";"1";""
"202100046762";"118 185";"B01";"3";"10";"0";"2";"2";"1";"1";""
"202100046762";"118 186";"A01";"2";"7";"0";"2";"1";"1";"1";""
"202100046763";"118 184";"A01";"1";"7";"0";"1";"2";"1";"1";""
"202100046764";"118 182";"A01";"1";"7";"5";"2";"8";"9";"1";""
"202100046764";"118 183";"B01";"1";"17";"5";"2";"7";"1";"1";""
"202100046765";"118 180";"A01";"1";"10";"0";"2";"1";"1";"1";""
"202100046765";"118 181";"B01";"1";"1";"0";"2";"4";"23";"5";""
"202100046766";"118 178";"A01";"2";"1";"0";"2";"8";"15";"5";""
"202100046766";"118 179";"B01";"2";"7";"0";"2";"0";"1";"1";""
"202100046767";"118 176";"B01";"1";"7";"0";"2";"4";"1";"1";""
"202100046767";"118 177";"A01";"1";"32";"0";"2";"1";"2";"1";""
"202100046768";"118 174";"A01";"1";"10";"0";"2";"7";"16";"1";""
"202100046768";"118 175";"B01";"1";"2";"0";"2";"3";"0";"1";""
"202100046769";"118 171";"A01";"1";"7";"0";"2";"1";"15";"1";""
"202100046769";"118 172";"B01";"2";"2";"1";"2";"1";"1";"1";""
"202100046769";"118 173";"C01";"0";"7";"0";"2";"4";"24";"1";""
"202100046770";"118 169";"A01";"1";"43";"0";"2";"1";"0";"1";""
"202100046770";"118 170";"B01";"1";"7";"0";"2";"5";"15";"1";""
"202100046771";"118 168";"A01";"1";"7";"0";"1";"2";"14";"1";""
"202100046772";"118 166";"A01";"1";"99";"0";"2";"3";"1";"0";""
"202100046772";"118 167";"B01";"2";"99";"0";"2";"3";"1";"0";""
"202100046773";"118 164";"B01";"3";"33";"0";"2";"1";"1";"1";""
"202100046773";"118 165";"A01";"3";"32";"0";"2";"1";"1";"1";""
"202100046774";"118 163";"A01";"0";"30";"0";"1";"1";"17";"1";""
"202100046775";"118 160";"A01";"2";"17";"0";"2";"2";"12";"1";""
"202100046775";"118 161";"B01";"2";"7";"0";"2";"6";"1";"2";""
"202100046775";"118 162";"C01";"2";"7";"0";"2";"6";"1";"1";""
"202100046776";"118 158";"B01";"1";"33";"0";"2";"2";"1";"1";""
"202100046776";"118 159";"A01";"1";"10";"0";"2";"3";"11";"1";""
"202100046777";"118 156";"Z01";"1";"32";"0";"2";"1";"5";"1";""
"202100046777";"118 157";"B01";"2";"1";"0";"2";"1";"9";"5";""
"202100046778";"118 154";"Z01";"1";"7";"0";"2";"1";"1";"0";""
"202100046778";"118 155";"B01";"1";"30";"0";"2";"7";"1";"1";""
"202100046779";"118 153";"A01";"2";"10";"0";"1";"1";"1";"1";""
"202100046780";"118 152";"A01";"1";"10";"0";"1";"7";"1";"1";""
"202100046781";"118 150";"A01";"3";"10";"0";"2";"7";"15";"1";""
"202100046781";"118 151";"B01";"3";"33";"0";"2";"1";"1";"1";""
"202100046782";"118 148";"Z01";"2";"10";"0";"2";"7";"1";"1";""
"202100046782";"118 149";"A01";"2";"7";"0";"2";"8";"24";"1";""
"202100046783";"118 147";"A01";"2";"1";"12";"0";"0";"1";"5";""
"202100046784";"118 145";"B01";"2";"2";"0";"2";"3";"9";"1";""
"202100046784";"118 146";"A01";"2";"7";"0";"2";"2";"1";"1";""
"202100046785";"118 144";"A01";"2";"50";"0";"1";"3";"18";"3";""
"202100046786";"118 142";"B01";"3";"37";"0";"2";"7";"1";"1";"1"
"202100046786";"118 143";"A01";"3";"50";"0";"2";"1";"16";"3";""
"202100046787";"118 141";"A01";"2";"50";"0";"0";"0";"1";"3";""
"202100046788";"118 139";"Z01";"2";"2";"0";"2";"1";"15";"1";""
"202100046788";"118 140";"A01";"1";"1";"0";"2";"1";"1";"5";""
"202100046789";"118 137";"A01";"3";"37";"0";"2";"1";"2";"1";"1"
"202100046789";"118 138";"B01";"3";"7";"0";"2";"4";"2";"1";""
"202100046790";"118 136";"A01";"1";"33";"0";"1";"1";"1";"1";""
"202100046791";"118 134";"A01";"2";"1";"0";"2";"1";"17";"5";""
"202100046791";"118 135";"B01";"1";"1";"0";"2";"1";"1";"5";""
"202100046792";"118 132";"A01";"2";"1";"0";"2";"1";"16";"5";""
"202100046792";"118 133";"B01";"1";"1";"0";"2";"1";"1";"5";""
"202100046793";"118 131";"Z01";"1";"1";"0";"1";"1";"1";"5";""
"202100046794";"118 129";"B01";"2";"1";"0";"2";"3";"1";"5";""
"202100046794";"118 130";"Z01";"1";"2";"0";"9";"0";"19";"1";""
"202100046795";"118 127";"B01";"1";"1";"0";"2";"8";"10";"5";""
"202100046795";"118 128";"A01";"1";"7";"0";"9";"1";"9";"1";""
"202100046796";"118 126";"A01";"3";"10";"0";"1";"4";"4";"1";""
"202100046797";"118 124";"A01";"1";"30";"0";"2";"1";"13";"1";""
"202100046797";"118 125";"B01";"1";"31";"0";"2";"8";"15";"1";""
"202100046798";"118 122";"B01";"2";"7";"0";"0";"6";"1";"1";""
"202100046798";"118 123";"A01";"2";"7";"0";"2";"0";"1";"1";""
"202100046799";"118 121";"A01";"2";"31";"8";"0";"1";"13";"1";""
"202100046800";"118 118";"A01";"2";"7";"0";"2";"0";"15";"1";""
"202100046800";"118 119";"C01";"1";"1";"1";"2";"2";"9";"5";""
"202100046800";"118 120";"D01";"1";"7";"0";"2";"5";"26";"1";""
"202100046801";"118 117";"A01";"1";"7";"0";"1";"1";"2";"1";""
"202100046802";"118 115";"A01";"1";"7";"0";"2";"8";"1";"1";""
"202100046802";"118 116";"B01";"2";"7";"0";"2";"1";"1";"1";""
"202100046803";"118 114";"A01";"2";"7";"0";"1";"3";"1";"1";""
"202100046804";"118 112";"B01";"3";"7";"0";"2";"6";"1";"1";""
"202100046804";"118 113";"A01";"3";"10";"0";"2";"1";"9";"1";""
"202100046805";"118 110";"A01";"1";"7";"0";"9";"3";"1";"0";""
"202100046805";"118 111";"B01";"1";"1";"0";"2";"0";"0";"0";""
"202100046806";"118 109";"A01";"2";"7";"0";"1";"2";"19";"2";""
"202100046807";"118 108";"A01";"2";"30";"0";"1";"0";"26";"1";""
"202100046808";"118 106";"A01";"1";"34";"0";"2";"1";"1";"0";""
"202100046808";"118 107";"B01";"1";"37";"0";"2";"3";"1";"1";"2"
"202100046809";"118 105";"A01";"1";"7";"0";"0";"2";"16";"1";""
"202100046810";"118 103";"B01";"3";"7";"0";"2";"4";"1";"1";""
"202100046810";"118 104";"A01";"3";"1";"0";"2";"1";"2";"5";""
"202100046811";"118 102";"A01";"3";"7";"0";"1";"2";"16";"1";""
"202100046812";"118 101";"A01";"1";"7";"0";"1";"1";"1";"1";""
"202100046813";"118 099";"A01";"1";"10";"0";"2";"1";"15";"1";""
"202100046813";"118 100";"B01";"2";"33";"0";"2";"1";"1";"1";""
"202100046814";"118 097";"B01";"2";"33";"0";"2";"1";"17";"1";""
"202100046814";"118 098";"A01";"2";"7";"0";"2";"6";"17";"1";""
"202100046815";"118 096";"A01";"1";"33";"13";"0";"9";"17";"1";""
"202100046816";"118 095";"A01";"0";"7";"2";"0";"1";"0";"1";""
"202100046817";"118 093";"A01";"2";"7";"0";"2";"1";"2";"1";""
"202100046817";"118 094";"B01";"2";"7";"0";"2";"4";"1";"1";""
"202100046818";"118 092";"A01";"1";"30";"0";"1";"1";"1";"1";""
"202100046819";"118 090";"B01";"1";"2";"0";"2";"1";"1";"1";""
"202100046819";"118 091";"A01";"3";"7";"0";"2";"7";"1";"1";""
"202100046820";"118 088";"B01";"1";"33";"0";"2";"1";"1";"1";""
"202100046820";"118 089";"A01";"2";"10";"0";"2";"3";"6";"1";""
"202100046821";"118 086";"A01";"1";"33";"0";"2";"1";"3";"1";""
"202100046821";"118 087";"B01";"2";"7";"0";"2";"2";"9";"1";""
"202100046822";"118 083";"B01";"1";"80";"0";"2";"8";"15";"3";""
"202100046822";"118 084";"C01";"1";"80";"0";"2";"1";"15";"3";""
"202100046822";"118 085";"A01";"1";"7";"0";"2";"2";"17";"1";""
"202100046823";"118 081";"B01";"2";"17";"0";"2";"1";"1";"1";""
"202100046823";"118 082";"A01";"1";"7";"14";"2";"1";"6";"1";""
"202100046824";"118 080";"A01";"1";"33";"0";"1";"3";"1";"1";""
"202100046825";"118 078";"A01";"0";"7";"0";"2";"1";"5";"1";""
"202100046825";"118 079";"B01";"0";"7";"0";"0";"1";"1";"1";""
"202100046826";"118 077";"A01";"2";"31";"0";"6";"1";"1";"1";""
"202100046827";"118 076";"A01";"2";"33";"0";"0";"8";"1";"1";""
"202100046828";"118 074";"B01";"2";"7";"0";"2";"1";"15";"1";""
"202100046828";"118 075";"A01";"1";"7";"0";"2";"3";"1";"1";""
"202100046829";"118 073";"A01";"3";"99";"12";"0";"3";"13";"1";""
"202100046830";"118 071";"B01";"1";"7";"0";"2";"1";"21";"1";""
"202100046830";"118 072";"A01";"2";"10";"0";"2";"1";"13";"1";""
"202100046831";"118 069";"A01";"2";"7";"0";"2";"8";"9";"1";""
"202100046831";"118 070";"B01";"1";"10";"0";"0";"2";"1";"1";""
"202100046832";"118 068";"A01";"2";"7";"8";"0";"3";"1";"1";""
"202100046833";"118 066";"A01";"1";"7";"0";"2";"2";"13";"1";""
"202100046833";"118 067";"B01";"2";"7";"0";"2";"2";"1";"1";""
"202100046834";"118 064";"A01";"1";"7";"0";"0";"2";"1";"0";""
"202100046834";"118 065";"B01";"1";"1";"0";"0";"3";"1";"5";""
"202100046835";"118 063";"A01";"3";"33";"0";"0";"0";"14";"1";""
"202100046836";"118 061";"B01";"1";"7";"0";"2";"1";"1";"1";""
"202100046836";"118 062";"A01";"1";"7";"0";"2";"8";"9";"1";""
"202100046837";"118 060";"A01";"2";"7";"8";"0";"3";"14";"1";""
"202100046838";"118 059";"A01";"3";"7";"0";"1";"1";"15";"1";""
"202100046839";"118 058";"A01";"2";"33";"0";"6";"1";"1";"1";""
"202100046840";"118 056";"A01";"1";"2";"0";"2";"4";"11";"1";""
"202100046840";"118 057";"B01";"2";"7";"0";"2";"2";"1";"1";""
"202100046841";"118 054";"A01";"2";"7";"0";"2";"1";"1";"1";""
"202100046841";"118 055";"B01";"2";"1";"0";"2";"8";"19";"5";""
"202100046842";"118 052";"B01";"1";"1";"0";"2";"4";"2";"5";""
"202100046842";"118 053";"A01";"1";"7";"0";"0";"2";"2";"1";""
"202100046843";"118 050";"B01";"2";"14";"0";"2";"3";"26";"1";""
"202100046843";"118 051";"A01";"2";"33";"0";"2";"7";"1";"1";""
"202100046844";"118 044";"B01";"1";"1";"0";"2";"8";"1";"5";""
"202100046844";"118 045";"A01";"1";"7";"0";"9";"7";"2";"1";""
"202100046845";"118 042";"A01";"3";"7";"0";"2";"8";"19";"1";""
"202100046845";"118 043";"B01";"1";"7";"0";"2";"1";"1";"1";""
"202100046846";"118 040";"A01";"2";"7";"0";"2";"5";"13";"1";""
"202100046846";"118 041";"B01";"1";"7";"0";"2";"1";"1";"1";""
"202100046847";"118 038";"B01";"1";"7";"0";"2";"3";"19";"1";""
"202100046847";"118 039";"A01";"1";"33";"0";"2";"1";"13";"1";""
"202100046848";"118 037";"A01";"3";"7";"10";"0";"3";"2";"1";""
"202100046849";"118 036";"A01";"1";"7";"0";"1";"1";"1";"2";""
"202100046850";"118 034";"A01";"3";"7";"0";"2";"3";"9";"1";""
"202100046850";"118 035";"B01";"3";"1";"0";"2";"2";"15";"5";""
"202100046851";"118 032";"A01";"2";"7";"0";"2";"2";"21";"1";""
"202100046851";"118 033";"B01";"1";"14";"0";"2";"7";"1";"1";""
"202100046852";"118 030";"A01";"1";"7";"0";"9";"7";"17";"1";""
"202100046852";"118 031";"B01";"1";"1";"0";"2";"3";"21";"5";""
"202100046853";"118 029";"A01";"0";"7";"13";"0";"1";"0";"1";""
"202100046854";"118 028";"A01";"2";"2";"8";"0";"1";"1";"1";""
"202100046855";"118 026";"B01";"2";"32";"0";"2";"1";"1";"1";""
"202100046855";"118 027";"A01";"2";"7";"0";"2";"1";"9";"1";""
"202100046856";"118 024";"A01";"2";"10";"0";"2";"5";"14";"1";""
"202100046856";"118 025";"B01";"2";"33";"0";"2";"3";"1";"1";""
"202100046857";"118 021";"B01";"2";"7";"0";"2";"4";"2";"1";""
"202100046857";"118 022";"A01";"2";"7";"0";"2";"1";"1";"1";""
"202100046857";"118 023";"C01";"2";"10";"0";"2";"4";"2";"1";""
"202100046858";"118 018";"B01";"2";"7";"0";"2";"4";"2";"1";""
"202100046858";"118 019";"A01";"2";"7";"0";"2";"1";"2";"1";""
"202100046858";"118 020";"C01";"2";"10";"0";"2";"4";"2";"1";""
"202100046859";"118 017";"A01";"1";"10";"0";"1";"2";"2";"1";""
"202100046860";"118 016";"A01";"2";"7";"0";"1";"3";"1";"1";""
"202100046861";"118 014";"A01";"2";"7";"0";"2";"1";"1";"1";""
"202100046861";"118 015";"B01";"1";"7";"0";"2";"4";"1";"1";""
"202100046862";"118 012";"A01";"1";"7";"0";"2";"3";"15";"1";""
"202100046862";"118 013";"B01";"2";"32";"14";"2";"3";"17";"1";""
"202100046863";"118 010";"A01";"3";"33";"0";"2";"1";"2";"1";""
"202100046863";"118 011";"B01";"0";"7";"0";"2";"3";"2";"1";""
"202100046864";"118 008";"A01";"1";"7";"0";"2";"7";"15";"1";""
"202100046864";"118 009";"B01";"1";"2";"0";"2";"8";"15";"1";""
"202100046865";"118 006";"B01";"2";"7";"0";"2";"1";"1";"1";""
"202100046865";"118 007";"A01";"1";"7";"1";"2";"1";"13";"1";""
"202100046866";"118 004";"B01";"1";"50";"0";"2";"1";"1";"3";""
"202100046866";"118 005";"A01";"1";"7";"0";"2";"8";"15";"1";""
"202100046867";"118 002";"A01";"1";"7";"0";"2";"2";"2";"1";""
"202100046867";"118 003";"B01";"1";"32";"0";"2";"4";"23";"6";""
"202100046868";"118 001";"A01";"2";"7";"1";"0";"1";"1";"1";""
"202100046869";"117 999";"B01";"2";"80";"0";"2";"1";"21";"3";""
"202100046869";"118 000";"C01";"1";"7";"0";"2";"3";"1";"1";""
"202100046870";"117 998";"A01";"3";"50";"2";"0";"1";"26";"3";""
"202100046871";"117 996";"B01";"0";"7";"0";"2";"2";"1";"1";""
"202100046871";"117 997";"A01";"0";"7";"0";"2";"1";"1";"1";""
"202100046872";"117 994";"A01";"1";"7";"0";"2";"3";"9";"1";""
"202100046872";"117 995";"B01";"1";"10";"0";"0";"2";"15";"0";""
"202100046873";"117 992";"A01";"2";"10";"0";"2";"1";"9";"1";""
"202100046873";"117 993";"B01";"2";"1";"0";"2";"7";"1";"5";""
"202100046874";"117 990";"A01";"1";"7";"0";"2";"3";"15";"1";""
"202100046874";"117 991";"B01";"2";"2";"0";"2";"1";"6";"1";""
"202100046875";"117 989";"A01";"3";"7";"0";"1";"6";"4";"1";""
"202100046876";"117 987";"B01";"1";"33";"0";"2";"1";"1";"1";""
"202100046876";"117 988";"A01";"1";"7";"0";"2";"7";"9";"1";""
"202100046877";"117 985";"B01";"3";"33";"0";"2";"1";"2";"1";""
"202100046877";"117 986";"A01";"3";"7";"0";"2";"3";"26";"1";""
"202100046878";"117 983";"B01";"2";"10";"1";"0";"0";"0";"1";""
"202100046878";"117 984";"A01";"2";"7";"1";"0";"1";"13";"0";""
"202100046879";"117 979";"Z01";"3";"7";"0";"2";"1";"1";"0";""
"202100046879";"117 980";"C01";"3";"37";"0";"2";"4";"2";"1";"1"
"202100046879";"117 981";"B01";"3";"7";"0";"2";"4";"2";"1";""
"202100046879";"117 982";"A01";"3";"7";"0";"2";"4";"2";"1";""
"202100046880";"117 977";"A01";"2";"7";"0";"2";"3";"15";"1";""
"202100046880";"117 978";"B01";"2";"1";"0";"2";"1";"1";"6";""
"202100046881";"117 974";"A01";"0";"33";"0";"2";"2";"11";"1";""
"202100046881";"117 975";"B01";"0";"7";"0";"0";"6";"1";"1";""
"202100046882";"117 973";"A01";"0";"7";"0";"1";"1";"1";"1";""
"202100046883";"117 972";"A01";"1";"7";"0";"1";"3";"1";"1";""
"202100046884";"117 970";"B01";"1";"1";"0";"0";"0";"1";"0";""
"202100046884";"117 971";"A01";"3";"7";"1";"0";"0";"22";"0";""
"202100046885";"117 966";"B01";"3";"7";"0";"2";"1";"1";"1";""
"202100046885";"117 967";"A01";"3";"7";"0";"2";"1";"5";"1";""
"202100046886";"117 963";"A01";"1";"7";"0";"2";"1";"21";"1";""
"202100046886";"117 964";"C01";"1";"7";"0";"2";"6";"23";"1";""
"202100046886";"117 965";"B01";"2";"7";"0";"2";"1";"9";"1";""
"202100046887";"117 962";"A01";"3";"10";"0";"1";"4";"26";"1";""
"202100046888";"117 960";"A01";"0";"7";"0";"2";"1";"26";"1";""
"202100046888";"117 961";"B01";"0";"2";"0";"2";"1";"1";"1";""
"202100046889";"117 959";"A01";"2";"33";"0";"0";"7";"21";"1";""
"202100046890";"117 958";"Z01";"2";"7";"0";"1";"0";"0";"1";""
"202100046891";"117 957";"A01";"2";"7";"0";"1";"4";"4";"1";""
"202100046892";"117 956";"A01";"3";"33";"0";"1";"2";"21";"1";""
"202100046893";"117 954";"A01";"1";"7";"0";"2";"1";"2";"1";""
"202100046893";"117 955";"B01";"1";"7";"0";"2";"4";"23";"1";""
"202100046894";"117 952";"B01";"2";"2";"0";"2";"1";"1";"1";""
"202100046894";"117 953";"A01";"1";"7";"0";"2";"8";"15";"1";""
"202100046895";"117 950";"B01";"1";"7";"0";"2";"2";"15";"1";""
"202100046895";"117 951";"A01";"1";"2";"0";"2";"1";"1";"1";""
"202100046896";"117 948";"A01";"1";"7";"0";"2";"1";"1";"1";""
"202100046896";"117 949";"B01";"1";"7";"0";"2";"4";"2";"1";""
"202100046897";"117 947";"A01";"0";"7";"0";"1";"1";"1";"1";""
"202100046898";"117 944";"A01";"1";"7";"0";"0";"4";"1";"1";""
"202100046898";"117 945";"B01";"1";"7";"0";"2";"1";"1";"1";""
"202100046898";"117 946";"C01";"1";"7";"0";"2";"1";"1";"1";""
"202100046899";"117 942";"B01";"1";"7";"0";"2";"2";"0";"1";""
"202100046899";"117 943";"A01";"2";"33";"0";"2";"1";"18";"1";""
"202100046900";"117 940";"A01";"1";"7";"0";"2";"1";"13";"1";""
"202100046900";"117 941";"B01";"2";"7";"0";"2";"1";"1";"1";""
"202100046901";"117 938";"A01";"1";"7";"0";"2";"2";"16";"1";""
"202100046901";"117 939";"B01";"1";"1";"0";"2";"0";"0";"5";""
"202100046902";"117 936";"A01";"1";"30";"0";"2";"3";"1";"1";""
"202100046902";"117 937";"B01";"2";"7";"0";"2";"2";"1";"1";""
"202100046903";"117 935";"A01";"2";"7";"0";"1";"1";"15";"1";""
"202100046904";"117 933";"A01";"1";"7";"0";"2";"1";"26";"1";""
"202100046904";"117 934";"B01";"1";"1";"0";"2";"7";"19";"5";""
"202100046905";"117 931";"A01";"1";"7";"0";"2";"8";"15";"1";""
"202100046905";"117 932";"B01";"1";"1";"0";"2";"7";"2";"5";""
"202100046906";"117 929";"A01";"3";"7";"0";"2";"5";"15";"1";""
"202100046906";"117 930";"B01";"3";"7";"0";"2";"1";"1";"1";""
"202100046907";"117 927";"B01";"2";"1";"0";"0";"4";"2";"5";""
"202100046907";"117 928";"A01";"2";"7";"0";"2";"1";"2";"1";""
"202100046908";"117 925";"A01";"1";"7";"0";"2";"2";"9";"1";""
"202100046908";"117 926";"B01";"1";"1";"0";"2";"1";"5";"5";""
"202100046909";"117 924";"A01";"1";"7";"0";"1";"3";"1";"1";""
"202100046910";"117 923";"A01";"3";"1";"8";"0";"1";"1";"5";""
"202100046911";"117 921";"A01";"3";"1";"0";"2";"1";"1";"5";""
"202100046911";"117 922";"B01";"3";"7";"0";"2";"2";"1";"1";""
"202100046912";"117 919";"A01";"2";"7";"0";"2";"0";"2";"1";""
"202100046912";"117 920";"B01";"2";"1";"0";"2";"7";"2";"5";""
"202100046913";"117 917";"A01";"0";"7";"0";"2";"3";"24";"1";""
"202100046913";"117 918";"B01";"3";"1";"0";"2";"2";"2";"5";""
"202100046914";"117 915";"B01";"2";"50";"0";"2";"1";"25";"3";""
"202100046914";"117 916";"A01";"1";"7";"0";"2";"3";"16";"1";""
"202100046915";"117 914";"A01";"3";"7";"12";"0";"2";"14";"1";""
"202100046916";"117 912";"B01";"2";"33";"0";"2";"2";"1";"1";""
"202100046916";"117 913";"A01";"2";"7";"0";"2";"6";"19";"1";""
"202100046917";"117 909";"C01";"1";"7";"10";"2";"4";"1";"1";""
"202100046917";"117 910";"A01";"1";"7";"0";"2";"1";"1";"1";""
"202100046917";"117 911";"B01";"1";"7";"0";"2";"1";"1";"1";""
"202100046918";"117 908";"A01";"1";"13";"4";"0";"0";"26";"1";""
"202100046919";"117 906";"B01";"1";"7";"0";"2";"2";"1";"1";""
"202100046919";"117 907";"A01";"1";"32";"0";"2";"3";"18";"1";""
"202100046920";"117 905";"A01";"0";"7";"0";"1";"1";"1";"1";""
"202100046921";"117 903";"A01";"1";"10";"0";"2";"5";"15";"1";""
"202100046921";"117 904";"B01";"0";"31";"0";"2";"1";"1";"1";""
"202100046922";"117 900";"C01";"2";"13";"0";"2";"7";"1";"1";""
"202100046922";"117 901";"B01";"2";"7";"1";"2";"1";"1";"1";""
"202100046922";"117 902";"A01";"2";"7";"0";"2";"4";"23";"1";""
"202100046923";"117 898";"A01";"1";"7";"0";"2";"3";"24";"1";""
"202100046923";"117 899";"B01";"1";"1";"0";"2";"9";"1";"5";""
"202100046924";"117 897";"A01";"0";"37";"0";"1";"1";"1";"1";"1"
"202100046925";"117 894";"C01";"1";"7";"0";"2";"4";"1";"3";""
"202100046925";"117 895";"B01";"1";"7";"0";"2";"9";"1";"1";""
"202100046925";"117 896";"A01";"1";"10";"0";"2";"1";"1";"1";""
"202100046926";"117 892";"B01";"1";"33";"0";"2";"4";"1";"1";""
"202100046926";"117 893";"A01";"1";"7";"0";"2";"1";"9";"1";""
"202100046927";"117 891";"A01";"0";"7";"8";"0";"1";"26";"1";""
"202100046928";"117 890";"A01";"0";"7";"0";"0";"1";"14";"1";""
"202100046929";"117 889";"A01";"3";"7";"0";"1";"1";"15";"1";""
"202100046930";"117 887";"B01";"1";"7";"0";"2";"1";"1";"1";""
"202100046930";"117 888";"A01";"2";"10";"0";"2";"8";"15";"1";""
"202100046931";"117 886";"A01";"3";"7";"0";"1";"1";"9";"1";""
"202100046932";"117 884";"B01";"2";"7";"0";"0";"4";"2";"3";""
"202100046932";"117 885";"A01";"2";"7";"0";"2";"1";"2";"1";""
"202100046933";"117 883";"A01";"1";"7";"3";"2";"1";"21";"1";""
"202100046934";"117 881";"B01";"2";"33";"0";"2";"1";"1";"1";""
"202100046934";"117 882";"A01";"1";"7";"0";"2";"3";"15";"1";""
"202100046935";"117 880";"A01";"1";"10";"0";"1";"1";"1";"1";""
"202100046936";"117 878";"B01";"2";"2";"0";"2";"7";"1";"1";""
"202100046936";"117 879";"A01";"2";"7";"0";"2";"8";"11";"1";""
"202100046937";"117 876";"A01";"0";"7";"1";"0";"7";"1";"1";""
"202100046937";"117 877";"B01";"1";"7";"0";"2";"3";"15";"1";""
"202100046938";"117 874";"B01";"0";"7";"0";"2";"1";"0";"1";""
"202100046938";"117 875";"A01";"0";"7";"0";"2";"1";"0";"1";""
"202100046939";"117 872";"B01";"1";"33";"0";"2";"7";"2";"1";""
"202100046939";"117 873";"A01";"1";"7";"0";"2";"1";"9";"1";""