"Num_Acc";"id_vehicule";"num_veh";"senc";"catv";"obs";"obsm";"choc";"manv";"motor";"occutc"
"202100047360";"117 117";"A01";"2";"7";"0";"2";"2";"16";"1";""
"202100047360";"117 118";"B01";"2";"2";"0";"2";"3";"1";"1";""
"202100047361";"117 116";"A01";"0";"7";"0";"1";"2";"1";"3";""
"202100047362";"117 114";"A01";"1";"15";"0";"2";"2";"16";"1";""
"202100047362";"117 115";"B01";"1";"80";"0";"2";"3";"1";"3";""
"202100047363";"117 112";"B01";"2";"1";"0";"2";"1";"1";"5";""
"202100047363";"117 113";"A01";"2";"7";"0";"9";"5";"16";"1";""
"202100047364";"117 110";"B01";"0";"1";"0";"0";"0";"0";"5";""
"202100047364";"117 111";"A01";"0";"7";"0";"2";"5";"2";"1";""
"202100047365";"117 108";"B01";"3";"1";"0";"2";"4";"16";"5";""
"202100047365";"117 109";"A01";"3";"7";"0";"2";"2";"16";"1";""
"202100047366";"117 107";"A01";"1";"2";"0";"0";"0";"16";"1";""
"202100047367";"117 106";"A01";"2";"7";"1";"0";"1";"1";"1";""
"202100047368";"117 104";"B01";"1";"7";"0";"2";"1";"1";"2";""
"202100047368";"117 105";"A01";"0";"33";"0";"2";"7";"15";"1";""
"202100047369";"117 102";"A01";"1";"7";"0";"2";"1";"13";"1";""
"202100047369";"117 103";"B01";"2";"7";"0";"2";"1";"1";"1";""
"202100047370";"117 100";"A01";"0";"7";"0";"2";"6";"26";"0";""
"202100047370";"117 101";"B01";"0";"7";"8";"2";"3";"2";"0";""
"202100047371";"117 099";"A01";"1";"0";"0";"1";"1";"26";"0";""
"202100047372";"117 097";"A01";"2";"7";"0";"2";"7";"15";"1";""
"202100047372";"117 098";"B01";"1";"32";"0";"2";"1";"1";"1";""
"202100047373";"117 095";"B01";"3";"33";"1";"2";"6";"1";"1";""
"202100047373";"117 096";"A01";"3";"7";"0";"2";"1";"19";"1";""
"202100047374";"117 093";"B01";"0";"34";"0";"2";"0";"0";"1";""
"202100047374";"117 094";"A01";"0";"7";"0";"2";"3";"20";"1";""
"202100047375";"117 091";"B01";"2";"10";"0";"2";"1";"1";"1";""
"202100047375";"117 092";"A01";"1";"7";"0";"2";"8";"19";"1";""
"202100047376";"117 089";"B01";"2";"32";"0";"2";"2";"2";"1";""
"202100047376";"117 090";"A01";"1";"7";"0";"2";"3";"9";"1";""
"202100047377";"117 087";"B01";"1";"32";"0";"2";"2";"17";"3";""
"202100047377";"117 088";"A01";"2";"7";"0";"2";"3";"10";"1";""
"202100047378";"117 085";"B01";"2";"50";"1";"0";"1";"26";"3";""
"202100047378";"117 086";"A01";"1";"38";"0";"2";"7";"24";"1";"1"
"202100047379";"117 082";"A01";"1";"7";"0";"2";"1";"2";"1";""
"202100047379";"117 083";"B01";"1";"7";"0";"2";"4";"2";"1";""
"202100047379";"117 084";"C01";"1";"7";"0";"2";"6";"2";"1";""
"202100047380";"117 080";"A01";"3";"7";"0";"2";"1";"16";"1";""
"202100047380";"117 081";"B01";"2";"7";"0";"2";"5";"1";"1";""
"202100047381";"117 078";"A01";"3";"7";"0";"2";"1";"0";"2";""
"202100047381";"117 079";"B01";"3";"7";"0";"2";"5";"0";"1";""
"202100047382";"117 076";"B01";"1";"7";"0";"2";"4";"23";"1";""
"202100047382";"117 077";"A01";"1";"30";"0";"2";"1";"2";"1";""
"202100047383";"117 073";"C01";"1";"10";"0";"2";"6";"23";"1";""
"202100047383";"117 074";"B01";"1";"7";"0";"2";"7";"1";"1";""
"202100047383";"117 075";"A01";"1";"33";"0";"2";"3";"3";"1";""
"202100047384";"117 071";"A01";"1";"7";"0";"2";"1";"1";"1";""
"202100047384";"117 072";"B01";"1";"17";"0";"2";"5";"1";"1";""
"202100047385";"117 069";"A01";"2";"7";"0";"2";"3";"1";"1";""
"202100047385";"117 070";"B01";"2";"10";"0";"2";"2";"1";"1";""
"202100047386";"117 067";"A01";"2";"80";"0";"2";"7";"1";"3";""
"202100047386";"117 068";"B01";"2";"10";"0";"2";"8";"22";"1";""
"202100047387";"117 065";"A01";"2";"7";"1";"2";"2";"9";"1";""
"202100047387";"117 066";"B01";"2";"43";"0";"2";"3";"3";"1";""
"202100047388";"117 064";"A01";"3";"7";"0";"1";"3";"1";"1";""
"202100047389";"117 063";"A01";"3";"10";"0";"1";"3";"15";"1";""
"202100047390";"117 061";"A01";"1";"7";"0";"2";"5";"15";"2";""
"202100047390";"117 062";"B01";"2";"33";"0";"2";"3";"1";"1";""
"202100047391";"117 059";"B01";"3";"7";"0";"2";"5";"2";"1";""
"202100047391";"117 060";"A01";"3";"34";"0";"2";"3";"2";"1";""
"202100047392";"117 058";"Z01";"1";"1";"0";"1";"1";"1";"0";""
"202100047393";"117 056";"A01";"2";"50";"0";"2";"7";"1";"3";""
"202100047393";"117 057";"B01";"1";"10";"0";"2";"1";"1";"1";""
"202100047394";"117 054";"B01";"3";"10";"0";"2";"8";"2";"1";""
"202100047394";"117 055";"A01";"3";"33";"0";"2";"7";"3";"1";""
"202100047395";"117 052";"B01";"2";"43";"0";"2";"7";"5";"1";""
"202100047395";"117 053";"A01";"3";"7";"0";"2";"3";"10";"1";""
"202100047396";"117 051";"A01";"2";"1";"0";"0";"0";"21";"5";""
"202100047397";"117 049";"A01";"1";"7";"0";"2";"3";"10";"1";""
"202100047397";"117 050";"B01";"1";"30";"0";"2";"1";"1";"1";""
"202100047398";"117 047";"B01";"2";"32";"0";"2";"1";"1";"1";""
"202100047398";"117 048";"A01";"2";"7";"0";"2";"3";"15";"1";""
"202100047399";"117 045";"A01";"1";"34";"0";"2";"5";"1";"1";""
"202100047399";"117 046";"B01";"1";"7";"0";"0";"1";"0";"1";""
"202100047400";"117 043";"A01";"1";"7";"0";"2";"7";"1";"1";""
"202100047400";"117 044";"B01";"1";"1";"0";"2";"8";"1";"5";""
"202100047401";"117 041";"B01";"1";"33";"0";"2";"4";"2";"1";""
"202100047401";"117 042";"A01";"1";"7";"0";"2";"1";"2";"1";""
"202100047402";"117 039";"B01";"1";"30";"0";"2";"4";"0";"1";""
"202100047402";"117 040";"A01";"1";"7";"0";"2";"1";"0";"1";""
"202100047403";"117 037";"B01";"2";"7";"0";"2";"3";"15";"1";""
"202100047403";"117 038";"A01";"2";"33";"0";"2";"1";"11";"1";""
"202100047404";"117 036";"A01";"1";"7";"0";"1";"6";"20";"1";""
"202100047405";"117 034";"A01";"2";"7";"1";"2";"0";"13";"1";""
"202100047405";"117 035";"B01";"1";"7";"0";"2";"1";"23";"1";""
"202100047406";"117 032";"B01";" -1";"34";"0";"2";"1";"1";"1";""
"202100047406";"117 033";"A01";" -1";"7";"0";"2";"5";"9";"1";""
"202100047407";"117 030";"B01";"0";"33";"0";"2";"1";"2";"1";""
"202100047407";"117 031";"A01";"0";"10";"0";"2";"1";"11";"0";""
"202100047408";"117 028";"A01";"1";"32";"0";"2";"1";"2";"1";""
"202100047408";"117 029";"B01";"1";"7";"0";"2";"6";"26";"2";""
"202100047409";"117 027";"A01";"1";"32";"12";"0";"7";"1";"1";""
"202100047410";"117 025";"A01";"2";"30";"0";"2";"1";"17";"1";""
"202100047410";"117 026";"B01";"2";"10";"0";"2";"8";"15";"1";""
"202100047411";"117 024";"A01";"2";"10";"0";"1";"4";"20";"1";""
"202100047412";"117 022";"B01";"1";"32";"0";"2";"2";"21";"1";""
"202100047412";"117 023";"A01";"1";"7";"0";"2";"4";"4";"1";""
"202100047413";"117 021";"A01";"2";"7";"0";"1";"1";"20";"1";""
"202100047414";"117 020";"A01";"3";"1";"0";"1";"1";"25";"5";""
"202100047415";"117 017";"A01";"1";"31";"0";"2";"1";"1";"1";""
"202100047415";"117 018";"B01";"1";"7";"0";"2";"0";"1";"1";""
"202100047415";"117 019";"C01";"1";"7";"0";"2";"0";"1";"1";""
"202100047416";"117 015";"A01";"3";"31";"0";"2";"8";"19";"1";""
"202100047416";"117 016";"B01";"3";"31";"0";"2";"1";"1";"1";""
"202100047417";"117 014";"A01";"3";"33";"2";"0";"1";"6";"1";""
"202100047418";"117 012";"A01";"1";"33";"8";"2";"1";"17";"1";""
"202100047418";"117 013";"B01";"1";"7";"0";"2";"3";"15";"1";""
"202100047419";"117 010";"A01";"1";"7";"0";"2";"1";"2";"1";""
"202100047419";"117 011";"B01";"1";"17";"0";"0";"4";"2";"1";""
"202100047420";"117 008";"A01";"2";"7";"0";"2";"1";"1";"1";""
"202100047420";"117 009";"B01";"1";"7";"0";"0";"8";"9";"1";""
"202100047421";"117 006";"A01";"2";"31";"0";"2";"8";"1";"1";""
"202100047421";"117 007";"B01";"1";"33";"0";"2";"1";"19";"1";""
"202100047422";"117 004";"B01";"0";"7";"0";"2";"3";"1";"1";""
"202100047422";"117 005";"A01";"3";"2";"0";"2";"1";"15";"1";""
"202100047423";"117 003";"A01";"2";"7";"0";"0";"9";"1";"1";""
"202100047424";"117 002";"A01";"3";"2";"2";"0";"1";"1";"1";""
"202100047425";"117 000";"A01";"2";"7";"0";"2";"3";"13";"1";""
"202100047425";"117 001";"B01";"1";"7";"0";"2";"8";"1";"1";""
"202100047426";"116 995";"B01";"1";"21";"0";"2";"3";"1";"1";""
"202100047426";"116 996";"A01";"1";"7";"0";"9";"9";"17";"1";""
"202100047427";"116 994";"A01";"2";"7";"2";"0";"1";"14";"1";""
"202100047428";"116 992";"B01";"2";"1";"0";"0";"0";"0";"5";""
"202100047428";"116 993";"A01";"1";"7";"0";"9";"1";"1";"0";""
"202100047429";"116 990";"B01";"2";"7";"0";"2";"1";"1";"1";""
"202100047429";"116 991";"A01";"2";"7";"0";"2";"8";"15";"1";""
"202100047430";"116 988";"A01";"1";"99";"6";"2";"4";"17";"1";""
"202100047430";"116 989";"B01";"1";"99";"0";"2";"0";"2";"1";""
"202100047431";"116 987";"A01";"1";"7";"0";"0";"9";"1";"1";""
"202100047432";"116 982";"B01";"1";"7";"0";"9";"1";"23";"1";""
"202100047432";"116 983";"A01";"2";"33";"0";"2";"1";"1";"1";""
"202100047433";"116 981";"A01";"1";"7";"0";"0";"9";"5";"1";""
"202100047434";"116 978";"A01";"3";"7";"0";"2";"1";"16";"1";""
"202100047434";"116 979";"B01";"3";"1";"0";"2";"6";"9";"5";""
"202100047435";"116 977";"A01";"2";"7";"3";"0";"3";"6";"1";""
"202100047436";"116 976";"A01";"1";"7";"13";"0";"1";"1";"1";""
"202100047437";"116 974";"A01";"3";"7";"0";"9";"8";"26";"1";""
"202100047437";"116 975";"B01";"3";"50";"0";"2";"1";"1";"3";""
"202100047438";"116 973";"A01";"1";"7";"14";"0";"5";"1";"1";""
"202100047439";"116 970";"B01";"2";"7";"0";"2";"4";"2";"1";""
"202100047439";"116 971";"A01";"2";"7";"0";"0";"4";"2";"1";""
"202100047439";"116 972";"C01";"2";"7";"0";"2";"1";"2";"1";""
"202100047440";"116 968";"B01";"2";"10";"0";"2";"1";"1";"1";""
"202100047440";"116 969";"A01";"1";"7";"0";"2";"1";"5";"1";""
"202100047441";"116 966";"A01";"2";"7";"0";"2";"2";"2";"1";""
"202100047441";"116 967";"B01";"2";"7";"0";"0";"4";"2";"1";""
"202100047442";"116 965";"A01";"2";"7";"13";"0";"3";"14";"1";""
"202100047443";"116 963";"B01";"0";"36";"15";"0";"3";"17";"1";""
"202100047443";"116 964";"A01";"3";"2";"0";"0";"8";"13";"1";""
"202100047444";"116 961";"A01";"3";"7";"0";"2";"2";"2";"1";""
"202100047444";"116 962";"B01";"3";"7";"0";"1";"3";"11";"1";""
"202100047445";"116 959";"A01";"1";"7";"0";"2";"2";"1";"1";""
"202100047445";"116 960";"B01";"1";"50";"0";"2";"8";"15";"3";""
"202100047446";"116 957";"B01";"2";"7";"0";"2";"1";"1";"1";""
"202100047446";"116 958";"A01";"1";"7";"0";"2";"7";"13";"1";""
"202100047447";"116 956";"A01";"1";"7";"9";"0";"1";"0";"1";""
"202100047448";"116 954";"A01";"1";"31";"0";"2";"3";"2";"1";""
"202100047448";"116 955";"B01";"1";"7";"0";"0";"5";"15";"0";""
"202100047449";"116 952";"B01";"1";"7";"0";"2";"4";"2";"1";""
"202100047449";"116 953";"A01";"1";"2";"0";"2";"1";"2";"1";""
"202100047450";"116 950";"A01";"0";"7";"0";"2";"2";"13";"1";""
"202100047450";"116 951";"B01";"0";"7";"0";"2";"3";"1";"1";""
"202100047451";"116 948";"A01";"2";"10";"0";"2";"8";"1";"1";""
"202100047451";"116 949";"B01";"1";"14";"0";"2";"1";"1";"1";""
"202100047452";"116 945";"A01";"1";"2";"0";"0";"8";"1";"1";""
"202100047453";"116 943";"A01";"2";"7";"0";"2";"1";"19";"1";""
"202100047453";"116 944";"B01";"2";"33";"0";"2";"8";"1";"1";""
"202100047454";"116 942";"A01";"2";"7";"6";"0";"1";"1";"1";""
"202100047455";"116 941";"A01";"1";"33";"13";"0";"0";"0";"1";""
"202100047456";"116 939";"B01";"1";"7";"0";"2";"4";"0";"1";""
"202100047456";"116 940";"A01";"1";"7";"0";"2";"1";"26";"1";""
"202100047457";"116 937";"B01";"2";"15";"0";"2";"2";"12";"1";""
"202100047457";"116 938";"A01";"1";"7";"0";"2";"6";"1";"1";""
"202100047458";"116 935";"A01";"1";"7";"0";"2";"2";"3";"1";""
"202100047458";"116 936";"B01";"1";"7";"0";"2";"6";"1";"1";""
"202100047459";"116 932";"C01";"1";"7";"0";"2";"4";"1";"1";""
"202100047459";"116 933";"B01";"1";"7";"0";"2";"4";"2";"1";""
"202100047459";"116 934";"A01";"1";"7";"0";"2";"1";"2";"1";""
"202100047460";"116 931";"A01";"1";"33";"16";"0";"8";"0";"1";""
"202100047461";"116 929";"A01";"2";"43";"0";"2";"1";"2";"1";""
"202100047461";"116 930";"B01";"2";"7";"0";"2";"4";"2";"1";""
"202100047462";"116 927";"B01";"1";"7";"0";"2";"4";"11";"1";""
"202100047462";"116 928";"A01";"1";"33";"0";"2";"1";"3";"1";""
"202100047463";"116 925";"B01";"1";"7";"0";"2";"4";"2";"1";""
"202100047463";"116 926";"A01";"1";"7";"0";"2";"1";"1";"1";""
"202100047464";"116 924";"A01";"1";"7";"3";"0";"3";"1";"1";""
"202100047465";"116 922";"A01";"2";"43";"0";"2";"1";"2";"1";""
"202100047465";"116 923";"B01";"2";"7";"0";"2";"6";"1";"2";""
"202100047466";"116 919";"B01";"2";"43";"0";"2";"1";"3";"1";""
"202100047466";"116 920";"C01";"2";"10";"0";"2";"7";"23";"1";""
"202100047466";"116 921";"A01";"2";"7";"0";"2";"7";"12";"1";""
"202100047467";"116 917";"A01";"1";"2";"0";"2";"1";"1";"1";""
"202100047467";"116 918";"B01";"1";"7";"0";"2";"4";"1";"1";""
"202100047468";"116 915";"B01";"2";"2";"0";"2";"1";"1";"1";""
"202100047468";"116 916";"A01";"1";"7";"0";"9";"2";"17";"1";""
"202100047469";"116 913";"A01";"3";"7";"0";"2";"1";"13";"1";""
"202100047469";"116 914";"B01";"3";"7";"0";"2";"1";"1";"1";""
"202100047470";"116 911";"B01";"1";"7";"0";"9";"8";"16";"1";""
"202100047470";"116 912";"A01";"1";"2";"0";"2";"8";"18";"1";""
"202100047471";"116 909";"B01";"2";"7";"0";"2";"2";"15";"1";""
"202100047471";"116 910";"A01";"1";"50";"0";"2";"1";"1";"3";""
"202100047472";"116 908";"A01";"2";"7";"0";"1";"4";"4";"1";""
"202100047473";"116 906";"A01";"1";"7";"0";"2";"7";"16";"1";""
"202100047473";"116 907";"B01";"1";"2";"0";"2";"1";"18";"1";""
"202100047474";"116 905";"A01";"2";"33";"12";"0";"8";"15";"1";""
"202100047475";"116 903";"A01";"1";"30";"0";"2";"1";"17";"1";""
"202100047475";"116 904";"B01";"1";"7";"0";"2";"8";"15";"1";""
"202100047476";"116 902";"A01";"1";"7";"0";"1";"3";"1";"1";""
"202100047477";"116 900";"A01";"1";"7";"0";"2";"3";"17";"1";""
"202100047477";"116 901";"B01";"2";"7";"0";"2";"3";"1";"1";""
"202100047478";"116 897";"C01";"2";"7";"0";"2";"2";"1";"1";""
"202100047478";"116 898";"A01";"1";"7";"0";"2";"1";"13";"1";""
"202100047478";"116 899";"B01";"1";"7";"0";"2";"3";"0";"1";""
"202100047479";"116 895";"A01";"2";"10";"0";"4";"2";"16";"1";""
"202100047479";"116 896";"B01";"3";"39";"0";"2";"3";"19";"3";""
"202100047480";"116 893";"A01";"0";"7";"0";"2";"2";"10";"1";""
"202100047480";"116 894";"B01";"0";"33";"0";"2";"1";"1";"1";""
"202100047481";"116 892";"A01";"0";"10";"0";"1";"7";"1";"1";""
"202100047482";"116 890";"B01";"0";"7";"0";"2";"1";"0";"1";""
"202100047482";"116 891";"A01";"0";"7";"0";"2";"2";"1";"1";""
"202100047483";"116 889";"A01";"3";"7";"0";"1";"4";"20";"1";""
"202100047484";"116 887";"A01";"1";"1";"0";"2";"1";"19";"5";""
"202100047484";"116 888";"B01";"2";"7";"0";"2";"2";"16";"1";""
"202100047485";"116 885";"A01";"0";"7";"0";"2";"1";"1";"1";""
"202100047485";"116 886";"B01";"1";"7";"0";"2";"4";"2";"1";""
"202100047486";"116 883";"B01";"2";"7";"0";"2";"3";"1";"1";""
"202100047486";"116 884";"A01";"1";"7";"0";"2";"1";"13";"1";""
"202100047487";"116 881";"A01";"2";"7";"0";"2";"1";"5";"1";""
"202100047487";"116 882";"B01";"1";"7";"0";"2";"5";"1";"1";""
"202100047488";"116 879";"A01";"1";"7";"0";"2";"4";"23";"2";""
"202100047488";"116 880";"B01";"1";"2";"0";"2";"1";"1";"1";""
"202100047489";"116 877";"B01";"3";"34";"0";"2";"1";"1";"1";""
"202100047489";"116 878";"A01";"3";"7";"0";"2";"5";"19";"1";""
"202100047490";"116 876";"A01";"2";"30";"0";"0";"3";"17";"1";""
"202100047491";"116 874";"A01";"1";"7";"0";"2";"2";"15";"1";""
"202100047491";"116 875";"B01";"2";"7";"0";"2";"1";"1";"1";""
"202100047492";"116 872";"A01";"2";"32";"0";"2";"6";"15";"1";""
"202100047492";"116 873";"B01";"2";"7";"0";"2";"1";"2";"1";""
"202100047493";"116 870";"A01";"2";"7";"0";"2";"2";"15";"1";""
"202100047493";"116 871";"B01";"1";"1";"0";"2";"2";"1";"5";""
"202100047494";"116 868";"A01";"3";"10";"0";"2";"1";"26";"1";""
"202100047494";"116 869";"B01";"3";"2";"0";"2";"1";"26";"1";""
"202100047495";"116 864";"D01";"2";"7";"0";"2";"3";"1";"1";""
"202100047495";"116 865";"C01";"1";"7";"0";"2";"6";"1";"1";""
"202100047495";"116 866";"B01";"1";"7";"0";"2";"8";"1";"1";""
"202100047495";"116 867";"A01";"1";"7";"0";"2";"1";"17";"1";""
"202100047496";"116 863";"A01";"1";"33";"16";"0";"8";"15";"1";""
"202100047497";"116 860";"B01";"2";"7";"0";"2";"1";"1";"1";""
"202100047497";"116 861";"C01";"2";"7";"0";"2";"1";"1";"1";""
"202100047497";"116 862";"A01";"2";"7";"0";"2";"9";"1";"1";""
"202100047498";"116 859";"A01";"3";"7";"0";"0";"0";"14";"1";""
"202100047499";"116 857";"A01";"2";"7";"0";"2";"2";"19";"1";""
"202100047499";"116 858";"B01";"2";"1";"1";"2";"1";"1";"0";""
"202100047500";"116 856";"A01";"3";"7";"0";"1";"1";"1";"1";""
"202100047501";"116 854";"A01";"2";"33";"0";"2";"1";"1";"1";""
"202100047501";"116 855";"B01";"1";"7";"0";"2";"1";"15";"1";""
"202100047502";"116 852";"A01";"1";"7";"0";"2";"5";"15";"1";""
"202100047502";"116 853";"B01";"2";"43";"0";"2";"1";"18";"1";""
"202100047503";"116 850";"A01";"1";"7";"0";"2";"2";"1";"1";""
"202100047503";"116 851";"C01";"1";"99";"0";"2";"4";"26";"1";""
"202100047504";"116 848";"A01";"1";"34";"0";"2";"1";"17";"1";""
"202100047504";"116 849";"B01";"1";"10";"0";"2";"4";"15";"1";""
"202100047505";"116 847";"Z01";"1";"7";"0";"1";"2";"20";"1";""
"202100047506";"116 845";"A01";"3";"10";"0";"2";"4";"26";"1";""
"202100047506";"116 846";"B01";"3";"21";"0";"2";"7";"0";"0";""
"202100047507";"116 843";"A01";"1";"30";"0";"2";"7";"15";"1";""
"202100047507";"116 844";"B01";"0";"7";"0";"2";"2";"1";"0";""
"202100047508";"116 841";"A01";"2";"7";"0";"2";"7";"19";"1";""
"202100047508";"116 842";"B01";"1";"7";"0";"2";"3";"1";"1";""
"202100047509";"116 839";"A01";"1";"7";"0";"2";"7";"14";"1";""
"202100047509";"116 840";"B01";"1";"30";"0";"2";"8";"1";"1";""
"202100047510";"116 837";"A01";"1";"7";"0";"2";"1";"1";"1";""
"202100047510";"116 838";"B01";"1";"7";"0";"2";"4";"23";"0";""
"202100047511";"116 836";"A01";"2";"10";"0";"1";"3";"1";"1";""
"202100047512";"116 834";"B01";"0";"1";"0";"2";"8";"19";"5";""
"202100047512";"116 835";"A01";"1";"34";"0";"2";"1";"1";"1";""
"202100047513";"116 832";"B01";"2";"7";"0";"2";"4";"1";"1";""
"202100047513";"116 833";"A01";"2";"1";"0";"2";"1";"2";"5";""
"202100047514";"116 831";"A01";"3";"10";"0";"1";"2";"26";"1";""
"202100047515";"116 830";"A01";"1";"7";"0";"1";"5";"1";"1";""
"202100047516";"116 828";"A01";"1";"7";"0";"2";"8";"9";"1";""
"202100047516";"116 829";"B01";"1";"32";"0";"2";"8";"1";"1";""
"202100047517";"116 827";"A01";"1";"10";"0";"1";"2";"1";"1";""
"202100047518";"116 825";"B01";"1";"7";"0";"2";"4";"2";"1";""
"202100047518";"116 826";"A01";"1";"7";"8";"2";"1";"2";"1";""
"202100047519";"116 824";"A01";"2";"33";"0";"0";"8";"3";"1";""
"202100047520";"116 823";"A01";"1";"7";"0";"1";"2";"1";"1";""
"202100047521";"116 821";"B01";"2";"2";"0";"2";"0";"17";"3";""
"202100047521";"116 822";"A01";"1";"7";"0";"2";"3";"15";"1";""
"202100047522";"116 820";"A01";"3";"7";"0";"1";"5";"1";"1";""
"202100047523";"116 818";"A01";"1";"7";"0";"2";"5";"12";"1";""
"202100047523";"116 819";"B01";"1";"33";"0";"2";"1";"1";"1";""
"202100047524";"116 817";"A01";"1";"7";"0";"1";"3";"15";"1";""
"202100047525";"116 815";"B01";"1";"1";"0";"2";"1";"1";"5";""
"202100047525";"116 816";"A01";"1";"7";"0";"2";"3";"22";"1";""
"202100047526";"116 813";"B01";"1";"2";"0";"2";"1";"1";"1";""
"202100047526";"116 814";"A01";"1";"7";"0";"2";"3";"22";"2";""
"202100047527";"116 811";"A01";"1";"10";"0";"2";"3";"10";"1";""
"202100047527";"116 812";"B01";"1";"33";"0";"2";"2";"1";"1";""
"202100047528";"116 809";"Z01";"2";"7";"0";"2";"1";"15";"1";""
"202100047528";"116 810";"A01";"1";"33";"0";"2";"8";"1";"1";""
"202100047529";"116 807";"B01";"3";"10";"0";"2";"2";"1";"1";""
"202100047529";"116 808";"A01";"3";"7";"0";"2";"3";"11";"1";""
"202100047530";"116 805";"A01";"1";"7";"0";"2";"7";"16";"2";""
"202100047530";"116 806";"B01";"1";"1";"0";"2";"1";"1";"5";""
"202100047531";"116 803";"A01";"1";"33";"0";"2";"1";"15";"1";""
"202100047531";"116 804";"B01";"1";"1";"0";"2";"3";"1";"5";""
"202100047532";"116 801";"B01";"2";"34";"0";"2";"1";"1";"1";""
"202100047532";"116 802";"A01";"2";"7";"0";"2";"2";"16";"1";""
"202100047533";"116 799";"B01";"1";"10";"0";"2";"2";"16";"1";""
"202100047533";"116 800";"A01";"1";"30";"0";"2";"8";"18";"1";""
"202100047534";"116 798";"A01";"1";"10";"0";"1";"1";"1";"3";""
"202100047535";"116 797";"A01";"2";"33";"0";"1";"1";"1";"1";""
"202100047536";"116 795";"B01";"1";"50";"0";"2";"1";"2";"3";""
"202100047536";"116 796";"A01";"2";"1";"0";"2";"1";"5";"5";""
"202100047537";"116 793";"B01";"1";"32";"0";"2";"4";"17";"1";""
"202100047537";"116 794";"A01";"1";"10";"0";"2";"3";"15";"1";""
"202100047538";"116 792";"Z01";"1";"10";"0";"1";"2";"10";"0";""
"202100047539";"116 791";"A01";"0";"14";"0";"1";"7";"16";"1";""
"202100047540";"116 789";"B01";"0";"7";"7";"2";"1";"1";"2";""
"202100047540";"116 790";"A01";"3";"7";"0";"2";"2";"15";"1";""
"202100047541";"116 787";"B01";"2";"2";"0";"0";"2";"1";"1";""
"202100047541";"116 788";"A01";"1";"3";"0";"2";"0";"15";"0";""
"202100047542";"116 785";"A01";"2";"7";"0";"2";"1";"15";"0";""
"202100047542";"116 786";"B01";"1";"30";"0";"2";"3";"1";"1";""
"202100047543";"116 783";"A01";"2";"7";"0";"2";"3";"15";"2";""
"202100047543";"116 784";"B01";"2";"7";"1";"2";"5";"1";"0";""
"202100047544";"116 782";"A01";"1";"34";"0";"1";"2";"21";"1";""
"202100047545";"116 781";"A01";"1";"1";"0";"0";"0";"1";"5";""
"202100047546";"116 779";"A01";"3";"1";"0";"2";"3";"19";"0";""
"202100047546";"116 780";"B01";"2";"60";"0";"2";"1";"1";"5";""
"202100047547";"116 777";"A01";"1";"7";"0";"2";"7";"13";"1";""
"202100047547";"116 778";"B01";"2";"17";"0";"2";"1";"1";"1";""
"202100047548";"116 776";"A01";"2";"7";"13";"0";"1";"2";"1";""
"202100047549";"116 775";"A01";"2";"7";"2";"0";"9";"21";"1";""
"202100047550";"116 774";"A01";"3";"7";"2";"0";"3";"1";"1";""
"202100047551";"116 773";"A01";"1";"7";"2";"0";"1";"1";"1";""
"202100047552";"116 768";"A01";"1";"7";"0";"2";"1";"17";"1";""
"202100047552";"116 769";"B01";"1";"7";"0";"2";"3";"1";"1";""
"202100047552";"116 770";"C01";"2";"7";"0";"2";"1";"1";"1";""
"202100047553";"116 767";"A01";"1";"33";"6";"0";"0";"1";"1";""
"202100047554";"116 765";"A01";"2";"7";"0";"2";"1";"5";"1";""
"202100047554";"116 766";"B01";"1";"33";"0";"2";"3";"1";"1";""
"202100047555";"116 764";"A01";"2";"7";"16";"0";"2";"1";"1";""
"202100047556";"116 762";"A01";"2";"7";"13";"0";"3";"13";"1";""
"202100047557";"116 761";"A01";"2";"7";"0";"1";"3";"1";"1";""
"202100047558";"116 758";"C01";"2";"7";"0";"0";"4";"23";"1";""
"202100047558";"116 759";"B01";"2";"7";"0";"2";"4";"23";"1";""
"202100047558";"116 760";"A01";"2";"7";"0";"2";"1";"1";"1";""
"202100047559";"116 757";"A01";"1";"7";"13";"0";"1";"1";"1";""
"202100047560";"116 754";"A01";"1";"7";"0";"2";"1";"2";"1";""
"202100047560";"116 755";"B01";"1";"7";"15";"2";"4";"1";"1";""
"202100047560";"116 756";"C01";"2";"7";"0";"2";"1";"1";"1";""
"202100047561";"116 752";"B01";"1";"2";"0";"2";"1";"1";"1";""
"202100047561";"116 753";"A01";"2";"7";"0";"2";"3";"1";"1";""
"202100047562";"116 750";"B01";"3";"7";"0";"2";"8";"19";"1";""
"202100047562";"116 751";"A01";"2";"33";"0";"2";"1";"1";"1";""
"202100047563";"116 748";"A01";"1";"7";"0";"2";"1";"1";"1";""
"202100047563";"116 749";"B01";"2";"14";"0";"2";"1";"1";"1";""
"202100047564";"116 747";"A01";"1";"7";"7";"0";"3";"26";"1";""
"202100047565";"116 746";"A01";"2";"7";"0";"5";"1";"1";"1";""
"202100047566";"116 744";"A01";"1";"7";"0";"2";"1";"17";"1";""
"202100047566";"116 745";"B01";"2";"7";"0";"2";"1";"1";"1";""
"202100047567";"116 742";"B01";"1";"7";"0";"2";"1";"1";"1";""
"202100047567";"116 743";"A01";"2";"2";"0";"1";"1";"17";"1";""
"202100047568";"116 741";"A01";"1";"15";"6";"0";"2";"1";"1";""