"Num_Acc";"id_vehicule";"num_veh";"senc";"catv";"obs";"obsm";"choc";"manv";"motor";"occutc"
"202100047569";"116 739";"A01";"2";"7";"0";"2";"6";"11";"1";""
"202100047569";"116 740";"B01";"2";"7";"0";"2";"2";"1";"1";""
"202100047570";"116 737";"B01";"1";"10";"0";"2";"2";"24";"1";""
"202100047570";"116 738";"A01";"2";"10";"1";"1";"3";"13";"1";""
"202100047571";"116 734";"C01";"1";"7";"0";"0";"4";"1";"1";""
"202100047571";"116 735";"B01";"1";"7";"0";"0";"1";"1";"1";""
"202100047571";"116 736";"A01";"1";"7";"0";"0";"4";"1";"1";""
"202100047572";"116 732";"B01";"1";"33";"0";"2";"1";"17";"1";""
"202100047572";"116 733";"A01";"1";"7";"0";"2";"3";"13";"1";""
"202100047573";"116 728";"A01";"0";"10";"0";"0";"3";"15";"1";""
"202100047573";"116 729";"B01";"0";"2";"0";"0";"1";"0";"1";""
"202100047574";"116 726";"A01";"3";"2";"0";"2";"7";"0";"1";""
"202100047574";"116 727";"B01";"3";"7";"0";"2";"0";"0";"1";""
"202100047575";"116 724";"A01";"3";"7";"6";"0";"1";"1";"1";""
"202100047576";"116 722";"B01";"1";"7";"0";"2";"3";"1";"1";""
"202100047576";"116 723";"A01";"2";"33";"0";"2";"1";"13";"1";""
"202100047577";"116 720";"A01";"2";"13";"0";"2";"1";"1";"1";""
"202100047577";"116 721";"B01";"1";"14";"0";"2";"1";"1";"1";""
"202100047578";"116 718";"B01";"1";"7";"0";"2";"3";"1";"1";""
"202100047578";"116 719";"A01";"2";"7";"0";"2";"3";"13";"1";""
"202100047579";"116 717";"A01";"0";"7";"13";"0";"2";"1";"1";""
"202100047580";"116 716";"A01";"1";"10";"0";"1";"4";"4";"1";""
"202100047581";"116 713";"B01";"1";"7";"0";"2";"3";"17";"1";""
"202100047581";"116 714";"C01";"1";"37";"0";"2";"8";"1";"1";"1"
"202100047581";"116 715";"A01";"2";"7";"0";"2";"3";"1";"1";""
"202100047582";"116 711";"A01";"1";"7";"0";"2";"4";"1";"1";""
"202100047582";"116 712";"B01";"1";"7";"0";"2";"1";"11";"1";""
"202100047583";"116 709";"B01";"1";"7";"0";"2";"4";"1";"1";""
"202100047583";"116 710";"A01";"1";"7";"0";"2";"1";"2";"1";""
"202100047584";"116 707";"A01";"1";"7";"0";"2";"7";"17";"1";""
"202100047584";"116 708";"B01";"1";"37";"0";"2";"8";"1";"1";"1"
"202100047585";"116 705";"A01";"1";"7";"0";"2";"4";"1";"1";""
"202100047585";"116 706";"B01";"1";"7";"0";"2";"3";"12";"1";""
"202100047586";"116 702";"A01";"1";"7";"0";"2";"4";"23";"1";""
"202100047586";"116 703";"B01";"1";"7";"0";"2";"4";"23";"1";""
"202100047586";"116 704";"C01";"1";"7";"0";"2";"1";"2";"1";""
"202100047587";"116 700";"B01";"1";"7";"0";"2";"2";"1";"3";""
"202100047587";"116 701";"A01";"1";"7";"0";"2";"1";"1";"1";""
"202100047588";"116 697";"B01";"1";"33";"0";"2";"9";"3";"1";""
"202100047588";"116 698";"C01";"1";"7";"0";"2";"7";"12";"1";""
"202100047588";"116 699";"A01";"1";"10";"0";"2";"6";"1";"1";""
"202100047589";"116 693";"D01";"1";"7";"0";"2";"4";"2";"1";""
"202100047589";"116 694";"C01";"1";"7";"0";"2";"4";"2";"1";""
"202100047589";"116 695";"B01";"1";"7";"0";"2";"4";"2";"1";""
"202100047589";"116 696";"A01";"1";"10";"0";"2";"1";"2";"1";""
"202100047590";"116 690";"A01";"1";"15";"0";"0";"0";"0";"1";""
"202100047590";"116 691";"B01";"1";"7";"0";"2";"0";"1";"1";""
"202100047590";"116 692";"C01";"1";"7";"0";"2";"7";"1";"1";""
"202100047591";"116 689";"A01";"1";"7";"0";"0";"1";"2";"1";""
"202100047592";"116 688";"A01";"2";"7";"4";"0";"1";"2";"1";""
"202100047593";"116 686";"A01";"1";"7";"0";"2";"1";"2";"1";""
"202100047593";"116 687";"B01";"1";"7";"0";"2";"4";"23";"1";""
"202100047594";"116 682";"D01";"2";"7";"0";"2";"1";"12";"1";""
"202100047594";"116 683";"C01";"2";"7";"0";"2";"9";"12";"1";""
"202100047594";"116 684";"A01";"2";"15";"0";"2";"4";"1";"1";""
"202100047594";"116 685";"B01";"2";"7";"0";"2";"9";"1";"2";""
"202100047595";"116 680";"B01";"1";"7";"0";"2";"1";"1";"1";""
"202100047595";"116 681";"A01";"1";"7";"0";"2";"4";"1";"1";""
"202100047596";"116 676";"B01";"2";"7";"0";"2";"6";"15";"1";""
"202100047596";"116 677";"A01";"1";"7";"0";"2";"3";"1";"1";""
"202100047597";"116 674";"A01";"1";"7";"0";"2";"2";"1";"1";""
"202100047597";"116 675";"B01";"2";"30";"0";"2";"1";"13";"1";""
"202100047598";"116 672";"A01";"1";"50";"0";"2";"8";"1";"3";""
"202100047598";"116 673";"B01";"2";"7";"0";"2";"1";"15";"1";""
"202100047599";"116 671";"A01";"1";"7";"0";"1";"3";"1";"1";""
"202100047600";"116 669";"B01";"3";"7";"0";"2";"1";"1";"1";""
"202100047600";"116 670";"A01";"3";"7";"0";"2";"7";"10";"1";""
"202100047601";"116 667";"A01";"1";"7";"8";"2";"1";"1";"1";""
"202100047601";"116 668";"B01";"1";"7";"0";"2";"6";"1";"1";""
"202100047602";"116 665";"B01";"1";"30";"1";"0";"1";"2";"1";""
"202100047602";"116 666";"A01";"1";"7";"1";"0";"4";"20";"1";""
"202100047603";"116 663";"A01";"2";"7";"0";"2";"3";"10";"1";""
"202100047603";"116 664";"B01";"2";"2";"0";"2";"2";"17";"1";""
"202100047604";"116 662";"A01";"2";"7";"12";"9";"1";"14";"1";""
"202100047605";"116 660";"A01";"1";"7";"0";"2";"1";"17";"1";""
"202100047605";"116 661";"B01";"2";"7";"0";"2";"1";"26";"1";""
"202100047606";"116 658";"A01";"2";"7";"0";"2";"3";"1";"1";""
"202100047606";"116 659";"B01";"2";"10";"0";"2";"8";"15";"1";""
"202100047607";"116 656";"A01";"1";"7";"0";"2";"1";"1";"1";""
"202100047607";"116 657";"B01";"1";"7";"0";"2";"8";"1";"1";""
"202100047608";"116 654";"A01";"1";"7";"0";"2";"7";"15";"1";""
"202100047608";"116 655";"B01";"1";"30";"0";"2";"2";"1";"1";""
"202100047609";"116 653";"A01";"1";"80";"0";"0";"0";"0";"3";""
"202100047610";"116 652";"A01";"2";"1";"0";"0";"8";"1";"5";""
"202100047611";"116 650";"B01";"2";"7";"0";"2";"1";"1";"1";""
"202100047611";"116 651";"A01";"2";"7";"0";"2";"1";"15";"1";""
"202100047612";"116 649";"A01";"0";"7";"0";"1";"1";"16";"1";""
"202100047613";"116 647";"B01";"1";"7";"0";"2";"1";"1";"1";""
"202100047613";"116 648";"A01";"2";"7";"0";"2";"1";"15";"1";""
"202100047614";"116 645";"A01";"1";"31";"0";"2";"3";"17";"1";""
"202100047614";"116 646";"B01";"1";"7";"0";"2";"8";"15";"1";""
"202100047615";"116 642";"B01";"3";"10";"0";"2";"8";"19";"1";""
"202100047615";"116 643";"A01";"3";"7";"0";"2";"1";"13";"1";""
"202100047616";"116 641";"A01";"1";"7";"0";"1";"2";"1";"1";""
"202100047617";"116 639";"B01";"1";"7";"0";"2";"7";"1";"1";""
"202100047617";"116 640";"A01";"1";"7";"0";"2";"1";"9";"1";""
"202100047618";"116 637";"A01";"1";"7";"0";"2";"1";"1";"1";""
"202100047618";"116 638";"B01";"2";"7";"0";"2";"7";"15";"1";""
"202100047619";"116 636";"A01";"1";"30";"0";"1";"1";"17";"1";""
"202100047620";"116 635";"A01";"1";"7";"0";"1";"2";"15";"1";""
"202100047621";"116 633";"B01";"2";"7";"0";"2";"8";"15";"1";""
"202100047621";"116 634";"A01";"2";"2";"0";"2";"1";"17";"1";""
"202100047622";"116 631";"B01";"1";"33";"0";"2";"7";"15";"1";""
"202100047622";"116 632";"A01";"3";"99";"0";"2";"1";"15";"0";""
"202100047623";"116 629";"B01";"2";"50";"0";"2";"8";"1";"3";""
"202100047623";"116 630";"A01";"2";"7";"0";"2";"1";"16";"1";""
"202100047624";"116 627";"B01";"1";"7";"0";"2";"1";"1";"1";""
"202100047624";"116 628";"A01";"1";"7";"0";"2";"2";"15";"1";""
"202100047625";"116 626";"A01";"1";"7";"0";"1";"2";"1";"1";""
"202100047626";"116 624";"B01";"1";"30";"0";"2";" -1";" -1";" -1";""
"202100047626";"116 625";"A01";"1";"7";"0";"2";"3";"1";"1";""
"202100047627";"116 623";"B01";"1";"7";"0";"1";"8";"1";"1";""
"202100047628";"116 619";"D01";"3";"7";"0";"2";"3";"0";"1";""
"202100047628";"116 620";"Z01";"2";"7";"0";"2";"2";"12";"0";""
"202100047628";"116 621";"B01";"2";"32";"0";"2";"3";"9";"1";""
"202100047628";"116 622";"C01";"3";"7";"0";"2";"4";"0";"1";""
"202100047629";"116 617";"A01";"2";"10";"0";"2";"3";"9";"1";""
"202100047629";"116 618";"B01";"2";"1";"0";"2";"1";"1";"5";""
"202100047630";"116 615";"A01";"2";"7";"0";"2";"3";"1";"1";""
"202100047630";"116 616";"B01";"1";"1";"0";"2";"1";"1";"5";""
"202100047631";"116 614";"A01";"1";"7";"0";"1";"3";"14";"1";""
"202100047632";"116 612";"B01";"0";"7";"0";"2";"3";"1";"1";""
"202100047632";"116 613";"A01";"0";"7";"0";"2";"1";"13";"1";""
"202100047633";"116 611";"A01";"2";"7";"0";"1";"1";"1";"1";""
"202100047634";"116 609";"A01";"1";"7";"13";"0";"0";"1";"1";""
"202100047635";"116 607";"A01";"1";"7";"0";"2";"1";"1";"1";""
"202100047635";"116 608";"B01";"1";"7";"0";"2";"4";"1";"1";""
"202100047636";"116 606";"A01";"1";"0";"0";"0";"0";"26";"0";""
"202100047637";"116 604";"A01";"2";"30";"0";"2";"1";"17";"1";""
"202100047637";"116 605";"B01";"2";"7";"0";"2";"8";"15";"1";""
"202100047638";"116 602";"B01";"0";"7";"0";"2";"5";"16";"1";""
"202100047638";"116 603";"A01";"3";"3";"0";"2";"3";"1";"1";""
"202100047639";"116 600";"A01";"3";"7";"0";"2";"6";"13";"1";""
"202100047639";"116 601";"B01";"3";"7";"0";"2";"3";"26";"1";""
"202100047640";"116 598";"A01";"3";"33";"0";"2";"8";"11";"1";""
"202100047640";"116 599";"B01";"3";"7";"0";"2";"7";"1";"1";""
"202100047641";"116 597";"A01";"2";"32";"0";"1";"1";"1";"1";""
"202100047642";"116 596";"A01";"1";"1";"0";"0";"0";"0";"5";""
"202100047643";"116 593";"C01";"2";"7";"0";"0";"6";"1";"1";""
"202100047643";"116 594";"B01";"2";"7";"0";"2";"9";"1";"1";""
"202100047643";"116 595";"A01";"2";"7";"0";"2";"1";"1";"1";""
"202100047644";"116 591";"B01";"3";"7";"0";"2";"2";"10";"1";""
"202100047644";"116 592";"A01";"3";"34";"0";"2";"1";"1";"1";""
"202100047645";"116 589";"A01";"2";"7";"0";"2";"2";"15";"1";""
"202100047645";"116 590";"B01";"1";"33";"0";"2";"1";"1";"1";""
"202100047646";"116 587";"A01";"2";"43";"0";"2";"1";"3";"1";""
"202100047646";"116 588";"B01";"2";"7";"0";"2";"5";"12";"3";""
"202100047647";"116 585";"B01";"1";"7";"0";"2";"4";"1";"1";""
"202100047647";"116 586";"A01";"1";"7";"0";"2";"1";"1";"1";""
"202100047648";"116 583";"A01";"1";"17";"0";"2";"6";"13";"1";""
"202100047648";"116 584";"B01";"1";"33";"0";"2";"7";"3";"1";""
"202100047649";"116 581";"A01";"2";"10";"0";"2";"5";"15";"1";""
"202100047649";"116 582";"B01";"1";"33";"0";"2";"8";"1";"1";""
"202100047650";"116 580";"A01";"1";"7";"0";"1";"1";"15";"1";""
"202100047651";"116 578";"A01";"3";"7";"0";"2";"8";"10";"1";""
"202100047651";"116 579";"B01";"3";"33";"0";"2";"2";"17";"1";""
"202100047652";"116 577";"A01";"2";"1";"0";"0";"3";"15";"5";""
"202100047653";"116 575";"B01";"2";"1";"0";"2";"5";"1";"5";""
"202100047653";"116 576";"A01";"2";"7";"0";"2";"7";"14";"1";""
"202100047654";"116 573";"B01";"1";"33";"0";"2";"0";"23";"1";""
"202100047654";"116 574";"A01";"1";"7";"0";"2";"2";"1";"1";""
"202100047655";"116 571";"A01";"2";"7";"1";"2";"2";"1";"1";""
"202100047655";"116 572";"B01";"2";"7";"1";"2";"3";"1";"2";""
"202100047656";"116 569";"B01";"2";"7";"0";"2";"5";"1";"1";""
"202100047656";"116 570";"A01";"2";"1";"0";"2";"5";"2";"0";""
"202100047657";"116 567";"A01";"1";"10";"0";"2";"1";"15";"1";""
"202100047657";"116 568";"B01";"2";"31";"0";"2";"8";"1";"1";""
"202100047658";"116 564";"C01";"1";"7";"0";"2";"0";"0";"1";""
"202100047658";"116 565";"A01";"1";"7";"0";"2";"1";"15";"1";""
"202100047658";"116 566";"B01";"2";"7";"0";"2";"1";"2";"1";""
"202100047659";"116 562";"B01";"2";"7";"1";"2";"1";"20";"1";""
"202100047659";"116 563";"A01";"1";"34";"1";"2";"1";"1";"1";""
"202100047660";"116 560";"A01";"2";"7";"0";"2";"1";"10";"1";""
"202100047660";"116 561";"B01";"1";"1";"0";"2";"1";"13";"5";""
"202100047661";"116 558";"A01";"1";"7";"0";"2";"3";"1";"1";""
"202100047661";"116 559";"B01";"2";"7";"0";"2";"3";"15";"1";""
"202100047662";"116 556";"A01";"0";"30";"0";"2";"7";"26";"1";""
"202100047662";"116 557";"B01";"0";"13";"0";"2";"1";"16";"1";""
"202100047663";"116 554";"B01";"2";"7";"0";"2";"6";"9";"1";""
"202100047663";"116 555";"A01";"1";"34";"0";"2";"8";"1";"1";""
"202100047664";"116 552";"B01";"2";"32";"0";"2";"0";"9";"0";""
"202100047664";"116 553";"A01";"1";"31";"0";"2";"0";"9";"1";""
"202100047665";"116 550";"B01";"1";"30";"0";"2";"0";"0";"1";""
"202100047665";"116 551";"A01";"1";"10";"0";"2";"3";"10";"1";""
"202100047666";"116 549";"A01";"3";"7";"0";"1";"1";"16";"1";""
"202100047667";"116 547";"A01";"1";"33";"0";"2";"2";"1";"1";""
"202100047667";"116 548";"B01";"2";"1";"0";"2";"3";"11";"6";""
"202100047668";"116 546";"A01";"1";"7";"0";"1";"1";"9";"1";""
"202100047669";"116 545";"A01";"3";"10";"0";"1";"4";"4";"1";""
"202100047670";"116 544";"A01";"3";"33";"0";"0";"0";"1";"1";""
"202100047671";"116 542";"B01";"1";"10";"0";"9";"8";"1";"1";""
"202100047671";"116 543";"A01";"1";"15";"0";"1";"0";"1";"1";""
"202100047672";"116 539";"A01";"2";"17";"3";"0";"2";"1";"1";""
"202100047673";"116 537";"A01";"3";"7";"0";"2";"3";"15";"1";""
"202100047673";"116 538";"B01";"3";"2";"0";"2";"1";"3";"1";""
"202100047674";"116 536";"A01";"1";"7";"13";"0";"0";"13";"1";""
"202100047675";"116 534";"A01";"2";"7";"6";"2";"2";"17";"1";""
"202100047675";"116 535";"B01";"2";"32";"0";"2";"1";"1";"1";""
"202100047676";"116 533";"A01";"1";"7";"0";"0";"6";"4";"1";""
"202100047677";"116 531";"B01";"2";"33";"0";"0";"1";"23";"1";""
"202100047677";"116 532";"A01";"1";"7";"0";"2";"3";"17";"1";""
"202100047678";"116 530";"A01";"1";"7";"17";"0";"1";"1";"2";""
"202100047679";"116 529";"A01";"2";"10";"13";"0";"2";"1";"1";""
"202100047680";"116 527";"A01";"3";"2";"0";"0";"1";"1";"1";""
"202100047680";"116 528";"B01";"3";"7";"0";"0";"5";"23";"1";""
"202100047681";"116 525";"B01";"2";"10";"0";"2";"3";"1";"1";""
"202100047681";"116 526";"A01";"1";"7";"0";"2";"3";"13";"1";""
"202100047682";"116 524";"A01";"2";"7";"2";"0";"2";"21";"1";""
"202100047683";"116 523";"A01";"2";"7";"0";"1";"1";"15";"1";""
"202100047684";"116 520";"C01";"2";"7";"0";"2";"3";"2";"1";""
"202100047684";"116 521";"B01";"2";"7";"0";"2";"6";"2";"6";""
"202100047684";"116 522";"A01";"1";"7";"0";"2";"1";"13";"1";""
"202100047685";"116 519";"A01";"2";"7";"13";"0";"1";"1";"1";""
"202100047686";"116 517";"A01";"1";"7";"0";"2";"3";"1";"1";""
"202100047686";"116 518";"B01";"3";"50";"0";"2";"2";"19";"3";""
"202100047687";"116 515";"A01";"3";"10";"0";"2";"6";"4";"1";""
"202100047687";"116 516";"B01";"3";"7";"0";"0";"2";"23";"1";""
"202100047688";"116 514";"A01";"2";"7";"16";"0";"1";"26";"1";""
"202100047689";"116 513";"A01";"2";"7";"6";"0";"2";"0";"0";""
"202100047690";"116 511";"B01";"1";"1";"0";"2";"0";"26";"5";""
"202100047690";"116 512";"A01";"1";"1";"0";"2";"0";"1";"5";""
"202100047691";"116 510";"A01";"1";"32";"14";"0";"1";"14";"1";""
"202100047692";"116 507";"A01";"2";"7";"3";"2";"6";"9";"1";""
"202100047692";"116 508";"B01";"2";"14";"0";"2";"2";"1";"1";""
"202100047692";"116 509";"C01";"2";"34";"0";"2";"7";"17";"1";""
"202100047693";"116 506";"A01";"2";"7";"0";"0";"1";"13";"1";""
"202100047694";"116 502";"D01";"1";"15";"0";"2";"4";"23";"1";""
"202100047694";"116 503";"C01";"1";"10";"0";"2";"1";"1";"1";""
"202100047694";"116 504";"B01";"1";"10";"1";"2";"1";"1";"1";""
"202100047694";"116 505";"A01";"1";"7";"0";"2";"1";"1";"1";""
"202100047695";"116 499";"B01";"1";"7";"0";"2";"4";"1";"1";""
"202100047695";"116 500";"C01";"1";"10";"0";"2";"4";"1";"1";""
"202100047695";"116 501";"A01";"1";"10";"0";"2";"1";"1";"1";""
"202100047696";"116 496";"C01";"1";"7";"0";"2";"4";"1";"1";""
"202100047696";"116 497";"A01";"1";"7";"0";"2";"1";"1";"1";""
"202100047696";"116 498";"B01";"1";"7";"0";"2";"4";"1";"1";""
"202100047697";"116 493";"C01";"2";"7";"0";"2";"3";"1";"0";""
"202100047697";"116 494";"B01";"2";"7";"0";"2";"4";"1";"0";""
"202100047697";"116 495";"A01";"2";"33";"0";"2";"1";"1";"0";""
"202100047698";"116 491";"B01";"1";"7";"0";"2";"4";"0";"1";""
"202100047698";"116 492";"A01";"1";"10";"0";"2";"1";"2";"1";""
"202100047699";"116 487";"A01";"2";"17";"0";"2";"1";"11";"1";""
"202100047699";"116 488";"B01";"2";"7";"0";"2";"0";"2";"1";""
"202100047699";"116 489";"C01";"2";"7";"0";"2";"1";"2";"1";""
"202100047699";"116 490";"D01";"2";"10";"0";"2";"1";"2";"1";""
"202100047700";"116 485";"A01";"2";"7";"0";"2";"7";"2";"1";""
"202100047700";"116 486";"B01";"2";"7";"0";"2";"7";"1";"1";""
"202100047701";"116 483";"B01";"2";"7";"0";"2";"5";"2";"2";""
"202100047701";"116 484";"A01";"2";"10";"0";"2";"3";"1";"1";""
"202100047702";"116 480";"C01";"2";"7";"0";"2";"4";"2";"1";""
"202100047702";"116 481";"B01";"2";"33";"0";"2";"1";"3";"1";""
"202100047702";"116 482";"A01";"2";"10";"0";"2";"2";"12";"1";""
"202100047703";"116 478";"A01";"2";"7";"0";"2";"2";"2";"1";""
"202100047703";"116 479";"B01";"2";"32";"0";"2";"8";"0";"1";""
"202100047704";"116 476";"B01";"1";"1";"0";"2";"4";"13";"5";""
"202100047704";"116 477";"A01";"1";"10";"0";"2";"1";"2";"1";""
"202100047705";"116 475";"A01";"1";"7";"0";"1";"1";"1";"1";""
"202100047706";"116 473";"B01";"2";"7";"0";"9";"7";"2";"6";""
"202100047706";"116 474";"A01";"1";"2";"0";"2";"1";"26";"6";""
"202100047707";"116 471";"B01";"1";"2";"0";"2";"7";"1";"1";""
"202100047707";"116 472";"A01";"1";"7";"0";"2";"1";"15";"2";""
"202100047708";"116 469";"A01";"1";"10";"0";"2";"8";"15";"1";""
"202100047708";"116 470";"B01";"1";"2";"0";"2";"1";"3";"1";""
"202100047709";"116 467";"B01";"3";"1";"0";"2";"3";"1";"5";""
"202100047709";"116 468";"Z01";"3";"7";"0";"2";"2";"9";"0";""
"202100047710";"116 465";"A01";"2";"7";"0";"2";"2";"15";"1";""
"202100047710";"116 466";"B01";"1";"32";"0";"2";"1";"1";"1";""
"202100047711";"116 463";"A01";"1";"7";"0";"2";"0";"1";"1";""
"202100047711";"116 464";"B01";"1";"1";"0";"2";"0";"7";"0";""
"202100047712";"116 461";"A01";"2";"10";"0";"2";"3";"15";"1";""
"202100047712";"116 462";"B01";"2";"43";"0";"2";"2";"17";"1";""
"202100047713";"116 459";"A01";"1";"7";"2";"2";"9";"17";"1";""
"202100047713";"116 460";"B01";"1";"14";"0";"2";"3";"15";"1";""
"202100047714";"116 457";"A01";"1";"7";"0";"2";"7";"15";"1";""
"202100047714";"116 458";"B01";"2";"33";"0";"2";"1";"1";"1";""
"202100047715";"116 456";"A01";"2";"7";"1";"0";"2";"1";"1";""
"202100047716";"116 454";"A01";"2";"2";"0";"2";"1";"2";"1";""
"202100047716";"116 455";"B01";"0";"7";"0";"2";"4";"2";"1";""
"202100047717";"116 452";"B01";"3";"3";"0";"0";"4";"23";"1";""
"202100047717";"116 453";"A01";"3";"7";"0";"2";"1";"16";"1";""
"202100047718";"116 450";"A01";"0";"7";"0";"2";"0";"1";"1";""
"202100047718";"116 451";"B01";"0";"7";"0";"2";"0";"0";"1";""
"202100047719";"116 448";"B01";"0";"7";"0";"2";"1";"1";"1";""
"202100047719";"116 449";"A01";"0";"1";"0";"2";"1";"15";"5";""
"202100047720";"116 447";"A01";"3";"7";"0";"1";"2";"2";"1";""
"202100047721";"116 446";"A01";"2";"7";"0";"1";"2";"16";"1";""
"202100047722";"116 444";"A01";"2";"10";"0";"2";"1";"2";"0";""
"202100047722";"116 445";"B01";"2";"7";"0";"2";"6";"2";"1";""
"202100047723";"116 443";"A01";"1";"10";"0";"1";"1";"1";"1";""
"202100047724";"116 441";"B01";"1";"1";"0";"2";"1";"1";"5";""
"202100047724";"116 442";"A01";"1";"7";"0";"2";"7";"16";"1";""
"202100047725";"116 439";"A01";"1";"30";"0";"2";"1";"2";"1";""
"202100047725";"116 440";"B01";"1";"7";"0";"2";"4";"2";"1";""
"202100047726";"116 437";"B01";"2";"1";"0";"2";"4";"2";"5";""
"202100047726";"116 438";"A01";"2";"7";"0";"2";"2";"9";"1";""
"202100047727";"116 435";"A01";"3";"7";"0";"2";"2";"15";"1";""
"202100047727";"116 436";"B01";"2";"7";"0";"2";"1";"1";"1";""
"202100047728";"116 434";"Z01";"1";"7";"0";"1";"1";"1";"1";""
"202100047729";"116 432";"B01";"1";"32";"0";"2";"1";"17";"1";""
"202100047729";"116 433";"A01";"1";"10";"0";"2";"8";"23";"1";""
"202100047730";"116 430";"A01";"1";"7";"0";"2";"2";"15";"1";""
"202100047730";"116 431";"B01";"1";"7";"0";"2";"1";"1";"1";""
"202100047731";"116 429";"A01";"1";"7";"0";"1";"2";"14";"1";""
"202100047732";"116 428";"A01";"1";"30";"0";"0";"3";"26";"1";""
"202100047733";"116 426";"B01";"1";"7";"0";"2";"1";"1";"1";""
"202100047733";"116 427";"A01";"1";"10";"0";"2";"8";"13";"1";""
"202100047734";"116 424";"B01";"2";"43";"0";"2";"3";"1";"1";""
"202100047734";"116 425";"A01";"2";"10";"0";"2";"1";"19";"1";""
"202100047735";"116 423";"A01";"2";"33";"0";"0";"8";"1";"1";""
"202100047736";"116 422";"A01";"1";"7";"6";"0";"1";"19";"1";""
"202100047737";"116 420";"A01";"0";"7";"0";"2";"3";"15";"1";""
"202100047737";"116 421";"B01";"3";"80";"0";"2";"1";"0";"3";""
"202100047738";"116 418";"A01";"0";"7";"0";"2";"1";"9";"1";""
"202100047738";"116 419";"B01";"1";"1";"0";"0";"0";"0";"5";""
"202100047739";"116 417";"A01";"1";"7";"0";"1";"3";"1";"1";""
"202100047740";"116 415";"B01";"1";"7";"0";"2";"1";"1";"1";""
"202100047740";"116 416";"A01";"1";"7";"0";"2";"7";"1";"1";""
"202100047741";"116 413";"A01";"3";"7";"0";"1";"2";"1";"1";""
"202100047741";"116 414";"Y01";"3";"1";"0";"0";"0";"0";"5";""
"202100047742";"116 411";"A01";"2";"7";"0";"2";"4";"1";"1";""
"202100047742";"116 412";"B01";"2";"7";"0";"2";"1";"2";"1";""
"202100047743";"116 409";"B01";"2";"1";"0";"2";"1";"1";"5";""
"202100047743";"116 410";"A01";"2";"7";"0";"2";"7";"16";"1";""
"202100047744";"116 408";"A01";"2";"7";"4";"0";"1";"1";"1";""
"202100047745";"116 406";"A01";"0";"7";"0";"2";"3";"9";"1";""
"202100047745";"116 407";"B01";"3";"33";"0";"2";"7";"1";"1";""
"202100047746";"116 405";"A01";"1";"7";"15";"0";"1";"14";"1";""
"202100047747";"116 404";"A01";"1";"7";"0";"1";"1";"1";"1";""
"202100047748";"116 402";"B01";"1";"32";"0";"2";"1";"1";"1";""
"202100047748";"116 403";"A01";"2";"7";"0";"2";"5";"15";"1";""
"202100047749";"116 398";"B01";"3";"32";"0";"2";"0";"1";"1";""
"202100047749";"116 399";"A01";"3";"30";"0";"2";"0";"0";"1";""
"202100047750";"116 396";"A01";"1";"7";"0";"2";"1";"2";"1";""
"202100047750";"116 397";"B01";"1";"7";"0";"2";"4";"2";"1";""
"202100047751";"116 393";"A01";"1";"7";"0";"2";"1";"1";"1";""
"202100047751";"116 394";"C01";"1";"7";"0";"2";"4";"1";"1";""
"202100047751";"116 395";"B01";"1";"7";"0";"2";"4";"1";"1";""
"202100047752";"116 392";"A01";"2";"7";"0";"1";"3";"1";"0";""
"202100047753";"116 389";"B01";"1";"33";"0";"2";"1";"1";"1";""
"202100047753";"116 390";"A01";"2";"10";"0";"2";"7";"10";"1";""
"202100047754";"116 387";"A01";"1";"7";"0";"2";"4";"9";"1";""
"202100047754";"116 388";"B01";"1";"7";"0";"2";"1";"2";"1";""
"202100047755";"116 386";"A01";"1";"7";"0";"1";"1";"0";"1";""
"202100047756";"116 384";"A01";"2";"7";"3";"2";"2";"2";"1";""
"202100047756";"116 385";"B01";"2";"7";"3";"2";"8";"11";"1";""
"202100047757";"116 382";"A01";"1";"7";"0";"2";"6";"15";"1";""
"202100047757";"116 383";"B01";"1";"2";"0";"2";"1";"1";"1";""
"202100047758";"116 380";"A01";"1";"30";"0";"2";"1";"17";"1";""
"202100047758";"116 381";"B01";"1";"7";"0";"2";"4";"1";"1";""
"202100047759";"116 379";"A01";"2";"1";"0";"1";"0";"0";"5";""
"202100047760";"116 377";"B01";"1";"7";"0";"2";"1";"1";"1";""
"202100047760";"116 378";"A01";"2";"7";"0";"2";"7";"1";"1";""
"202100047761";"116 375";"B01";"3";"7";"0";"2";"1";"1";"0";""
"202100047761";"116 376";"A01";"3";"7";"1";"2";"7";"1";"1";""
"202100047762";"116 373";"B01";"1";"15";"0";"2";"3";"1";"0";""
"202100047762";"116 374";"A01";"1";"7";"0";"2";"4";"19";"1";""
"202100047763";"116 371";"B01";"1";"7";"0";"2";"2";"11";"1";""
"202100047763";"116 372";"A01";"1";"10";"0";"2";"6";"11";"1";""
"202100047764";"116 368";"A01";"1";"7";"0";"2";"6";"1";"1";""
"202100047764";"116 369";"B01";"1";"33";"0";"2";"1";"1";"1";""
"202100047765";"116 367";"A01";"1";"10";"0";"1";"1";"1";"1";""
"202100047766";"116 365";"B01";"1";"10";"0";"2";"1";"2";"1";""
"202100047766";"116 366";"A01";"0";"7";"0";"2";"8";"10";"1";""
"202100047767";"116 364";"A01";"1";"7";"0";"1";"2";"16";"1";""
"202100047768";"116 362";"B01";"0";"2";"0";"2";"1";"1";"1";""
"202100047768";"116 363";"A01";"0";"7";"0";"2";"3";"16";"1";""