"Num_Acc";"id_vehicule";"num_veh";"senc";"catv";"obs";"obsm";"choc";"manv";"motor";"occutc"
"202100048197";"115 605";"A01";"0";"10";"0";"2";"1";"1";"1";""
"202100048197";"115 606";"B01";"0";"2";"0";"2";"1";"1";"1";""
"202100048198";"115 604";"A01";"2";"7";"3";"0";"7";"1";"1";""
"202100048199";"115 603";"A01";"1";"7";"3";"0";"9";"1";"1";""
"202100048200";"115 598";"E01";"1";"7";"0";"2";"1";"2";"1";""
"202100048200";"115 599";"D01";"1";"7";"0";"2";"2";"2";"1";""
"202100048200";"115 600";"C01";"1";"7";"0";"2";"4";"2";"1";""
"202100048200";"115 601";"B01";"1";"7";"0";"2";"4";"2";"1";""
"202100048200";"115 602";"A01";"1";"7";"0";"0";"4";"0";"1";""
"202100048201";"115 597";"A01";"1";"7";"2";"0";"1";"1";"1";""
"202100048202";"115 595";"A01";"1";"33";"0";"2";"1";"1";"1";""
"202100048202";"115 596";"B01";"2";"7";"0";"2";"1";"1";"1";""
"202100048203";"115 593";"A01";"1";"2";"0";"2";"2";"15";"1";""
"202100048203";"115 594";"B01";"2";"7";"0";"2";"1";"1";"1";""
"202100048204";"115 592";"A01";"0";"7";"0";"1";"8";"15";"1";""
"202100048205";"115 589";"A01";"1";"7";"0";"2";"8";"1";"1";""
"202100048205";"115 590";"Z01";"1";"0";"0";"2";"0";"14";"0";""
"202100048206";"115 588";"A01";"2";"7";"5";"0";"2";"14";"1";""
"202100048207";"115 586";"B01";"1";"33";"0";"2";"8";"18";"1";""
"202100048207";"115 587";"A01";"1";"10";"0";"2";"7";"12";"1";""
"202100048208";"115 585";"A01";"2";"7";"4";"0";"1";"13";"1";""
"202100048209";"115 584";"A01";"2";"7";"3";"0";"1";"9";"1";""
"202100048210";"115 583";"A01";"1";"33";"16";"0";"8";"0";"1";""
"202100048211";"115 581";"B01";"1";"7";"0";"2";"4";"2";"0";""
"202100048211";"115 582";"A01";"1";"7";"0";"2";"1";"2";"0";""
"202100048212";"115 580";"A01";"2";"15";"3";"2";"8";"1";"1";""
"202100048213";"115 578";"A01";"2";"7";"0";"2";"1";"1";"1";""
"202100048213";"115 579";"B01";"2";"7";"0";"2";"4";"1";"1";""
"202100048214";"115 572";"F01";"1";"7";"0";"2";"5";"1";"1";""
"202100048214";"115 573";"E01";"1";"7";"0";"2";"4";"2";"1";""
"202100048214";"115 574";"D01";"1";"7";"0";"2";"4";"2";"1";""
"202100048214";"115 575";"C01";"1";"10";"0";"2";"4";"2";"1";""
"202100048214";"115 576";"B01";"1";"7";"0";"2";"4";"2";"1";""
"202100048214";"115 577";"A01";"1";"14";"0";"2";"1";"2";"1";""
"202100048215";"115 570";"A01";"2";"7";"0";"2";"1";"9";"1";""
"202100048215";"115 571";"B01";"2";"7";"0";"0";"4";"9";"1";""
"202100048216";"115 568";"A01";"2";"7";"0";"2";"1";"1";"1";""
"202100048216";"115 569";"B01";"1";"7";"3";"2";"6";"0";"1";""
"202100048217";"115 566";"A01";"1";"7";"3";"2";"1";"1";"1";""
"202100048217";"115 567";"B01";"1";"15";"0";"2";"8";"1";"1";""
"202100048218";"115 564";"B01";"1";"15";"4";"2";"4";"1";"1";""
"202100048218";"115 565";"A01";"1";"7";"4";"2";"1";"1";"1";""
"202100048219";"115 563";"A01";"1";"7";"3";"0";"1";"16";"1";""
"202100048220";"115 561";"B01";"1";"7";"0";"2";"5";"2";"1";""
"202100048220";"115 562";"A01";"1";"1";"0";"2";"1";"2";"5";""
"202100048221";"115 560";"A01";"1";"31";"0";"0";"0";"26";"1";""
"202100048222";"115 558";"A01";"3";"7";"0";"2";"2";"1";"1";""
"202100048222";"115 559";"B01";"3";"7";"0";"2";"8";"1";"1";""
"202100048223";"115 557";"A01";"1";"20";"0";"0";"1";"26";"1";""
"202100048224";"115 555";"A01";"1";"10";"0";"2";"3";"1";"1";""
"202100048224";"115 556";"B01";"2";"7";"0";"2";"2";"1";"1";""
"202100048225";"115 553";"B01";"2";"7";"0";"2";"4";"2";"1";""
"202100048225";"115 554";"A01";"2";"7";"0";"2";"1";"2";"1";""
"202100048226";"115 551";"B01";"0";"32";"0";"2";"1";"0";"1";""
"202100048226";"115 552";"A01";"0";"32";"0";"2";"1";"0";"0";""
"202100048227";"115 549";"B01";"2";"2";"0";"2";"1";"5";"1";""
"202100048227";"115 550";"A01";"1";"7";"0";"2";"3";"1";"1";""
"202100048228";"115 548";"A01";"2";"7";"1";"0";"2";"1";"1";""
"202100048229";"115 546";"A01";"1";"7";"0";"2";"1";"5";"1";""
"202100048229";"115 547";"B01";"2";"7";"0";"2";"7";"1";"1";""
"202100048230";"115 544";"A01";"3";"7";"0";"2";"1";"1";"1";""
"202100048230";"115 545";"B01";"3";"7";"0";"2";"1";"16";"1";""
"202100048231";"115 543";"A01";"1";"10";"14";"9";"1";"26";"1";""
"202100048232";"115 541";"A01";"1";"7";"15";"0";"1";"19";"1";""
"202100048232";"115 542";"B01";"3";"7";"0";"2";"1";"1";"1";""
"202100048233";"115 539";"A01";"3";"7";"0";"2";"2";"1";"1";""
"202100048233";"115 540";"B01";"1";"38";"0";"2";"3";"1";"1";"1"
"202100048234";"115 536";"A01";"1";"7";"0";"2";"1";"2";"1";""
"202100048234";"115 537";"B01";"1";"7";"0";"2";"4";"2";"1";""
"202100048234";"115 538";"C01";"1";"7";"0";"2";"4";"2";"1";""
"202100048235";"115 534";"A01";"2";"10";"0";"2";"8";"15";"1";""
"202100048235";"115 535";"B01";"2";"10";"0";"2";"1";"1";"1";""
"202100048236";"115 532";"A01";"1";"7";"9";"2";"1";"9";"1";""
"202100048236";"115 533";"B01";"1";"7";"0";"2";"5";"1";"1";""
"202100048237";"115 531";"A01";"1";"7";"0";"1";"3";"1";"1";""
"202100048238";"115 529";"A01";"1";"1";"0";"2";"1";"15";"0";""
"202100048238";"115 530";"B01";"1";"7";"0";"2";"1";"15";"1";""
"202100048239";"115 527";"B01";"2";"7";"0";"2";"1";"1";"1";""
"202100048239";"115 528";"A01";"1";"32";"0";"2";"2";"15";"1";""
"202100048240";"115 521";"A01";"3";"7";"1";"0";"5";"4";"1";""
"202100048240";"115 522";"B01";"3";"7";"1";"2";"6";"24";"1";""
"202100048241";"115 518";"A01";"0";"7";"0";"2";"3";"26";"1";""
"202100048241";"115 519";"B01";"0";"33";"0";"2";"0";"0";"1";""
"202100048241";"115 520";"C01";"0";"7";"0";"2";"1";"0";"1";""
"202100048242";"115 517";"A01";"0";"7";"0";"1";"3";"1";"1";""
"202100048243";"115 515";"A01";"0";"10";"0";"2";"2";"15";"1";""
"202100048243";"115 516";"B01";"0";"99";"0";"2";"1";"1";"5";""
"202100048244";"115 513";"B01";"0";"33";"0";"2";"1";"17";"1";""
"202100048244";"115 514";"A01";"0";"10";"0";"2";"5";"15";"1";""
"202100048245";"115 512";"A01";"2";"7";"0";"1";"2";"26";"1";""
"202100048246";"115 509";"B01";"1";"7";"8";"2";"4";"23";"1";""
"202100048246";"115 510";"C01";"1";"7";"0";"2";"4";"23";"1";""
"202100048246";"115 511";"A01";"1";"10";"0";"2";"1";"2";"1";""
"202100048247";"115 508";"A01";"1";"10";"6";"0";"1";"1";"1";""
"202100048248";"115 506";"A01";"2";"7";"0";"2";"3";"15";"1";""
"202100048248";"115 507";"B01";"1";"2";"0";"2";"9";"1";"1";""
"202100048249";"115 505";"A01";"1";"7";"0";"1";"1";"1";"1";""
"202100048250";"115 503";"A01";"2";"10";"0";"2";"5";"15";"1";""
"202100048250";"115 504";"B01";"1";"2";"0";"2";"1";"1";"1";""
"202100048251";"115 501";"B01";"2";"7";"0";"2";"4";"2";"1";""
"202100048251";"115 502";"A01";"2";"7";"0";"2";"1";"2";"1";""
"202100048252";"115 499";"B01";"3";"31";"0";"2";"4";"2";"1";""
"202100048252";"115 500";"A01";"3";"7";"0";"2";"2";"2";"1";""
"202100048253";"115 497";"B01";"1";"7";"0";"2";"4";"1";"1";""
"202100048253";"115 498";"A01";"1";"7";"0";"2";"1";"1";"1";""
"202100048254";"115 496";"A01";"1";"7";"6";"0";"1";"16";"1";""
"202100048255";"115 494";"B01";"2";"7";"0";"2";"3";"15";"1";""
"202100048255";"115 495";"A01";"1";"7";"11";"2";"1";"1";"1";""
"202100048256";"115 492";"A01";"3";"7";"0";"2";"1";"9";"1";""
"202100048256";"115 493";"B01";"3";"1";"0";"2";"7";"1";"5";""
"202100048257";"115 490";"B01";"2";"7";"0";"2";"4";"23";"1";""
"202100048257";"115 491";"A01";"2";"7";"0";"2";"1";"1";"1";""
"202100048258";"115 489";"A01";"3";"33";"2";"0";"1";"13";"1";""
"202100048259";"115 487";"B01";"2";"33";"0";"2";"1";"1";"0";""
"202100048259";"115 488";"A01";"1";"7";"0";"2";"2";"15";"1";""
"202100048260";"115 485";"B01";"3";"7";"0";"9";"7";"0";"1";""
"202100048260";"115 486";"A01";"3";"1";"0";"2";"1";"1";"5";""
"202100048261";"115 483";"B01";"3";"10";"0";"9";"4";"1";"1";""
"202100048261";"115 484";"A01";"3";"1";"0";"2";"1";"1";"5";""
"202100048262";"115 482";"A01";"3";"7";"2";"0";"7";"15";"1";""
"202100048263";"115 480";"B01";"3";"7";"0";"2";"4";"1";"1";""
"202100048263";"115 481";"A01";"3";"7";"0";"2";"1";"1";"1";""
"202100048264";"115 479";"A01";"2";"30";"12";"0";"0";"1";"1";""
"202100048265";"115 477";"B01";"0";"2";"0";"2";"8";"1";"1";""
"202100048265";"115 478";"A01";"0";"7";"0";"2";"1";"15";"1";""
"202100048266";"115 476";"A01";"1";"7";"0";"1";"1";"1";"1";""
"202100048267";"115 474";"A01";"3";"7";"0";"2";"3";"15";"1";""
"202100048267";"115 475";"B01";"1";"31";"0";"2";"6";"1";"1";""
"202100048268";"115 472";"A01";"1";"33";"0";"2";"1";"3";"1";""
"202100048268";"115 473";"B01";"1";"7";"0";"2";"8";"15";"1";""
"202100048269";"115 470";"B01";"3";"7";"0";"2";"3";"1";"1";""
"202100048269";"115 471";"A01";"1";"7";"0";"2";"1";"1";"1";""
"202100048270";"115 468";"B01";"1";"7";"0";"2";"0";"15";" -1";""
"202100048270";"115 469";"A01";"2";"7";"0";"2";"8";"1";"1";""
"202100048271";"115 467";"A01";"2";"1";"0";"1";"1";"26";"0";""
"202100048272";"115 464";"A01";"2";"7";"0";"2";"1";"1";"1";""
"202100048272";"115 465";"B01";"2";"7";"0";"2";"4";"23";"1";""
"202100048272";"115 466";"C01";"2";"7";"0";"2";"4";"23";"1";""
"202100048273";"115 462";"A01";"1";"7";"0";"2";"6";"23";"1";""
"202100048273";"115 463";"B01";"1";"7";"0";"2";"2";"26";"1";""
"202100048274";"115 461";"A01";"1";"7";"0";"1";"1";"15";"1";""
"202100048275";"115 459";"A01";"0";"31";"0";"2";"0";"17";"1";""
"202100048275";"115 460";"B01";"3";"7";"0";"2";"0";"15";"1";""
"202100048276";"115 458";"A01";"0";"7";"0";"0";"2";"14";"1";""
"202100048277";"115 457";"A01";"1";"50";"0";"1";"1";"1";"3";""
"202100048278";"115 454";"C01";"1";"7";"0";"2";"4";"2";"1";""
"202100048278";"115 455";"B01";"1";"7";"0";"2";"4";"2";"1";""
"202100048278";"115 456";"A01";"1";"10";"0";"2";"1";"2";"1";""
"202100048279";"115 453";"A01";"1";"7";"0";"1";"2";"1";"1";""
"202100048280";"115 452";"A01";"2";"40";"0";"1";"3";"1";"3";""
"202100048281";"115 450";"A01";"1";"30";"0";"2";"1";"1";"1";""
"202100048281";"115 451";"B01";"2";"7";"0";"2";"2";"15";"1";""
"202100048282";"115 448";"B01";"2";"2";"0";"2";"7";"1";"1";""
"202100048282";"115 449";"A01";"1";"7";"0";"2";"1";"19";"1";""
"202100048283";"115 447";"A01";"2";"1";"0";"1";"0";"1";"6";""
"202100048284";"115 446";"A01";"1";"1";"0";"1";"1";"8";"5";""
"202100048285";"115 444";"B01";"1";"1";"0";"2";"8";"14";"5";""
"202100048285";"115 445";"A01";"1";"7";"0";"2";"5";"16";"1";""
"202100048286";"115 442";"B01";"2";"10";"0";"2";"4";"22";"1";""
"202100048286";"115 443";"A01";"2";"50";"0";"2";"1";"1";"3";""
"202100048287";"115 440";"B01";"1";"32";"0";"2";"7";"1";"3";""
"202100048287";"115 441";"A01";"1";"10";"0";"2";"8";"10";"1";""
"202100048288";"115 438";"B01";"2";"7";"0";"2";"7";"15";"1";""
"202100048288";"115 439";"A01";"1";"30";"0";"2";"1";"1";"1";""
"202100048289";"115 436";"B01";"1";"33";"1";"2";"1";"1";"1";""
"202100048289";"115 437";"A01";"1";"7";"0";"2";"5";"9";"1";""
"202100048290";"115 434";"A01";"3";"7";"0";"2";"1";"2";"1";""
"202100048290";"115 435";"B01";"3";"10";"0";"2";"4";"2";"1";""
"202100048291";"115 432";"B01";"1";"7";"0";"2";"3";"15";"1";""
"202100048291";"115 433";"A01";"1";"31";"0";"2";"1";"17";"1";""
"202100048292";"115 430";"A01";"1";"7";"0";"2";"1";"1";"1";""
"202100048292";"115 431";"B01";"2";"60";"0";"2";"8";"19";"5";""
"202100048293";"115 429";"A01";"1";"7";"6";"0";"1";"16";"1";""
"202100048294";"115 428";"A01";"1";"1";"0";"0";"0";"1";"5";""
"202100048295";"115 426";"B01";"1";"7";"4";"2";"3";"1";"1";""
"202100048295";"115 427";"A01";"1";"7";"0";"2";"1";"15";"1";""
"202100048296";"115 424";"B01";"2";"1";"0";"2";"1";"15";"5";""
"202100048296";"115 425";"A01";"2";"7";"0";"2";"2";"7";"2";""
"202100048297";"115 423";"A01";"1";"30";"12";"0";"2";"16";"1";""
"202100048298";"115 422";"A01";"3";"7";"14";"0";"2";"15";"1";""
"202100048299";"115 421";"A01";"1";"7";"0";"1";"0";"0";"1";""
"202100048300";"115 419";"B01";"2";"32";"0";"0";"3";"1";"1";""
"202100048300";"115 420";"A01";"3";"7";"0";"2";"1";"9";"1";""
"202100048301";"115 418";"A01";"2";"7";"0";"1";"0";"2";"1";""
"202100048302";"115 416";"A01";"1";"7";"0";"2";"1";"1";"3";""
"202100048302";"115 417";"B01";"1";"7";"0";"2";"7";"1";"1";""
"202100048303";"115 414";"B01";"3";"16";"0";"0";"4";"2";"0";""
"202100048303";"115 415";"A01";"3";"17";"0";"2";"0";"26";"1";""
"202100048304";"115 413";"A01";"1";"7";"0";"1";"2";"1";"1";""
"202100048305";"115 411";"A01";"2";"7";"0";"2";"1";"1";"1";""
"202100048305";"115 412";"B01";"2";"7";"14";"0";"4";"1";"1";""
"202100048306";"115 410";"A01";"1";"7";"0";"1";"1";"16";"1";""
"202100048307";"115 409";"A01";"3";"7";"0";"1";"0";"2";"0";""
"202100048308";"115 407";"A01";"3";"10";"0";"2";"6";"15";"1";""
"202100048308";"115 408";"B01";"3";"2";"0";"2";"2";"2";"1";""
"202100048309";"115 405";"A01";"1";"10";"0";"2";"1";"9";"1";""
"202100048309";"115 406";"B01";"1";"43";"0";"2";"7";"1";"1";""
"202100048310";"115 404";"A01";"3";"7";"0";"1";"4";"4";"1";""
"202100048311";"115 402";"A01";"0";"30";"0";"2";"0";"0";"1";""
"202100048311";"115 403";"Z01";"0";"7";"0";"2";"0";"0";"0";""
"202100048312";"115 400";"A01";"0";"7";"0";"2";"8";"19";"1";""
"202100048312";"115 401";"B01";"1";"7";"0";"2";"8";"1";"1";""
"202100048313";"115 397";"B01";"3";"7";"0";"2";"4";"2";"1";""
"202100048313";"115 398";"A01";"3";"7";"0";"0";"4";"1";"1";""
"202100048313";"115 399";"C01";"3";"13";"0";"2";"1";"2";"0";""
"202100048314";"115 395";"B01";"2";"99";"0";"0";"4";"1";"6";""
"202100048314";"115 396";"A01";"2";"99";"0";"2";"2";"14";"6";""
"202100048315";"115 393";"A01";"2";"30";"0";"2";"1";"5";"1";""
"202100048315";"115 394";"B01";"2";"7";"0";"2";"1";"16";"1";""
"202100048316";"115 390";"A01";"2";"7";"0";"2";"4";"16";"1";""
"202100048316";"115 391";"B01";"2";"7";"0";"2";"1";"16";"1";""
"202100048316";"115 392";"C01";"3";"7";"0";"2";"4";"23";"1";""
"202100048317";"115 388";"A01";"1";"7";"0";"2";"7";"9";"1";""
"202100048317";"115 389";"B01";"1";"30";"0";"2";"1";"1";"3";""
"202100048318";"115 387";"A01";"1";"33";"13";"0";"1";"1";"1";""
"202100048319";"115 385";"A01";"2";"7";"0";"2";"3";"13";"1";""
"202100048319";"115 386";"B01";"1";"7";"0";"2";"8";"1";"1";""
"202100048320";"115 384";"A01";"2";"7";"0";"1";"2";"1";"1";""
"202100048321";"115 383";"A01";"2";"7";"13";"0";"3";"1";"1";""
"202100048322";"115 379";"A01";"1";"7";"0";"0";"6";"23";"1";""
"202100048322";"115 380";"B01";"1";"7";"0";"2";"2";"1";"1";""
"202100048323";"115 377";"B01";"2";"7";"0";"2";"1";"1";"1";""
"202100048323";"115 378";"A01";"1";"7";"0";"2";"7";"1";"1";""
"202100048324";"115 375";"B01";"1";"7";"0";"2";"7";"10";"1";""
"202100048324";"115 376";"A01";"2";"7";"0";"2";"1";"1";"1";""
"202100048325";"115 374";"A01";"1";"33";"0";"0";"8";"1";"1";""
"202100048326";"115 372";"A01";"2";"2";"1";"0";"2";"13";"1";""
"202100048326";"115 373";"B01";"1";"1";"0";"0";"8";"23";"5";""
"202100048327";"115 370";"B01";"3";"10";"0";"2";"1";"1";"1";""
"202100048327";"115 371";"A01";"3";"10";"0";"0";"8";"19";"1";""
"202100048328";"115 367";"B01";"3";"7";"0";"2";"8";"16";"1";""
"202100048328";"115 368";"A01";"3";"2";"0";"2";"1";"15";"1";""
"202100048329";"115 366";"A01";"1";"33";"5";"0";"7";"1";"1";""
"202100048330";"115 365";"A01";"1";"2";"0";"0";"0";"0";"1";""
"202100048331";"115 362";"B01";"2";"2";"0";"2";"3";"15";"1";""
"202100048331";"115 363";"A01";"2";"7";"0";"2";"2";"17";"1";""
"202100048332";"115 360";"B01";"0";"7";"0";"0";"4";"1";"1";""
"202100048332";"115 361";"A01";"0";"2";"0";"2";"2";"1";"1";""
"202100048333";"115 359";"A01";"2";"7";"6";"0";"1";"13";"1";""
"202100048334";"115 358";"A01";"2";"7";"13";"0";"0";"0";"1";""
"202100048335";"115 357";"A01";"1";"10";"0";"1";"3";"1";"3";""
"202100048336";"115 355";"B01";"2";"7";"0";"2";"1";"1";"1";""
"202100048336";"115 356";"A01";"1";"7";"0";"2";"1";"15";"1";""
"202100048337";"115 354";"A01";"2";"7";"0";"1";"3";"1";"1";""
"202100048338";"115 353";"A01";"1";"7";"16";"0";"9";"1";"1";""
"202100048339";"115 352";"A01";"1";"7";"0";"0";"9";"1";"1";""
"202100048340";"115 351";"A01";"3";"7";"13";"0";"0";"1";"1";""
"202100048341";"115 348";"B01";"2";"7";"0";"2";"2";"21";"1";""
"202100048341";"115 349";"A01";"1";"7";"0";"2";"3";"19";"1";""
"202100048342";"115 346";"A01";"1";"1";"0";"0";"4";"13";"6";""
"202100048342";"115 347";"B01";"1";"7";"0";"0";"1";"17";"1";""
"202100048343";"115 344";"B01";"1";"31";"0";"0";"1";"1";"1";""
"202100048343";"115 345";"A01";"0";"7";"0";"0";"2";"15";"1";""
"202100048344";"115 343";"A01";"2";"7";"0";"0";"9";"1";"1";""
"202100048345";"115 342";"A01";"3";"31";"0";"0";"7";"13";"1";""
"202100048346";"115 341";"A01";"0";"7";"0";"0";"0";"0";"1";""
"202100048347";"115 339";"B01";"1";"7";"0";"2";"4";"15";"1";""
"202100048347";"115 340";"A01";"1";"7";"0";"2";"1";"2";"1";""
"202100048348";"115 335";"C01";"1";"7";"0";"2";"4";"23";"1";""
"202100048348";"115 336";"B01";"1";"7";"0";"2";"4";"23";"1";""
"202100048348";"115 337";"A01";"1";"7";"0";"2";"1";"1";"1";""
"202100048349";"115 333";"B01";"2";"14";"0";"2";"7";"1";"1";""
"202100048349";"115 334";"A01";"2";"7";"0";"2";"1";"13";"1";""
"202100048350";"115 330";"B01";"1";"7";"0";"2";"4";"2";"1";""
"202100048350";"115 331";"A01";"1";"10";"0";"2";"1";"1";"1";""
"202100048350";"115 332";"C01";"1";"7";"0";"2";"6";"1";"1";""
"202100048351";"115 324";"D01";"1";"7";"0";"2";"4";"2";"1";""
"202100048351";"115 325";"B01";"1";"7";"0";"2";"1";"2";"1";""
"202100048351";"115 326";"A01";"1";"7";"0";"2";"1";"2";"1";""
"202100048351";"115 327";"F01";"1";"7";"0";"2";"4";"2";"1";""
"202100048351";"115 328";"E01";"1";"7";"0";"2";"1";"2";"1";""
"202100048351";"115 329";"C01";"1";"7";"0";"2";"1";"2";"2";""
"202100048352";"115 323";"A01";"1";"7";"4";"0";"7";"1";"1";""
"202100048353";"115 321";"A01";"2";"7";"0";"2";"1";"26";"1";""
"202100048353";"115 322";"B01";"1";"7";"0";"2";"1";"1";"1";""
"202100048354";"115 320";"A01";"2";"43";"0";"0";"7";"1";"1";""
"202100048355";"115 318";"A01";"1";"10";"0";"2";"5";"12";"1";""
"202100048355";"115 319";"B01";"1";"7";"0";"2";"3";"1";"1";""
"202100048356";"115 316";"B01";"1";"34";"0";"2";"8";"3";"1";""
"202100048356";"115 317";"A01";"1";"7";"1";"2";"2";"12";"1";""
"202100048357";"115 315";"A01";"1";"7";"3";"0";"1";"14";"1";""
"202100048358";"115 314";"A01";"2";"33";"9";"0";"1";"13";"1";""
"202100048359";"115 313";"A01";"1";"7";"4";"0";"1";"1";"1";""
"202100048360";"115 311";"A01";"1";"17";"1";"0";"2";"1";"1";""
"202100048360";"115 312";"B01";"1";"13";"0";"2";"6";"2";"1";""
"202100048361";"115 308";"C01";"2";"10";"0";"2";"2";"1";"1";""
"202100048361";"115 309";"B01";"2";"7";"0";"2";"6";"1";"1";""
"202100048361";"115 310";"A01";"2";"33";"0";"2";"1";"18";"1";""
"202100048362";"115 307";"A01";"2";"10";"0";"1";"1";"1";"1";""
"202100048363";"115 305";"A01";"1";"10";"0";"2";"1";"1";"1";""
"202100048363";"115 306";"B01";"1";"10";"0";"2";"4";"23";"1";""
"202100048364";"115 303";"A01";"2";"7";"0";"2";"2";"15";"1";""
"202100048364";"115 304";"B01";"2";"30";"0";"2";"1";"1";"1";""
"202100048365";"115 302";"A01";"1";"7";"0";"1";"1";"2";"1";""
"202100048366";"115 300";"A01";"1";"31";"0";"2";"7";"17";"1";""
"202100048366";"115 301";"B01";"1";"7";"0";"2";"3";"15";"1";""
"202100048367";"115 299";"A01";"3";"43";"12";"0";"1";"11";"1";""
"202100048368";"115 296";"C01";"1";"7";"0";"2";"4";"23";"1";""
"202100048368";"115 297";"B01";"1";"7";"0";"2";"4";"23";"1";""
"202100048368";"115 298";"A01";"1";"7";"0";"2";"1";"2";"1";""
"202100048369";"115 295";"A01";"1";"7";"0";"1";"2";"15";"1";""
"202100048370";"115 294";"A01";"1";"7";"0";"1";"1";"13";"1";""
"202100048371";"115 292";"A01";"2";"7";"0";"2";"6";"11";"1";""
"202100048371";"115 293";"B01";"2";"32";"0";"2";"3";"1";"1";""
"202100048372";"115 291";"A01";"2";"7";"0";"1";"2";"9";"1";""
"202100048373";"115 289";"A01";"2";"7";"0";"2";"2";"1";"1";""
"202100048373";"115 290";"B01";"2";"7";"0";"2";"4";"1";"1";""
"202100048374";"115 288";"A01";"2";"7";"1";"0";"2";"1";"1";""
"202100048375";"115 286";"B01";"1";"33";"0";"2";"8";"1";"1";""
"202100048375";"115 287";"A01";"1";"7";"0";"2";"7";"12";"1";""
"202100048376";"115 284";"A01";"3";"32";"0";"2";"2";"26";"1";""
"202100048376";"115 285";"B01";"3";"10";"0";"2";"3";"0";"0";""
"202100048377";"115 283";"A01";"1";"32";"0";"0";"2";"16";"1";""
"202100048378";"115 282";"A01";"3";"10";"0";"1";"3";"26";"1";""
"202100048379";"115 280";"A01";"1";"7";"0";"2";"2";"21";"1";""
"202100048379";"115 281";"B01";"2";"7";"2";"2";"1";"9";"1";""
"202100048380";"115 278";"B01";"3";"7";"0";"2";"3";"1";"1";""
"202100048380";"115 279";"A01";"3";"2";"0";"2";"1";"13";"1";""
"202100048381";"115 277";"A01";"2";"10";"12";"0";"9";"1";"1";""
"202100048382";"115 275";"B01";"2";"1";"0";"2";"1";"1";"5";""
"202100048382";"115 276";"A01";"1";"14";"0";"9";"3";"16";"1";""
"202100048383";"115 273";"A01";"0";"7";"0";"2";"2";"15";"1";""
"202100048383";"115 274";"B01";"0";"1";"0";"2";"1";"25";"5";""
"202100048384";"115 272";"A01";"0";"7";"0";"1";"1";"1";"1";""
"202100048385";"115 270";"A01";"0";"30";"0";"2";"1";"0";"1";""
"202100048385";"115 271";"B01";"0";"7";"0";"2";"5";"20";"1";""
"202100048386";"115 269";"A01";"3";"7";"0";"1";"1";"1";"1";""
"202100048387";"115 267";"B01";"0";"7";"0";"0";"0";"16";"1";""
"202100048387";"115 268";"A01";"3";"7";"0";"2";"5";"21";"1";""
"202100048388";"115 265";"A01";"3";"33";"0";"2";"6";"26";"1";""
"202100048388";"115 266";"B01";"3";"7";"0";"2";"3";"15";"1";""
"202100048389";"115 264";"A01";"0";"10";"0";"1";"1";"1";"1";""
"202100048390";"115 261";"A01";"0";"7";"0";"2";"7";"1";"1";""
"202100048390";"115 262";"C01";"0";"7";"0";"2";"1";"23";"1";""
"202100048390";"115 263";"B01";"0";"7";"0";"2";"1";"1";"1";""
"202100048391";"115 259";"A01";"2";"7";"1";"0";"1";"1";"1";""
"202100048392";"115 257";"B01";"3";"7";"0";"2";"8";"0";"1";""
"202100048392";"115 258";"A01";"1";"7";"0";"2";"2";"9";"1";""
"202100048393";"115 255";"A01";"1";"10";"0";"2";"3";"1";"1";""
"202100048393";"115 256";"B01";"2";"7";"0";"2";"2";"1";"1";""
"202100048394";"115 253";"A01";"1";"7";"0";"2";"2";"19";"1";""
"202100048394";"115 254";"B01";"2";"7";"8";"2";"1";"1";"1";""
"202100048395";"115 251";"B01";"1";"2";"0";"2";"7";"20";"3";""
"202100048395";"115 252";"A01";"1";"7";"0";"2";"1";"14";"1";""
"202100048396";"115 249";"A01";"3";"7";"0";"2";"3";"16";"2";""
"202100048396";"115 250";"B01";"3";"7";"0";"2";"1";"1";"1";""
"202100048397";"115 247";"A01";"2";"2";"0";"2";"1";"2";"1";""
"202100048397";"115 248";"B01";"2";"7";"0";"2";"4";"2";"1";""
"202100048398";"115 245";"B01";"3";"1";"0";"2";"6";"1";"5";""
"202100048398";"115 246";"Z01";"3";"7";"0";"2";"2";"17";"0";""
"202100048399";"115 244";"A01";"1";"7";"0";"1";"1";"16";"1";""
"202100048400";"115 243";"A01";"1";"7";"0";"1";"8";"26";"1";""
"202100048401";"115 241";"B01";"2";"30";"0";"2";"1";"9";"1";""
"202100048401";"115 242";"A01";"1";"99";"0";"2";"5";"9";"3";""
"202100048402";"115 239";"B01";"2";"7";"0";"2";"3";"0";"1";""
"202100048402";"115 240";"A01";"1";"17";"0";"2";"3";"13";"1";""
"202100048403";"115 237";"B01";"2";"10";"0";"2";"8";"1";"1";""
"202100048403";"115 238";"A01";"1";"30";"0";"2";"1";"13";"3";""
"202100048404";"115 236";"Z01";"1";"7";"0";"1";"1";"1";"1";""
"202100048405";"115 235";"A01";"3";"7";"0";"1";"2";"1";"1";""
"202100048406";"115 234";"A01";"3";"7";"0";"1";"2";"9";"1";""
"202100048407";"115 233";"A01";"1";"10";"0";"1";"1";"16";"1";""
"202100048408";"115 231";"B01";"1";"7";"0";"2";"3";"15";"1";""
"202100048408";"115 232";"A01";"2";"33";"0";"2";"1";"1";"1";""
"202100048409";"115 230";"A01";"3";"7";"0";"1";"2";"1";"1";""
"202100048410";"115 228";"A01";"3";"30";"0";"2";"1";"2";"1";""