"Num_Acc";"id_vehicule";"num_veh";"senc";"catv";"obs";"obsm";"choc";"manv";"motor";"occutc"
"202100048624";"114 849";"A01";"2";"7";"8";"0";"1";"1";"1";""
"202100048625";"114 844";"E01";"1";"17";"0";"0";"4";"1";"1";""
"202100048625";"114 845";"A01";"1";"17";"0";"2";"2";"11";"1";""
"202100048625";"114 846";"B01";"1";"7";"0";"2";"4";"1";"1";""
"202100048625";"114 847";"C01";"1";"7";"0";"2";"4";"1";"1";""
"202100048625";"114 848";"D01";"1";"7";"0";"2";"4";"1";"1";""
"202100048626";"114 842";"B01";"1";"17";"0";"2";"1";"1";"1";""
"202100048626";"114 843";"A01";"2";"7";"0";"2";"2";"1";"1";""
"202100048627";"114 841";"A01";"1";"33";"5";"0";"7";"14";"1";""
"202100048628";"114 838";"B01";"0";"2";"0";"2";"1";"18";"1";""
"202100048628";"114 839";"A01";"0";"7";"0";"2";"7";"16";"1";""
"202100048629";"114 836";"B01";"1";"7";"0";"2";"2";"2";"1";""
"202100048629";"114 837";"A01";"1";"10";"0";"2";"6";"1";"1";""
"202100048630";"114 834";"B01";"3";"7";"0";"2";"3";"19";"1";""
"202100048630";"114 835";"A01";"2";"7";"0";"2";"2";"1";"1";""
"202100048631";"114 832";"A01";"2";"31";"0";"2";"1";"1";"1";""
"202100048631";"114 833";"B01";"2";"7";"0";"2";"3";"15";"1";""
"202100048632";"114 830";"B01";"2";"10";"0";"2";"3";"1";"1";""
"202100048632";"114 831";"A01";"1";"7";"0";"2";"1";"1";"1";""
"202100048633";"114 829";"A01";"1";"7";"2";"0";"8";"13";"1";""
"202100048634";"114 827";"A01";"2";"33";"0";"2";"2";"2";"1";""
"202100048634";"114 828";"B01";"2";"7";"0";"2";"3";"1";"1";""
"202100048635";"114 823";"B01";"2";"10";"0";"2";"1";"2";"1";""
"202100048635";"114 824";"A01";"2";"7";"0";"2";"4";"2";"3";""
"202100048636";"114 820";"B01";"2";"7";"0";"2";"4";"2";"1";""
"202100048636";"114 821";"A01";"2";"7";"0";"2";"4";"2";"1";""
"202100048636";"114 822";"C01";"2";"10";"0";"2";"1";"2";"1";""
"202100048637";"114 817";"C01";"1";"7";"0";"2";"5";"1";"0";""
"202100048637";"114 818";"B01";"2";"7";"0";"2";"4";"1";"1";""
"202100048637";"114 819";"A01";"2";"7";"0";"2";"1";"11";"1";""
"202100048638";"114 816";"A01";"2";"7";"4";"0";"9";"0";"1";""
"202100048639";"114 813";"A01";"1";"7";"0";"2";"4";"2";"1";""
"202100048639";"114 814";"C01";"1";"7";"0";"2";"1";"2";"1";""
"202100048639";"114 815";"B01";"1";"7";"0";"2";"4";"2";"1";""
"202100048640";"114 810";"A01";"2";"7";"0";"2";"1";"2";"1";""
"202100048640";"114 811";"B01";"2";"7";"0";"2";"4";"2";"1";""
"202100048640";"114 812";"C01";"2";"7";"0";"2";"4";"2";"1";""
"202100048641";"114 809";"A01";"2";"7";"4";"0";"2";"0";"1";""
"202100048642";"114 807";"B01";"1";"33";"4";"2";"3";"9";"1";""
"202100048642";"114 808";"A01";"1";"17";"0";"2";"7";"1";"1";""
"202100048643";"114 805";"B01";"2";"7";"0";"2";"4";"1";"1";""
"202100048643";"114 806";"A01";"2";"32";"0";"2";"1";"0";"1";""
"202100048644";"114 804";"A01";"3";"7";"0";"1";"2";"0";"1";""
"202100048645";"114 802";"A01";"1";"7";"0";"2";"5";"15";"1";""
"202100048645";"114 803";"B01";"1";"32";"0";"2";"1";"3";"1";""
"202100048646";"114 801";"A01";"3";"7";"0";"1";"1";"1";"1";""
"202100048647";"114 799";"B01";"1";"7";"0";"2";"1";"1";"1";""
"202100048647";"114 800";"A01";"1";"7";"0";"2";"2";"1";"1";""
"202100048648";"114 798";"A01";"1";"7";"0";"1";"0";"0";"0";""
"202100048649";"114 797";"A01";"3";"32";"0";"1";"1";"0";"1";""
"202100048650";"114 795";"B01";"2";"7";"0";"2";"8";"15";"1";""
"202100048650";"114 796";"A01";"2";"1";"0";"2";"1";"17";"5";""
"202100048651";"114 794";"A01";"2";"2";"14";"0";"1";"1";"1";""
"202100048652";"114 791";"A01";"1";"7";"0";"2";"1";"2";"1";""
"202100048652";"114 792";"B01";"1";"7";"0";"2";"6";"2";"1";""
"202100048652";"114 793";"C01";"1";"7";"0";"2";"4";"21";"1";""
"202100048653";"114 789";"A01";"2";"33";"0";"2";"1";"1";"1";""
"202100048653";"114 790";"B01";"2";"14";"0";"2";"2";"15";"1";""
"202100048654";"114 788";"A01";"3";"37";"1";"1";"5";"16";"1";"1"
"202100048655";"114 784";"A01";"1";"7";"0";"2";"3";"15";"1";""
"202100048655";"114 785";"B01";"1";"7";"0";"2";"1";"1";"1";""
"202100048655";"114 786";"C01";"1";"7";"0";"2";"9";"1";"1";""
"202100048655";"114 787";"D01";"1";"7";"1";"0";"4";"24";"1";""
"202100048656";"114 783";"A01";"2";"7";"0";"0";"1";"9";"1";""
"202100048657";"114 781";"B01";"1";"34";"0";"2";"1";"1";"1";""
"202100048657";"114 782";"A01";"2";"7";"0";"2";"3";"15";"1";""
"202100048658";"114 778";"B01";"3";"32";"0";"2";"7";"1";"1";""
"202100048658";"114 779";"A01";"3";"7";"0";"2";"1";"9";"1";""
"202100048659";"114 776";"B01";"2";"1";"0";"2";"1";"26";"5";""
"202100048659";"114 777";"A01";"0";"7";"0";"2";"3";"26";"1";""
"202100048660";"114 775";"A01";"2";"7";"0";"1";"2";"1";"1";""
"202100048661";"114 773";"B01";"3";"33";"0";"2";"1";"1";"0";""
"202100048661";"114 774";"A01";"3";"7";"0";"2";"2";"17";"0";""
"202100048662";"114 771";"A01";"0";"7";"0";"2";"1";"2";"1";""
"202100048662";"114 772";"B01";"3";"13";"0";"2";"4";"23";"1";""
"202100048663";"114 770";"A01";"2";"32";"0";"0";"0";"0";"1";""
"202100048664";"114 768";"B01";"2";"50";"0";"2";"1";"1";"3";""
"202100048664";"114 769";"A01";"1";"10";"0";"2";"0";"10";"3";""
"202100048665";"114 766";"B01";"1";"7";"0";"2";"3";"9";"1";""
"202100048665";"114 767";"A01";"1";"7";"0";"2";"1";"9";"1";""
"202100048666";"114 764";"A01";"2";"1";"0";"2";"1";"15";"5";""
"202100048666";"114 765";"B01";"1";"7";"0";"2";"1";"1";"1";""
"202100048667";"114 762";"A01";"1";"7";"0";"2";"1";"20";"1";""
"202100048667";"114 763";"B01";"3";"7";"0";"2";"3";"1";"1";""
"202100048668";"114 761";"A01";"2";"33";"15";"0";"1";"14";"1";""
"202100048669";"114 759";"A01";"1";"7";"0";"2";"1";"19";"1";""
"202100048669";"114 760";"B01";"3";"7";"0";"2";"7";"1";"1";""
"202100048670";"114 758";"A01";"1";"2";"0";"2";"0";"1";"3";""
"202100048671";"114 757";"Z01";"0";"7";"0";"1";"3";"9";"0";""
"202100048672";"114 755";"A01";"1";"2";"0";"2";"8";"9";"1";""
"202100048672";"114 756";"Z01";"2";"7";"0";"2";"1";"26";"0";""
"202100048673";"114 754";"A01";"1";"31";"0";"0";"0";"23";"1";""
"202100048674";"114 752";"B01";"2";"33";"0";"2";"2";"12";"1";""
"202100048674";"114 753";"A01";"2";"7";"0";"2";"3";"13";"1";""
"202100048675";"114 749";"Z01";"3";"99";"0";"1";"0";"17";"6";""
"202100048676";"114 747";"B01";"3";"7";"0";"2";"8";"1";"1";""
"202100048676";"114 748";"A01";"2";"7";"0";"2";"1";"1";"1";""
"202100048677";"114 745";"A01";"3";"7";"0";"2";"1";"2";"1";""
"202100048677";"114 746";"B01";"3";"13";"0";"2";"4";"2";"1";""
"202100048678";"114 743";"A01";"1";"15";"0";"2";"5";"14";"1";""
"202100048678";"114 744";"B01";"1";"80";"0";"2";"1";"7";"3";""
"202100048679";"114 741";"B01";"1";"33";"0";"2";"2";"1";"1";""
"202100048679";"114 742";"A01";"1";"7";"0";"2";"3";"11";"1";""
"202100048680";"114 739";"A01";"1";"33";"14";"0";"3";"12";"1";""
"202100048680";"114 740";"B01";"1";"7";"0";"2";"3";"9";"1";""
"202100048681";"114 737";"A01";"1";"15";"0";"2";"7";"17";"1";""
"202100048681";"114 738";"B01";"1";"3";"0";"2";"3";"15";"1";""
"202100048682";"114 735";"B01";"3";"7";"0";"2";"2";"1";"0";""
"202100048682";"114 736";"A01";"3";"7";"0";"2";"1";"1";"1";""
"202100048683";"114 733";"B01";"1";"7";"0";"2";"2";"1";"1";""
"202100048683";"114 734";"A01";"2";"30";"0";"2";"8";"26";"1";""
"202100048684";"114 732";"A01";"0";"32";"0";"1";"2";"17";"1";""
"202100048685";"114 730";"B01";"2";"7";"0";"2";"3";"15";"1";""
"202100048685";"114 731";"A01";"2";"1";"0";"2";"1";"1";"5";""
"202100048686";"114 728";"A01";"1";"7";"0";"2";"3";"1";"0";""
"202100048686";"114 729";"Z01";"1";"7";"0";"2";"0";"0";"0";""
"202100048687";"114 726";"A01";"0";"34";"0";"2";"1";"1";"1";""
"202100048687";"114 727";"B01";"0";"7";"0";"2";"6";"0";"1";""
"202100048688";"114 724";"A01";"1";"7";"0";"2";"0";"0";"1";""
"202100048688";"114 725";"B01";"1";"3";"0";"2";"0";"24";"3";""
"202100048689";"114 721";"C01";"2";"7";"0";"2";"8";"1";"1";""
"202100048689";"114 722";"A01";"1";"30";"0";"2";"1";"1";"1";""
"202100048689";"114 723";"B01";"1";"32";"0";"2";"1";"1";"1";""
"202100048690";"114 720";"A01";"1";"34";"0";"1";"2";"2";"1";""
"202100048691";"114 718";"B01";"2";"32";"1";"0";"1";"2";"1";""
"202100048691";"114 719";"A01";"2";"15";"0";"2";"6";"24";"1";""
"202100048692";"114 717";"A01";"0";"30";"0";"0";"0";"1";"1";""
"202100048693";"114 716";"A01";"2";"10";"0";"1";"2";"1";"1";""
"202100048694";"114 715";"A01";"2";"30";"1";"1";"1";"1";"3";""
"202100048695";"114 713";"A01";"3";"7";"0";"2";"6";"15";"1";""
"202100048695";"114 714";"B01";"3";"32";"0";"2";"7";"17";"1";""
"202100048696";"114 711";"B01";"2";"50";"0";"2";"1";"1";"3";""
"202100048696";"114 712";"A01";"1";"7";"0";"2";"5";"15";"2";""
"202100048697";"114 709";"A01";"3";"34";"0";"2";"1";"17";"1";""
"202100048697";"114 710";"B01";"3";"7";"0";"2";"8";"10";"1";""
"202100048698";"114 707";"B01";"1";"7";"1";"1";"0";"23";"1";""
"202100048698";"114 708";"A01";"1";"7";"0";"2";"1";"1";"2";""
"202100048699";"114 706";"A01";"1";"7";"0";"1";"2";"1";"1";""
"202100048700";"114 705";"A01";"1";"1";"0";"1";"1";"21";"5";""
"202100048701";"114 703";"A01";"1";"1";"0";"2";"1";"19";"5";""
"202100048701";"114 704";"B01";"1";"7";"0";"2";"6";"15";"1";""
"202100048702";"114 701";"A01";"2";"7";"0";"2";"8";"22";"1";""
"202100048702";"114 702";"B01";"1";"1";"0";"2";"1";"1";"5";""
"202100048703";"114 699";"A01";"1";"7";"0";"2";"1";"1";"1";""
"202100048703";"114 700";"B01";"1";"7";"0";"2";"1";"11";"1";""
"202100048704";"114 698";"A01";"1";"7";"0";"1";"3";"1";"1";""
"202100048705";"114 697";"A01";"2";"7";"1";"1";"3";"1";"1";""
"202100048706";"114 695";"A01";"2";"33";"0";"2";"1";"5";"1";""
"202100048706";"114 696";"B01";"1";"7";"0";"2";"1";"1";"1";""
"202100048707";"114 693";"B01";"2";"10";"1";"0";"1";"0";"1";""
"202100048707";"114 694";"A01";"2";"7";"1";"0";"0";"0";"2";""
"202100048708";"114 692";"A01";"1";"7";"1";"2";"7";"2";"1";""
"202100048709";"114 691";"A01";"3";"7";"0";"1";"2";"2";"0";""
"202100048710";"114 689";"B01";"3";"30";"0";"2";"3";"19";"6";""
"202100048710";"114 690";"A01";"3";"32";"0";"2";"5";"9";"6";""
"202100048711";"114 687";"A01";"2";"10";"0";"2";"2";"1";"1";""
"202100048711";"114 688";"B01";"2";"99";"0";"2";"3";"9";"0";""
"202100048712";"114 686";"A01";"2";"34";"0";"1";"0";"17";"0";""
"202100048713";"114 685";"A01";"2";"7";"1";"1";"3";"17";"1";""
"202100048714";"114 683";"B01";"1";"30";"0";"0";"0";"0";"1";""
"202100048714";"114 684";"A01";"1";"7";"0";"0";"1";"15";"1";""
"202100048715";"114 682";"A01";"0";"7";"0";"1";"2";"9";"1";""
"202100048716";"114 681";"A01";"3";"7";"15";"2";"1";"13";"1";""
"202100048717";"114 679";"B01";"1";"60";"0";"2";"7";"19";"5";""
"202100048717";"114 680";"A01";"1";"30";"0";"2";"1";"18";"1";""
"202100048718";"114 677";"A01";"3";"7";"0";"2";"1";"15";"1";""
"202100048718";"114 678";"B01";"2";"1";"0";"2";"1";"1";"5";""
"202100048719";"114 675";"A01";"2";"17";"0";"2";"8";"16";"1";""
"202100048719";"114 676";"B01";"2";"33";"0";"0";"0";"1";"1";""
"202100048720";"114 674";"A01";"2";"7";"0";"1";"0";"1";"0";""
"202100048721";"114 671";"B01";"1";"32";"0";"2";"1";"1";"1";""
"202100048721";"114 672";"C01";"1";"7";"0";"2";"7";"14";"1";""
"202100048721";"114 673";"Z01";"2";"7";"0";"2";"1";"15";"0";""
"202100048722";"114 669";"B01";"1";"7";"0";"2";"1";"15";"1";""
"202100048722";"114 670";"A01";"2";"10";"0";"2";"2";"1";"1";""
"202100048723";"114 667";"B01";"2";"7";"0";"2";"5";"1";"1";""
"202100048723";"114 668";"A01";"2";"7";"0";"2";"1";"1";"1";""
"202100048724";"114 666";"A01";"3";"2";"13";"0";"1";"1";"1";""
"202100048725";"114 665";"A01";"1";"10";"0";"0";"0";"13";"1";""
"202100048726";"114 663";"B01";"2";"1";"0";"2";"8";"2";"5";""
"202100048726";"114 664";"A01";"2";"7";"0";"2";"7";"2";"1";""
"202100048727";"114 661";"B01";"2";"7";"0";"2";"1";"1";"1";""
"202100048727";"114 662";"A01";"0";"7";"7";"0";"7";"19";"1";""
"202100048728";"114 659";"A01";"2";"7";"0";"0";"2";"1";"1";""
"202100048728";"114 660";"B01";"2";"33";"0";"2";"3";"11";"1";""
"202100048729";"114 657";"B01";"2";"1";"0";"2";"8";"1";"5";""
"202100048729";"114 658";"A01";"1";"7";"0";"9";"1";"15";"1";""
"202100048730";"114 655";"A01";"1";"7";"0";"2";"4";"2";"1";""
"202100048730";"114 656";"B01";"1";"7";"0";"2";"1";"2";"1";""
"202100048731";"114 654";"A01";"3";"33";"0";"0";"1";"1";"1";""
"202100048732";"114 653";"A01";"2";"10";"2";"0";"3";"0";"1";""
"202100048733";"114 651";"A01";"1";"10";"0";"2";"3";"15";"1";""
"202100048733";"114 652";"B01";"2";"33";"0";"2";"1";"1";"1";""
"202100048734";"114 649";"B01";"2";"7";"0";"2";"4";"1";"1";""
"202100048734";"114 650";"A01";"2";"33";"0";"2";"1";"1";"1";""
"202100048735";"114 648";"A01";"1";"7";"6";"0";"8";"1";"1";""
"202100048736";"114 646";"B01";"2";"7";"0";"2";"4";"1";"1";""
"202100048736";"114 647";"A01";"1";"7";"0";"2";"2";"1";"1";""
"202100048737";"114 644";"A01";"1";"7";"0";"2";"3";"1";"1";""
"202100048737";"114 645";"B01";"2";"7";"0";"2";"1";"19";"1";""
"202100048738";"114 643";"A01";"1";"7";"2";"0";"1";"1";"1";""
"202100048739";"114 642";"A01";"1";"2";"13";"0";"0";"1";"1";""
"202100048740";"114 641";"A01";"1";"7";"8";"0";"1";"0";"1";""
"202100048741";"114 639";"B01";"2";"7";"0";"2";"3";"1";"1";""
"202100048741";"114 640";"A01";"1";"7";"0";"2";"3";"13";"1";""
"202100048742";"114 637";"B01";"2";"7";"0";"2";"7";"1";"1";""
"202100048742";"114 638";"A01";"1";"7";"0";"2";"1";"1";"1";""
"202100048743";"114 635";"A01";"2";"7";"0";"2";"8";"19";"1";""
"202100048743";"114 636";"B01";"1";"7";"0";"2";"1";"1";"1";""
"202100048744";"114 633";"B01";"1";"10";"3";"2";"4";"11";"1";""
"202100048744";"114 634";"A01";"1";"7";"0";"2";"1";"17";"1";""
"202100048745";"114 631";"B01";"2";"33";"0";"2";"1";"1";"1";""
"202100048745";"114 632";"A01";"2";"7";"0";"2";"3";"10";"1";""
"202100048746";"114 630";"A01";"3";"50";"14";"0";"1";"1";"3";""
"202100048747";"114 628";"A01";"2";"1";"0";"2";"3";"2";"0";""
"202100048747";"114 629";"B01";"2";"7";"0";"9";"2";"0";"1";""
"202100048748";"114 626";"B01";"2";"7";"0";"2";"6";"15";"1";""
"202100048748";"114 627";"A01";"1";"7";"0";"2";"1";"1";"1";""
"202100048749";"114 624";"A01";"2";"7";"0";"2";"2";"13";"1";""
"202100048749";"114 625";"B01";"1";"31";"0";"2";"1";"0";"1";""
"202100048750";"114 623";"A01";"3";"1";"0";"0";"0";"0";"5";""
"202100048751";"114 621";"A01";"0";"7";"0";"2";"2";"19";"1";""
"202100048751";"114 622";"B01";"1";"7";"0";"2";"3";"1";"1";""
"202100048752";"114 619";"A01";"3";"2";"0";"2";"1";"1";"1";""
"202100048752";"114 620";"B01";"3";"7";"0";"0";"4";"1";"1";""
"202100048753";"114 618";"A01";"2";"2";"17";"0";"1";"1";"1";""
"202100048754";"114 617";"A01";"1";"7";"13";"0";"3";"13";"1";""
"202100048755";"114 616";"A01";"1";"7";"0";"1";"2";"2";"1";""
"202100048756";"114 615";"A01";"2";"7";"0";"1";"3";"15";"1";""
"202100048757";"114 614";"A01";"2";"33";"0";"0";"0";"0";"1";""
"202100048758";"114 612";"A01";"1";"7";"14";"0";"3";"1";"1";""
"202100048758";"114 613";"B01";"1";"15";"0";"2";"5";"23";"1";""
"202100048759";"114 609";"A01";"1";"7";"0";"2";"1";"2";"1";""
"202100048759";"114 610";"B01";"1";"7";"0";"2";"4";"21";"1";""
"202100048759";"114 611";"C01";"1";"7";"0";"2";"4";"2";"1";""
"202100048760";"114 607";"B01";"2";"15";"0";"2";"2";"12";"1";""
"202100048760";"114 608";"A01";"2";"7";"0";"2";"6";"1";"1";""
"202100048761";"114 606";"A01";"2";"33";"0";"0";"0";"0";"1";""
"202100048762";"114 604";"B01";"2";"7";"0";"2";"6";"11";"1";""
"202100048762";"114 605";"A01";"2";"7";"0";"2";"2";"1";"1";""
"202100048763";"114 603";"A01";"1";"13";"3";"2";"4";"2";"1";""
"202100048764";"114 602";"A01";"2";"33";"0";"0";"2";"1";"1";""
"202100048765";"114 600";"B01";"1";"7";"0";"2";"4";"2";"1";""
"202100048765";"114 601";"A01";"2";"10";"0";"2";"1";"2";"1";""
"202100048766";"114 598";"B01";"2";"7";"4";"2";"7";"1";"1";""
"202100048766";"114 599";"A01";"2";"17";"0";"2";"8";"11";"1";""
"202100048767";"114 596";"A01";"2";"7";"0";"2";"8";"11";"1";""
"202100048767";"114 597";"B01";"2";"34";"0";"2";"7";"1";"1";""
"202100048768";"114 594";"A01";"1";"32";"0";"2";"1";"3";"1";""
"202100048768";"114 595";"B01";"1";"7";"0";"2";"2";"12";"1";""
"202100048769";"114 591";"C01";"1";"10";"0";"2";"4";"2";"1";""
"202100048769";"114 592";"A01";"1";"10";"0";"2";"1";"2";"1";""
"202100048769";"114 593";"B01";"1";"7";"0";"2";"4";"2";"1";""
"202100048770";"114 589";"A01";"1";"7";"0";"2";"1";"1";"1";""
"202100048770";"114 590";"B01";"1";"10";"0";"2";"4";"1";"1";""
"202100048771";"114 588";"A01";"1";"7";"5";"0";"1";"14";"1";""
"202100048772";"114 586";"B01";"1";"31";"0";"2";"7";"1";"1";""
"202100048772";"114 587";"A01";"2";"7";"0";"2";"1";"9";"1";""
"202100048773";"114 585";"A01";"3";"7";"0";"1";"1";"15";"1";""
"202100048774";"114 584";"A01";"1";"40";"0";"1";"7";"1";"3";""
"202100048775";"114 582";"A01";"1";"7";"0";"2";"2";"16";"1";""
"202100048775";"114 583";"B01";"1";"33";"0";"2";"0";"1";"1";""
"202100048776";"114 580";"A01";"2";"7";"0";"2";"3";"10";"1";""
"202100048776";"114 581";"B01";"2";"32";"0";"2";"7";"17";"1";""
"202100048777";"114 578";"B01";"3";"32";"0";"2";"3";"1";"1";""
"202100048777";"114 579";"A01";"3";"10";"0";"2";"2";"12";"1";""
"202100048778";"114 576";"A01";"2";"7";"0";"2";"3";"9";"1";""
"202100048778";"114 577";"B01";"2";"7";"0";"2";"2";"1";"1";""
"202100048779";"114 575";"Z01";"3";"1";"0";"1";"1";"16";"5";""
"202100048780";"114 573";"B01";"2";"1";"0";"2";"4";"23";"5";""
"202100048780";"114 574";"A01";"2";"1";"0";"2";"1";"1";"5";""
"202100048781";"114 571";"A01";"2";"1";"0";"2";"6";"1";"5";""
"202100048781";"114 572";"Z01";"0";"7";"0";"2";"0";"14";"0";""
"202100048782";"114 570";"A01";"2";"2";"0";"0";"7";"1";"1";""
"202100048783";"114 568";"B01";"1";"7";"0";"2";"3";"1";"1";""
"202100048783";"114 569";"A01";"1";"33";"0";"2";"1";"1";"1";""
"202100048784";"114 567";"A01";"1";"32";"0";"1";"1";"1";"1";""
"202100048785";"114 566";"A01";"1";"30";"0";"0";"3";"1";"1";""
"202100048786";"114 564";"B01";"2";"1";"0";"2";"1";"1";"5";""
"202100048786";"114 565";"A01";"1";"50";"0";"2";"1";"13";"3";""
"202100048787";"114 563";"Z01";"1";"7";"0";"1";"2";"1";"0";""
"202100048788";"114 562";"A01";"2";"7";"8";"0";"4";"20";"1";""
"202100048789";"114 560";"B01";"2";"34";"0";"2";"7";"1";"1";""
"202100048789";"114 561";"A01";"3";"7";"0";"2";"2";"15";"1";""
"202100048790";"114 558";"A01";"1";"7";"0";"2";"1";"19";"1";""
"202100048790";"114 559";"B01";"3";"7";"0";"2";"1";"0";"1";""
"202100048791";"114 555";"B01";"3";"10";"0";"2";"1";"1";"1";""
"202100048791";"114 556";"A01";" -1";"7";"0";"2";"8";"10";"1";""
"202100048791";"114 557";"C01";"3";"7";"0";"2";"2";"1";"1";""
"202100048792";"114 554";"A01";"1";"7";"15";"1";"1";"1";"1";""
"202100048793";"114 553";"A01";"1";"7";"0";"1";"1";"1";"0";""
"202100048794";"114 551";"A01";"1";"7";"0";"2";"2";"17";"1";""
"202100048794";"114 552";"B01";"1";"99";"0";"2";"8";"2";"0";""
"202100048795";"114 549";"B01";"3";"31";"0";"2";"2";"16";"1";""
"202100048795";"114 550";"A01";"3";"30";"0";"2";"3";"26";"1";""
"202100048796";"114 548";"A01";"0";"10";"0";"1";"1";"0";"1";""
"202100048797";"114 547";"A01";"0";"50";"0";"0";"0";"0";"3";""
"202100048798";"114 545";"B01";"0";"1";"0";"2";"8";"26";"0";""
"202100048798";"114 546";"A01";"2";"7";"0";"2";"2";"13";"0";""
"202100048799";"114 544";"A01";"2";"2";"0";"0";"8";"26";"1";""
"202100048800";"114 542";"A01";"1";"7";"0";"2";"1";"2";"1";""
"202100048800";"114 543";"B01";"1";"7";"0";"2";"4";"23";"1";""
"202100048801";"114 541";"A01";"1";"7";"15";"0";"1";"1";"1";""
"202100048802";"114 539";"A01";"1";"7";"0";"0";"0";"0";"1";""
"202100048802";"114 540";"B01";"2";"80";"0";"0";"0";"13";"2";""
"202100048803";"114 537";"A01";"1";"7";"3";"2";"1";"1";"1";""
"202100048803";"114 538";"B01";"2";"7";"0";"2";"1";"1";"1";""
"202100048804";"114 532";"A01";"1";"7";"0";"9";"3";"26";"1";""
"202100048804";"114 533";"B01";"1";"1";"0";"2";"7";"1";"0";""
"202100048805";"114 531";"A01";"1";"7";"8";"0";"1";"0";"1";""
"202100048806";"114 529";"A01";"1";"33";"0";"2";"1";"1";"1";""
"202100048806";"114 530";"B01";"2";"3";"0";"2";"3";"15";"1";""
"202100048807";"114 527";"B01";"3";"7";"0";"2";"1";"1";"1";""
"202100048807";"114 528";"A01";"2";"7";"0";"2";"8";"1";"1";""
"202100048808";"114 526";"A01";"1";"7";"9";"0";"3";"1";"1";""
"202100048809";"114 524";"A01";"2";"7";"0";"2";"8";"1";"1";""
"202100048809";"114 525";"B01";"1";"7";"0";"2";"1";"1";"1";""
"202100048810";"114 522";"B01";"1";"7";"0";"2";"1";"19";"1";""
"202100048810";"114 523";"A01";"2";"7";"7";"2";"8";"19";"1";""
"202100048811";"114 518";"B01";"2";"14";"0";"2";"8";"17";"1";""
"202100048811";"114 519";"D01";"1";"17";"0";"0";"0";"24";"1";""
"202100048811";"114 520";"A01";"1";"31";"0";"2";"1";"2";"1";""
"202100048811";"114 521";"C01";"1";"10";"0";"2";"6";"1";"1";""
"202100048812";"114 517";"A01";"1";"1";"3";"9";"1";"16";"5";""
"202100048813";"114 515";"B01";"1";"7";"0";"2";"3";"1";"1";""
"202100048813";"114 516";"A01";"2";"10";"0";"2";"3";"15";"1";""
"202100048814";"114 512";"A01";"2";"30";"0";"2";"1";"5";"1";""
"202100048814";"114 513";"B01";"1";"2";"0";"2";"1";"1";"1";""
"202100048814";"114 514";"C01";"2";"7";"0";"2";"8";"1";"1";""
"202100048815";"114 509";"B01";"2";"7";"0";"2";"3";"1";"1";""
"202100048815";"114 510";"C01";"1";"7";"0";"2";"1";"1";"1";""
"202100048815";"114 511";"A01";"2";"7";"0";"2";"1";"18";"1";""
"202100048816";"114 507";"B01";"2";"7";"0";"2";"1";"1";"1";""
"202100048816";"114 508";"A01";"1";"7";"0";"2";"1";"13";"1";""
"202100048817";"114 506";"A01";"3";"2";"0";"1";"1";"1";"1";""
"202100048818";"114 504";"B01";"1";"80";"0";"2";"8";"15";"3";""
"202100048818";"114 505";"A01";"1";"7";"0";"2";"2";"17";"1";""
"202100048819";"114 502";"A01";"2";"10";"0";"2";"2";"2";"1";""
"202100048819";"114 503";"B01";"2";"80";"0";"2";"4";"1";"3";""
"202100048820";"114 500";"B01";"2";"13";"0";"2";"5";"2";"1";""
"202100048820";"114 501";"A01";"2";"10";"0";"2";"1";"2";"1";""
"202100048821";"114 499";"A01";"2";"7";"7";"0";"2";"2";"1";""
"202100048822";"114 498";"A01";" -1";"7";"0";"0";"0";"1";"1";""
"202100048823";"114 495";"A01";"1";"7";"0";"2";"3";"13";"1";""
"202100048823";"114 496";"B01";"1";"7";"0";"0";"5";"1";"1";""
"202100048824";"114 493";"A01";"1";"7";"0";"2";"7";"10";"1";""
"202100048824";"114 494";"B01";"2";"33";"0";"2";"1";"1";"1";""
"202100048825";"114 491";"A01";"2";"7";"0";"2";"2";"12";"1";""
"202100048825";"114 492";"B01";"2";"15";"0";"0";"6";"1";"1";""
"202100048826";"114 490";"A01";"2";"7";"2";"0";"0";"1";"1";""
"202100048827";"114 488";"A01";"1";"14";"0";"0";"6";"15";"1";""
"202100048827";"114 489";"B01";"1";"7";"0";"2";"2";"17";"1";""
"202100048828";"114 486";"B01";"1";"1";"0";"0";"7";"1";"5";""
"202100048828";"114 487";"A01";"2";"7";"0";"2";"1";"15";"1";""
"202100048829";"114 483";"C01";"2";"7";"0";"2";"7";"17";"1";""
"202100048829";"114 484";"A01";"2";"1";"0";"2";"8";"1";"5";""
"202100048829";"114 485";"B01";"1";"1";"0";"2";"8";"1";"5";""
"202100048830";"114 477";"A01";"2";"7";"0";"2";"3";"1";"1";""
"202100048830";"114 478";"B01";"2";"15";"0";"2";"2";"14";"1";""
"202100048831";"114 475";"A01";"1";"14";"0";"2";"8";"11";"1";""
"202100048831";"114 476";"B01";"1";"33";"0";"0";"7";"2";"1";""
"202100048832";"114 473";"B01";"2";"7";"0";"2";"4";"2";"1";""
"202100048832";"114 474";"A01";"2";"7";"0";"2";"1";"2";"1";""
"202100048833";"114 471";"B01";"1";"7";"0";"2";"4";"2";"2";""
"202100048833";"114 472";"A01";"1";"7";"0";"2";"1";"2";"2";""
"202100048834";"114 470";"A01";"1";"33";"0";"0";"7";"11";"1";""