"Num_Acc";"id_vehicule";"num_veh";"senc";"catv";"obs";"obsm";"choc";"manv";"motor";"occutc"
"202100048835";"114 468";"B01";"2";"7";"0";"2";"8";"2";"1";""
"202100048835";"114 469";"A01";"2";"13";"0";"2";"2";"14";"1";""
"202100048836";"114 467";"A01";"2";"7";"4";"0";"1";"1";"1";""
"202100048837";"114 465";"B01";"2";"7";"0";"2";"7";"26";"1";""
"202100048837";"114 466";"A01";"2";"33";"0";"2";"3";"18";"1";""
"202100048838";"114 463";"B01";"1";"7";"0";"2";"4";"2";"1";""
"202100048838";"114 464";"A01";"1";"7";"0";"2";"9";"1";"1";""
"202100048839";"114 461";"A01";"2";"7";"0";"2";"0";"0";"1";""
"202100048839";"114 462";"B01";"2";"33";"0";"2";"0";"0";"1";""
"202100048840";"114 459";"A01";"2";"7";"0";"2";"2";"1";"1";""
"202100048840";"114 460";"B01";"2";"7";"0";"2";"6";"23";"1";""
"202100048841";"114 458";"A01";"2";"7";"0";"1";"1";"19";"1";""
"202100048842";"114 457";"A01";"1";"7";"0";"1";"3";"1";"1";""
"202100048843";"114 455";"A01";"1";"32";"0";"2";"1";"26";"1";""
"202100048843";"114 456";"B01";"1";"37";"0";"2";"2";"15";"1";"1"
"202100048844";"114 453";"A01";"2";"7";"0";"2";"3";"9";"1";""
"202100048844";"114 454";"B01";"2";"2";"0";"2";"2";"0";"1";""
"202100048845";"114 452";"B01";"2";"30";"1";"0";"2";"13";"1";""
"202100048846";"114 450";"A01";"1";"31";"0";"2";"1";"2";"1";""
"202100048846";"114 451";"B01";"1";"7";"0";"2";"4";"23";"1";""
"202100048847";"114 449";"A01";"1";"1";"0";"1";"1";"1";"5";""
"202100048848";"114 448";"A01";"3";"7";"8";"0";"2";"26";"1";""
"202100048849";"114 445";"A01";"2";"33";"0";"2";"4";"2";"0";""
"202100048849";"114 446";"C01";"1";"7";"0";"2";"1";"1";"1";""
"202100048849";"114 447";"B01";"2";"33";"0";"2";"1";"2";"0";""
"202100048850";"114 443";"B01";"2";"7";"0";"2";"4";"23";"1";""
"202100048850";"114 444";"A01";"2";"7";"0";"2";"1";"2";"1";""
"202100048851";"114 441";"B01";"2";"7";"0";"2";"8";"15";"1";""
"202100048851";"114 442";"A01";"2";"33";"0";"2";"2";"17";"1";""
"202100048852";"114 438";"A01";"1";"7";"1";"0";"1";"1";"1";""
"202100048852";"114 439";"C01";"3";"7";"0";"0";"0";"0";"1";""
"202100048852";"114 440";"B01";"3";"7";"0";"0";"0";"0";"1";""
"202100048853";"114 436";"B01";"0";"7";"0";"0";"4";"15";"1";""
"202100048853";"114 437";"A01";"0";"2";"0";"2";"1";"15";"1";""
"202100048854";"114 435";"A01";"1";"31";"0";"0";"3";"1";"1";""
"202100048855";"114 433";"B01";"0";"7";"0";"2";"1";"1";"1";""
"202100048855";"114 434";"A01";"0";"2";"0";"2";"6";"15";"1";""
"202100048856";"114 431";"B01";"3";"40";"0";"2";"3";"1";"3";""
"202100048856";"114 432";"A01";"1";"7";"0";"4";"1";"1";"1";""
"202100048857";"114 429";"Y01";"2";"1";"1";"0";"1";"1";"5";""
"202100048857";"114 430";"A01";"2";"7";"0";"2";"8";"22";"1";""
"202100048858";"114 427";"A01";"3";"7";"0";"2";"1";"7";"1";""
"202100048858";"114 428";"B01";"3";"7";"0";"2";"2";"0";"1";""
"202100048859";"114 426";"A01";"1";"7";"1";"0";"2";"1";"1";""
"202100048860";"114 424";"B01";"1";"32";"0";"2";"3";"1";"1";""
"202100048860";"114 425";"A01";"1";"30";"0";"2";"1";"1";"1";""
"202100048861";"114 422";"A01";"1";"7";"0";"2";"3";"1";"1";""
"202100048861";"114 423";"B01";"1";"32";"0";"2";"1";"1";"1";""
"202100048862";"114 420";"A01";"3";"32";"0";"2";"1";"17";"1";""
"202100048862";"114 421";"B01";"3";"7";"0";"2";"3";"15";"1";""
"202100048863";"114 419";"A01";"1";"1";"0";"0";"0";"1";"5";""
"202100048864";"114 418";"A01";"3";"7";"0";"1";"5";"20";"1";""
"202100048865";"114 415";"A01";"1";"33";"0";"2";"3";"3";"1";""
"202100048865";"114 416";"B01";"1";"7";"0";"2";"7";"12";"1";""
"202100048865";"114 417";"C01";"1";"7";"0";"2";"1";"1";"1";""
"202100048866";"114 413";"B01";"1";"7";"0";"2";"5";"2";"2";""
"202100048866";"114 414";"A01";"1";"33";"0";"2";"1";"2";"1";""
"202100048867";"114 411";"B01";"1";"10";"0";"2";"5";"1";"1";""
"202100048867";"114 412";"A01";"1";"7";"0";"2";"3";"11";"3";""
"202100048868";"114 406";"B01";"2";"33";"0";"2";"7";"3";"1";""
"202100048868";"114 407";"A01";"2";"7";"0";"2";"8";"11";"1";""
"202100048868";"114 408";"E01";"2";"10";"0";"2";"3";"1";"1";""
"202100048868";"114 409";"D01";"2";"10";"0";"2";"5";"1";"1";""
"202100048868";"114 410";"C01";"2";"10";"0";"2";"5";"1";"1";""
"202100048869";"114 404";"B01";"2";"7";"0";"2";"7";"16";"1";""
"202100048869";"114 405";"A01";"2";"30";"0";"2";"8";"18";"1";""
"202100048870";"114 403";"A01";"1";"7";"0";"1";"2";"1";"1";""
"202100048871";"114 401";"A01";"2";"3";"0";"2";"3";"26";"1";""
"202100048871";"114 402";"B01";"2";"43";"0";"2";"1";"17";"1";""
"202100048872";"114 399";"A01";"1";"10";"0";"9";"2";"15";"1";""
"202100048872";"114 400";"B01";"2";"50";"0";"2";"8";"1";"3";""
"202100048873";"114 397";"A01";"1";"30";"0";"2";"1";"16";"1";""
"202100048873";"114 398";"B01";"1";"7";"0";"2";"2";"1";"1";""
"202100048874";"114 395";"B01";"2";"7";"0";"2";"3";"15";"1";""
"202100048874";"114 396";"A01";"2";"33";"0";"2";"7";"17";"1";""
"202100048875";"114 393";"A01";"3";"2";"0";"2";"8";"5";"1";""
"202100048875";"114 394";"B01";"3";"7";"0";"2";"1";"1";"1";""
"202100048876";"114 391";"B01";"2";"7";"0";"2";"1";"1";"1";""
"202100048876";"114 392";"A01";"2";"7";"0";"0";"7";"19";"1";""
"202100048877";"114 389";"B01";"1";"7";"0";"2";"1";"21";"1";""
"202100048877";"114 390";"A01";"2";"7";"0";"2";"1";"13";"1";""
"202100048878";"114 387";"A01";"1";"7";"13";"0";"0";"21";"1";""
"202100048879";"114 386";"A01";"3";"7";"0";"0";"0";"1";"1";""
"202100048880";"114 385";"A01";"1";"14";"0";"0";"7";"15";"1";""
"202100048881";"114 384";"A01";"1";"17";"15";"0";"2";"1";"1";""
"202100048882";"114 383";"A01";"2";"7";"2";"0";"3";"1";"1";""
"202100048883";"114 381";"B01";"2";"7";"7";"2";"3";"1";"1";""
"202100048883";"114 382";"A01";"1";"7";"0";"2";"1";"15";"1";""
"202100048884";"114 380";"A01";"2";"33";"0";"1";"1";"21";"1";""
"202100048885";"114 378";"A01";"1";"10";"0";"0";"0";"0";"1";""
"202100048886";"114 375";"A01";"3";"7";"0";"2";"2";"19";"1";""
"202100048886";"114 376";"B01";"3";"7";"0";"2";"8";"23";"1";""
"202100048886";"114 377";"C01";"2";"7";"0";"2";"3";"1";"1";""
"202100048887";"114 373";"A01";"1";"7";"0";"2";"3";"1";"1";""
"202100048887";"114 374";"B01";"2";"13";"0";"2";"3";"1";"1";""
"202100048888";"114 372";"A01";"1";"7";"0";"0";"9";"0";"1";""
"202100048889";"114 370";"B01";"2";"7";"0";"2";"7";"1";"1";""
"202100048889";"114 371";"A01";"2";"7";"0";"2";"3";"15";"1";""
"202100048890";"114 368";"B01";"1";"34";"0";"2";"2";"17";"1";""
"202100048890";"114 369";"A01";"1";"7";"0";"2";"8";"15";"1";""
"202100048891";"114 366";"B01";"2";"3";"0";"0";"4";"2";"1";""
"202100048891";"114 367";"A01";"2";"38";"0";"2";"1";"2";"1";"1"
"202100048892";"114 365";"A01";"3";"7";"15";"0";"1";"1";"1";""
"202100048893";"114 364";"A01";"1";"7";"6";"0";"1";"0";"1";""
"202100048894";"114 362";"A01";"3";"7";"0";"2";"4";"2";"1";""
"202100048894";"114 363";"B01";"0";"33";"0";"2";"1";"2";"1";""
"202100048895";"114 360";"B01";"1";"7";"0";"2";"1";"5";"1";""
"202100048895";"114 361";"A01";"2";"7";"0";"0";"1";"23";"1";""
"202100048896";"114 358";"B01";"1";"7";"0";"2";"1";"2";"1";""
"202100048896";"114 359";"A01";"2";"99";"0";"2";"3";"9";"1";""
"202100048897";"114 356";"B01";"1";"15";"0";"2";"1";"1";"1";""
"202100048897";"114 357";"A01";"2";"7";"0";"2";"1";"11";"1";""
"202100048898";"114 354";"A01";"1";"7";"0";"2";"8";"15";"1";""
"202100048898";"114 355";"B01";"1";"37";"0";"2";"2";"7";"1";"1"
"202100048899";"114 352";"B01";"2";"1";"0";"2";"1";"1";"5";""
"202100048899";"114 353";"A01";"1";"7";"0";"2";"1";"15";"1";""
"202100048900";"114 350";"A01";"1";"17";"0";"2";"1";"1";"1";""
"202100048900";"114 351";"B01";"2";"7";"0";"2";"3";"15";"1";""
"202100048901";"114 348";"B01";"1";"7";"0";"2";"4";"2";"1";""
"202100048901";"114 349";"A01";"1";"7";"0";"2";"1";"2";"1";""
"202100048902";"114 346";"B01";"2";"7";"0";"0";"4";"1";"1";""
"202100048902";"114 347";"A01";"2";"33";"0";"2";"1";"2";"1";""
"202100048903";"114 344";"A01";"1";"7";"0";"2";"4";"1";"1";""
"202100048903";"114 345";"B01";"1";"7";"0";"2";"1";"1";"1";""
"202100048904";"114 343";"A01";"1";"7";"6";"0";"1";"13";"1";""
"202100048905";"114 341";"A01";"1";"10";"0";"2";"3";"1";"1";""
"202100048905";"114 342";"B01";"1";"50";"0";"2";"4";"0";"3";""
"202100048906";"114 339";"A01";"1";"99";"0";"2";"8";"11";"1";""
"202100048906";"114 340";"B01";"1";"7";"0";"2";"1";"17";"1";""
"202100048907";"114 337";"A01";"2";"7";"0";"2";"3";"15";"1";""
"202100048907";"114 338";"B01";"1";"7";"15";"2";"3";"21";"1";""
"202100048908";"114 336";"A01";"3";"7";"6";"0";"1";"1";"1";""
"202100048909";"114 334";"A01";"1";"7";"0";"2";"3";"17";"1";""
"202100048909";"114 335";"B01";"2";"7";"0";"2";"3";"1";"1";""
"202100048910";"114 332";"A01";"2";"7";"0";"0";"1";"1";"1";""
"202100048910";"114 333";"B01";"1";"7";"0";"0";"3";"0";"1";""
"202100048911";"114 331";"A01";"2";"7";"0";"1";"2";"2";"1";""
"202100048912";"114 329";"A01";"1";"7";"0";"2";"2";"1";"1";""
"202100048912";"114 330";"B01";"1";"7";"0";"2";"3";"19";"1";""
"202100048913";"114 328";"A01";"1";"7";"2";"0";"1";"14";"1";""
"202100048914";"114 326";"A01";"1";"43";"0";"2";"2";"3";"1";""
"202100048914";"114 327";"B01";"1";"7";"0";"2";"3";"1";"1";""
"202100048915";"114 325";"A01";"2";"7";"0";"0";"9";"12";"1";""
"202100048916";"114 323";"A01";"2";"7";"0";"2";"1";"1";"1";""
"202100048916";"114 324";"B01";"2";"7";"0";"2";"4";"23";"1";""
"202100048917";"114 320";"C01";"2";"7";"0";"0";"4";"2";"1";""
"202100048917";"114 321";"B01";"2";"7";"0";"2";"1";"2";"1";""
"202100048917";"114 322";"A01";"2";"7";"0";"2";"3";"2";"1";""
"202100048918";"114 317";"Z01";"2";"10";"0";"0";"0";"0";"0";""
"202100048918";"114 318";"B01";"2";"33";"0";"2";"0";"12";"1";""
"202100048918";"114 319";"A01";"2";"7";"0";"2";"3";"1";"1";""
"202100048919";"114 314";"C01";"2";"33";"0";"2";"6";"2";"1";""
"202100048919";"114 315";"B01";"2";"7";"0";"2";"5";"2";"2";""
"202100048919";"114 316";"A01";"2";"32";"0";"2";"3";"3";"1";""
"202100048920";"114 312";"A01";"1";"7";"1";"0";"1";"12";"1";""
"202100048920";"114 313";"B01";"1";"7";"0";"2";"4";"23";"2";""
"202100048921";"114 311";"A01";"2";"7";"13";"2";"6";"1";"1";""
"202100048922";"114 308";"E01";"3";"7";"0";"2";"6";"0";"1";""
"202100048922";"114 309";"B01";"2";"7";"0";"2";"8";"1";"1";""
"202100048922";"114 310";"A01";"1";"7";"0";"2";"1";"26";"1";""
"202100048923";"114 306";"A01";"3";"30";"0";"2";"1";"13";"1";""
"202100048923";"114 307";"B01";"3";"7";"0";"2";"3";"1";"1";""
"202100048924";"114 304";"B01";"1";"7";"0";"2";"3";"1";"1";""
"202100048924";"114 305";"A01";"1";"1";"0";"2";"7";"1";"5";""
"202100048925";"114 303";"A01";"2";"7";"0";"1";"3";"1";"1";""
"202100048926";"114 301";"A01";"2";"7";"0";"2";"3";"13";"1";""
"202100048926";"114 302";"B01";"2";"7";"0";"2";"3";"5";"1";""
"202100048927";"114 298";"C01";"1";"10";"0";"2";"3";"23";"1";""
"202100048927";"114 299";"B01";"2";"7";"0";"2";"3";"23";"1";""
"202100048927";"114 300";"A01";"2";"7";"0";"2";"1";"19";"1";""
"202100048928";"114 296";"B01";"1";"10";"0";"2";"3";"15";"1";""
"202100048928";"114 297";"A01";"1";"33";"0";"2";"7";"17";"1";""
"202100048929";"114 294";"A01";"2";"7";"0";"2";"3";"16";"1";""
"202100048929";"114 295";"B01";"1";"33";"0";"2";"1";"1";"1";""
"202100048930";"114 292";"A01";"2";"30";"0";"2";"1";"13";"1";""
"202100048930";"114 293";"B01";"1";"7";"0";"2";"2";"1";"1";""
"202100048931";"114 289";"A01";"2";"7";"0";"1";"2";"16";"1";""
"202100048932";"114 284";"A01";"1";"30";"0";"2";"1";"26";"1";""
"202100048932";"114 285";"B01";"2";"7";"0";"2";"3";"1";"1";""
"202100048933";"114 282";"A01";"1";"7";"0";"2";"6";"15";"1";""
"202100048933";"114 283";"B01";"1";"33";"0";"2";"1";"1";"1";""
"202100048934";"114 280";"B01";"2";"7";"0";"2";"2";"21";"1";""
"202100048934";"114 281";"A01";"3";"80";"0";"2";"1";"15";"3";""
"202100048935";"114 279";"A01";"2";"33";"0";"0";"0";"17";"1";""
"202100048936";"114 276";"A01";"2";"7";"0";"2";"2";"14";"1";""
"202100048936";"114 277";"B01";"2";"7";"0";"0";"4";"23";"1";""
"202100048936";"114 278";"C01";"2";"7";"0";"0";"6";"1";"1";""
"202100048937";"114 274";"A01";"0";"7";"0";"2";"3";"19";"1";""
"202100048937";"114 275";"B01";"0";"1";"0";"2";"2";"1";"5";""
"202100048938";"114 272";"A01";"1";"31";"0";"2";"1";"19";"0";""
"202100048938";"114 273";"B01";"1";"7";"0";"2";"1";"2";"1";""
"202100048939";"114 271";"A01";"3";"33";"12";"0";"1";"1";"1";""
"202100048940";"114 270";"A01";"1";"7";"13";"0";"1";"1";"1";""
"202100048941";"114 267";"B01";"2";"7";"0";"2";"2";"15";"1";""
"202100048941";"114 268";"A01";"2";"7";"2";"2";"1";"2";"1";""
"202100048942";"114 266";"A01";"2";"7";"2";"0";"8";"1";"1";""
"202100048943";"114 265";"A01";"2";"7";"8";"0";"1";"26";"1";""
"202100048944";"114 263";"B01";"2";"50";"0";"2";"1";"19";"3";""
"202100048944";"114 264";"A01";"1";"7";"0";"2";"4";"4";"1";""
"202100048945";"114 261";"B01";"1";"15";"0";"2";"0";"1";"1";""
"202100048945";"114 262";"A01";"2";"7";"0";"2";"3";"13";"1";""
"202100048946";"114 260";"A01";"0";"7";"12";"0";"2";"15";"1";""
"202100048947";"114 258";"Z01";"3";"1";"0";"2";"9";"2";"0";""
"202100048947";"114 259";"A01";"3";"7";"0";"2";"2";"2";"1";""
"202100048948";"114 256";"A01";"0";"30";"0";"2";"1";"3";"1";""
"202100048948";"114 257";"B01";"0";"7";"0";"2";"6";"1";"1";""
"202100048949";"114 255";"Z01";"1";"7";"0";"1";"0";"0";"0";""
"202100048950";"114 253";"A01";"2";"7";"0";"2";"7";"15";"1";""
"202100048950";"114 254";"B01";"3";"33";"0";"2";"1";"1";"1";""
"202100048951";"114 251";"A01";"2";"7";"0";"2";"2";"17";"1";""
"202100048951";"114 252";"B01";"2";"1";"0";"2";"8";"1";"5";""
"202100048952";"114 249";"A01";"1";"33";"0";"2";"1";"17";"1";""
"202100048952";"114 250";"B01";"1";"7";"0";"2";"8";"15";"1";""
"202100048953";"114 247";"A01";"1";"30";"0";"2";"2";"3";"1";""
"202100048953";"114 248";"B01";"1";"7";"0";"2";"3";"11";"1";""
"202100048954";"114 244";"C01";"1";"32";"0";"2";"0";"1";"1";""
"202100048954";"114 245";"B01";"1";"7";"0";"2";"0";"23";"1";""
"202100048954";"114 246";"A01";"1";"7";"0";"2";"0";"23";"1";""
"202100048955";"114 242";"A01";"3";"50";"0";"2";"2";"7";"3";""
"202100048955";"114 243";"B01";"1";"7";"0";"2";"2";"15";"1";""
"202100048956";"114 240";"B01";"1";"37";"0";"2";"1";"9";"2";"1"
"202100048956";"114 241";"A01";"2";"1";"0";"2";"1";"1";"5";""
"202100048957";"114 238";"A01";"2";"32";"9";"2";"8";"1";"1";""
"202100048957";"114 239";"B01";"2";"7";"0";"2";"1";"1";"1";""
"202100048958";"114 236";"B01";"1";"2";"0";"2";"3";"1";"1";""
"202100048958";"114 237";"A01";"2";"7";"0";"2";"3";"15";"1";""
"202100048959";"114 235";"A01";"2";"7";"0";"1";"2";"1";"2";""
"202100048960";"114 233";"B01";"2";"50";"0";"2";"0";"5";"3";""
"202100048960";"114 234";"A01";"1";"7";"0";"2";"2";"9";"1";""
"202100048961";"114 232";"A01";"1";"7";"11";"0";"1";"1";"1";""
"202100048962";"114 231";"A01";"1";"7";"0";"1";"2";"7";"1";""
"202100048963";"114 229";"A01";"3";"7";"0";"2";"1";"15";"1";""
"202100048963";"114 230";"B01";"0";"43";"0";"2";"3";"1";"1";""
"202100048964";"114 227";"A01";"3";"7";"0";"2";"2";"15";"1";""
"202100048964";"114 228";"B01";"3";"2";"0";"2";"8";"1";"1";""
"202100048965";"114 225";"A01";"1";"7";"0";"2";"7";"16";"1";""
"202100048965";"114 226";"B01";"1";"2";"0";"2";"1";"18";"1";""
"202100048966";"114 223";"B01";"3";"7";"0";"2";"7";"15";"1";""
"202100048966";"114 224";"A01";"2";"7";"0";"2";"1";"1";"0";""
"202100048967";"114 222";"A01";"0";"10";"1";"2";"4";"4";"1";""
"202100048968";"114 219";"A01";"1";"7";"0";"2";"1";"2";"1";""
"202100048968";"114 220";"B01";"1";"7";"0";"2";"4";"1";"1";""
"202100048968";"114 221";"C01";"1";"7";"0";"2";"4";"2";"1";""
"202100048969";"114 217";"B01";"1";"32";"8";"0";"8";"17";"1";""
"202100048969";"114 218";"A01";"1";"7";"0";"2";"0";"15";"1";""
"202100048970";"114 215";"A01";" -1";"7";"0";"2";"5";"2";"1";""
"202100048970";"114 216";"B01";" -1";"7";"0";"2";"1";"2";"1";""
"202100048971";"114 213";"B01";"2";"33";"0";"9";"7";"1";"1";""
"202100048971";"114 214";"A01";"2";"3";"0";"2";"3";"9";"0";""
"202100048972";"114 211";"A01";"1";"7";"0";"2";"1";"15";"1";""
"202100048972";"114 212";"B01";"1";"1";"0";"2";"1";"16";"0";""
"202100048973";"114 209";"B01";"1";"7";"0";"2";"4";"1";"1";""
"202100048973";"114 210";"A01";"3";"7";"0";"2";"1";"1";"1";""
"202100048974";"114 208";"Z01";"1";"13";"0";"1";"4";"4";"0";""
"202100048975";"114 206";"A01";"1";"7";"0";"2";"5";"1";"1";""
"202100048975";"114 207";"B01";"1";"7";"0";"2";"2";"1";"1";""
"202100048976";"114 205";"A01";" -1";"7";"0";"1";"1";"9";"1";""
"202100048977";"114 203";"B01";"1";"34";"0";"2";"1";"1";"1";""
"202100048977";"114 204";"A01";"2";"7";"0";"2";"3";"15";"1";""
"202100048978";"114 201";"B01";"0";"1";"0";"2";"4";"19";"5";""
"202100048978";"114 202";"A01";"0";"10";"0";"2";"3";"1";"1";""
"202100048979";"114 198";"A01";"2";"34";"1";"0";"3";"1";"1";""
"202100048980";"114 197";"A01";"1";"31";"0";"1";"2";"1";"1";""
"202100048981";"114 195";"A01";"2";"32";"0";"2";"1";"5";"1";""
"202100048981";"114 196";"B01";"1";"7";"0";"2";"3";"15";"1";""
"202100048982";"114 193";"A01";"2";"7";"0";"2";"3";"15";"1";""
"202100048982";"114 194";"B01";"1";"1";"0";"2";"1";"1";"5";""
"202100048983";"114 191";"A01";"1";"7";"0";"2";"8";"15";"1";""
"202100048983";"114 192";"B01";"1";"2";"0";"2";"1";"17";"1";""
"202100048984";"114 190";"A01";"1";"31";"0";"0";"8";"1";"1";""
"202100048985";"114 188";"A01";"1";"7";"0";"2";"1";"1";"1";""
"202100048985";"114 189";"B01";"2";"7";"0";"2";"1";"13";"1";""
"202100048986";"114 187";"A01";"1";"7";"0";"1";"7";"1";"1";""
"202100048987";"114 186";"A01";"3";"2";"0";"0";"0";"2";"1";""
"202100048988";"114 185";"A01";"1";"7";"13";"0";"2";"1";"1";""
"202100048989";"114 184";"A01";"1";"7";"3";"0";"1";"14";"1";""
"202100048990";"114 182";"A01";"1";"7";"3";"2";"5";"13";"1";""
"202100048990";"114 183";"B01";"2";"7";"0";"2";"1";"1";"1";""
"202100048991";"114 181";"A01";"3";"31";"0";"0";"8";"1";"1";""
"202100048992";"114 180";"A01";"0";"7";"6";"0";"1";"19";"1";""
"202100048993";"114 178";"B01";"2";"33";"0";"2";"1";"1";"1";""
"202100048993";"114 179";"A01";"1";"7";"0";"2";"5";"15";"2";""
"202100048994";"114 176";"A01";"0";"31";"0";"2";"1";"2";"1";""
"202100048994";"114 177";"B01";"0";"33";"0";"2";"4";"2";"1";""
"202100048995";"114 175";"A01";"1";"1";"0";"0";"1";"13";"5";""
"202100048996";"114 173";"A01";"2";"7";"6";"2";"1";"1";"1";""
"202100048996";"114 174";"B01";"2";"7";"2";"2";"1";"1";"1";""
"202100048997";"114 172";"A01";"2";"7";"1";"0";"1";"1";"1";""
"202100048998";"114 170";"A01";"1";"10";"0";"2";"3";"1";"1";""
"202100048998";"114 171";"B01";"1";"1";"0";"2";"4";"11";"5";""
"202100048999";"114 168";"B01";"2";"21";"0";"2";"3";"1";"1";""
"202100048999";"114 169";"A01";"1";"7";"0";"2";"3";"13";"1";""
"202100049000";"114 166";"A01";"2";"7";"0";"0";"5";"15";"1";""
"202100049000";"114 167";"B01";"1";"1";"0";"2";"1";"1";"5";""
"202100049001";"114 165";"A01";"1";"33";"14";"0";"7";"1";"1";""
"202100049002";"114 164";"A01";"3";"7";"8";"0";"3";"13";"1";""
"202100049003";"114 163";"A01";"1";"7";"6";"0";"2";"1";"1";""
"202100049004";"114 161";"A01";"2";"7";"0";"0";"5";"9";"1";""
"202100049004";"114 162";"B01";"1";"33";"0";"2";"1";"1";"1";""
"202100049005";"114 160";"A01";"1";"7";"7";"0";"0";"1";"1";""
"202100049006";"114 158";"A01";"3";"7";"0";"2";"3";"13";"1";""
"202100049006";"114 159";"B01";"0";"7";"8";"2";"3";"1";"1";""
"202100049007";"114 155";"A01";"2";"7";"13";"0";"9";"1";"1";""
"202100049008";"114 154";"A01";"1";"7";"15";"0";"0";"26";"1";""
"202100049009";"114 153";"A01";"1";"2";"14";"0";"1";"1";"1";""
"202100049010";"114 152";"A01";"2";"7";"8";"0";"1";"1";"1";""
"202100049011";"114 150";"B01";"0";"7";"0";"2";"1";"1";"1";""
"202100049011";"114 151";"A01";"3";"30";"0";"2";"1";"1";"1";""
"202100049012";"114 149";"A01";"2";"7";"2";"0";"5";"1";"1";""
"202100049013";"114 148";"A01";"3";"1";"0";"0";"1";"1";"5";""
"202100049014";"114 147";"A01";"3";"33";"2";"0";"1";"0";"1";""
"202100049015";"114 146";"A01";"1";"10";"13";"0";"1";"26";"1";""
"202100049016";"114 145";"A01";"0";"7";"2";"0";"3";"1";"1";""
"202100049017";"114 143";"B01";"2";"7";"0";"2";"4";"23";"1";""
"202100049017";"114 144";"A01";"2";"7";"6";"2";"2";"2";"1";""
"202100049018";"114 142";"A01";"1";"7";"8";"0";"1";"0";"1";""
"202100049019";"114 141";"A01";"1";"7";"8";"0";"3";"13";"1";""
"202100049020";"114 138";"B01";"1";"7";"0";"2";"3";"1";"1";""
"202100049020";"114 139";"C01";"2";"7";"0";"2";"1";"23";"1";""
"202100049020";"114 140";"A01";"2";"7";"0";"2";"2";"10";"1";""
"202100049021";"114 135";"A01";"3";"2";"2";"0";"1";"1";"1";""
"202100049022";"114 134";"A01";"2";"7";"17";"0";"1";"1";"1";""
"202100049023";"114 132";"A01";"1";"7";"0";"2";"1";"13";"1";""
"202100049023";"114 133";"B01";"2";"7";"0";"2";"1";"2";"1";""
"202100049024";"114 131";"A01";"2";"7";"13";"0";"1";"14";"1";""
"202100049025";"114 130";"A01";"3";"33";"0";"0";"0";"2";"1";""
"202100049026";"114 127";"B01";"1";"7";"0";"2";"1";"13";"1";""
"202100049026";"114 128";"A01";"2";"7";"0";"2";"5";"21";"1";""
"202100049026";"114 129";"C01";"2";"33";"0";"2";"1";"0";"1";""
"202100049027";"114 125";"B01";"2";"7";"0";"2";"3";"1";"1";""
"202100049027";"114 126";"A01";"1";"7";"0";"2";"3";"1";"1";""
"202100049028";"114 124";"A01";"2";"7";"10";"0";"3";"1";"1";""
"202100049029";"114 123";"A01";"2";"7";"0";"0";"0";"5";"1";""
"202100049030";"114 121";"A01";"1";"33";"0";"2";"1";"2";"1";""
"202100049030";"114 122";"B01";"1";"7";"0";"0";"4";"2";"1";""
"202100049031";"114 116";"A01";"1";"7";"0";"2";"8";"1";"1";""
"202100049032";"114 113";"A01";"2";"7";"0";"2";"1";"1";"1";""
"202100049032";"114 114";"B01";"2";"7";"0";"2";"4";"1";"1";""
"202100049032";"114 115";"C01";"2";"7";"0";"2";"4";"1";"1";""
"202100049033";"114 111";"B01";"2";"7";"0";"2";"4";"2";"1";""
"202100049033";"114 112";"A01";"2";"10";"0";"2";"1";"2";"1";""
"202100049034";"114 108";"C01";"2";"7";"0";"2";"4";"2";"1";""
"202100049034";"114 109";"A01";"2";"7";"0";"2";"1";"2";"1";""
"202100049034";"114 110";"B01";"2";"7";"0";"2";"4";"2";"1";""
"202100049035";"114 107";"A01";"1";"33";"0";"0";"9";"26";"1";""
"202100049036";"114 106";"A01";"1";"33";"0";"0";"9";"14";"1";""
"202100049037";"114 104";"B01";"2";"10";"0";"2";"4";"1";"1";""
"202100049037";"114 105";"A01";"2";"7";"0";"2";"1";"2";"1";""
"202100049038";"114 101";"C01";"1";"7";"4";"0";"4";"2";"1";""
"202100049038";"114 102";"B01";"1";"7";"4";"0";"4";"2";"1";""
"202100049038";"114 103";"A01";"1";"7";"4";"0";"1";"2";"1";""
"202100049039";"114 099";"B01";"1";"15";"0";"2";"3";"1";"0";""
"202100049039";"114 100";"A01";"1";"7";"0";"2";"2";"14";"1";""
"202100049040";"114 097";"B01";"1";"7";"0";"2";"4";"1";"1";""
"202100049040";"114 098";"A01";"1";"7";"0";"2";"1";"2";"1";""
"202100049041";"114 095";"A01";"2";"33";"0";"2";"8";"3";"1";""
"202100049041";"114 096";"B01";"2";"7";"0";"2";"7";"12";"1";""
"202100049042";"114 092";"A01";"2";"7";"0";"2";"4";"2";"1";""
"202100049042";"114 093";"B01";"2";"10";"0";"2";"1";"2";"4";""
"202100049042";"114 094";"C01";"2";"13";"0";"2";"4";"2";"4";""
"202100049043";"114 090";"B01";"1";"7";"0";"2";"1";"1";"1";""
"202100049043";"114 091";"A01";"1";"7";"0";"2";"7";"19";"1";""
"202100049044";"114 087";"C01";"1";"7";"0";"0";"4";"2";"1";""
"202100049044";"114 088";"B01";"1";"7";"0";"2";"4";"2";"1";""
"202100049044";"114 089";"A01";"1";"7";"0";"2";"1";"9";"1";""
"202100049045";"114 086";"A01";"1";"7";"0";"1";"1";"15";"1";""