"Num_Acc";"id_vehicule";"num_veh";"senc";"catv";"obs";"obsm";"choc";"manv";"motor";"occutc"
"202100049255";"113 717";"B01";"3";"2";"0";"2";"8";"1";"1";""
"202100049255";"113 718";"A01";"0";"7";"0";"2";"2";"26";"1";""
"202100049256";"113 715";"B01";"1";"7";"0";"2";"6";"1";"1";""
"202100049256";"113 716";"A01";"1";"1";"0";"2";"1";"1";"5";""
"202100049257";"113 713";"A01";"2";"7";"0";"2";"2";"17";"1";""
"202100049257";"113 714";"B01";"1";"33";"0";"2";"2";"2";"1";""
"202100049258";"113 711";"B01";"1";"1";"0";"2";"1";"15";"5";""
"202100049258";"113 712";"A01";"1";"7";"0";"2";"7";"16";"1";""
"202100049259";"113 710";"A01";"1";"7";"0";"1";"1";"1";"1";""
"202100049260";"113 708";"B01";"2";"30";"0";"2";"1";"1";"1";""
"202100049260";"113 709";"A01";"1";"7";"0";"2";"2";"15";"1";""
"202100049261";"113 706";"B01";"2";"7";"0";"2";"4";"1";"1";""
"202100049261";"113 707";"A01";"2";"7";"0";"2";"1";"26";"1";""
"202100049262";"113 703";"A01";"2";"32";"1";"0";"1";"18";"1";""
"202100049263";"113 701";"A01";"2";"7";"0";"2";"1";"2";"1";""
"202100049263";"113 702";"B01";"2";"7";"0";"0";"4";"2";"1";""
"202100049264";"113 700";"A01";"2";"7";"12";"1";"2";"2";"1";""
"202100049265";"113 698";"B01";"1";"32";"9";"2";"1";"11";"1";""
"202100049265";"113 699";"A01";"1";"7";"9";"2";"4";"0";"1";""
"202100049266";"113 697";"A01";"2";"99";"9";"2";"0";"26";"0";""
"202100049267";"113 695";"A01";"1";"33";"0";"2";"1";"17";"1";""
"202100049267";"113 696";"B01";"1";"7";"0";"2";"8";"15";"1";""
"202100049268";"113 693";"B01";"1";"33";"11";"2";"1";"1";"1";""
"202100049268";"113 694";"A01";"2";"7";"11";"2";"2";"16";"1";""
"202100049269";"113 691";"A01";"2";"33";"0";"2";"6";"11";"1";""
"202100049269";"113 692";"B01";"2";"7";"0";"2";"2";"1";"2";""
"202100049270";"113 689";"A01";"1";"7";"0";"2";"3";"11";"1";""
"202100049270";"113 690";"B01";"1";"32";"0";"2";"2";"1";"1";""
"202100049271";"113 687";"A01";"1";"7";"0";"2";"4";"15";"1";""
"202100049271";"113 688";"B01";"1";"2";"0";"2";"1";"17";"1";""
"202100049272";"113 685";"B01";"2";"32";"0";"2";"1";"23";"1";""
"202100049272";"113 686";"A01";"2";"7";"0";"2";"4";"4";"1";""
"202100049273";"113 683";"A01";"2";"7";"0";"2";"2";"1";"1";""
"202100049273";"113 684";"B01";"1";"1";"0";"2";"8";"1";"5";""
"202100049274";"113 682";"A01";"1";"1";"2";"0";"1";"1";"5";""
"202100049275";"113 680";"A01";"1";"30";"0";"2";"2";"17";"1";""
"202100049275";"113 681";"B01";"1";"7";"0";"2";"3";"15";"1";""
"202100049276";"113 678";"Z01";"2";"7";"0";"2";"1";"1";"0";""
"202100049276";"113 679";"A01";"2";"1";"0";"2";"4";"1";"5";""
"202100049277";"113 677";"A01";"1";"10";"11";"0";"1";"1";"1";""
"202100049278";"113 675";"A01";"3";"10";"0";"2";"8";"22";"1";""
"202100049278";"113 676";"B01";"3";"1";"0";"2";"1";"1";"5";""
"202100049279";"113 673";"B01";"1";"50";"0";"2";"1";"1";"3";""
"202100049279";"113 674";"A01";"1";"7";"0";"2";"2";"1";"1";""
"202100049280";"113 672";"A01";"2";"7";"0";"1";"3";"1";"1";""
"202100049281";"113 670";"B01";"1";"50";"0";"2";"1";"1";"3";""
"202100049281";"113 671";"A01";"2";"7";"0";"2";"5";"15";"1";""
"202100049282";"113 669";"A01";"1";"10";"0";"1";"2";"1";"1";""
"202100049283";"113 668";"A01";"1";"1";"0";"1";"4";"1";"5";""
"202100049284";"113 666";"A01";"3";"30";"0";"2";"8";"18";"1";""
"202100049284";"113 667";"B01";"3";"10";"0";"2";"2";"16";"1";""
"202100049285";"113 663";"A01";"2";"10";"0";"2";"1";"23";"1";""
"202100049285";"113 664";"B01";"2";"10";"0";"2";"4";"23";"1";""
"202100049285";"113 665";"C01";"2";"7";"0";"2";"4";"1";"1";""
"202100049286";"113 662";"A01";"3";"1";"0";"0";"0";"1";"5";""
"202100049287";"113 660";"B01";"2";"2";"0";"0";"1";"1";"1";""
"202100049287";"113 661";"A01";"1";"1";"0";"2";"1";"5";"5";""
"202100049288";"113 659";"A01";"2";"1";"0";"0";"0";"13";"5";""
"202100049289";"113 657";"B01";"1";"33";"0";"2";"1";"1";"1";""
"202100049289";"113 658";"A01";"1";"7";"0";"2";"6";"11";"1";""
"202100049290";"113 655";"B01";"2";"7";"8";"0";"5";"2";"1";""
"202100049290";"113 656";"A01";"2";"7";"0";"2";"1";"2";"1";""
"202100049291";"113 652";"A01";"2";"3";"0";"2";"1";"26";"1";""
"202100049291";"113 653";"C01";"2";"30";"0";"2";"5";"2";"1";""
"202100049291";"113 654";"B01";"2";"30";"0";"2";"0";"0";"1";""
"202100049292";"113 650";"A01";" -1";"7";"0";"2";"3";"15";"1";""
"202100049292";"113 651";"B01";" -1";"1";"0";"2";"1";"1";"5";""
"202100049293";"113 648";"A01";" -1";"7";"0";"2";"1";"2";"0";""
"202100049293";"113 649";"B01";" -1";"7";"0";"0";"4";"2";"0";""
"202100049294";"113 646";"A01";"3";"1";"0";"2";"0";"9";"5";""
"202100049294";"113 647";"Z01";"1";"7";"0";"9";"0";"0";"0";""
"202100049295";"113 645";"A01";"3";"7";"0";"1";"3";"1";"0";""
"202100049296";"113 644";"A01";"1";"32";"14";"0";"1";"1";"1";""
"202100049297";"113 642";"A01";"2";"37";"0";"2";"1";"2";"1";"2"
"202100049297";"113 643";"B01";"2";"7";"0";"2";"4";"1";"1";""
"202100049298";"113 640";"Z01";"1";"15";"0";"2";"0";"0";"1";""
"202100049298";"113 641";"A01";"1";"2";"0";"2";"8";"19";"1";""
"202100049299";"113 638";"A01";"1";"32";"0";"2";"5";"3";"1";""
"202100049299";"113 639";"B01";"1";"7";"0";"2";"3";"15";"1";""
"202100049300";"113 636";"A01";"2";"33";"0";"2";"4";"1";"1";""
"202100049300";"113 637";"B01";"2";"33";"0";"2";"1";"2";"1";""
"202100049301";"113 634";"B01";"1";"2";"0";"2";"4";"1";"1";""
"202100049301";"113 635";"A01";"1";"7";"0";"2";"0";"0";"1";""
"202100049302";"113 632";"B01";"3";"7";"0";"2";"3";"1";"1";""
"202100049302";"113 633";"A01";"3";"7";"0";"2";"1";"16";"1";""
"202100049303";"113 630";"A01";"1";"32";"0";"2";"1";"1";"1";""
"202100049303";"113 631";"B01";"2";"33";"0";"2";"1";"5";"1";""
"202100049304";"113 628";"B01";"2";"15";"0";"2";"2";"1";"1";""
"202100049304";"113 629";"A01";"1";"7";"0";"2";"7";"15";"1";""
"202100049305";"113 627";"A01";"1";"33";"0";"0";"0";"17";"1";""
"202100049306";"113 625";"B01";"3";"7";"0";"2";"8";"15";"1";""
"202100049306";"113 626";"A01";"2";"7";"0";"2";"1";"1";"1";""
"202100049307";"113 624";"A01";"1";"7";"2";"0";"1";"1";"1";""
"202100049308";"113 623";"A01";"0";"7";"13";"0";"3";"13";"1";""
"202100049309";"113 621";"A01";"2";"7";"0";"2";"3";"15";"1";""
"202100049309";"113 622";"B01";"1";"7";"0";"2";"1";"1";"1";""
"202100049310";"113 619";"A01";"1";"1";"0";"2";"1";"0";"5";""
"202100049310";"113 620";"B01";"3";"7";"0";"2";"1";"1";"1";""
"202100049311";"113 617";"A01";"2";"1";"0";"0";"1";"1";"5";""
"202100049311";"113 618";"B01";"1";"21";"0";"0";"3";"1";"1";""
"202100049312";"113 615";"B01";"3";"7";"0";"2";"3";"0";"0";""
"202100049312";"113 616";"A01";"0";"30";"0";"2";"3";"1";"1";""
"202100049313";"113 614";"A01";"3";"10";"13";"0";"1";"1";"1";""
"202100049314";"113 613";"A01";"2";"7";"0";"0";"9";"1";"1";""
"202100049315";"113 612";"A01";"1";"7";"0";"1";"2";"14";"1";""
"202100049316";"113 611";"A01";"3";"7";"0";"1";"4";"4";"1";""
"202100049317";"113 609";"B01";"1";"7";"0";"2";"3";"1";"1";""
"202100049317";"113 610";"A01";"2";"7";"0";"2";"3";"13";"1";""
"202100049318";"113 608";"A01";"2";"1";"0";"1";"1";"1";"5";""
"202100049319";"113 607";"A01";"1";"7";"8";"0";"0";"1";"1";""
"202100049320";"113 605";"B01";"2";"31";"0";"2";"1";"17";"1";""
"202100049320";"113 606";"A01";"2";"10";"0";"2";"3";"15";"1";""
"202100049321";"113 603";"A01";"2";"7";"0";"2";"6";"12";"1";""
"202100049321";"113 604";"B01";"2";"10";"0";"0";"3";"1";"1";""
"202100049322";"113 601";"A01";"2";"7";"0";"2";"1";"17";"1";""
"202100049322";"113 602";"B01";"1";"32";"0";"2";"1";"1";"1";""
"202100049323";"113 599";"B01";"2";"33";"0";"0";"1";"1";"1";""
"202100049323";"113 600";"A01";"1";"7";"0";"0";"8";"15";"1";""
"202100049324";"113 598";"A01";"2";"7";"2";"0";"7";"21";"1";""
"202100049325";"113 596";"B01";"1";"7";"0";"0";"4";"1";"1";""
"202100049325";"113 597";"A01";"1";"7";"0";"2";"1";"0";"0";""
"202100049326";"113 594";"B01";"2";"10";"0";"2";"1";"17";"1";""
"202100049326";"113 595";"A01";"1";"7";"0";"2";"1";"1";"1";""
"202100049327";"113 592";"B01";"2";"32";"0";"2";"1";"13";"1";""
"202100049327";"113 593";"A01";"1";"7";"0";"2";"3";"1";"1";""
"202100049328";"113 590";"B01";"1";"10";"0";"2";"1";"1";"1";""
"202100049328";"113 591";"A01";"2";"10";"0";"2";"3";"5";"1";""
"202100049329";"113 588";"A01";"2";"33";"0";"2";"1";"17";"1";""
"202100049329";"113 589";"B01";"1";"33";"0";"2";"1";"1";"1";""
"202100049330";"113 585";"C01";"0";"7";"0";"2";"1";"1";"1";""
"202100049330";"113 586";"B01";"1";"31";"0";"2";"1";"1";"1";""
"202100049330";"113 587";"A01";"1";"7";"0";"2";"6";"15";"1";""
"202100049331";"113 583";"A01";"1";"7";"0";"2";"3";"13";"1";""
"202100049331";"113 584";"B01";"2";"7";"0";"2";"3";"1";"1";""
"202100049332";"113 581";"A01";"2";"2";"0";"2";"1";"1";"1";""
"202100049332";"113 582";"B01";"2";"7";"0";"2";"4";"1";"1";""
"202100049333";"113 579";"A01";"1";"7";"0";"2";"3";"1";"1";""
"202100049333";"113 580";"B01";"2";"3";"0";"2";"8";"9";"1";""
"202100049334";"113 578";"A01";"2";"7";"0";"1";"3";"15";"1";""
"202100049335";"113 577";"A01";"1";"7";"0";"0";"0";"0";"1";""
"202100049336";"113 573";"A01";"1";"15";"0";"2";"2";"12";"1";""
"202100049336";"113 574";"B01";"1";"7";"0";"2";"8";"1";"1";""
"202100049337";"113 571";"A01";"2";"7";"0";"2";"1";"1";"1";""
"202100049337";"113 572";"B01";"2";"7";"0";"2";"4";"2";"1";""
"202100049338";"113 569";"B01";"1";"7";"0";"2";"4";"2";"1";""
"202100049338";"113 570";"A01";"1";"7";"0";"2";"1";"1";"1";""
"202100049339";"113 567";"B01";"2";"7";"3";"0";"3";"1";"1";""
"202100049339";"113 568";"A01";"2";"15";"0";"2";"0";"0";"1";""
"202100049340";"113 565";"B01";"1";"32";"0";"2";"8";"1";"1";""
"202100049340";"113 566";"A01";"1";"7";"0";"2";"7";"12";"1";""
"202100049341";"113 563";"A01";"1";"7";"0";"2";"1";"2";"1";""
"202100049341";"113 564";"B01";"1";"13";"0";"2";"4";"2";"0";""
"202100049342";"113 562";"A01";"1";"17";"4";"2";"0";"26";"1";""
"202100049343";"113 561";"A01";"1";"7";"0";"0";"9";"12";"1";""
"202100049344";"113 558";"A01";"2";"7";"0";"2";"3";"1";"1";""
"202100049344";"113 559";"B01";"2";"15";"0";"2";"5";"1";"1";""
"202100049344";"113 560";"C01";"2";"10";"4";"2";"7";"1";"1";""
"202100049345";"113 556";"Z01";"2";"7";"0";"2";"1";"1";"1";""
"202100049345";"113 557";"B01";"2";"7";"0";"2";"4";"1";"1";""
"202100049346";"113 554";"B01";"2";"33";"4";"2";"7";"0";"1";""
"202100049346";"113 555";"A01";"2";"10";"0";"2";"8";"11";"1";""
"202100049347";"113 552";"A01";"2";"7";"0";"2";"3";"15";"1";""
"202100049347";"113 553";"B01";"1";"31";"0";"2";"1";"17";"1";""
"202100049348";"113 551";"A01";"1";"32";"0";"9";"0";"1";"1";""
"202100049349";"113 550";"A01";"1";"7";"1";"2";"2";"1";"1";""
"202100049350";"113 548";"A01";"1";"7";"0";"2";"1";"14";"1";""
"202100049350";"113 549";"B01";"1";"7";"1";"2";"4";"26";"1";""
"202100049351";"113 546";"B01";"1";"7";"0";"2";"8";"15";"1";""
"202100049351";"113 547";"A01";"1";"31";"0";"2";"1";"1";"1";""
"202100049352";"113 544";"B01";"1";"1";"0";"2";"1";"5";"0";""
"202100049352";"113 545";"A01";"1";"7";"0";"2";"1";"9";"0";""
"202100049353";"113 543";"A01";"1";"1";"0";"0";"0";"1";"5";""
"202100049354";"113 540";"B01";"1";"31";"0";"2";"7";"1";"1";""
"202100049354";"113 541";"C01";"1";"7";"0";"2";"3";"1";"1";""
"202100049354";"113 542";"A01";"1";"7";"0";"2";"2";"15";"1";""
"202100049355";"113 539";"A01";"2";"10";"0";"9";"1";"14";"1";""
"202100049356";"113 537";"A01";"1";"33";"0";"2";"2";"17";"1";""
"202100049356";"113 538";"B01";"1";"10";"0";"0";"8";"15";"1";""
"202100049357";"113 536";"A01";"2";"30";"0";"0";"0";"0";"1";""
"202100049358";"113 535";"Z01";"3";"7";"0";"1";"0";"0";"0";""
"202100049359";"113 534";"A01";"3";"7";"0";"1";"2";"14";"1";""
"202100049360";"113 533";"A01";"1";"7";"0";"1";"2";"16";"1";""
"202100049361";"113 531";"B01";"2";"2";"0";"2";"1";"1";"1";""
"202100049361";"113 532";"A01";"1";"7";"0";"2";"3";"15";"1";""
"202100049362";"113 530";"A01";"1";"7";"0";"1";"2";"1";"1";""
"202100049363";"113 529";"A01";"2";"33";"0";"0";"0";"1";"1";""
"202100049364";"113 527";"B01";"2";"2";"0";"2";"1";"1";"1";""
"202100049364";"113 528";"A01";"2";"7";"0";"2";"6";"9";"1";""
"202100049365";"113 526";"A01";"1";"2";"0";"0";"8";"1";"1";""
"202100049366";"113 521";"A01";"0";"7";"0";"2";"4";"1";"1";""
"202100049366";"113 522";"B01";"1";"7";"0";"2";"4";"1";"1";""
"202100049366";"113 523";"C01";"1";"7";"0";"2";"1";"1";"1";""
"202100049366";"113 524";"D01";"1";"7";"0";"2";"4";"1";"1";""
"202100049366";"113 525";"E01";"1";"7";"0";"2";"4";"1";"1";""
"202100049367";"113 519";"A01";"3";"7";"0";"2";"1";"9";"3";""
"202100049367";"113 520";"B01";"3";"1";"0";"2";"7";"1";"0";""
"202100049368";"113 515";"Y01";"1";"1";"0";"2";"7";"9";"5";""
"202100049368";"113 516";"A01";"1";"7";"0";"9";"1";"9";"1";""
"202100049369";"113 513";"B01";"2";"7";"0";"2";"2";"1";"1";""
"202100049369";"113 514";"A01";"1";"7";"0";"2";"2";"15";"1";""
"202100049370";"113 511";"A01";"2";"7";"0";"2";"1";"15";"1";""
"202100049370";"113 512";"B01";"1";"33";"0";"2";"1";"1";"1";""
"202100049371";"113 509";"B01";"1";"7";"0";"2";"4";"23";"0";""
"202100049371";"113 510";"A01";"1";"2";"1";"0";"1";"2";"0";""
"202100049372";"113 507";"B01";"0";"15";"0";"2";"8";"1";"1";""
"202100049372";"113 508";"A01";"0";"7";"0";"2";"7";"17";"1";""
"202100049373";"113 506";"A01";"1";"7";"0";"1";"1";"1";"1";""
"202100049374";"113 505";"A01";"1";"7";"13";"0";"1";"1";"1";""
"202100049375";"113 504";"A01";"3";"10";"0";"1";"4";"4";"1";""
"202100049376";"113 502";"A01";"1";"7";"0";"2";"7";"15";"1";""
"202100049376";"113 503";"B01";"2";"33";"0";"2";"1";"1";"1";""
"202100049377";"113 500";"A01";"2";"37";"0";"2";"6";"15";"1";"1"
"202100049377";"113 501";"B01";"1";"7";"0";"2";"1";"1";"1";""
"202100049378";"113 498";"B01";"3";"1";"0";"2";"1";"1";"0";""
"202100049378";"113 499";"A01";"3";"7";"0";"2";"0";"1";"1";""
"202100049379";"113 496";"B01";"1";"37";"0";"2";"6";"1";"2";"1"
"202100049379";"113 497";"A01";"2";"7";"0";"2";"3";"16";"1";""
"202100049380";"113 494";"A01";"1";"10";"0";"2";"1";"2";"1";""
"202100049380";"113 495";"B01";"1";"7";"0";"2";"4";"0";"1";""
"202100049381";"113 492";"A01";"1";"7";"0";"2";"2";"15";"2";""
"202100049381";"113 493";"B01";"2";"1";"0";"2";"1";"1";"0";""
"202100049382";"113 490";"B01";"1";"7";"0";"2";"4";"2";"1";""
"202100049382";"113 491";"A01";"1";"10";"0";"2";"1";"2";"1";""
"202100049383";"113 488";"B01";"3";"3";"0";"2";"1";"15";"6";""
"202100049383";"113 489";"A01";"3";"31";"0";"2";"1";"1";"6";""
"202100049384";"113 486";"B01";"1";"7";"0";"2";"8";"1";"1";""
"202100049384";"113 487";"A01";"1";"7";"0";"2";"2";"1";"1";""
"202100049385";"113 484";"B01";"1";"30";"0";"2";"1";"1";"1";""
"202100049385";"113 485";"A01";"1";"7";"0";"9";"7";"1";"1";""
"202100049386";"113 482";"A01";"3";"7";"0";"2";"1";"2";"1";""
"202100049386";"113 483";"B01";"3";"7";"0";"2";"7";"1";"1";""
"202100049387";"113 481";"A01";"3";"30";"0";"0";"0";"1";"1";""
"202100049388";"113 479";"B01";"1";"37";"0";"2";"4";"23";"1";"1"
"202100049388";"113 480";"A01";"1";"7";"0";"2";"1";"2";"1";""
"202100049389";"113 478";"A01";"0";"1";"0";"1";"1";"26";"5";""
"202100049390";"113 476";"B01";"0";"2";"0";"2";"2";"0";"1";""
"202100049390";"113 477";"A01";"0";"7";"0";"2";"3";"15";"1";""
"202100049391";"113 474";"B01";"1";"7";"0";"2";"6";"15";"1";""
"202100049391";"113 475";"A01";"1";"33";"0";"2";"1";"1";"1";""
"202100049392";"113 472";"A01";"1";"7";"0";"2";"3";"9";"1";""
"202100049392";"113 473";"B01";"1";"7";"0";"2";"1";"1";"1";""
"202100049393";"113 469";"A01";"1";"7";"0";"9";"2";"21";"1";""
"202100049393";"113 470";"C01";"1";"7";"0";"2";"6";"23";"1";""
"202100049393";"113 471";"B01";"3";"1";"1";"2";"1";"19";"5";""
"202100049394";"113 468";"A01";"1";"7";"0";"1";"1";"20";"1";""
"202100049395";"113 466";"B01";"1";"7";"0";"2";"3";"15";"1";""
"202100049395";"113 467";"A01";"1";"7";"0";"2";"2";"1";"1";""
"202100049396";"113 464";"B01";"3";"7";"0";"0";"0";"0";"1";""
"202100049396";"113 465";"A01";"1";"1";"0";"2";"1";"19";"5";""
"202100049397";"113 462";"A01";"2";"1";"0";"2";"1";"9";"5";""
"202100049397";"113 463";"B01";"3";"7";"0";"2";"3";"9";"1";""
"202100049398";"113 459";"C01";"2";"10";"0";"2";"4";"2";"1";""
"202100049398";"113 460";"B01";"2";"7";"0";"2";"4";"2";"2";""
"202100049398";"113 461";"A01";"2";"7";"0";"2";"1";"2";"1";""
"202100049399";"113 456";"B01";"1";"7";"0";"2";"3";"15";"1";""
"202100049399";"113 457";"A01";"1";"31";"0";"2";"2";"17";"1";""
"202100049399";"113 458";"C01";"2";"36";"1";"2";"2";"0";"0";""
"202100049400";"113 454";"A01";"3";"30";"0";"2";"1";"13";"1";""
"202100049400";"113 455";"B01";"3";"7";"0";"2";"1";"2";"1";""
"202100049401";"113 453";"A01";"3";"7";"0";"1";"1";"2";"0";""
"202100049402";"113 451";"Z01";"1";"33";"0";"2";"1";"0";"0";""
"202100049402";"113 452";"B01";"1";"30";"0";"2";"2";"0";"1";""
"202100049403";"113 449";"B01";"0";"30";"0";"2";"1";"1";"1";""
"202100049403";"113 450";"A01";"0";"7";"0";"2";"1";"15";"1";""
"202100049404";"113 447";"A01";"3";"7";"0";"2";"3";"13";"1";""
"202100049404";"113 448";"B01";"2";"33";"0";"2";"3";"1";"1";""
"202100049405";"113 445";"A01";"2";"31";"0";"2";"1";"17";"1";""
"202100049405";"113 446";"B01";"1";"7";"0";"2";"3";"1";"1";""
"202100049406";"113 443";"B01";"2";"30";"0";"2";"9";"1";"1";""
"202100049406";"113 444";"A01";"3";"10";"0";"2";"8";"15";"1";""
"202100049407";"113 441";"A01";"2";"7";"0";"2";"2";"14";"1";""
"202100049407";"113 442";"B01";"2";"7";"0";"2";"6";"1";"1";""
"202100049408";"113 438";"B01";"1";"17";"0";"2";"8";"1";"1";""
"202100049408";"113 439";"C01";"1";"7";"0";"2";"7";"1";"1";""
"202100049408";"113 440";"A01";"1";"32";"0";"2";"2";"18";"1";""
"202100049409";"113 437";"A01";"1";"30";"0";"1";"2";"1";"3";""
"202100049410";"113 436";"A01";"1";"7";"1";"0";"1";"20";"3";""
"202100049411";"113 435";"A01";"0";"7";"0";"1";"2";"1";"1";""
"202100049412";"113 433";"B01";"1";"1";"0";"2";"4";"13";"5";""
"202100049412";"113 434";"A01";"1";"10";"0";"2";"1";"1";"1";""
"202100049413";"113 432";"Z01";"2";"1";"0";"1";"0";"1";"5";""
"202100049414";"113 431";"A01";"2";"1";"0";"1";"1";"1";"5";""
"202100049415";"113 430";"A01";"2";"80";"0";"0";"0";"21";"3";""
"202100049416";"113 429";"A01";"2";"10";"0";"1";"5";"4";"1";""
"202100049417";"113 428";"A01";"1";"7";"0";"2";"3";"1";"1";""
"202100049418";"113 426";"B01";"3";"60";"0";"2";"1";"19";"5";""
"202100049418";"113 427";"A01";"1";"33";"0";"9";"2";"1";"1";""
"202100049419";"113 425";"A01";"1";"38";"0";"0";"0";"2";"1";"3"
"202100049420";"113 424";"A01";"2";"7";"12";"0";"2";"14";"1";""
"202100049421";"113 422";"B01";"3";"7";"0";"9";"2";"26";"1";""
"202100049421";"113 423";"A01";"1";"1";"0";"2";"8";"1";"5";""
"202100049422";"113 420";"B01";"3";"1";"0";"2";"2";"1";"5";""
"202100049422";"113 421";"Z01";"3";"7";"0";"2";"2";"26";"0";""
"202100049423";"113 418";"A01";"0";"7";"0";"2";"2";"17";"1";""
"202100049423";"113 419";"B01";"3";"37";"0";"2";"3";"1";"1";"4"
"202100049424";"113 416";"A01";"3";"99";"0";"2";"3";"10";"1";""
"202100049424";"113 417";"B01";"3";"31";"0";"2";"2";"12";"1";""
"202100049425";"113 414";"B01";"1";"14";"0";"9";"6";"0";"1";""
"202100049425";"113 415";"A01";"1";"3";"0";"9";"3";"9";"1";""
"202100049426";"113 412";"B01";" -1";"7";"0";"2";"3";"2";"1";""
"202100049426";"113 413";"A01";"2";"7";"0";"2";"2";"9";"1";""
"202100049427";"113 410";"A01";"2";"7";"0";"2";"7";"1";"1";""
"202100049427";"113 411";"B01";"1";"1";"0";"2";"1";"1";"5";""
"202100049428";"113 409";"A01";"1";"30";"0";"1";"3";"2";"1";""
"202100049429";"113 408";"A01";"1";"10";"0";"1";"2";"9";"1";""
"202100049430";"113 406";"B01";"2";"1";"0";"2";"7";"9";"5";""
"202100049430";"113 407";"A01";"2";"7";"0";"2";"3";"19";"1";""
"202100049431";"113 404";"A01";"2";"30";"0";"2";"2";"17";"3";""
"202100049431";"113 405";"B01";"2";"10";"0";"2";"3";"15";"1";""
"202100049432";"113 402";"A01";"3";"7";"0";"2";"1";"15";"1";""
"202100049432";"113 403";"B01";"3";"33";"0";"2";"1";"1";"1";""
"202100049433";"113 400";"B01";"0";"1";"0";"2";"0";"1";"5";""
"202100049433";"113 401";"A01";"3";"2";"0";"9";"0";"0";"0";""
"202100049434";"113 398";"A01";"3";"1";"0";"2";"1";"15";"5";""
"202100049434";"113 399";"B01";"3";"7";"0";"9";"6";"1";"1";""
"202100049435";"113 397";"A01";"1";"7";"13";"0";"0";"0";"1";""
"202100049436";"113 395";"B01";"1";"7";"0";"2";"7";"17";"1";""
"202100049436";"113 396";"A01";"1";"7";"0";"2";"8";"15";"1";""
"202100049437";"113 393";"B01";"1";"7";"0";"9";"2";"1";"1";""
"202100049437";"113 394";"A01";"1";"1";"0";"2";"8";"16";"5";""
"202100049438";"113 391";"A01";"2";"33";"0";"2";"1";"1";"1";""
"202100049438";"113 392";"B01";"1";"7";"0";"0";"7";"16";"1";""
"202100049439";"113 389";"B01";"2";"2";"0";"2";"1";"2";"1";""
"202100049439";"113 390";"A01";"2";"7";"0";"2";"4";"1";"1";""
"202100049440";"113 388";"A01";"2";"7";"0";"0";"0";"1";"1";""
"202100049441";"113 386";"A01";"2";"7";"0";"2";"1";"5";"1";""
"202100049441";"113 387";"B01";"1";"14";"0";"2";"1";"1";"1";""
"202100049442";"113 385";"A01";"1";"10";"0";"1";"3";"1";"1";""
"202100049443";"113 382";"A01";"2";"33";"0";"2";"1";"17";"1";""
"202100049443";"113 383";"B01";"2";"7";"0";"0";"8";"1";"1";""
"202100049443";"113 384";"C01";"1";"13";"0";"0";"3";"1";"1";""
"202100049444";"113 380";"B01";"0";"7";"0";"2";"1";"1";"1";""
"202100049444";"113 381";"A01";"1";"7";"0";"2";"2";"19";"1";""
"202100049445";"113 379";"A01";"2";"31";"0";"0";"0";"1";"1";""
"202100049446";"113 378";"A01";"1";"7";"2";"0";"1";"2";"1";""
"202100049447";"113 377";"A01";"3";"7";"13";"0";"1";"1";"1";""
"202100049448";"113 376";"A01";"1";"7";"8";"0";"1";"1";"1";""
"202100049449";"113 375";"A01";"2";"31";"6";"0";"1";"1";"1";""
"202100049450";"113 372";"A01";"1";"10";"0";"2";"1";"2";"1";""
"202100049450";"113 373";"C01";"1";"7";"0";"0";"0";"2";"1";""
"202100049450";"113 374";"B01";"1";"7";"4";"0";"4";"2";"1";""
"202100049451";"113 370";"A01";"2";"7";"0";"2";"1";"1";"1";""
"202100049451";"113 371";"B01";"2";"10";"0";"2";"1";"1";"1";""
"202100049452";"113 368";"A01";"1";"10";"0";"2";"3";"21";"1";""
"202100049452";"113 369";"B01";"1";"7";"7";"0";"5";"15";"1";""
"202100049453";"113 366";"A01";"0";"10";"0";"2";"1";"15";"1";""
"202100049453";"113 367";"B01";"0";"1";"0";"2";"1";"1";"5";""
"202100049454";"113 364";"A01";"1";"7";"0";"2";"3";"1";"1";""
"202100049454";"113 365";"B01";"2";"7";"15";"2";"1";"13";"1";""
"202100049455";"113 362";"B01";"3";"7";"0";"2";"1";"19";"1";""
"202100049455";"113 363";"A01";"2";"7";"0";"0";"2";"19";"1";""
"202100049456";"113 361";"A01";"3";"7";"0";"1";"2";"1";"1";""
"202100049457";"113 359";"B01";"2";"10";"0";"2";"1";"15";"1";""
"202100049457";"113 360";"A01";"1";"33";"0";"2";"1";"17";"1";""
"202100049458";"113 358";"A01";"1";"7";"7";"0";"1";"2";"1";""
"202100049459";"113 357";"A01";"1";"7";"4";"0";"9";"1";"1";""
"202100049460";"113 354";"A01";"2";"7";"5";"0";"3";"12";"1";""
"202100049460";"113 355";"X01";"2";"15";"0";"2";"2";"12";"1";""
"202100049460";"113 356";"B01";"2";"15";"0";"2";"0";"0";"1";""
"202100049461";"113 353";"A01";"1";"7";"0";"1";"1";"2";"1";""
"202100049462";"113 350";"C01";"2";"7";"0";"2";"4";"1";"1";""
"202100049462";"113 351";"B01";"2";"33";"4";"2";"1";"11";"1";""
"202100049462";"113 352";"A01";"2";"33";"0";"2";"1";"21";"1";""
"202100049463";"113 348";"B01";"2";"7";"0";"2";"4";"2";"1";""
"202100049463";"113 349";"A01";"2";"32";"0";"2";"1";"2";"1";""
"202100049464";"113 347";"A01";"2";"7";"0";"0";"9";"1";"1";""