"Num_Acc";"id_vehicule";"num_veh";"senc";"catv";"obs";"obsm";"choc";"manv";"motor";"occutc"
"202100049465";"113 343";"A01";"2";"33";"0";"2";"1";"3";"1";""
"202100049465";"113 344";"B01";"2";"7";"0";"2";"2";"12";"1";""
"202100049465";"113 345";"C01";"2";"7";"0";"2";"5";"1";"1";""
"202100049465";"113 346";"D01";"2";"7";"0";"2";"6";"1";"1";""
"202100049466";"113 340";"A01";"1";"7";"3";"2";"1";"9";"1";""
"202100049466";"113 341";"B01";"1";"7";"3";"2";"1";"1";"1";""
"202100049466";"113 342";"C01";"1";"7";"3";"2";"1";"1";"1";""
"202100049467";"113 338";"B01";"1";"31";"0";"2";"4";"23";"1";""
"202100049467";"113 339";"A01";"1";"7";"0";"2";"1";"9";"1";""
"202100049468";"113 337";"A01";"1";"33";"0";"2";"1";"26";"1";""
"202100049469";"113 336";"A01";"3";"7";"0";"1";"6";"20";"1";""
"202100049470";"113 334";"A01";"1";"7";"0";"9";"8";"15";"1";""
"202100049470";"113 335";"B01";"1";"2";"0";"2";"1";"2";"1";""
"202100049471";"113 332";"B01";"1";"2";"0";"2";"3";"1";"1";""
"202100049471";"113 333";"A01";"2";"7";"0";"2";"3";"15";"1";""
"202100049472";"113 330";"B01";"1";"7";"0";"2";"4";"1";"1";""
"202100049472";"113 331";"A01";"1";"1";"0";"2";"1";"1";"0";""
"202100049473";"113 328";"B01";"1";"33";"0";"2";"8";"0";"1";""
"202100049473";"113 329";"A01";"3";"7";"0";"2";"3";"9";"1";""
"202100049474";"113 323";"A01";"1";"7";"3";"2";"1";"14";"1";""
"202100049474";"113 324";"B01";"1";"7";"3";"2";"2";"12";"1";""
"202100049474";"113 325";"C01";"1";"7";"3";"2";"1";"1";"1";""
"202100049474";"113 326";"D01";"1";"10";"3";"2";"6";"1";"1";""
"202100049474";"113 327";"E01";"1";"7";"3";"2";"5";"1";"1";""
"202100049475";"113 321";"A01";"1";"7";"0";"1";"2";"1";"1";""
"202100049476";"113 319";"B01";"2";"7";"0";"2";"7";"15";"1";""
"202100049476";"113 320";"A01";"1";"7";"0";"2";"1";"1";"1";""
"202100049477";"113 316";"B01";"2";"32";"0";"2";"4";"23";"1";""
"202100049477";"113 317";"C01";"2";"7";"0";"2";"4";"23";"1";""
"202100049477";"113 318";"A01";"2";"7";"0";"2";"1";"1";"0";""
"202100049478";"113 314";"A01";"2";"7";"0";"0";"6";"2";"1";""
"202100049478";"113 315";"B01";"2";"33";"0";"2";"1";"2";"1";""
"202100049479";"113 312";"B01";"2";"7";"0";"2";"1";"6";"1";""
"202100049479";"113 313";"A01";"1";"2";"0";"2";"7";"1";"1";""
"202100049480";"113 311";"A01";"0";"10";"0";"1";"1";"15";"1";""
"202100049481";"113 308";"A01";"1";"7";"0";"2";"1";"9";"1";""
"202100049481";"113 309";"B01";"1";"7";"0";"2";"1";"9";"1";""
"202100049481";"113 310";"C01";"1";"15";"0";"2";"1";"9";"1";""
"202100049482";"113 306";"B01";"1";"7";"0";"2";"3";"1";"1";""
"202100049482";"113 307";"A01";"2";"7";"0";"2";"3";"13";"2";""
"202100049483";"113 304";"A01";"3";"30";"0";"2";"1";"5";"1";""
"202100049483";"113 305";"B01";"3";"2";"0";"2";"8";"1";"1";""
"202100049484";"113 303";"A01";"3";"2";"1";"0";"1";"14";"1";""
"202100049485";"113 301";"B01";"0";"1";"0";"2";"8";"1";"5";""
"202100049485";"113 302";"A01";"0";"10";"0";"2";"1";"9";"1";""
"202100049486";"113 299";"B01";"1";"7";"0";"2";"2";"2";"1";""
"202100049486";"113 300";"A01";"1";"7";"0";"2";"1";"15";"1";""
"202100049487";"113 297";"B01";"1";"10";"0";"9";"5";"23";"3";""
"202100049487";"113 298";"A01";"1";"1";"0";"2";"1";"2";"5";""
"202100049488";"113 295";"A01";"2";"10";"0";"2";"1";"2";"1";""
"202100049488";"113 296";"B01";"2";"7";"0";"2";"4";"2";"1";""
"202100049489";"113 293";"A01";"1";"33";"0";"2";"3";"15";"1";""
"202100049489";"113 294";"B01";"2";"7";"0";"2";"3";"1";"1";""
"202100049490";"113 291";"A01";"2";"33";"0";"2";"8";"21";"1";""
"202100049490";"113 292";"Z01";"1";"10";"0";"2";"8";"1";"0";""
"202100049491";"113 290";"A01";"2";"7";"0";"1";"7";"1";"1";""
"202100049492";"113 287";"A01";"2";"7";"0";"2";"3";"19";"1";""
"202100049492";"113 288";"B01";"2";"7";"0";"2";"3";"1";"1";""
"202100049492";"113 289";"C01";"2";"7";"0";"9";"3";"1";"1";""
"202100049493";"113 285";"A01";"1";"7";"0";"9";"8";"9";"1";""
"202100049493";"113 286";"B01";"1";"50";"0";"2";"1";"1";"3";""
"202100049494";"113 283";"A01";"1";"7";"0";"9";"3";"24";"2";""
"202100049494";"113 284";"B01";"1";"1";"0";"2";"1";"1";"5";""
"202100049495";"113 281";"B01";"3";"2";"0";"2";"1";"1";"1";""
"202100049495";"113 282";"A01";"2";"7";"0";"2";"2";"19";"1";""
"202100049496";"113 280";"A01";"3";"7";"5";"0";"1";"1";"1";""
"202100049497";"113 278";"B01";"0";"40";"0";"9";"3";"1";"3";""
"202100049497";"113 279";"A01";"3";"50";"0";"4";"1";"26";"3";""
"202100049498";"113 276";"B01";"2";"30";"0";"2";"1";"13";"1";""
"202100049498";"113 277";"A01";"1";"7";"0";"2";"3";"1";"1";""
"202100049499";"113 275";"Z01";"0";"30";"0";"1";"0";"1";"1";""
"202100049500";"113 273";"A01";"1";"7";"0";"2";"2";"1";"1";""
"202100049500";"113 274";"B01";"1";"7";"0";"2";"5";"1";"1";""
"202100049501";"113 271";"A01";"2";"31";"0";"2";"4";"1";"1";""
"202100049501";"113 272";"B01";"2";"1";"0";"2";"1";"1";"5";""
"202100049502";"113 269";"B01";"2";"7";"0";"2";"3";"15";"1";""
"202100049502";"113 270";"A01";"2";"50";"0";"2";"1";"15";"3";""
"202100049503";"113 267";"B01";"2";"7";"0";"2";"2";"15";"1";""
"202100049503";"113 268";"A01";"1";"7";"0";"2";"1";"1";"1";""
"202100049504";"113 265";"B01";"0";"7";"0";"2";"6";"1";"1";""
"202100049504";"113 266";"A01";"0";"7";"0";"2";"1";"19";"1";""
"202100049505";"113 263";"A01";"1";"7";"0";"2";"5";"9";"1";""
"202100049505";"113 264";"B01";"1";"2";"0";"2";"2";"1";"1";""
"202100049506";"113 261";"A01";"1";"7";"0";"2";"2";"2";"1";""
"202100049506";"113 262";"B01";"1";"1";"0";"2";"6";"1";"5";""
"202100049507";"113 260";"A01";"1";"33";"6";"0";"1";"1";"1";""
"202100049508";"113 256";"D01";"0";"7";"0";"0";"4";"23";"1";""
"202100049508";"113 257";"C01";"0";"7";"0";"2";"8";"23";"1";""
"202100049508";"113 258";"B01";"0";"7";"0";"2";"5";"23";"1";""
"202100049508";"113 259";"A01";"0";"7";"0";"2";"1";"1";"1";""
"202100049509";"113 255";"TA01";"1";"14";"4";"0";"7";"16";"1";""
"202100049510";"113 253";"A01";"1";"43";"0";"2";"2";"3";"1";""
"202100049510";"113 254";"B01";"1";"7";"0";"2";"3";"15";"1";""
"202100049511";"113 251";"B01";"2";"7";"8";"1";"7";"1";"1";""
"202100049511";"113 252";"A01";"2";"7";"0";"2";"1";"1";"0";""
"202100049512";"113 250";"A01";"0";"7";"0";"1";"2";"1";"1";""
"202100049513";"113 248";"A01";"2";"1";"0";"2";"6";"19";"0";""
"202100049513";"113 249";"B01";"2";"31";"0";"2";"1";"1";"1";""
"202100049514";"113 246";"A01";"1";"7";"0";"2";"6";"2";"1";""
"202100049514";"113 247";"B01";"2";"34";"0";"2";"2";"17";"3";""
"202100049515";"113 245";"A01";"1";"7";"0";"1";"2";"0";"1";""
"202100049516";"113 244";"A01";"3";"31";"0";"0";"7";"0";"1";""
"202100049517";"113 242";"B01";"3";"7";"0";"2";"1";"1";"1";""
"202100049517";"113 243";"A01";"1";"7";"0";"2";"8";"1";"1";""
"202100049518";"113 240";"A01";"2";"1";"0";"2";"1";"26";"0";""
"202100049518";"113 241";"B01";"2";"7";"0";"2";"3";"1";"1";""
"202100049519";"113 239";"A01";"1";"1";"1";"0";"1";"1";"5";""
"202100049520";"113 238";"A01";"1";"33";"8";"0";"1";"12";"1";""
"202100049521";"113 236";"A01";"1";"13";"0";"2";"7";"16";"1";""
"202100049521";"113 237";"B01";"1";"1";"0";"2";"8";"1";"5";""
"202100049522";"113 235";"A01";"1";"7";"0";"1";"2";"1";"3";""
"202100049523";"113 234";"A01";"1";"37";"0";"1";"2";"7";"2";"1"
"202100049524";"113 233";"A01";"1";"30";"14";"0";"1";"1";"1";""
"202100049525";"113 231";"B01";"1";"7";"0";"2";"8";"13";"1";""
"202100049525";"113 232";"A01";"1";"33";"0";"2";"1";"17";"1";""
"202100049526";"113 230";"A01";"1";"10";"0";"1";"5";"16";"1";""
"202100049527";"113 228";"A01";"3";"7";"0";"2";"8";"9";"1";""
"202100049527";"113 229";"B01";"3";"15";"0";"2";"2";"1";"1";""
"202100049528";"113 227";"A01";"1";"37";"0";"1";"7";"7";"1";"1"
"202100049529";"113 225";"A01";"1";"7";"0";"2";"8";"22";"1";""
"202100049529";"113 226";"B01";"1";"1";"0";"2";"1";"1";"5";""
"202100049530";"113 223";"B01";"1";"1";"0";"2";"1";"1";"5";""
"202100049530";"113 224";"A01";"2";"1";"0";"2";"2";"15";"5";""
"202100049531";"113 222";"A01";"2";"1";"0";"1";"3";"1";"5";""
"202100049532";"113 220";"A01";"1";"7";"0";"2";"1";"1";"1";""
"202100049532";"113 221";"B01";"1";"30";"0";"2";"6";"1";"1";""
"202100049533";"113 218";"B01";"0";"1";"0";"2";"1";"19";"5";""
"202100049533";"113 219";"A01";"1";"7";"0";"2";"1";"13";"1";""
"202100049534";"113 216";"A01";"2";"30";"1";"2";"1";"18";"1";""
"202100049534";"113 217";"B01";"2";"7";"0";"2";"2";"1";"1";""
"202100049535";"113 214";"A01";"1";"33";"0";"2";"1";"2";"1";""
"202100049535";"113 215";"B01";"1";"7";"0";"2";"4";"1";"1";""
"202100049536";"113 213";"A01";"2";"7";"0";"1";"2";"1";"1";""
"202100049537";"113 212";"A01";"1";"7";"8";"0";"8";"17";"1";""
"202100049538";"113 210";"B01";"1";"33";"0";"2";"1";"17";"0";""
"202100049538";"113 211";"A01";"1";"7";"0";"2";"5";"19";"0";""
"202100049539";"113 208";"B01";"2";"7";"0";"2";"1";"1";"1";""
"202100049539";"113 209";"A01";"2";"7";"0";"2";"5";"1";"1";""
"202100049540";"113 206";"B01";"2";"10";"0";"2";"6";"13";"0";""
"202100049540";"113 207";"A01";"2";"32";"0";"2";"2";"17";"6";""
"202100049541";"113 204";"A01";"2";"2";"0";"2";"1";"2";"1";""
"202100049541";"113 205";"B01";"2";"7";"0";"2";"3";"15";"1";""
"202100049542";"113 202";"B01";"1";"7";"0";"2";"5";"1";"1";""
"202100049542";"113 203";"A01";"1";"7";"0";"2";"1";"26";"1";""
"202100049543";"113 199";"A01";"3";"7";"9";"1";"1";"1";"1";""
"202100049544";"113 197";"A01";"1";"7";"0";"2";"2";"2";"2";""
"202100049544";"113 198";"B01";"1";"2";"0";"2";"8";"18";"1";""
"202100049545";"113 195";"B01";"2";"7";"0";"2";"3";"15";"1";""
"202100049545";"113 196";"A01";"2";"30";"0";"2";"1";"17";"0";""
"202100049546";"113 193";"B01";"3";"30";"0";"2";"8";"1";"1";""
"202100049546";"113 194";"A01";"2";"7";"0";"2";"1";"1";"2";""
"202100049547";"113 192";"A01";"3";"33";"0";"1";"1";"18";"1";""
"202100049548";"113 190";"A01";"2";"7";"0";"2";"1";"16";"1";""
"202100049548";"113 191";"B01";"3";"80";"0";"2";"8";"19";"3";""
"202100049549";"113 189";"A01";"1";"10";"8";"0";"1";"2";"1";""
"202100049550";"113 188";"A01";"0";"7";"0";"0";"2";"0";"1";""
"202100049551";"113 186";"A01";"1";"7";"3";"2";"1";"9";"1";""
"202100049551";"113 187";"B01";"1";"7";"5";"0";"4";"23";"1";""
"202100049552";"113 185";"A01";"2";"15";"0";"0";"0";"14";"6";""
"202100049553";"113 181";"D01";"1";"7";"7";"0";"3";"1";"1";""
"202100049553";"113 182";"C01";"1";"7";"0";"2";"8";"1";"1";""
"202100049553";"113 183";"B01";"1";"7";"0";"2";"1";"1";"1";""
"202100049553";"113 184";"A01";"2";"7";"0";"2";"3";"1";"1";""
"202100049554";"113 179";"A01";"1";"7";"0";"2";"3";"15";"1";""
"202100049554";"113 180";"B01";"1";"1";"0";"2";"1";"17";"5";""
"202100049555";"113 177";"A01";"2";"7";"0";"2";"2";"1";"1";""
"202100049555";"113 178";"B01";"2";"1";"0";"2";"8";"1";"5";""
"202100049556";"113 176";"A01";"2";"33";"0";"0";"8";"16";"1";""
"202100049557";"113 174";"B01";"1";"7";"0";"2";"1";"1";"1";""
"202100049557";"113 175";"A01";"2";"7";"0";"2";"1";"1";"1";""
"202100049558";"113 172";"B01";"2";"13";"0";"2";"3";"1";"1";""
"202100049558";"113 173";"A01";"1";"7";"0";"2";"3";"13";"1";""
"202100049559";"113 170";"A01";"2";"2";"0";"2";"8";"1";"1";""
"202100049559";"113 171";"B01";"2";"10";"0";"2";"2";"13";"1";""
"202100049560";"113 168";"B01";"2";"7";"0";"0";"1";"1";"1";""
"202100049560";"113 169";"A01";"1";"7";"3";"2";"3";"13";"1";""
"202100049561";"113 166";"A01";"1";"32";"3";"2";"1";"2";"1";""
"202100049561";"113 167";"B01";"1";"7";"0";"0";"4";"23";"1";""
"202100049562";"113 165";"A01";"1";"33";"0";"0";"8";"0";"1";""
"202100049563";"113 163";"B01";"1";"7";"0";"0";"4";"15";"1";""
"202100049563";"113 164";"A01";"1";"15";"0";"0";"1";"1";"1";""
"202100049564";"113 161";"B01";"2";"7";"0";"2";"1";"1";"1";""
"202100049564";"113 162";"A01";"2";"2";"0";"0";"8";"15";"1";""
"202100049565";"113 160";"A01";"3";"33";"16";"0";"0";"1";"0";""
"202100049566";"113 159";"A01";"2";"7";"0";"1";"3";"15";"1";""
"202100049567";"113 158";"A01";"0";"7";"1";"0";"2";"0";"1";""
"202100049568";"113 155";"A01";"3";"33";"0";"2";"1";"2";"1";""
"202100049568";"113 156";"B01";"3";"7";"0";"0";"6";"2";"1";""
"202100049568";"113 157";"C01";"3";"7";"0";"2";"3";"1";"1";""
"202100049569";"113 153";"A01";"1";"1";"0";"2";"3";"2";"5";""
"202100049569";"113 154";"B01";"1";"33";"0";"2";"0";"17";"1";""
"202100049570";"113 151";"A01";"1";"7";"0";"9";"2";"1";"1";""
"202100049570";"113 152";"B01";"3";"1";"0";"2";"2";"9";"5";""
"202100049571";"113 150";"A01";"1";"7";"0";"9";"3";"1";"1";""
"202100049572";"113 148";"A01";"1";"7";"0";"2";"1";"21";"1";""
"202100049572";"113 149";"B01";"1";"7";"0";"2";"4";"23";"1";""
"202100049573";"113 146";"B01";"1";"15";"0";"2";"2";"0";"1";""
"202100049573";"113 147";"A01";"1";"7";"0";"2";"8";"1";"2";""
"202100049574";"113 143";"A01";"1";"7";"0";"2";"0";"23";"1";""
"202100049574";"113 144";"B01";"1";"7";"0";"2";"5";"21";"1";""
"202100049574";"113 145";"C01";"1";"10";"0";"2";"3";"21";"1";""
"202100049575";"113 142";"A01";"1";"7";"16";"0";"9";"1";"1";""
"202100049576";"113 139";"C01";"1";"7";"0";"2";"3";"1";"1";""
"202100049576";"113 140";"B01";"1";"15";"0";"2";"6";"1";"1";""
"202100049576";"113 141";"A01";"1";"7";"0";"2";"2";"11";"1";""
"202100049577";"113 137";"A01";"2";"7";"0";"2";"1";"2";"1";""
"202100049577";"113 138";"B01";"2";"7";"0";"2";"5";"2";"1";""
"202100049578";"113 135";"A01";"1";"7";"0";"2";"1";"2";"1";""
"202100049578";"113 136";"B01";"1";"10";"0";"2";"4";"2";"1";""
"202100049579";"113 134";"A01";"2";"32";"0";"0";"9";"1";"1";""
"202100049580";"113 133";"A01";"2";"7";"4";"0";"3";"26";"1";""
"202100049581";"113 131";"B01";"2";"17";"0";"2";"8";"22";"2";""
"202100049581";"113 132";"A01";"2";"33";"0";"2";"1";"3";"1";""
"202100049582";"113 129";"A01";"2";"33";"0";"2";"2";"1";"1";""
"202100049582";"113 130";"B01";"2";"10";"0";"2";"4";"13";"1";""
"202100049583";"113 126";"C01";"1";"10";"0";"2";"4";"2";"1";""
"202100049583";"113 127";"B01";"1";"7";"0";"2";"4";"2";"1";""
"202100049583";"113 128";"A01";"1";"7";"0";"2";"1";"2";"1";""
"202100049584";"113 121";"D01";"2";"10";"0";"2";"1";"1";"1";""
"202100049584";"113 122";"E01";"2";"17";"0";"2";"1";"1";"1";""
"202100049584";"113 123";"A01";"2";"17";"0";"2";"3";"11";"1";""
"202100049584";"113 124";"B01";"2";"7";"0";"2";"2";"1";"1";""
"202100049584";"113 125";"C01";"2";"7";"0";"2";"7";"1";"1";""
"202100049585";"113 119";"B01";"2";"7";"0";"2";"4";"2";"1";""
"202100049585";"113 120";"A01";"2";"33";"0";"2";"1";"2";"1";""
"202100049586";"113 117";"A01";"1";"33";"0";"2";"1";"2";"1";""
"202100049586";"113 118";"B01";"1";"7";"0";"2";"4";"2";"1";""
"202100049587";"113 111";"A01";"2";"10";"0";"2";"1";"1";"1";""
"202100049587";"113 112";"B01";"2";"7";"0";"2";"4";"23";"1";""
"202100049587";"113 113";"E01";"2";"7";"0";"2";"4";"23";"1";""
"202100049587";"113 114";"F01";"2";"7";"0";"2";"1";"1";"1";""
"202100049587";"113 115";"C01";"2";"7";"0";"2";"4";"23";"1";""
"202100049587";"113 116";"D01";"2";"7";"0";"2";"4";"23";"1";""
"202100049588";"113 108";"C01";"2";"7";"0";"2";"1";"2";"1";""
"202100049588";"113 109";"B01";"2";"7";"0";"2";"2";"12";"1";""
"202100049588";"113 110";"A01";"2";"10";"0";"2";"6";"2";"1";""
"202100049589";"113 105";"A01";"2";"7";"0";"2";"4";"2";"1";""
"202100049589";"113 106";"B01";"2";"7";"0";"2";"9";"2";"1";""
"202100049589";"113 107";"C01";"2";"10";"0";"2";"1";"2";"1";""
"202100049590";"113 101";"C01";"2";"17";"0";"2";"1";"2";"1";""
"202100049590";"113 102";"D01";"2";"17";"0";"2";"4";"2";"1";""
"202100049590";"113 103";"A01";"2";"17";"0";"2";"1";"2";"1";""
"202100049590";"113 104";"B01";"2";"14";"0";"2";"1";"2";"1";""
"202100049591";"113 100";"A01";"3";"30";"0";"1";"6";"26";"0";""
"202100049592";"113 098";"A01";"3";"7";"15";"0";"1";"1";"1";""
"202100049592";"113 099";"B01";"3";"7";"0";"2";"6";"19";"1";""
"202100049593";"113 096";"A01";"2";"7";"0";"2";"5";"1";"1";""
"202100049593";"113 097";"B01";"2";"1";"0";"2";"8";"15";"5";""
"202100049594";"113 095";"A01";"1";"10";"0";"1";"7";"20";"1";""
"202100049595";"113 093";"B01";"1";"7";"0";"2";"8";"23";"1";""
"202100049595";"113 094";"A01";"1";"7";"0";"2";"1";"26";"1";""
"202100049596";"113 091";"A01";"1";"33";"0";"4";"1";"1";"1";""
"202100049596";"113 092";"Z01";"2";"0";"0";" -1";" -1";"26";" -1";""
"202100049597";"113 090";"A01";"2";"7";"15";"0";"2";"12";"1";""
"202100049598";"113 088";"B01";"2";"7";"0";"2";"6";"16";"1";""
"202100049598";"113 089";"A01";"2";"7";"0";"2";"2";"1";"1";""
"202100049599";"113 086";"B01";"2";"30";"0";"2";"1";"13";"1";""
"202100049599";"113 087";"A01";"2";"7";"0";"2";"2";"26";"1";""
"202100049600";"113 084";"B01";"1";"7";"0";"2";"0";"0";"1";""
"202100049600";"113 085";"A01";"1";"33";"0";"2";"1";"2";"1";""
"202100049601";"113 082";"A01";"3";"33";"0";"2";"7";"16";"1";""
"202100049601";"113 083";"B01";"3";"10";"0";"2";"2";"1";"1";""
"202100049602";"113 081";"A01";"3";"7";"0";"1";"2";"1";"1";""
"202100049603";"113 079";"B01";"3";"1";"0";"2";"3";"1";"5";""
"202100049603";"113 080";"A01";"3";"10";"0";"2";"1";"15";"1";""
"202100049604";"113 078";"A01";"3";"7";"8";"2";"7";"2";"1";""
"202100049605";"113 076";"B01";"1";"7";"0";"2";"1";"1";"1";""
"202100049605";"113 077";"A01";"1";"7";"0";"2";"7";"1";"1";""
"202100049606";"113 075";"A01";"3";"7";"0";"1";"7";"1";"1";""
"202100049607";"113 073";"B01";"0";"30";"0";"0";"7";"2";"1";""
"202100049607";"113 074";"A01";"1";"30";"0";"0";"7";"1";"1";""
"202100049608";"113 071";"A01";"1";"7";"0";"2";"1";"2";"1";""
"202100049608";"113 072";"B01";"1";"7";"0";"2";"4";"2";"1";""
"202100049609";"113 067";"B01";"1";"7";"0";"2";"1";"1";"1";""
"202100049609";"113 068";"A01";"1";"7";"0";"2";"4";"1";"1";""
"202100049609";"113 069";"D01";"1";"7";"0";"2";"1";"1";"1";""
"202100049609";"113 070";"C01";"1";"7";"0";"2";"1";"1";"1";""
"202100049610";"113 065";"A01";"1";"33";"0";"2";"8";"1";"1";""
"202100049610";"113 066";"B01";"1";"7";"0";"2";"2";"16";"1";""
"202100049611";"113 063";"B01";"0";"7";"0";"2";"1";"15";"1";""
"202100049611";"113 064";"A01";"0";"7";"0";"2";"3";"1";"1";""
"202100049612";"113 061";"A01";"0";"7";"0";"2";"2";"15";"1";""
"202100049612";"113 062";"B01";"0";"33";"0";"2";"1";"2";"1";""
"202100049613";"113 059";"B01";"3";"1";"0";"2";"5";"19";"5";""
"202100049613";"113 060";"A01";"3";"7";"0";"2";"5";"26";"1";""
"202100049614";"113 057";"A01";"0";"33";"0";"2";"1";"1";"1";""
"202100049614";"113 058";"B01";"0";"7";"0";"2";"1";"15";"1";""
"202100049615";"113 056";"A01";"0";"7";"1";"0";"1";"21";"1";""
"202100049616";"113 055";"A01";"0";"7";"0";"1";"1";"1";"1";""
"202100049617";"113 052";"A01";"2";"1";"0";"0";"0";"1";"5";""
"202100049618";"113 051";"A01";"1";"3";"0";"1";"1";"1";"1";""
"202100049619";"113 049";"A01";"1";"7";"0";"2";"1";"1";"1";""
"202100049619";"113 050";"B01";"2";"7";"0";"2";"1";"15";"1";""
"202100049620";"113 048";"A01";"1";"7";"0";"1";"0";"9";"1";""
"202100049621";"113 046";"B01";"1";"30";"0";"2";"1";"1";"1";""
"202100049621";"113 047";"A01";"1";"7";"0";"2";"5";"15";"1";""
"202100049622";"113 045";"A01";"1";"80";"0";"1";"0";"1";"3";""
"202100049623";"113 044";"A01";"1";"7";"0";"1";"1";"1";"1";""
"202100049624";"113 042";"B01";"1";"1";"0";"2";"1";"2";"5";""
"202100049624";"113 043";"A01";"1";"7";"0";"2";"4";"2";"1";""
"202100049625";"113 041";"A01";"1";"7";"0";"1";"1";"15";"2";""
"202100049626";"113 038";"C01";"1";"7";"0";"2";"4";"2";"1";""
"202100049626";"113 039";"B01";"1";"7";"0";"2";"4";"2";"1";""
"202100049626";"113 040";"A01";"1";"7";"0";"2";"1";"2";"1";""
"202100049627";"113 034";"B01";"1";"7";"0";"2";"4";"23";"1";""
"202100049627";"113 035";"A01";"1";"7";"0";"2";"1";"1";"1";""
"202100049627";"113 036";"C01";"1";"7";"0";"2";"4";"23";"1";""
"202100049627";"113 037";"D01";"1";"7";"0";"2";"4";"23";"1";""
"202100049628";"113 032";"A01";"2";"7";"0";"2";"2";"15";"1";""
"202100049628";"113 033";"B01";"1";"10";"0";"2";"1";"1";"1";""
"202100049629";"113 030";"A01";"2";"7";"0";"2";"2";"15";"1";""
"202100049629";"113 031";"B01";"1";"7";"0";"2";"3";"1";"1";""
"202100049630";"113 029";"A01";"1";"1";"0";"2";"0";"1";"5";""
"202100049631";"113 026";"A01";"1";"7";"0";"2";"0";"0";"1";""
"202100049631";"113 027";"C01";"3";"7";"0";"2";"1";"23";"1";""
"202100049631";"113 028";"B01";"3";"7";"0";"2";"1";"9";"1";""
"202100049632";"113 024";"B01";"1";"7";"0";"2";"3";"1";"1";""
"202100049632";"113 025";"A01";"2";"30";"0";"2";"1";"13";"1";""
"202100049633";"113 023";"A01";"2";"33";"12";"0";"3";"13";"1";""
"202100049634";"113 021";"A01";"1";"7";"0";"2";"2";"15";"1";""
"202100049634";"113 022";"B01";"1";"33";"0";"2";"1";"1";"1";""
"202100049635";"113 020";"A01";"1";"2";"15";"0";"1";"1";"1";""
"202100049636";"113 019";"A01";"1";"7";"0";"1";"6";"4";"1";""
"202100049637";"113 017";"B01";"2";"7";"0";"2";"2";"1";"1";""
"202100049637";"113 018";"A01";"3";"10";"0";"2";"3";"1";"1";""
"202100049638";"113 015";"B01";"3";"50";"0";"2";"0";"1";"3";""
"202100049638";"113 016";"A01";"3";"7";"0";"9";"1";"20";"1";""
"202100049639";"113 013";"A01";"0";"1";"0";"2";"1";"5";"5";""
"202100049639";"113 014";"B01";"0";"1";"0";"0";"1";"1";"5";""
"202100049640";"113 011";"A01";"3";"7";"0";"2";"1";"15";"1";""
"202100049640";"113 012";"B01";"3";"1";"0";"2";"8";"1";"5";""
"202100049641";"113 010";"A01";"3";"7";"0";"1";"1";"1";"1";""
"202100049642";"113 008";"A01";"2";"7";"0";"2";"3";"9";"1";""
"202100049642";"113 009";"B01";"2";"33";"0";"2";"5";"1";"1";""
"202100049643";"113 005";"A01";"2";"2";"1";"0";"1";"2";"1";""
"202100049643";"113 006";"B01";"2";"7";"0";"2";"6";"23";"1";""
"202100049643";"113 007";"C01";"1";"15";"0";"2";"6";"21";"1";""
"202100049644";"113 003";"B01";"2";"33";"0";"2";"1";"1";"1";""
"202100049644";"113 004";"A01";"2";"7";"0";"2";"3";"15";"1";""
"202100049645";"113 001";"B01";"1";"7";"0";"2";"7";"1";"1";""
"202100049645";"113 002";"A01";"3";"7";"0";"2";"1";"16";"1";""
"202100049646";"112 999";"B01";"2";"7";"0";"2";"8";"1";"1";""
"202100049646";"113 000";"A01";"2";"7";"0";"2";"2";"16";"1";""
"202100049647";"112 997";"B01";"1";"7";"0";"2";"3";"15";"1";""
"202100049647";"112 998";"A01";"1";"33";"0";"2";"2";"17";"1";""
"202100049648";"112 995";"A01";"1";"7";"0";"2";"3";"21";"1";""
"202100049648";"112 996";"B01";"1";"2";"0";"2";"1";"17";"1";""
"202100049649";"112 993";"[01";"1";"7";"0";"2";"3";"1";"1";""
"202100049649";"112 994";"]01";"2";"7";"0";"2";"2";"19";"1";""
"202100049650";"112 991";"B01";"1";"7";"1";"2";"8";"16";"1";""
"202100049650";"112 992";"A01";"1";"7";"1";"2";"1";"1";"1";""
"202100049651";"112 990";"A01";"1";"7";"0";"1";"2";"1";"1";""
"202100049652";"112 988";"B01";"1";"10";"0";"2";"1";"1";"1";""
"202100049652";"112 989";"A01";"0";"15";"0";"2";"6";"19";"1";""
"202100049653";"112 986";"A01";"1";"33";"0";"2";"1";"1";"1";""
"202100049653";"112 987";"B01";"2";"7";"0";"2";"2";"15";"1";""
"202100049654";"112 984";"B01";"0";"10";"0";"2";"4";"1";"1";""
"202100049654";"112 985";"A01";"1";"7";"0";"2";"1";"1";"1";""
"202100049655";"112 982";"B01";"1";"7";"0";"2";"3";"16";"0";""
"202100049655";"112 983";"A01";"3";"7";"0";"2";"3";"19";"1";""
"202100049656";"112 981";"A01";"1";"2";"1";"0";"1";"14";"1";""
"202100049657";"112 979";"A01";"2";"10";"0";"2";"2";"12";"1";""
"202100049657";"112 980";"B01";"2";"31";"0";"2";"8";"1";"1";""
"202100049658";"112 978";"A01";"1";"7";"0";"0";"9";"13";"1";""
"202100049659";"112 976";"A01";"1";"7";"0";"2";"5";"15";"1";""
"202100049659";"112 977";"B01";"1";"30";"0";"2";"1";"18";"1";""