"Num_Acc";"id_vehicule";"num_veh";"senc";"catv";"obs";"obsm";"choc";"manv";"motor";"occutc"
"202100049660";"112 974";"B01";"1";"2";"0";"2";"8";"7";"1";""
"202100049660";"112 975";"A01";"1";"7";"0";"2";"7";"16";"1";""
"202100049661";"112 972";"A01";"3";"31";"0";"2";"1";"1";"1";""
"202100049661";"112 973";"B01";"3";"7";"0";"2";"5";"23";"3";""
"202100049662";"112 970";"A01";"2";"10";"0";"2";"3";"15";"1";""
"202100049662";"112 971";"B01";"2";"33";"0";"2";"7";"17";"1";""
"202100049663";"112 969";"A01";"1";"7";"0";"1";"1";"15";"1";""
"202100049664";"112 967";"B01";"1";"50";"0";"2";"8";"1";"3";""
"202100049664";"112 968";"A01";"1";"7";"0";"2";"1";"1";"1";""
"202100049665";"112 966";"A01";"1";"1";"0";"2";"1";"21";"5";""
"202100049666";"112 964";"A01";"1";"32";"0";"2";"2";"13";"1";""
"202100049666";"112 965";"B01";"1";"10";"0";"2";"6";"23";"1";""
"202100049667";"112 962";"A01";"1";"30";"0";"2";"8";"11";"1";""
"202100049667";"112 963";"B01";"1";"7";"0";"2";"0";"1";"1";""
"202100049668";"112 960";"A01";"1";"2";"0";"2";"1";"16";"1";""
"202100049668";"112 961";"B01";"1";"10";"0";"2";"4";"26";"1";""
"202100049669";"112 958";"A01";"1";"50";"0";"2";"1";"15";"3";""
"202100049669";"112 959";"B01";"1";"7";"0";"2";"3";"1";"1";""
"202100049670";"112 956";"B01";"1";"33";"0";"2";"1";"1";"1";""
"202100049670";"112 957";"A01";"2";"7";"0";"2";"3";"15";"1";""
"202100049671";"112 954";"A01";"1";"7";"0";"2";"7";"1";"1";""
"202100049671";"112 955";"B01";"2";"7";"1";"2";"2";"1";"1";""
"202100049672";"112 952";"A01";"2";"7";"0";"2";"5";"15";"1";""
"202100049672";"112 953";"B01";"2";"31";"0";"2";"2";"1";"1";""
"202100049673";"112 950";"B01";"2";"33";"0";"2";"3";"2";"1";""
"202100049673";"112 951";"A01";"2";"10";"0";"2";"7";"2";"1";""
"202100049674";"112 949";"A01";"2";"7";"15";"0";"3";"1";"1";""
"202100049675";"112 947";"A01";"2";"7";"0";"2";"8";"11";"1";""
"202100049675";"112 948";"B01";"2";"43";"0";"2";"2";"2";"1";""
"202100049676";"112 946";"A01";"0";"7";"0";"1";"1";"1";"1";""
"202100049677";"112 943";"C01";"1";"7";"0";"2";"3";"1";"2";""
"202100049677";"112 944";"A01";"2";"7";"0";"2";"2";"13";"2";""
"202100049677";"112 945";"B01";"2";"7";"0";"2";"6";"2";"1";""
"202100049678";"112 941";"B01";"1";"7";"0";"2";"4";"23";"2";""
"202100049678";"112 942";"A01";"1";"7";"0";"2";"1";"2";"1";""
"202100049679";"112 939";"B01";"1";"7";"14";"0";"4";"2";"1";""
"202100049679";"112 940";"A01";"1";"7";"0";"2";"1";"2";"1";""
"202100049680";"112 937";"B01";"0";"32";"0";"2";"3";"1";"1";""
"202100049680";"112 938";"A01";"0";"7";"0";"2";"2";"19";"1";""
"202100049681";"112 935";"B01";"2";"7";"0";"2";"2";"2";"1";""
"202100049681";"112 936";"A01";"2";"7";"0";"2";"3";"9";"1";""
"202100049682";"112 933";"B01";"1";"7";"0";"2";"6";"15";"3";""
"202100049682";"112 934";"A01";"1";"33";"0";"2";"1";"17";"1";""
"202100049683";"112 931";"B01";"2";"33";"0";"2";"1";"19";"1";""
"202100049683";"112 932";"A01";"2";"7";"0";"2";"7";"9";"1";""
"202100049684";"112 929";"B01";"3";"7";"0";"2";"1";"1";"0";""
"202100049684";"112 930";"A01";"3";"7";"2";"2";"2";"15";"0";""
"202100049685";"112 928";"A01";"1";"10";"0";"1";"3";"15";"1";""
"202100049686";"112 927";"A01";"1";"7";"0";"1";"1";"1";"0";""
"202100049687";"112 926";"A01";"2";"7";"0";"1";"1";"1";"1";""
"202100049688";"112 924";"A01";"1";"7";"0";"2";"2";"16";"1";""
"202100049688";"112 925";"B01";"1";"50";"0";"2";"1";"1";"3";""
"202100049689";"112 922";"A01";"1";"10";"0";"1";"3";"15";"1";""
"202100049689";"112 923";"B01";"1";"1";"0";"2";"4";"23";"5";""
"202100049690";"112 921";"A01";"1";"7";"11";"0";"1";"1";"1";""
"202100049691";"112 920";"A01";"2";"7";"0";"1";"1";"1";"1";""
"202100049692";"112 919";"A01";"0";"7";"0";"1";"1";"1";"1";""
"202100049693";"112 918";"A01";"0";"7";"2";"0";"9";"0";"1";""
"202100049694";"112 916";"A01";"0";"32";"0";"2";"2";"1";"1";""
"202100049694";"112 917";"B01";"0";"10";"0";"2";"3";"9";"1";""
"202100049695";"112 912";"A01";"1";"7";"0";"2";"1";"17";"1";""
"202100049695";"112 913";"B01";"1";"7";"0";"2";"6";"15";"1";""
"202100049696";"112 910";"B01";"2";"7";"0";"2";"3";"1";"1";""
"202100049696";"112 911";"A01";"1";"7";"0";"0";"1";"13";"1";""
"202100049697";"112 906";"A01";"1";"7";"0";"2";"2";"17";"1";""
"202100049697";"112 907";"B01";"1";"2";"0";"2";"8";"15";"1";""
"202100049698";"112 904";"A01";"1";"7";"2";"0";"1";"1";"1";""
"202100049698";"112 905";"B01";"2";"7";"0";"9";"8";"1";"1";""
"202100049699";"112 903";"A01";"1";"33";"0";"0";"9";"2";"1";""
"202100049700";"112 901";"A01";"2";"7";"0";"0";"4";"15";"1";""
"202100049700";"112 902";"B01";"2";"14";"0";"2";"1";"1";"1";""
"202100049701";"112 900";"A01";"1";"31";"9";"0";"1";"1";"1";""
"202100049702";"112 899";"A01";"2";"7";"0";"1";"3";"15";"1";""
"202100049703";"112 897";"A01";"2";"7";"3";"2";"1";"14";"1";""
"202100049703";"112 898";"B01";"1";"7";"0";"2";"3";"1";"1";""
"202100049704";"112 896";"A01";"1";"14";"8";"0";"1";"1";"1";""
"202100049705";"112 895";"A01";"2";"7";"2";"0";"3";"1";"1";""
"202100049706";"112 894";"A01";"2";"7";"16";"0";"0";"13";"1";""
"202100049707";"112 892";"A01";"0";"10";"0";"2";"1";"1";"1";""
"202100049707";"112 893";"B01";"0";"7";"0";"2";"8";"15";"1";""
"202100049708";"112 891";"A01";"1";"7";"0";"1";"3";"15";"1";""
"202100049709";"112 890";"A01";"2";"33";"16";"0";"0";"1";"1";""
"202100049710";"112 888";"A01";"2";"7";"0";"0";"1";"5";"1";""
"202100049710";"112 889";"B01";"1";"7";"0";"2";"1";"1";"1";""
"202100049711";"112 887";"A01";"1";"7";"2";"0";"1";"1";"1";""
"202100049712";"112 885";"B01";"1";"7";"0";"2";"2";"1";"1";""
"202100049712";"112 886";"A01";"1";"2";"0";"0";"4";"0";"1";""
"202100049713";"112 883";"A01";"1";"10";"0";"2";"5";"15";"1";""
"202100049713";"112 884";"B01";"2";"33";"0";"2";"2";"1";"1";""
"202100049714";"112 881";"A01";"3";"32";"0";"2";"1";"1";"1";""
"202100049714";"112 882";"B01";"3";"7";"0";"2";"3";"15";"1";""
"202100049715";"112 880";"A01";"2";"7";"0";"1";"5";"4";"1";""
"202100049716";"112 877";"A01";"1";"7";"13";"0";"1";"13";"1";""
"202100049717";"112 875";"A01";"1";"7";"0";"2";"6";"13";"1";""
"202100049717";"112 876";"B01";"1";"33";"0";"2";"2";"13";"1";""
"202100049718";"112 874";"A01";"1";"7";"13";"6";"1";"1";"1";""
"202100049719";"112 873";"A01";"2";"7";"6";"0";"8";"1";"1";""
"202100049720";"112 872";"A01";"1";"0";"0";"1";"2";"0";"0";""
"202100049721";"112 871";"A01";"2";"7";"0";"1";"1";"15";"1";""
"202100049722";"112 869";"B01";"2";"1";"0";"2";"1";"1";"5";""
"202100049722";"112 870";"A01";"1";"7";"0";"2";"2";"5";"1";""
"202100049723";"112 868";"A01";"2";"2";"0";"1";"1";"1";"1";""
"202100049724";"112 867";"A01";"2";"7";"13";"0";"1";"13";"1";""
"202100049725";"112 865";"B01";"2";"1";"0";"2";"1";"1";"5";""
"202100049725";"112 866";"A01";"1";"7";"0";"9";"2";"15";"1";""
"202100049726";"112 863";"B01";"2";"7";"15";"2";"3";"1";"1";""
"202100049726";"112 864";"A01";"1";"7";"15";"2";"3";"1";"1";""
"202100049727";"112 861";"A01";"2";"7";"7";"2";"7";"19";"1";""
"202100049727";"112 862";"B01";"1";"10";"0";"2";"1";"1";"1";""
"202100049728";"112 860";"A01";"3";"7";"0";"1";"3";"15";"1";""
"202100049729";"112 859";"A01";"1";"39";"0";"1";"1";"1";"3";""
"202100049730";"112 856";"A01";"2";"7";"0";"2";"1";"2";"1";""
"202100049730";"112 857";"B01";"2";"7";"0";"2";"4";"1";"1";""
"202100049730";"112 858";"C01";"2";"7";"0";"2";"4";"1";"1";""
"202100049731";"112 854";"B01";"2";"7";"0";"2";"5";"14";"1";""
"202100049731";"112 855";"A01";"2";"33";"0";"2";"3";"3";"1";""
"202100049732";"112 852";"B01";"2";"7";"0";"2";"6";"1";"0";""
"202100049732";"112 853";"A01";"2";"7";"0";"2";"2";"14";"1";""
"202100049733";"112 850";"B01";"1";"33";"0";"2";"1";"2";"1";""
"202100049733";"112 851";"A01";"1";"7";"0";"2";"6";"1";"1";""
"202100049734";"112 848";"B01";"2";"7";"0";"2";"4";"2";"1";""
"202100049734";"112 849";"A01";"2";"34";"0";"2";"1";"3";"1";""
"202100049735";"112 846";"A01";"2";"32";"0";"0";"4";"26";"1";""
"202100049735";"112 847";"B01";"2";"10";"0";"2";"1";"26";"1";""
"202100049736";"112 843";"A01";"1";"7";"0";"2";"0";"10";"0";""
"202100049736";"112 844";"B01";"1";"7";"0";"2";"1";"1";"1";""
"202100049736";"112 845";"C01";"1";"7";"0";"2";"3";"1";"1";""
"202100049737";"112 841";"B01";"2";"32";"0";"2";"1";"1";"1";""
"202100049737";"112 842";"A01";"1";"7";"0";"2";"2";"19";"1";""
"202100049738";"112 839";"A01";"1";"30";"0";"2";"2";"1";"1";""
"202100049738";"112 840";"B01";"1";"7";"0";"2";"8";"1";"1";""
"202100049739";"112 837";"B01";"2";"7";"0";"2";"3";"1";"1";""
"202100049739";"112 838";"A01";"1";"7";"0";"2";"2";"1";"1";""
"202100049740";"112 835";"A01";"1";"7";"0";"2";"3";"15";"1";""
"202100049740";"112 836";"B01";"1";"50";"0";"2";"2";"1";"3";""
"202100049741";"112 833";"B01";"2";"7";"0";"2";"8";"1";"1";""
"202100049741";"112 834";"A01";"1";"50";"0";"2";"1";"5";"3";""
"202100049742";"112 832";"A01";"3";"7";"0";"1";"1";"16";"1";""
"202100049743";"112 830";"A01";"1";"10";"0";"2";"1";"9";"1";""
"202100049743";"112 831";"B01";"2";"7";"0";"2";"0";"0";"1";""
"202100049744";"112 826";"C01";"1";"10";"0";"2";"4";"2";"1";""
"202100049744";"112 827";"D01";"1";"7";"0";"2";"8";"1";"1";""
"202100049744";"112 828";"B01";"1";"7";"0";"2";"4";"2";"2";""
"202100049744";"112 829";"A01";"1";"7";"0";"2";"1";"2";"1";""
"202100049745";"112 824";"B01";"2";"7";"0";"2";"4";"2";"1";""
"202100049745";"112 825";"A01";"2";"30";"14";"0";"1";"2";"1";""
"202100049746";"112 822";"A01";"0";"31";"0";"2";"2";"1";"0";""
"202100049746";"112 823";"Y01";"0";"1";"0";"2";"0";"0";"5";""
"202100049747";"112 819";"T01";"1";"50";"0";"2";"1";"18";"3";""
"202100049747";"112 820";"A01";"1";"7";"0";"2";"7";"22";"1";""
"202100049748";"112 816";"B01";"2";"7";"0";"2";"2";"1";"1";""
"202100049748";"112 817";"C01";"1";"7";"0";"2";"3";"1";"1";""
"202100049748";"112 818";"A01";"2";"7";"0";"2";"1";"1";"1";""
"202100049749";"112 814";"B01";"2";"7";"0";"2";"5";"2";"1";""
"202100049749";"112 815";"A01";"2";"7";"0";"2";"2";"2";"1";""
"202100049750";"112 813";"B01";"1";"33";"8";"0";"8";"13";"1";""
"202100049751";"112 812";"A01";"2";"7";"8";"0";"3";"1";"1";""
"202100049752";"112 811";"A01";"2";"33";"0";"0";"8";"1";"1";""
"202100049753";"112 810";"A01";"2";"7";"0";"1";"1";"1";"1";""
"202100049754";"112 808";"A01";"0";"7";"0";"2";"2";"26";"1";""
"202100049754";"112 809";"B01";"3";"7";"0";"2";"1";"1";"1";""
"202100049755";"112 806";"P01";"1";"1";"16";"9";"3";"2";"5";""
"202100049755";"112 807";"Z01";"1";"7";"16";"0";"2";"2";"1";""
"202100049756";"112 804";"B01";"1";"99";"0";"2";"6";"2";"1";""
"202100049756";"112 805";"A01";"1";"31";"0";"2";"1";"2";"1";""
"202100049757";"112 802";"A01";"1";"7";"0";"2";"1";"1";"1";""
"202100049757";"112 803";"B01";"1";"7";"0";"2";"4";"15";"1";""
"202100049758";"112 800";"A01";"1";"7";"0";"2";"3";"9";"1";""
"202100049758";"112 801";"B01";"0";"33";"0";"2";"1";"1";"1";""
"202100049759";"112 799";"A01";"1";"1";"1";"0";"2";"0";"0";""
"202100049760";"112 798";"A01";"0";"7";"15";"0";"2";"15";"1";""
"202100049761";"112 794";"A01";"1";"7";"0";"1";"3";"1";"1";""
"202100049762";"112 793";"A01";"3";"10";"0";"1";"1";"1";"1";""
"202100049763";"112 791";"B01";"2";"7";"0";"2";"6";"1";"1";""
"202100049763";"112 792";"A01";"2";"31";"0";"2";"1";"1";"1";""
"202100049764";"112 787";"A01";"1";"50";"0";"2";"1";"1";"3";""
"202100049764";"112 788";"Z01";"1";"7";"0";"2";"3";"1";"1";""
"202100049765";"112 785";"A01";"3";"7";"0";"2";"4";"1";"1";""
"202100049765";"112 786";"B01";"3";"7";"0";"2";"1";"1";"1";""
"202100049766";"112 783";"B01";"3";"30";"0";"2";"8";"1";"1";""
"202100049766";"112 784";"A01";"3";"7";"0";"2";"1";"15";"1";""
"202100049767";"112 781";"A01";"3";"7";"0";"2";"2";"1";"1";""
"202100049767";"112 782";"B01";"3";"80";"0";"2";"7";"19";"3";""
"202100049768";"112 780";"A01";"1";"7";"0";"1";"2";"16";"1";""
"202100049769";"112 778";"B01";"2";"30";"0";"2";"1";"1";"1";""
"202100049769";"112 779";"A01";"2";"30";"0";"2";"8";"10";"1";""
"202100049770";"112 776";"B01";"1";"1";"0";"2";"4";"7";"5";""
"202100049770";"112 777";"A01";"1";"37";"0";"2";"2";"7";"2";"1"
"202100049771";"112 774";"B01";"2";"7";"0";"2";"5";"1";"1";""
"202100049771";"112 775";"A01";"3";"32";"0";"2";"1";"1";"1";""
"202100049772";"112 772";"A01";"1";"30";"0";"2";"3";"7";"3";""
"202100049772";"112 773";"B01";"1";"3";"0";"2";"7";"16";"1";""
"202100049773";"112 771";"A01";"2";"1";"0";"0";"0";"1";"5";""
"202100049774";"112 769";"A01";"3";"30";"0";"2";"0";"17";"1";""
"202100049774";"112 770";"B01";"0";"10";"0";"2";"0";"15";"1";""
"202100049775";"112 768";"A01";"1";"33";"7";"0";"1";"21";"1";""
"202100049776";"112 767";"A01";"1";"1";"11";"0";"1";"1";"5";""
"202100049777";"112 766";"A01";"2";"1";"0";"1";"5";"1";"5";""
"202100049778";"112 765";"A01";"2";"50";"0";"0";"0";"1";"3";""
"202100049779";"112 762";"B01";"2";"7";"0";"2";"2";"2";"1";""
"202100049779";"112 763";"C01";"1";"7";"0";"2";"1";"2";"1";""
"202100049779";"112 764";"A01";"1";"7";"0";"2";"3";"16";"1";""
"202100049780";"112 761";"A01";"1";"7";"4";"0";"1";"1";"1";""
"202100049781";"112 760";"A01";"1";"7";"0";"1";"1";"1";"0";""
"202100049782";"112 759";"A01";"2";"7";"6";"0";"1";"19";"1";""
"202100049783";"112 757";"B01";"2";"30";"0";"2";"0";"0";"1";""
"202100049783";"112 758";"A01";"1";"10";"0";"2";"8";"1";"1";""
"202100049784";"112 755";"B01";"2";"7";"0";"2";"3";"16";"1";""
"202100049784";"112 756";"A01";"2";"7";"0";"2";"2";"1";"1";""
"202100049785";"112 754";"A01";"1";"7";"0";"1";"1";"1";"1";""
"202100049786";"112 752";"A01";"1";"32";"0";"2";"1";"0";"1";""
"202100049786";"112 753";"B01";"2";"7";"0";"2";"1";"15";"1";""
"202100049787";"112 751";"A01";"0";"10";"2";"0";"3";"1";"3";""
"202100049788";"112 750";"A01";"2";"7";"5";"0";"1";"1";"1";""
"202100049789";"112 748";"B01";"1";"10";"0";"9";"2";"1";"1";""
"202100049789";"112 749";"A01";"3";"1";"0";"2";"1";"15";"6";""
"202100049790";"112 747";"A01";"2";"33";"0";"0";"8";"1";"1";""
"202100049791";"112 745";"A01";"1";"7";"0";"2";"1";"9";"1";""
"202100049791";"112 746";"B01";"1";"33";"0";"0";"7";"1";"1";""
"202100049792";"112 743";"B01";"1";"15";"0";"2";"4";"1";"1";""
"202100049792";"112 744";"A01";"1";"10";"0";"2";"1";"12";"1";""
"202100049793";"112 742";"A01";"1";"7";"4";"0";"1";"13";"1";""
"202100049794";"112 740";"B01";"1";"7";"0";"0";"3";"0";"1";""
"202100049794";"112 741";"A01";"2";"7";"8";"2";"1";"13";"1";""
"202100049795";"112 738";"A01";"1";"7";"0";"0";"6";"15";"1";""
"202100049795";"112 739";"B01";"2";"33";"0";"2";"1";"1";"0";""
"202100049796";"112 736";"A01";"1";"7";"0";"2";"1";"19";"1";""
"202100049796";"112 737";"B01";"2";"33";"0";"2";"7";"1";"1";""
"202100049797";"112 733";"A01";"2";"7";"0";"0";"4";"2";"1";""
"202100049797";"112 734";"B01";"2";"7";"0";"0";"4";"2";"1";""
"202100049797";"112 735";"C01";"2";"7";"0";"2";"1";"2";"1";""
"202100049798";"112 732";"A01";"3";"7";"2";"0";"1";"0";"1";""
"202100049799";"112 731";"A01";"2";"7";"0";"1";"3";"1";"1";""
"202100049800";"112 730";"A01";"1";"7";"2";"0";"3";"19";"1";""
"202100049801";"112 727";"A01";"1";"7";"0";"2";"9";"15";"1";""
"202100049801";"112 728";"B01";"2";"7";"2";"2";"3";"1";"1";""
"202100049801";"112 729";"C01";"3";"7";"0";"2";"1";"1";"1";""
"202100049802";"112 726";"A01";"3";"32";"9";"0";"1";"1";"1";""
"202100049803";"112 724";"A01";"2";"10";"0";"2";"7";"17";"1";""
"202100049803";"112 725";"B01";"2";"1";"0";"0";"8";"1";"5";""
"202100049804";"112 722";"B01";"1";"10";"0";"2";"7";"1";"1";""
"202100049804";"112 723";"A01";"1";"7";"0";"0";"1";"1";"1";""
"202100049805";"112 721";"A01";"1";"7";"0";"0";"9";"1";"1";""
"202100049806";"112 719";"B01";"1";"1";"0";"2";"1";"2";"5";""
"202100049806";"112 720";"A01";"1";"7";"0";"2";"4";"2";"1";""
"202100049807";"112 718";"A01";"1";"33";"7";"0";"8";"1";"1";""
"202100049808";"112 716";"B01";"1";"2";"0";"2";"8";"2";"3";""
"202100049808";"112 717";"A01";"1";"10";"0";"2";"7";"17";"0";""
"202100049809";"112 714";"B01";"2";"1";"0";"2";"8";"15";"0";""
"202100049809";"112 715";"A01";"2";"7";"0";"9";"7";"17";"1";""
"202100049810";"112 713";"A01";"2";"7";"13";"0";"3";"0";"1";""
"202100049811";"112 712";"A01";"1";"7";"0";"1";"1";"1";"1";""
"202100049812";"112 711";"A01";"3";"3";"0";"0";"9";"1";"1";""
"202100049813";"112 710";"A01";"3";"7";"13";"0";"1";"1";"1";""
"202100049814";"112 708";"A01";"2";"2";"0";"2";"0";"16";"1";""
"202100049814";"112 709";"B01";"1";"7";"0";"2";"1";"0";"1";""
"202100049815";"112 707";"A01";"2";"7";"2";"0";"8";"1";"1";""
"202100049816";"112 706";"A01";"2";"10";"8";"0";"1";"13";"1";""
"202100049817";"112 704";"A01";"2";"33";"0";"2";"1";"1";"1";""
"202100049817";"112 705";"B01";"2";"7";"0";"0";"4";"1";"1";""
"202100049818";"112 703";"A01";"1";"7";"2";"0";"2";"1";"1";""
"202100049819";"112 701";"B01";"1";"33";"0";"2";"8";"3";"0";""
"202100049819";"112 702";"A01";"2";"7";"0";"2";"8";"15";"1";""
"202100049820";"112 699";"A01";"3";"7";"0";"2";"2";"26";"1";""
"202100049820";"112 700";"B01";"3";"43";"0";"2";"7";"1";"1";""
"202100049821";"112 697";"B01";"1";"17";"0";"0";"0";"2";"1";""
"202100049821";"112 698";"A01";"1";"7";"0";"2";"5";"2";"1";""
"202100049822";"112 690";"A01";"1";"7";"0";"2";"1";"2";"1";""
"202100049822";"112 691";"B01";"1";"7";"0";"2";"4";"2";"1";""
"202100049822";"112 692";"C01";"1";"10";"0";"2";"1";"2";"1";""
"202100049822";"112 693";"D01";"1";"7";"0";"2";"0";"1";"1";""
"202100049822";"112 694";"E01";"1";"7";"0";"2";"4";"1";"1";""
"202100049822";"112 695";"F01";"1";"10";"0";"2";"4";"1";"1";""
"202100049822";"112 696";"G01";"1";"7";"0";"2";"4";"1";"1";""
"202100049823";"112 689";"A01";"1";"33";"3";"0";"8";"17";"1";""
"202100049824";"112 687";"A01";"1";"7";"0";"2";"3";"9";"1";""
"202100049824";"112 688";"B01";"2";"33";"0";"2";"1";"1";"1";""
"202100049825";"112 685";"A01";"2";"33";"0";"0";"7";"16";"1";""
"202100049825";"112 686";"B01";"2";"7";"0";"2";"3";"16";"1";""
"202100049826";"112 683";"A01";"2";"7";"0";"2";"2";"1";"1";""
"202100049826";"112 684";"B01";"1";"7";"0";"2";"2";"15";"2";""
"202100049827";"112 682";"A01";"1";"31";"2";"0";"1";"0";"1";""
"202100049828";"112 680";"A01";"1";"7";"0";"2";"1";"17";"1";""
"202100049828";"112 681";"B01";"2";"7";"0";"2";"1";"1";"1";""
"202100049829";"112 677";"A01";"0";"36";"17";"0";"1";"1";"1";""
"202100049830";"112 676";"A01";"2";"21";"0";"0";"8";"1";"1";""
"202100049831";"112 674";"A01";"0";"7";"0";"0";"7";"19";"1";""
"202100049831";"112 675";"B01";"0";"33";"0";"0";"0";"1";"1";""
"202100049832";"112 672";"A01";"2";"7";"0";"2";"1";"9";"1";""
"202100049832";"112 673";"B01";"2";"2";"0";"2";"7";"21";"1";""
"202100049833";"112 670";"A01";"3";"33";"0";"2";"1";"1";"1";""
"202100049833";"112 671";"B01";"3";"7";"0";"2";"2";"19";"1";""
"202100049834";"112 668";"A01";"1";"2";"0";"2";"1";"1";"1";""
"202100049834";"112 669";"B01";"0";"7";"0";"0";"3";"9";"1";""
"202100049835";"112 667";"A01";"2";"17";"0";"1";"2";"2";"6";""
"202100049836";"112 664";"C01";"1";"7";"0";"2";"1";"1";"1";""
"202100049836";"112 665";"B01";"1";"7";"0";"2";"1";"2";"1";""
"202100049836";"112 666";"A01";"1";"7";"0";"2";"4";"23";"1";""
"202100049837";"112 660";"D01";"1";"7";"0";"2";"1";"2";"1";""
"202100049837";"112 661";"C01";"1";"7";"0";"2";"4";"2";"1";""
"202100049837";"112 662";"B01";"1";"7";"0";"2";"4";"2";"1";""
"202100049837";"112 663";"A01";"1";"7";"0";"2";"4";"1";"1";""
"202100049838";"112 658";"B01";"2";"7";"0";"2";"4";"2";"1";""
"202100049838";"112 659";"C01";"2";"7";"0";"2";"1";"2";"1";""
"202100049839";"112 656";"A01";"2";"7";"0";"2";"4";"1";"1";""
"202100049839";"112 657";"B01";"2";"7";"0";"2";"1";"2";"1";""
"202100049840";"112 654";"A01";"1";"7";"0";"2";"4";"1";"1";""
"202100049840";"112 655";"B01";"1";"10";"0";"2";"3";"2";"1";""
"202100049841";"112 650";"D01";"2";"7";"0";"2";"1";"1";"1";""
"202100049841";"112 651";"C01";"2";"10";"0";"2";"4";"2";"1";""
"202100049841";"112 652";"B01";"2";"7";"0";"2";"4";"1";"1";""
"202100049841";"112 653";"A01";"2";"7";"0";"2";"4";"1";"1";""
"202100049842";"112 649";"A01";"1";"7";"4";"0";"1";"1";"1";""
"202100049843";"112 645";"B01";"1";"7";"0";"2";"4";"23";"1";""
"202100049843";"112 646";"A01";"1";"99";"0";"2";"1";"2";"1";""
"202100049843";"112 647";"D01";"1";"7";"0";"2";"4";"23";"1";""
"202100049843";"112 648";"C01";"1";"7";"0";"2";"4";"23";"2";""
"202100049844";"112 643";"B01";"2";"7";"0";"2";"4";"2";"1";""
"202100049844";"112 644";"A01";"2";"33";"0";"2";"1";"2";"1";""
"202100049845";"112 642";"A01";"1";"10";"4";"0";"3";"2";"1";""
"202100049846";"112 639";"C01";"2";"7";"0";"2";"5";"13";"1";""
"202100049846";"112 640";"A01";"2";"7";"0";"2";"3";"18";"1";""
"202100049846";"112 641";"B01";"2";"7";"0";"2";"5";"3";"1";""
"202100049847";"112 637";"A01";"1";"7";"0";"2";"2";"1";"1";""
"202100049847";"112 638";"B01";"1";"7";"0";"2";"6";"1";"1";""
"202100049848";"112 636";"A01";"2";"7";"3";"0";"1";"9";"1";""
"202100049849";"112 634";"A01";"1";"7";"0";"2";"2";"11";"1";""
"202100049849";"112 635";"B01";"1";"7";"0";"2";"3";"1";"1";""
"202100049850";"112 631";"A01";"1";"7";"0";"2";"4";"2";"1";""
"202100049850";"112 632";"B01";"1";"7";"0";"2";"1";"2";"1";""
"202100049850";"112 633";"C01";"1";"7";"0";"2";"1";"2";"1";""
"202100049851";"112 629";"B01";"2";"33";"0";"2";"9";"3";"1";""
"202100049851";"112 630";"A01";"2";"7";"0";"2";"8";"11";"1";""
"202100049852";"112 626";"C01";"2";"7";"0";"2";"1";"1";"1";""
"202100049852";"112 627";"B01";"2";"7";"0";"2";"4";"1";"1";""
"202100049852";"112 628";"A01";"2";"7";"0";"2";"4";"1";"1";""
"202100049853";"112 624";"A01";"1";"7";"3";"2";"5";"17";"1";""
"202100049853";"112 625";"B01";"1";"33";"0";"2";"1";"17";"1";""
"202100049854";"112 622";"B01";"1";"10";"0";"2";"4";"23";"1";""
"202100049854";"112 623";"A01";"1";"7";"0";"2";"1";"2";"1";""
"202100049855";"112 620";"B01";"2";"7";"0";"2";"3";"23";"1";""
"202100049855";"112 621";"A01";"2";"10";"0";"2";"6";"20";"1";""
"202100049856";"112 618";"A01";"2";"33";"0";"2";"0";"17";"1";""
"202100049856";"112 619";"B01";"2";"7";"0";"2";"0";"11";"1";""
"202100049857";"112 615";"B01";"1";"7";"1";"0";"4";"0";"0";""
"202100049857";"112 616";"C01";"1";"7";"16";"0";"6";"0";"1";""
"202100049857";"112 617";"A01";"1";"7";"1";"0";"1";"0";"1";""
"202100049858";"112 613";"A01";"1";"7";"0";"2";"5";"13";"1";""
"202100049858";"112 614";"B01";"1";"7";"0";"2";"6";"1";"1";""
"202100049859";"112 612";"A01";"1";"32";"0";"1";"8";"26";"1";""
"202100049860";"112 611";"A01";"3";"33";"0";"0";"0";"26";"1";""
"202100049861";"112 610";"A01";"3";"33";"0";"0";"0";"1";"1";""
"202100049862";"112 608";"B01";"2";"43";"0";"2";"1";"1";"1";""
"202100049862";"112 609";"A01";"1";"7";"0";"2";"2";"15";"1";""
"202100049863";"112 606";"A01";"2";"7";"0";"2";"3";"15";"1";""
"202100049863";"112 607";"B01";"2";"2";"0";"2";"1";"17";"0";""
"202100049864";"112 605";"A01";"1";"7";"12";"0";"2";"20";"1";""
"202100049865";"112 604";"A01";"2";"10";"15";"0";"1";"1";"1";""
"202100049866";"112 603";"A01";"2";"7";"0";"1";"2";"1";"1";""
"202100049867";"112 601";"B01";"0";"60";"0";"2";"7";"1";"5";""
"202100049867";"112 602";"A01";"2";"7";"0";"9";"2";"16";"1";""
"202100049868";"112 600";"A01";"0";"7";"0";"1";"1";"1";"1";""
"202100049869";"112 598";"A01";"2";"7";"0";"2";"1";"13";"1";""
"202100049869";"112 599";"B01";"1";"21";"0";"0";"0";"0";"1";""
"202100049870";"112 596";"A01";"3";"7";"0";"2";"1";"19";"1";""