"Num_Acc";"id_vehicule";"num_veh";"senc";"catv";"obs";"obsm";"choc";"manv";"motor";"occutc"
"202100050894";"110 707";"B01";"2";"2";"0";"2";"1";"1";"1";""
"202100050895";"110 705";"A01";"2";"2";"0";"0";"1";"1";"1";""
"202100050896";"110 704";"A01";"3";"7";"0";"1";"5";"26";"1";""
"202100050897";"110 701";"C01";"2";"1";"0";"2";"7";"19";"5";""
"202100050897";"110 702";"B01";"2";"7";"0";"2";"4";"23";"1";""
"202100050897";"110 703";"A01";"2";"7";"0";"2";"1";"2";"1";""
"202100050898";"110 700";"A01";"1";"7";"0";"1";"0";"15";"0";""
"202100050899";"110 698";"B01";"1";"1";"0";"2";"1";"26";"5";""
"202100050899";"110 699";"A01";"1";"7";"0";"2";"3";"9";"1";""
"202100050900";"110 696";"A01";"1";"7";"0";"2";"1";"17";"1";""
"202100050900";"110 697";"B01";"2";"7";"0";"2";"1";"1";"1";""
"202100050901";"110 695";"A01";"0";"1";"0";"0";"0";"1";"5";""
"202100050902";"110 693";"B01";"1";"7";"0";"2";"1";"1";"1";""
"202100050902";"110 694";"A01";"3";"10";"0";"2";"8";"19";"1";""
"202100050903";"110 691";"B01";"1";"7";"0";"2";"2";"1";"1";""
"202100050903";"110 692";"A01";"1";"7";"0";"2";"1";"9";"1";""
"202100050904";"110 689";"B01";"1";"7";"0";"2";"4";"1";"1";""
"202100050904";"110 690";"A01";"1";"7";"0";"2";"1";"2";"1";""
"202100050905";"110 687";"A01";"2";"30";"0";"2";"2";"15";"1";""
"202100050905";"110 688";"B01";"1";"30";"0";"2";"1";"1";"1";""
"202100050906";"110 685";"B01";"2";"7";"0";"2";"1";"1";"1";""
"202100050906";"110 686";"A01";"2";"30";"0";"2";"4";"1";"1";""
"202100050907";"110 683";"B01";"1";"33";"0";"2";"9";"1";"1";""
"202100050907";"110 684";"A01";"1";"33";"15";"0";"1";"1";"1";""
"202100050908";"110 681";"A01";"1";"33";"0";"2";"1";"16";"1";""
"202100050908";"110 682";"B01";"1";"7";"0";"2";"8";"1";"1";""
"202100050909";"110 679";"B01";"3";"1";"0";"2";"8";"1";"0";""
"202100050909";"110 680";"A01";"3";"7";"0";"2";"2";"15";"0";""
"202100050910";"110 677";"B01";"1";"1";"0";"2";"4";"1";"5";""
"202100050910";"110 678";"A01";"1";"7";"0";"2";"1";"1";"1";""
"202100050911";"110 675";"B01";"1";"30";"0";"2";"2";"1";"1";""
"202100050911";"110 676";"A01";"1";"7";"0";"2";"3";"20";"1";""
"202100050912";"110 673";"B01";"1";"15";"0";"2";"4";"23";"1";""
"202100050912";"110 674";"A01";"1";"7";"0";"2";"3";"21";"1";""
"202100050913";"110 671";"A01";"2";"32";"0";"2";"1";"1";"1";""
"202100050913";"110 672";"Z01";"0";"99";"0";"2";"0";"0";"0";""
"202100050914";"110 669";"A01";"2";"34";"0";"2";"7";"17";"1";""
"202100050914";"110 670";"B01";"2";"7";"0";"2";"3";"17";"1";""
"202100050915";"110 667";"B01";"1";"7";"0";"2";"8";"2";"1";""
"202100050915";"110 668";"A01";"3";"7";"0";"2";"0";"26";"1";""
"202100050916";"110 665";"B01";"0";"34";"0";"2";"1";"1";"1";""
"202100050916";"110 666";"A01";"0";"7";"0";"2";"2";"15";"1";""
"202100050917";"110 663";"A01";"2";"34";"0";"2";"1";"1";"1";""
"202100050917";"110 664";"B01";"2";"7";"0";"2";"4";"2";"1";""
"202100050918";"110 661";"Z01";"3";"7";"1";"0";"3";"26";"0";""
"202100050918";"110 662";"B01";"3";"7";"0";"2";"3";"23";"1";""
"202100050919";"110 660";"A01";"2";"33";"0";"0";"0";"1";"1";""
"202100050920";"110 658";"A01";"1";"7";"0";"2";"1";"2";"1";""
"202100050920";"110 659";"B01";"1";"7";"0";"0";"4";"2";"1";""
"202100050921";"110 657";"A01";"2";"30";"0";"0";"0";"1";"1";""
"202100050922";"110 654";"C01";"1";"7";"0";"2";"3";"23";"1";""
"202100050922";"110 655";"A01";"2";"33";"0";"2";"1";"2";"1";""
"202100050922";"110 656";"B01";"2";"7";"0";"2";"4";"2";"1";""
"202100050923";"110 652";"A01";"1";"1";"0";"2";"1";"16";"5";""
"202100050923";"110 653";"B01";"1";"37";"0";"2";"6";"7";"2";"1"
"202100050924";"110 650";"B01";"1";"43";"0";"2";"0";"15";"1";""
"202100050924";"110 651";"A01";"1";"32";"0";"2";"0";"2";"1";""
"202100050925";"110 648";"A01";"3";"30";"0";"2";"3";"1";"1";""
"202100050925";"110 649";"Z01";"3";"7";"0";"2";"0";"16";"0";""
"202100050926";"110 646";"B01";"1";"7";"0";"2";"6";"15";"1";""
"202100050926";"110 647";"A01";"2";"50";"0";"2";"1";"1";"3";""
"202100050927";"110 645";"A01";"2";"32";"0";"0";"0";"1";"1";""
"202100050928";"110 643";"B01";"1";"7";"0";"2";"1";"15";"1";""
"202100050928";"110 644";"A01";"2";"30";"0";"2";"7";"1";"3";""
"202100050929";"110 641";"A01";"2";"1";"0";"2";"2";"17";"5";""
"202100050929";"110 642";"Z01";"1";"10";"0";"2";"6";"4";"0";""
"202100050930";"110 639";"A01";"3";"33";"0";"2";"2";"1";"1";""
"202100050930";"110 640";"B01";"3";"7";"0";"2";"3";"1";"1";""
"202100050931";"110 637";"B01";"3";"7";"0";"2";"3";"16";"1";""
"202100050931";"110 638";"A01";"3";"32";"0";"2";"2";"18";"1";""
"202100050932";"110 635";"A01";"2";"10";"0";"2";"2";"16";"1";""
"202100050932";"110 636";"B01";"2";"33";"0";"2";"3";"7";"1";""
"202100050933";"110 633";"A01";"2";"7";"0";"2";"3";"22";"1";""
"202100050933";"110 634";"B01";"2";"1";"0";"2";"0";"1";"5";""
"202100050934";"110 632";"A01";"3";"50";"12";"0";"7";"1";"3";""
"202100050935";"110 631";"A01";"1";"15";"1";"1";"4";"20";"1";""
"202100050936";"110 630";"A01";"3";"80";"0";"0";"7";"1";"3";""
"202100050937";"110 628";"B01";"1";"30";"0";"2";"0";"15";"0";""
"202100050937";"110 629";"A01";"2";"30";"0";"2";"3";"1";"1";""
"202100050938";"110 627";"A01";"1";"1";"0";"1";"1";"1";"5";""
"202100050939";"110 626";"A01";"1";"50";"15";"0";"1";"25";"3";""
"202100050940";"110 625";"A01";"1";"1";"0";"2";"1";"1";"5";""
"202100050941";"110 624";"Z01";"1";"7";"0";"1";"1";"16";"0";""
"202100050942";"110 622";"A01";"3";"7";"14";"2";"8";"13";"1";""
"202100050942";"110 623";"B01";"1";"7";"0";"2";"1";"21";"1";""
"202100050943";"110 620";"A01";"1";"7";"1";"2";"2";"16";"1";""
"202100050943";"110 621";"B01";"1";"2";"1";"2";"1";"21";"1";""
"202100050944";"110 618";"B01";"2";"30";"0";"2";"0";"1";"1";""
"202100050944";"110 619";"A01";"2";"7";"0";"2";"5";"15";"1";""
"202100050945";"110 615";"B01";"2";"7";"0";"2";"5";"2";"1";""
"202100050945";"110 616";"T01";"2";"7";"0";"0";"0";"23";"1";""
"202100050945";"110 617";"A01";"2";"7";"0";"2";"1";"2";"1";""
"202100050946";"110 613";"B01";"2";"33";"0";"2";"8";"2";"1";""
"202100050946";"110 614";"A01";"1";"7";"0";"2";"3";"15";"1";""
"202100050947";"110 611";"B01";"2";"7";"0";"2";"1";"15";"1";""
"202100050947";"110 612";"A01";"1";"7";"0";"2";"2";"21";"1";""
"202100050948";"110 609";"A01";"3";"7";"0";"2";"1";"1";"1";""
"202100050948";"110 610";"B01";"1";"7";"0";"2";"1";"1";"1";""
"202100050949";"110 608";"A01";"1";"7";"0";"0";"2";"26";"0";""
"202100050950";"110 606";"B01";"1";"7";"0";"2";"0";"0";"1";""
"202100050950";"110 607";"A01";"1";"30";"0";"2";"1";"0";"1";""
"202100050951";"110 604";"A01";"3";"7";"0";"2";"0";"16";"0";""
"202100050951";"110 605";"B01";"3";"50";"0";"2";"0";"5";"3";""
"202100050952";"110 603";"A01";"1";"33";"0";"1";"1";"1";"1";""
"202100050953";"110 601";"A01";"1";"7";"0";"2";"2";"9";"1";""
"202100050953";"110 602";"B01";"1";"31";"0";"2";"3";"1";"1";""
"202100050954";"110 599";"A01";"1";"7";"12";"2";"1";"2";"1";""
"202100050954";"110 600";"B01";"1";"10";"12";"2";"4";"1";"1";""
"202100050955";"110 597";"Z01";"1";"1";"0";"2";"8";"15";"5";""
"202100050955";"110 598";"A01";"1";"30";"0";"2";"2";"18";"0";""
"202100050956";"110 596";"A01";"1";"33";"13";"0";"8";"1";"1";""
"202100050957";"110 594";"B01";"1";"7";"0";"2";"5";"9";"1";""
"202100050957";"110 595";"A01";"1";"7";"0";"2";"3";"1";"1";""
"202100050958";"110 591";"A01";"1";"7";"0";"2";"1";"13";"0";""
"202100050958";"110 592";"B01";"2";"7";"0";"2";"1";"1";"1";""
"202100050958";"110 593";"C01";"2";"7";"0";"2";"3";"1";"1";""
"202100050959";"110 589";"B01";"2";"2";"0";"2";"1";"1";"1";""
"202100050959";"110 590";"A01";"1";"7";"0";"2";"3";"1";"1";""
"202100050960";"110 587";"B01";"1";"31";"0";"2";"1";"2";"1";""
"202100050960";"110 588";"A01";"1";"33";"0";"0";"6";"1";"1";""
"202100050961";"110 585";"A01";"1";"7";"0";"2";"2";"2";"1";""
"202100050961";"110 586";"B01";"1";"1";"0";"2";"4";"2";"5";""
"202100050962";"110 583";"A01";"3";"7";"0";"2";"1";"13";"1";""
"202100050962";"110 584";"B01";"3";"7";"0";"2";"1";"1";"1";""
"202100050963";"110 582";"A01";"2";"7";"0";"1";"3";"13";"1";""
"202100050964";"110 580";"B01";"1";"33";"13";"0";"1";"1";"1";""
"202100050964";"110 581";"A01";"1";"33";"15";"0";"1";"1";"1";""
"202100050965";"110 579";"A01";"3";"2";"13";"0";"0";"1";"1";""
"202100050966";"110 578";"A01";"3";"7";"15";"0";"0";"1";"1";""
"202100050967";"110 577";"A01";"2";"33";"0";"0";"0";"1";"1";""
"202100050968";"110 575";"A01";"3";"7";"0";"2";"6";"15";"3";""
"202100050968";"110 576";"B01";"3";"10";"0";"2";"3";"1";"1";""
"202100050969";"110 574";"A01";"2";"7";"13";"0";"7";"1";"1";""
"202100050970";"110 573";"A01";"0";"7";"13";"0";"1";"19";"1";""
"202100050971";"110 571";"B01";"3";"7";"0";"2";"3";"1";"1";""
"202100050971";"110 572";"A01";"3";"33";"0";"2";"1";"1";"1";""
"202100050972";"110 570";"A01";"1";"33";"6";"0";"7";"1";"1";""
"202100050973";"110 569";"A01";"3";"1";"0";"1";"1";"1";"5";""
"202100050974";"110 567";"B01";"2";"7";"0";"2";"3";"1";"1";""
"202100050974";"110 568";"A01";"1";"7";"0";"2";"1";"0";"1";""
"202100050975";"110 566";"A01";"2";"2";"13";"0";"1";"1";"1";""
"202100050976";"110 565";"A01";"3";"31";"2";"0";"1";"1";"1";""
"202100050977";"110 563";"A01";"2";"7";"0";"2";"8";"15";"1";""
"202100050977";"110 564";"B01";"1";"7";"0";"2";"1";"1";"0";""
"202100050978";"110 562";"A01";"1";"7";"2";"0";"1";"1";"1";""
"202100050979";"110 560";"B01";"2";"1";"0";"2";"8";"1";"5";""
"202100050979";"110 561";"A01";"2";"7";"0";"2";"7";"1";"1";""
"202100050980";"110 558";"B01";"2";"2";"0";"0";"4";"15";"1";""
"202100050980";"110 559";"A01";"2";"34";"0";"2";"1";"17";"1";""
"202100050981";"110 556";"A01";"2";"7";"0";"0";"1";"13";"1";""
"202100050981";"110 557";"B01";"1";"10";"0";"0";"1";"21";"1";""
"202100050982";"110 554";"B01";"2";"7";"0";"2";"1";"17";"1";""
"202100050982";"110 555";"A01";"1";"10";"0";"2";"1";"1";"1";""
"202100050983";"110 551";"B01";"2";"7";"3";"2";"2";"17";"1";""
"202100050983";"110 552";"A01";"2";"15";"0";"0";"6";"1";"0";""
"202100050984";"110 549";"B01";"2";"32";"0";"2";"2";"17";"1";""
"202100050984";"110 550";"A01";"2";"10";"0";"2";"3";"15";"1";""
"202100050985";"110 548";"A01";"0";"7";"0";"1";"4";"4";"1";""
"202100050986";"110 547";"A01";"1";"10";"11";"0";"3";"1";"1";""
"202100050987";"110 542";"E01";"2";"7";"1";"2";"3";"1";"1";""
"202100050987";"110 543";"B01";"2";"7";"0";"2";"2";"2";"1";""
"202100050987";"110 544";"C01";"2";"7";"1";"0";"2";"2";"1";""
"202100050987";"110 545";"D01";"2";"7";"1";"2";"3";"2";"1";""
"202100050987";"110 546";"A01";"2";"7";"4";"0";"5";"0";"1";""
"202100050988";"110 540";"A01";"2";"2";"0";"2";"3";"10";"1";""
"202100050988";"110 541";"B01";"2";"7";"0";"2";"1";"1";"1";""
"202100050989";"110 538";"B01";"0";"7";"0";"2";"1";"13";"1";""
"202100050989";"110 539";"A01";"0";"14";"0";"2";"3";"1";"1";""
"202100050990";"110 531";"D01";"2";"15";"0";"2";"0";"0";"1";""
"202100050990";"110 532";"E01";"2";"15";"0";"2";"4";"0";"1";""
"202100050990";"110 533";"G01";"2";"7";"0";"0";"4";"0";"1";""
"202100050990";"110 534";"F01";"2";"7";"0";"2";"4";"0";"1";""
"202100050990";"110 535";"C01";"2";"15";"0";"2";"4";"0";"1";""
"202100050990";"110 536";"B01";"2";"15";"0";"2";"1";"2";"1";""
"202100050990";"110 537";"A01";"2";"15";"0";"2";"3";"0";"1";""
"202100050991";"110 529";"B01";"2";"7";"0";"2";"1";"1";"1";""
"202100050991";"110 530";"A01";"1";"7";"12";"2";"1";"1";"1";""
"202100050992";"110 527";"A01";"1";"33";"0";"2";"1";"2";"1";""
"202100050992";"110 528";"B01";"1";"7";"0";"2";"6";"9";"1";""
"202100050993";"110 525";"B01";"2";"1";"0";"2";"4";"12";"5";""
"202100050993";"110 526";"A01";"2";"7";"0";"2";"1";"1";"2";""
"202100050994";"110 524";"A01";"1";"7";"2";"0";"3";"17";"1";""
"202100050995";"110 521";"B01";"2";"7";"3";"0";"8";"1";"1";""
"202100050995";"110 522";"A01";"1";"7";"0";"2";"8";"13";"2";""
"202100050995";"110 523";"C01";"2";"7";"3";"2";"1";"1";"1";""
"202100050996";"110 520";"A01";"2";"33";"0";"0";"0";"1";"1";""
"202100050997";"110 518";"A01";"3";"1";"0";"0";"0";"1";"5";""
"202100050997";"110 519";"B01";"3";"7";"0";"0";"0";"15";"1";""
"202100050998";"110 516";"B01";"1";"7";"6";"2";"1";"1";"1";""
"202100050998";"110 517";"A01";"2";"7";"6";"2";"7";"15";"1";""
"202100050999";"110 514";"A01";"2";"7";"0";"2";"1";"13";"1";""
"202100050999";"110 515";"B01";"1";"7";"0";"2";"1";"1";"1";""
"202100051000";"110 511";"A01";"3";"7";"0";"2";"1";"13";"1";""
"202100051000";"110 512";"B01";"3";"7";"0";"0";"8";"1";"1";""
"202100051000";"110 513";"C01";"3";"7";"0";"2";"3";"1";"1";""
"202100051001";"110 510";"A01";"1";"10";"15";"0";"1";"1";"1";""
"202100051002";"110 506";"B01";"3";"2";"0";"2";"6";"5";"1";""
"202100051002";"110 507";"A01";"3";"7";"0";"2";"3";"1";"1";""
"202100051003";"110 504";"B01";"1";"15";"0";"2";"2";"1";"1";""
"202100051003";"110 505";"A01";"1";"7";"0";"2";"8";"11";"1";""
"202100051004";"110 502";"A01";"1";"10";"0";"0";"4";"2";"1";""
"202100051004";"110 503";"B01";"1";"7";"0";"0";"4";"2";"1";""
"202100051005";"110 500";"A01";"2";"7";"0";"0";"8";"23";"1";""
"202100051005";"110 501";"B01";"2";"32";"0";"2";"7";"21";"1";""
"202100051006";"110 498";"A01";"2";"7";"0";"2";"1";"2";"1";""
"202100051006";"110 499";"B01";"2";"15";"0";"2";"4";"2";"1";""
"202100051007";"110 496";"A01";"2";"33";"0";"2";"1";"1";"1";""
"202100051007";"110 497";"B01";"2";"7";"0";"2";"4";"2";"1";""
"202100051008";"110 495";"A01";"2";"17";"3";"0";"9";"2";"1";""
"202100051009";"110 493";"B01";"1";"7";"0";"2";"4";"2";"1";""
"202100051009";"110 494";"A01";"1";"7";"0";"2";"1";"2";"1";""
"202100051010";"110 489";"B01";"3";"7";"0";"2";"0";"26";"1";""
"202100051010";"110 490";"A01";"3";"31";"0";"2";"0";"26";"1";""
"202100051011";"110 488";"A01";"1";"7";"4";"0";"3";"2";"1";""
"202100051012";"110 486";"A01";"1";"10";"0";"2";"1";"0";"1";""
"202100051012";"110 487";"B01";"1";"7";"0";"2";"4";"0";"1";""
"202100051013";"110 484";"B01";"2";"7";"0";"2";"4";"2";"1";""
"202100051013";"110 485";"A01";"2";"7";"0";"2";"1";"2";"1";""
"202100051014";"110 483";"A01";"1";"7";"4";"0";"1";"12";"1";""
"202100051015";"110 480";"C01";"2";"7";"0";"2";"1";"26";"1";""
"202100051015";"110 481";"B01";"1";"7";"0";"2";"1";"26";"1";""
"202100051015";"110 482";"A01";"1";"7";"0";"2";"2";"0";"1";""
"202100051016";"110 478";"A01";"1";"7";"0";"2";"3";"15";"1";""
"202100051016";"110 479";"B01";"0";"33";"0";"2";"7";"1";"1";""
"202100051017";"110 477";"A01";"1";"7";"0";"1";"2";"9";"0";""
"202100051018";"110 476";"A01";"1";"31";"1";"0";"2";"15";"1";""
"202100051019";"110 474";"B01";"1";"1";"0";"2";"8";"1";"5";""
"202100051019";"110 475";"A01";"2";"7";"0";"2";"2";"1";"1";""
"202100051020";"110 473";"BA01";"2";"7";"0";"0";"0";"14";"1";""
"202100051021";"110 472";"A01";"2";"7";"0";"1";"0";"1";"1";""
"202100051022";"110 470";"A01";"1";"7";"0";"2";"1";"1";"1";""
"202100051022";"110 471";"B01";"1";"34";"0";"2";"4";"1";"1";""
"202100051023";"110 468";"A01";"2";"15";"0";"2";"2";"2";"1";""
"202100051023";"110 469";"B01";"2";"7";"0";"2";"6";"23";"1";""
"202100051024";"110 467";"A01";"1";"7";"0";"1";"2";"16";"1";""
"202100051025";"110 465";"B01";"2";"2";"1";"2";"7";"1";"1";""
"202100051025";"110 466";"A01";"2";"7";"1";"2";"7";"20";"1";""
"202100051026";"110 463";"B01";"1";"7";"0";"2";"8";"1";"1";""
"202100051026";"110 464";"A01";"1";"7";"0";"2";"3";"1";"1";""
"202100051027";"110 462";"A01";"3";"7";"7";"0";"1";"14";"1";""
"202100051028";"110 460";"A01";"3";"7";"0";"2";"5";"15";"6";""
"202100051028";"110 461";"B01";"3";"33";"0";"2";"1";"13";"6";""
"202100051029";"110 456";"A01";"3";"7";"0";"2";"1";"1";"1";""
"202100051029";"110 457";"B01";"0";"7";"0";"2";"4";"1";"1";""
"202100051029";"110 458";"C01";"0";"7";"0";"2";"9";"0";"1";""
"202100051029";"110 459";"D01";"0";"7";"0";"2";"4";"1";"1";""
"202100051030";"110 455";"A01";"1";"10";"0";"1";"4";"4";"1";""
"202100051031";"110 454";"A01";"0";"7";"0";"1";"1";"1";"1";""
"202100051032";"110 452";"B01";"2";"7";"0";"2";"1";"1";"1";""
"202100051032";"110 453";"A01";"1";"37";"0";"2";"1";"15";"1";"1"
"202100051033";"110 447";"A01";"2";"7";"0";"2";"1";"2";"1";""
"202100051033";"110 448";"B01";"2";"10";"0";"2";"4";"23";"1";""
"202100051034";"110 446";"A01";"1";"7";"8";"0";"1";"14";"1";""
"202100051035";"110 444";"B01";"3";"7";"0";"2";"4";"1";"1";""
"202100051035";"110 445";"A01";"3";"7";"0";"2";"1";"26";"1";""
"202100051036";"110 443";"A01";"2";"30";"0";"0";"9";"9";"1";""
"202100051037";"110 441";"B01";"3";"7";"0";"0";"0";"0";"0";""
"202100051037";"110 442";"A01";"3";"7";"0";"2";"0";"0";"0";""
"202100051038";"110 440";"A01";"0";"7";"1";"0";"8";"24";"1";""
"202100051039";"110 438";"B01";"2";"7";"0";"2";"1";"0";"1";""
"202100051039";"110 439";"A01";"1";"7";"0";"2";"5";"19";"1";""
"202100051040";"110 437";"A01";"1";"7";"0";"1";"2";"1";"1";""
"202100051041";"110 435";"A01";"2";"7";"0";"2";"6";"15";"2";""
"202100051041";"110 436";"B01";"2";"2";"0";"2";"1";"2";"1";""
"202100051042";"110 434";"A01";"0";"7";"0";"1";"7";"1";"1";""
"202100051043";"110 432";"A01";"2";"7";"1";"2";"6";"22";"1";""
"202100051043";"110 433";"B01";"2";"33";"0";"2";"6";"17";"1";""
"202100051044";"110 431";"A01";"1";"7";"9";"0";"3";"1";"1";""
"202100051045";"110 429";"A01";"2";"7";"0";"2";"1";"9";"1";""
"202100051045";"110 430";"B01";"1";"2";"0";"2";"1";"1";"1";""
"202100051046";"110 427";"B01";"1";"10";"0";"2";"2";"1";"1";""
"202100051046";"110 428";"A01";"1";"7";"0";"2";"3";"1";"1";""
"202100051047";"110 426";"A01";"3";"7";"0";"1";"1";"14";"1";""
"202100051048";"110 425";"A01";"0";"2";"13";"0";"1";"1";"1";""
"202100051049";"110 424";"A01";"2";"7";"0";"1";"2";"1";"1";""
"202100051050";"110 422";"A01";"3";"50";"0";"2";"3";"19";"3";""
"202100051050";"110 423";"B01";"3";"7";"0";"2";"1";"1";"1";""
"202100051051";"110 421";"A01";"3";"7";"0";"1";"4";"20";"1";""
"202100051052";"110 419";"A01";"3";"7";"0";"2";"3";"11";"1";""
"202100051052";"110 420";"B01";"3";"7";"0";"2";"2";"1";"1";""
"202100051053";"110 417";"A01";"3";"7";"0";"2";"8";"9";"2";""
"202100051053";"110 418";"B01";"3";"33";"0";"2";"8";"9";"1";""
"202100051054";"110 415";"A01";"3";"10";"0";"2";"2";"15";"1";""
"202100051054";"110 416";"B01";"1";"33";"0";"2";"3";"1";"1";""
"202100051055";"110 414";"A01";"0";"7";"0";"1";"1";"9";"1";""
"202100051056";"110 412";"B01";"2";"1";"0";"2";"1";"25";"5";""
"202100051056";"110 413";"A01";"2";"7";"0";"2";"7";"9";"1";""
"202100051057";"110 411";"A01";"1";"10";"0";"1";"3";"15";"1";""
"202100051058";"110 409";"B01";"2";"7";"0";"2";"2";"1";"1";""
"202100051058";"110 410";"A01";"1";"7";"7";"2";"2";"1";"1";""
"202100051059";"110 407";"B01";"1";"37";"0";"2";"2";"1";"4";"1"
"202100051059";"110 408";"A01";"2";"1";"0";"2";"8";"19";"5";""
"202100051060";"110 405";"B01";"2";"32";"0";"2";"8";"1";"1";""
"202100051060";"110 406";"A01";"1";"3";"0";"2";"3";"15";"1";""
"202100051061";"110 403";"A01";"1";"7";"0";"2";"3";"9";"1";""
"202100051061";"110 404";"B01";"2";"2";"0";"2";"2";"1";"1";""
"202100051062";"110 401";"A01";"1";"7";"0";"2";"2";"15";"1";""
"202100051062";"110 402";"B01";"2";"7";"0";"2";"1";"1";"1";""
"202100051063";"110 399";"B01";"0";"10";"0";"2";"1";"1";"1";""
"202100051063";"110 400";"A01";"0";"7";"0";"2";"2";"1";"1";""
"202100051064";"110 397";"A01";"1";"7";"0";"2";"1";"26";"1";""
"202100051064";"110 398";"B01";"1";"10";"0";"2";"0";"9";"1";""
"202100051065";"110 395";"A01";"1";"7";"0";"2";"1";"1";"1";""
"202100051065";"110 396";"B01";"3";"1";"0";"2";"7";"1";"5";""
"202100051066";"110 394";"A01";"1";"7";"0";"1";"1";"16";"1";""
"202100051067";"110 392";"A01";"3";"99";"0";"2";"1";"19";"3";""
"202100051067";"110 393";"B01";"1";"7";"0";"9";"2";"1";"2";""
"202100051068";"110 390";"B01";"0";"33";"0";"2";"4";"2";"1";""
"202100051068";"110 391";"A01";"2";"7";"0";"2";"1";"2";"1";""
"202100051069";"110 389";"A01";"2";"30";"0";"1";"1";"3";"1";""
"202100051070";"110 387";"A01";"3";"7";"0";"2";"1";"9";"1";""
"202100051070";"110 388";"B01";"3";"2";"0";"2";"7";"16";"1";""
"202100051071";"110 385";"B01";"1";"7";"0";"2";"3";"15";"1";""
"202100051071";"110 386";"A01";"1";"33";"0";"2";"1";"17";"1";""
"202100051072";"110 383";"B01";"2";"33";"0";"2";"1";"1";"1";""
"202100051072";"110 384";"A01";"3";"7";"0";"2";"3";"15";"1";""
"202100051073";"110 381";"B01";"1";"7";"0";"2";"1";"1";"1";""
"202100051073";"110 382";"A01";"2";"7";"0";"2";"1";"15";"1";""
"202100051074";"110 380";"A01";"3";"32";"0";"0";"0";"26";"1";""
"202100051075";"110 379";"A01";"2";"7";"0";"1";"2";"1";"1";""
"202100051076";"110 377";"A01";"2";"34";"0";"2";"7";"17";"1";""
"202100051076";"110 378";"B01";"2";"7";"0";"2";"8";"15";"1";""
"202100051077";"110 376";"A01";"0";"31";"0";"0";"1";"2";"1";""
"202100051078";"110 374";"A01";"3";"30";"0";"2";"0";"1";"1";""
"202100051078";"110 375";"B01";"3";"32";"0";"2";"0";"1";"1";""
"202100051079";"110 372";"B01";"2";"30";"0";"2";"7";"1";"1";""
"202100051079";"110 373";"A01";"2";"30";"0";"2";"3";"9";"1";""
"202100051080";"110 371";"A01";"2";"30";"0";"0";"0";"21";"1";""
"202100051081";"110 369";"A01";"1";"10";"0";"2";"1";"1";"1";""
"202100051081";"110 370";"B01";"1";"7";"0";"2";"4";"23";"1";""
"202100051082";"110 367";"B01";"1";"10";"0";"2";"2";"1";"1";""
"202100051082";"110 368";"A01";"2";"7";"0";"2";"3";"1";"1";""
"202100051083";"110 366";"A01";"1";"7";"0";"1";"1";"1";"1";""
"202100051084";"110 365";"A01";"2";"50";"0";"1";"7";"1";"3";""
"202100051085";"110 363";"B01";"1";"50";"0";"2";"1";"18";"3";""
"202100051085";"110 364";"A01";"1";"7";"0";"2";"5";"22";"1";""
"202100051086";"110 362";"A01";"1";"1";"0";"1";"1";"1";"5";""
"202100051087";"110 360";"B01";"1";"7";"0";"2";"1";"1";"2";""
"202100051087";"110 361";"A01";"1";"1";"8";"2";"3";"15";"5";""
"202100051088";"110 358";"A01";"2";"10";"0";"2";"1";"1";"1";""
"202100051088";"110 359";"B01";"2";"7";"0";"0";"4";"1";"0";""
"202100051089";"110 356";"A01";"1";"7";"0";"2";"3";"15";"1";""
"202100051089";"110 357";"B01";"1";"2";"0";"2";"0";"0";"1";""
"202100051090";"110 355";"A01";"1";"7";"0";"1";"2";"1";"1";""
"202100051091";"110 353";"A01";"1";"7";"8";"2";"7";"6";"1";""
"202100051091";"110 354";"B01";"1";"7";"0";"2";"1";"6";"1";""
"202100051092";"110 351";"A01";"2";"7";"0";"2";"2";"15";"1";""
"202100051092";"110 352";"B01";"1";"1";"0";"2";"6";"19";"5";""
"202100051093";"110 348";"A01";"1";"10";"0";"2";"1";"0";"1";""
"202100051093";"110 349";"C01";" -1";"13";"1";"2";"0";"12";"1";""
"202100051093";"110 350";"B01";"2";"7";"0";"2";"1";"1";"1";""
"202100051094";"110 346";"A01";"1";"7";"0";"2";"2";"1";"1";""
"202100051094";"110 347";"B01";"1";"50";"0";"2";"7";"0";"3";""
"202100051095";"110 345";"A01";"1";"7";"0";"1";"3";"1";"1";""
"202100051096";"110 343";"B01";" -1";"7";"0";"2";"8";"15";"1";""
"202100051096";"110 344";"A01";" -1";"7";"0";"2";"1";"1";"1";""
"202100051097";"110 341";"A01";"1";"2";"0";"2";"1";"1";"1";""
"202100051097";"110 342";"B01";"1";"7";"0";"2";"1";"9";"1";""
"202100051098";"110 339";"B01";"3";"7";"0";"2";"1";"1";"1";""
"202100051098";"110 340";"A01";"3";"7";"15";"2";"2";"1";"1";""
"202100051099";"110 337";"A01";"2";"30";"0";"2";"2";"26";"1";""
"202100051099";"110 338";"B01";"2";"7";"0";"2";"1";"19";"1";""
"202100051100";"110 335";"B01";"1";"2";"0";"2";"1";"1";"1";""
"202100051100";"110 336";"A01";"1";"7";"0";"2";"2";"1";"1";""
"202100051101";"110 333";"B01";"2";"7";"0";"2";"5";"1";"1";""