"Num_Acc";"id_vehicule";"num_veh";"senc";"catv";"obs";"obsm";"choc";"manv";"motor";"occutc"
"202100052177";"108 444";"A01";"2";"7";"2";"0";"1";"1";"1";""
"202100052178";"108 443";"A01";"1";"7";"10";"0";"3";"1";"1";""
"202100052179";"108 441";"A01";"2";"13";"0";"9";"2";"16";"0";""
"202100052179";"108 442";"B01";"1";"1";"0";"2";"1";"26";"5";""
"202100052180";"108 439";"B01";"2";"7";"0";"2";"1";"1";"1";""
"202100052180";"108 440";"A01";"1";"7";"0";"2";"7";"15";"1";""
"202100052181";"108 436";"A01";"1";"2";"0";"2";"3";"2";"1";""
"202100052181";"108 437";"B01";"1";"10";"0";"2";"5";"1";"1";""
"202100052182";"108 434";"B01";"2";"7";"0";"0";"3";"1";"1";""
"202100052182";"108 435";"A01";"1";"7";"0";"2";"3";"1";"1";""
"202100052183";"108 433";"A01";"1";"7";"4";"0";"3";"1";"1";""
"202100052184";"108 432";"A01";"2";"17";"0";"0";"7";"1";"1";""
"202100052185";"108 431";"A01";"2";"7";"0";"1";"1";"1";"1";""
"202100052186";"108 429";"A01";"1";"33";"0";"2";"1";"5";"1";""
"202100052186";"108 430";"B01";"2";"7";"0";"2";"3";"26";"1";""
"202100052187";"108 428";"A01";"2";"7";"2";"1";"2";"14";"1";""
"202100052188";"108 426";"B01";"1";"2";"0";"2";"1";"1";"1";""
"202100052188";"108 427";"A01";"1";"7";"0";"0";"5";"26";"1";""
"202100052189";"108 425";"A01";"3";"99";"1";"0";"0";"14";"0";""
"202100052190";"108 422";"A01";"2";"7";"0";"2";"3";"17";"1";""
"202100052190";"108 423";"B01";"1";"7";"3";"2";"3";"1";"1";""
"202100052190";"108 424";"C01";"2";"15";"0";"2";"6";"1";"1";""
"202100052191";"108 421";"A01";"3";"7";"0";"1";"3";"1";"0";""
"202100052192";"108 419";"A01";"2";"7";"0";"2";"3";"9";"1";""
"202100052192";"108 420";"B01";"2";"30";"0";"2";"7";"1";"1";""
"202100052193";"108 417";"A01";"1";"7";"0";"2";"2";"5";"1";""
"202100052193";"108 418";"B01";"2";"7";"0";"2";"3";"1";"1";""
"202100052194";"108 415";"B01";"2";"10";"0";"0";"5";"1";"1";""
"202100052194";"108 416";"A01";"2";"7";"2";"2";"1";"2";"1";""
"202100052195";"108 413";"A01";"2";"7";"0";"2";"6";"15";"1";""
"202100052195";"108 414";"B01";"1";"7";"0";"2";"1";"1";"1";""
"202100052196";"108 411";"B01";"2";"7";"0";"0";"4";"1";"1";""
"202100052196";"108 412";"A01";"2";"7";"0";"2";"1";"1";"1";""
"202100052197";"108 408";"A01";"2";"15";"0";"2";"3";"1";"1";""
"202100052197";"108 409";"B01";"1";"15";"0";"2";"0";"1";"1";""
"202100052198";"108 407";"A01";"2";"7";"12";"0";"3";"26";"1";""
"202100052199";"108 405";"B01";"1";"7";"0";"2";"4";"2";"1";""
"202100052199";"108 406";"A01";"1";"33";"0";"2";"1";"2";"1";""
"202100052200";"108 402";"C01";"1";"7";"0";"2";"1";"2";"1";""
"202100052200";"108 403";"B01";"1";"15";"0";"2";"1";"2";"1";""
"202100052200";"108 404";"A01";"1";"7";"0";"2";"4";"2";"1";""
"202100052201";"108 400";"A01";"2";"7";"0";"2";"8";"9";"1";""
"202100052201";"108 401";"B01";"2";"33";"0";"2";"7";"1";"1";""
"202100052202";"108 399";"A01";"2";"7";"4";"0";"1";"1";"1";""
"202100052203";"108 397";"A01";"1";"7";"0";"9";"8";"19";"1";""
"202100052203";"108 398";"B01";"2";"2";"0";"2";"1";"1";"1";""
"202100052204";"108 394";"C01";"3";"2";"0";"2";"1";"1";"1";""
"202100052204";"108 395";"A01";"3";"2";"0";"2";"1";"26";"1";""
"202100052204";"108 396";"B01";"3";"7";"0";"2";"3";"1";"1";""
"202100052205";"108 393";"A01";"2";"7";"8";"0";"1";"16";"1";""
"202100052206";"108 391";"A01";"3";"7";"0";"2";"1";"1";"1";""
"202100052206";"108 392";"B01";"3";"7";"0";"2";"4";"1";"1";""
"202100052207";"108 390";"A01";"2";"7";"7";"0";"1";"13";"1";""
"202100052208";"108 388";"A01";"2";"7";"0";"2";"8";"19";"1";""
"202100052208";"108 389";"B01";"2";"33";"0";"2";"1";"1";"1";""
"202100052209";"108 387";"A01";"3";"7";"0";"1";"1";"1";"1";""
"202100052210";"108 384";"B01";"1";"7";"12";"2";"1";"1";"1";""
"202100052210";"108 385";"A01";"1";"10";"12";"2";"1";"1";"1";""
"202100052211";"108 382";"A01";"2";"7";"0";"2";"7";"20";"1";""
"202100052211";"108 383";"B01";"2";"2";"0";"2";"3";"7";"1";""
"202100052212";"108 380";"A01";"2";"7";"0";"2";"1";"1";"1";""
"202100052212";"108 381";"B01";"2";"10";"0";"2";"4";"23";"1";""
"202100052213";"108 379";"A01";"0";"7";"8";"0";"1";"1";"1";""
"202100052214";"108 377";"A01";"3";"7";"4";"0";"1";"1";"1";""
"202100052214";"108 378";"B01";"3";"7";"0";"2";"2";"1";"1";""
"202100052215";"108 375";"A01";"1";"7";"0";"2";"2";"20";"1";""
"202100052215";"108 376";"B01";"1";"1";"0";"2";"1";"1";"5";""
"202100052216";"108 373";"A01";"1";"33";"0";"2";"1";"2";"1";""
"202100052216";"108 374";"B01";"1";"7";"0";"9";"4";"1";"1";""
"202100052217";"108 371";"B01";"2";"33";"0";"2";"8";"1";"1";""
"202100052217";"108 372";"A01";"1";"7";"0";"2";"1";"19";"1";""
"202100052218";"108 368";"A01";"1";"7";"6";"0";"1";"14";"1";""
"202100052219";"108 365";"A01";"1";"7";"0";"2";"2";"15";"1";""
"202100052219";"108 366";"B01";"1";"7";"0";"2";"0";"2";"1";""
"202100052219";"108 367";"C01";"2";"7";"0";"2";"8";"2";"1";""
"202100052220";"108 364";"A01";"1";"32";"0";"0";"0";"1";"1";""
"202100052221";"108 362";"B01";"3";"7";"0";"2";"3";"1";"1";""
"202100052221";"108 363";"A01";"3";"7";"0";"2";"3";"15";"1";""
"202100052222";"108 361";"A01";"3";"7";"6";"0";"1";"2";"1";""
"202100052223";"108 357";"D01";"3";"7";"0";"2";"4";"2";"1";""
"202100052223";"108 358";"A01";"3";"7";"0";"2";"1";"2";"1";""
"202100052223";"108 359";"B01";"3";"7";"0";"2";"4";"2";"1";""
"202100052223";"108 360";"C01";"3";"7";"0";"2";"4";"2";"1";""
"202100052224";"108 355";"A01";"1";"7";"0";"2";"2";"1";"1";""
"202100052224";"108 356";"B01";"2";"30";"0";"2";"1";"1";"1";""
"202100052225";"108 352";"C01";"3";"7";"0";"2";"4";"1";"1";""
"202100052225";"108 353";"B01";"3";"7";"0";"2";"4";"1";"1";""
"202100052225";"108 354";"A01";"3";"7";"0";"2";"1";"1";"1";""
"202100052226";"108 350";"B01";"1";"7";"0";"9";"6";"13";"1";""
"202100052226";"108 351";"A01";"1";"33";"0";"2";"1";"1";"1";""
"202100052227";"108 348";"Z01";"1";"10";"0";"2";"1";"2";"0";""
"202100052227";"108 349";"A01";"1";"7";"0";"2";"5";"2";"1";""
"202100052228";"108 347";"A01";"1";"32";"0";"1";"1";"1";"1";""
"202100052229";"108 345";"B01";"1";"30";"0";"2";"8";"12";"1";""
"202100052229";"108 346";"A01";"1";"7";"0";"2";"5";"12";"1";""
"202100052230";"108 344";"Z01";"1";"80";"0";"1";"0";"1";"3";""
"202100052231";"108 342";"B01";"1";"7";"0";"2";"2";"15";"1";""
"202100052231";"108 343";"A01";"1";"30";"0";"2";"1";"1";"1";""
"202100052232";"108 341";"A01";"1";"1";"0";"0";"0";"1";"5";""
"202100052233";"108 339";"A01";"1";"7";"0";"2";"3";"15";"1";""
"202100052233";"108 340";"B01";"2";"2";"0";"2";"1";"1";"1";""
"202100052234";"108 337";"B01";"3";"7";"0";"2";"8";"1";"0";""
"202100052234";"108 338";"A01";"3";"30";"0";"2";"1";"1";"1";""
"202100052235";"108 336";"A01";"2";"2";"1";"0";"2";"14";"1";""
"202100052236";"108 333";"A01";"1";"7";"0";"2";"4";"2";"1";""
"202100052236";"108 334";"B01";"1";"7";"0";"2";"4";"2";"1";""
"202100052236";"108 335";"C01";"1";"7";"0";"2";"2";"2";"1";""
"202100052237";"108 331";"B01";"2";"7";"0";"2";"4";"1";"1";""
"202100052237";"108 332";"A01";"2";"33";"0";"2";"1";"14";"1";""
"202100052238";"108 330";"A01";"2";"7";"4";"0";"6";"1";"1";""
"202100052239";"108 327";"C01";"2";"7";"0";"2";"4";"2";"1";""
"202100052239";"108 328";"B01";"2";"7";"0";"2";"4";"2";"1";""
"202100052239";"108 329";"A01";"2";"7";"0";"2";"1";"2";"1";""
"202100052240";"108 326";"A01";"1";"7";"4";"0";"6";"2";"1";""
"202100052241";"108 324";"A01";"1";"7";"0";"2";"3";"13";"1";""
"202100052241";"108 325";"B01";"1";"7";"0";"2";"3";"1";"1";""
"202100052242";"108 323";"A01";"2";"7";"0";"9";"3";"1";"1";""
"202100052243";"108 320";"A01";"2";"7";"3";"2";"6";"2";"1";""
"202100052243";"108 321";"B01";"2";"7";"0";"2";"4";"2";"1";""
"202100052243";"108 322";"C01";"2";"10";"0";"2";"3";"2";"1";""
"202100052244";"108 318";"A01";"2";"31";"0";"2";"1";"2";"1";""
"202100052244";"108 319";"B01";"2";"7";"0";"2";"6";"2";"1";""
"202100052245";"108 316";"A01";"2";"7";"0";"2";"1";"26";"1";""
"202100052245";"108 317";"B01";"2";"7";"0";"2";"8";"0";"1";""
"202100052246";"108 315";"A01";"1";"7";"4";"0";"6";"1";"1";""
"202100052247";"108 314";"A01";"2";"7";"4";"0";"0";"26";"1";""
"202100052248";"108 312";"B01";"1";"7";"0";"2";"4";"2";"1";""
"202100052248";"108 313";"A01";"1";"7";"0";"2";"1";"1";"1";""
"202100052249";"108 311";"A01";"1";"10";"4";"0";"1";"1";"1";""
"202100052250";"108 308";"A01";"2";"7";"0";"2";"1";"6";"1";""
"202100052250";"108 309";"B01";"2";"7";"0";"2";"1";"1";"1";""
"202100052250";"108 310";"C01";"2";"7";"0";"2";"4";"1";"1";""
"202100052251";"108 307";"A01";"1";"7";"3";"0";"1";"14";"1";""
"202100052252";"108 306";"A01";"2";"10";"4";"0";"6";"13";"1";""
"202100052253";"108 304";"B01";"2";"7";"4";"2";"4";"12";"1";""
"202100052253";"108 305";"A01";"2";"10";"0";"0";"2";"2";"1";""
"202100052254";"108 303";"A01";"1";"7";"2";"0";"2";"1";"1";""
"202100052255";"108 302";"A01";"3";"7";"13";"0";"1";"1";"1";""
"202100052256";"108 300";"A01";"1";"7";"0";"2";"1";"13";"1";""
"202100052256";"108 301";"B01";"1";"7";"0";"2";"3";"1";"1";""
"202100052257";"108 296";"A01";"1";"7";"0";"2";"5";"17";"1";""
"202100052257";"108 297";"B01";"1";"7";"0";"2";"4";"2";"1";""
"202100052257";"108 298";"C01";"1";"7";"0";"0";"4";"1";"1";""
"202100052257";"108 299";"D01";"1";"15";"0";"2";"3";"1";"1";""
"202100052258";"108 295";"A01";"1";"7";"2";"0";"6";"0";"1";""
"202100052259";"108 294";"A01";"2";"36";"2";"0";"1";"13";"1";""
"202100052260";"108 292";"B01";"1";"10";"0";"2";"1";"1";"1";""
"202100052260";"108 293";"A01";"1";"7";"0";"2";"8";"10";"1";""
"202100052261";"108 291";"A01";"1";"7";"6";"0";"2";"0";"1";""
"202100052262";"108 290";"A01";"1";"7";"0";"1";"3";"1";"1";""
"202100052263";"108 288";"B01";"1";"10";"0";"2";"6";"23";"1";""
"202100052263";"108 289";"A01";"1";"2";"1";"0";"1";"2";"1";""
"202100052264";"108 286";"A01";"0";"7";"0";"2";"7";"1";"1";""
"202100052264";"108 287";"B01";"0";"7";"0";"2";"7";"26";"1";""
"202100052265";"108 284";"A01";"2";"10";"0";"9";"1";"1";"1";""
"202100052265";"108 285";"B01";"2";"1";"0";"2";"1";"15";"5";""
"202100052266";"108 283";"A01";"1";"2";"0";"0";"0";"14";"1";""
"202100052267";"108 281";"A01";"0";"7";"8";"2";"0";"17";"1";""
"202100052267";"108 282";"B01";"0";"21";"0";"2";"3";"15";"1";""
"202100052268";"108 278";"B01";"2";"7";"0";"2";"3";"1";"1";""
"202100052268";"108 279";"A01";"1";"7";"0";"2";"1";"13";"1";""
"202100052269";"108 277";"A01";"0";"10";"5";"0";"1";"0";"1";""
"202100052270";"108 276";"A01";"1";"7";"2";"0";"1";"1";"1";""
"202100052271";"108 274";"B01";"2";"7";"0";"2";"3";"1";"1";""
"202100052271";"108 275";"A01";"1";"10";"0";"2";"3";"17";"1";""
"202100052272";"108 273";"A01";"1";"7";"3";"0";"0";"0";"1";""
"202100052273";"108 272";"A01";"3";"2";"12";"0";"0";"1";"1";""
"202100052274";"108 270";"B01";"1";"7";"0";"0";"3";"1";"1";""
"202100052274";"108 271";"A01";"2";"7";"0";"2";"3";"13";"1";""
"202100052275";"108 266";"A01";"1";"33";"0";"2";"1";"17";"1";""
"202100052275";"108 267";"C01";"1";"7";"0";"2";"3";"23";"1";""
"202100052275";"108 268";"B01";"2";"7";"0";"2";"3";"1";"1";""
"202100052276";"108 265";"A01";"3";"7";"0";"1";"1";"14";"1";""
"202100052277";"108 263";"A01";"2";"15";"0";"2";"1";"1";"1";""
"202100052277";"108 264";"B01";"1";"10";"0";"0";"8";"15";"1";""
"202100052278";"108 261";"A01";"1";"36";"0";"2";"1";"1";"1";""
"202100052278";"108 262";"B01";"2";"7";"0";"2";"3";"23";"1";""
"202100052279";"108 260";"A01";"2";"7";"15";"0";"0";"0";"1";""
"202100052280";"108 259";"A01";"1";"7";"0";"1";"2";"1";"1";""
"202100052281";"108 257";"A01";"2";"7";"0";"2";"1";"2";"1";""
"202100052281";"108 258";"B01";"2";"7";"3";"0";"4";"2";"1";""
"202100052282";"108 255";"B01";"1";"7";"0";"2";"3";"1";"1";""
"202100052282";"108 256";"A01";"2";"15";"0";"2";"3";"13";"1";""
"202100052283";"108 253";"B01";"2";"10";"0";"2";"3";"14";"1";""
"202100052283";"108 254";"A01";"2";"15";"0";"2";"2";"1";"1";""
"202100052284";"108 252";"A01";"2";"7";"8";"0";"1";"1";"1";""
"202100052285";"108 250";"B01";"1";"7";"0";"0";"5";"1";"1";""
"202100052285";"108 251";"A01";"2";"7";"0";"0";"2";"13";"1";""
"202100052286";"108 249";"A01";"3";"30";"0";"0";"0";"1";"1";""
"202100052287";"108 248";"A01";"2";"7";"12";"1";"1";"14";"0";""
"202100052288";"108 246";"A01";"3";"7";"0";"2";"1";"1";"1";""
"202100052288";"108 247";"B01";"3";"7";"0";"2";"3";"1";"1";""
"202100052289";"108 245";"A01";"1";"7";"12";"0";"3";"0";"1";""
"202100052290";"108 243";"B01";"1";"7";"0";"2";"6";"15";"1";""
"202100052290";"108 244";"A01";"2";"7";"0";"2";"6";"1";"1";""
"202100052291";"108 241";"B01";"1";"7";"0";"2";"1";"2";"1";""
"202100052291";"108 242";"A01";"1";"7";"0";"2";"1";"9";"1";""
"202100052292";"108 239";"A01";"1";"7";"0";"2";"5";"17";"1";""
"202100052292";"108 240";"B01";"1";"1";"0";"2";"8";"2";"5";""
"202100052293";"108 238";"A01";"3";"7";"0";"1";"2";"26";"1";""
"202100052294";"108 236";"B01";"1";"7";"0";"9";"6";"9";"1";""
"202100052294";"108 237";"A01";"1";"10";"0";"9";"1";"9";"1";""
"202100052295";"108 234";"A01";"1";"7";"0";"2";"4";"1";"1";""
"202100052295";"108 235";"Z01";"1";"10";"0";"2";"0";"0";"0";""
"202100052296";"108 233";"A01";"2";"7";"0";"1";"3";"1";"1";""
"202100052297";"108 231";"A01";"0";"99";"0";"2";"8";"15";"0";""
"202100052297";"108 232";"B01";"0";"31";"0";"2";"1";"1";"0";""
"202100052298";"108 229";"B01";"3";"1";"0";"2";"7";"0";"6";""
"202100052298";"108 230";"A01";"3";"7";"0";"2";"1";"1";"1";""
"202100052299";"108 228";"A01";"3";"10";"0";"1";"4";"26";"1";""
"202100052300";"108 227";"A01";"1";"7";"0";"1";"1";"26";"1";""
"202100052301";"108 225";"B01";"1";"1";"0";"2";"1";"1";"5";""
"202100052301";"108 226";"A01";"2";"7";"0";"2";"2";"15";"1";""
"202100052302";"108 224";"A01";"1";"7";"0";"1";"1";"1";"1";""
"202100052303";"108 222";"B01";"1";"2";"0";"2";"1";"26";"1";""
"202100052303";"108 223";"A01";"1";"7";"0";"2";"2";"11";"1";""
"202100052304";"108 221";"A01";"2";"7";"0";"1";"1";"1";"1";""
"202100052305";"108 220";"A01";"1";"33";"0";"0";"8";"26";"1";""
"202100052306";"108 219";"A01";"2";"7";"0";"1";"1";"1";"1";""
"202100052307";"108 218";"A01";"1";"7";"1";"2";"0";"1";"1";""
"202100052308";"108 217";"A01";"1";"7";"0";"1";"7";"1";"1";""
"202100052309";"108 215";"B01";"2";"7";"0";"2";"1";"1";"1";""
"202100052309";"108 216";"A01";"1";"7";"0";"2";"1";"13";"1";""
"202100052310";"108 213";"B01";"1";"40";"0";"2";"3";"0";"3";""
"202100052310";"108 214";"A01";"2";"1";"0";"4";"1";"13";"5";""
"202100052311";"108 211";"A01";"2";"7";"0";"2";"1";"2";"1";""
"202100052311";"108 212";"B01";"2";"7";"0";"0";"4";"1";"1";""
"202100052312";"108 210";"A01";"2";"7";"0";"1";"3";"20";"1";""
"202100052313";"108 208";"B01";"1";"7";"0";"2";"1";"1";"1";""
"202100052313";"108 209";"A01";"2";"7";"0";"2";"2";"15";"1";""
"202100052314";"108 206";"B01";"1";"2";"0";"2";"1";"15";"1";""
"202100052314";"108 207";"A01";"1";"7";"0";"2";"8";"1";"1";""
"202100052315";"108 204";"Z01";"1";"7";"0";"2";"1";"15";"1";""
"202100052315";"108 205";"B01";"2";"1";"0";"2";"1";"19";"5";""
"202100052316";"108 202";"A01";"3";"30";"0";"2";"1";"1";"1";""
"202100052316";"108 203";"B01";"3";"7";"0";"2";"6";"1";"1";""
"202100052317";"108 201";"A01";"2";"7";"0";"1";"2";"26";"1";""
"202100052318";"108 198";"B01";"1";"7";"0";"2";"1";"1";"1";""
"202100052318";"108 199";"A01";"1";"7";"0";"2";"7";"19";"1";""
"202100052318";"108 200";"C01";"1";"7";"0";"2";"6";"0";"1";""
"202100052319";"108 196";"A01";"1";"34";"0";"2";"2";"1";"1";""
"202100052319";"108 197";"B01";"1";"10";"0";"2";"0";"10";"1";""
"202100052320";"108 194";"B01";"1";"7";"0";"2";"3";"1";"1";""
"202100052320";"108 195";"A01";"2";"2";"0";"2";"1";"17";"1";""
"202100052321";"108 192";"A01";"2";"7";"0";"2";"8";"10";"1";""
"202100052321";"108 193";"B01";"2";"2";"0";"2";"1";"1";"1";""
"202100052322";"108 190";"B01";"1";"1";"0";"2";"7";"1";"5";""
"202100052322";"108 191";"A01";"1";"7";"0";"2";"1";"9";"2";""
"202100052323";"108 188";"A01";"1";"2";"0";"2";"1";"2";"1";""
"202100052323";"108 189";"B01";"1";"10";"0";"2";"4";"2";"1";""
"202100052324";"108 187";"A01";"2";"7";"0";"1";"7";"1";"1";""
"202100052325";"108 186";"Z01";"2";"2";"0";"1";"0";"1";"1";""
"202100052326";"108 184";"B01";"2";"7";"0";"2";"8";"1";"1";""
"202100052326";"108 185";"A01";"2";"2";"0";"2";"1";"5";"1";""
"202100052327";"108 183";"A01";"1";"10";"1";"0";"1";"17";"1";""
"202100052328";"108 182";"A01";"1";"10";"0";"1";"3";"1";"1";""
"202100052329";"108 181";"A01";"1";"40";"0";"1";"2";"1";"3";""
"202100052330";"108 179";"A01";"3";"10";"0";"2";"5";"12";"1";""
"202100052330";"108 180";"B01";"3";"7";"0";"2";"3";"1";"1";""
"202100052331";"108 177";"A01";"1";"30";"0";"2";"1";"1";"1";""
"202100052331";"108 178";"B01";"1";"7";"0";"2";"4";"23";"1";""
"202100052332";"108 175";"B01";"1";"31";"0";"2";"1";"1";"1";""
"202100052332";"108 176";"A01";"1";"7";"0";"2";"3";"9";"1";""
"202100052333";"108 173";"B01";"1";"43";"0";"2";"1";"1";"1";""
"202100052333";"108 174";"A01";"2";"7";"0";"2";"5";"15";"1";""
"202100052334";"108 172";"A01";"3";"7";"0";"1";"1";"0";"2";""
"202100052335";"108 170";"Y01";"1";"0";"0";"2";"1";"19";"0";""
"202100052335";"108 171";"Z01";"1";"7";"0";"1";"1";"2";"1";""
"202100052336";"108 168";"B01";"1";"7";"0";"2";"2";"1";"1";""
"202100052336";"108 169";"A01";"2";"7";"0";"2";"1";"1";"1";""
"202100052337";"108 167";"A01";"2";"10";"1";"0";"2";"1";"0";""
"202100052338";"108 165";"A01";"1";"7";"15";"2";"3";"26";"1";""
"202100052338";"108 166";"B01";"2";"7";"0";"2";"3";"1";"0";""
"202100052339";"108 163";"B01";"1";"7";"0";"2";"3";"15";"1";""
"202100052339";"108 164";"A01";"2";"7";"0";"2";"2";"1";"1";""
"202100052340";"108 161";"B01";"0";"7";"0";"2";"3";"2";"1";""
"202100052340";"108 162";"A01";"0";"7";"0";"0";"4";"15";"1";""
"202100052341";"108 159";"A01";"2";"7";"0";"1";"2";"1";"1";""
"202100052341";"108 160";"B01";"2";"7";"0";"2";"2";"17";"1";""
"202100052342";"108 157";"A01";"2";"7";"0";"2";"2";"1";"1";""
"202100052342";"108 158";"B01";"1";"10";"0";"2";"2";"1";"1";""
"202100052343";"108 152";"B01";"0";"7";"0";"2";"1";"15";"1";""
"202100052343";"108 153";"A01";"0";"7";"0";"2";"2";"1";"1";""
"202100052344";"108 150";"A01";"2";"7";"0";"2";"3";"1";"1";""
"202100052344";"108 151";"B01";"1";"31";"0";"2";"1";"13";"1";""
"202100052345";"108 148";"B01";"3";"1";"0";"2";"7";"1";"5";""
"202100052345";"108 149";"A01";"3";"7";"0";"2";"8";"9";"1";""
"202100052346";"108 145";"A01";"1";"7";"12";"0";"9";"1";"1";""
"202100052347";"108 144";"A01";"3";"7";"2";"0";"8";"1";"1";""
"202100052348";"108 142";"B01";"2";"7";"0";"2";"3";"0";"1";""
"202100052348";"108 143";"A01";"1";"7";"0";"2";"1";"5";"1";""
"202100052349";"108 141";"A01";"2";"7";"13";"0";"9";"13";"1";""
"202100052350";"108 140";"A01";"2";"2";"13";"0";"8";"2";"1";""
"202100052351";"108 139";"A01";"1";"7";"3";"0";"9";"1";"1";""
"202100052352";"108 138";"A01";"2";"10";"0";"1";"7";"1";"1";""
"202100052353";"108 137";"A01";"1";"7";"2";"0";"0";"1";"1";""
"202100052354";"108 136";"A01";"1";"7";"7";"0";"1";"1";"1";""
"202100052355";"108 135";"A01";"1";"7";"2";"0";"1";"1";"1";""
"202100052356";"108 134";"A01";"2";"33";"8";"0";"0";"1";"1";""
"202100052357";"108 132";"A01";"1";"7";"0";"2";"3";"1";"1";""
"202100052357";"108 133";"B01";"2";"7";"0";"2";"3";"1";"1";""
"202100052358";"108 131";"A01";"1";"7";"6";"0";"3";"13";"1";""
"202100052359";"108 129";"A01";"2";"7";"0";"2";"1";"15";"1";""
"202100052359";"108 130";"B01";"1";"7";"0";"2";"1";"1";"1";""
"202100052360";"108 121";"A01";"2";"7";"0";"2";"2";"2";"1";""
"202100052360";"108 122";"E01";"2";"7";"0";"2";"1";"2";"0";""
"202100052360";"108 123";"B01";"2";"7";"8";"0";"4";"2";"1";""
"202100052360";"108 124";"D01";"2";"7";"0";"2";"4";"2";"1";""
"202100052360";"108 125";"F01";"2";"7";"0";"2";"1";"2";"1";""
"202100052360";"108 126";"G01";"2";"7";"0";"2";"1";"2";"1";""
"202100052360";"108 127";"H01";"2";"7";"0";"2";"1";"2";"1";""
"202100052360";"108 128";"C01";"2";"7";"0";"2";"1";"2";"1";""
"202100052361";"108 119";"B01";"3";"7";"0";"2";"3";"1";"1";""
"202100052361";"108 120";"A01";"3";"2";"0";"2";"0";"17";"1";""
"202100052362";"108 117";"B01";"1";"7";"0";"0";"4";"2";"1";""
"202100052362";"108 118";"A01";"1";"7";"0";"2";"1";"2";"1";""
"202100052363";"108 115";"A01";"1";"10";"0";"2";"1";"1";"1";""
"202100052363";"108 116";"B01";"1";"7";"0";"2";"4";"1";"1";""
"202100052364";"108 113";"B01";"2";"7";"0";"2";"6";"1";"1";""
"202100052364";"108 114";"A01";"2";"7";"0";"2";"1";"14";"1";""
"202100052365";"108 110";"A01";"1";"7";"0";"2";"3";"18";"1";""
"202100052365";"108 111";"B01";"1";"15";"0";"2";"2";"1";"1";""
"202100052365";"108 112";"C01";"1";"7";"0";"2";"4";"1";"1";""
"202100052366";"108 108";"B01";"2";"7";"0";"2";"4";"2";"1";""
"202100052366";"108 109";"A01";"2";"7";"0";"2";"1";"2";"1";""
"202100052367";"108 107";"A01";"1";"7";"4";"0";"1";"1";"1";""
"202100052368";"108 106";"A01";"2";"7";"4";"0";"8";"1";"1";""
"202100052369";"108 105";"A01";"2";"7";"4";"0";"3";"14";"1";""
"202100052370";"108 103";"A01";"0";"7";"0";"2";"1";"0";" -1";""
"202100052370";"108 104";"B01";"0";"32";"0";"2";"0";"0";" -1";""
"202100052371";"108 101";"B01";"2";"33";"0";"2";"5";"23";"1";""
"202100052371";"108 102";"A01";"1";"7";"0";"2";"1";"1";"1";""
"202100052372";"108 099";"A01";"2";"7";"0";"2";"1";"15";"1";""
"202100052372";"108 100";"B01";"2";"31";"0";"2";"2";"1";"1";""
"202100052373";"108 097";"A01";"2";"7";"8";"2";"2";"1";"1";""
"202100052373";"108 098";"B01";"1";"7";"0";"2";"1";"15";"1";""
"202100052374";"108 095";"B01";"1";"1";"0";"2";"1";"1";"5";""
"202100052374";"108 096";"A01";"1";"7";"0";"9";"2";"1";"1";""
"202100052375";"108 094";"A01";"3";"7";"0";"5";"1";"13";"1";""
"202100052376";"108 093";"A01";"1";"7";"0";"1";"7";"1";"1";""
"202100052377";"108 091";"B01";"1";"2";"0";"0";"0";"0";"0";""
"202100052377";"108 092";"A01";"1";"7";"0";"9";"8";"15";"6";""
"202100052378";"108 089";"A01";"2";"7";"0";"2";"2";"15";"1";""
"202100052378";"108 090";"B01";"1";"1";"0";"2";"1";"7";"0";""
"202100052379";"108 087";"B01";"1";"7";"8";"2";"1";"1";"1";""
"202100052379";"108 088";"A01";"3";"7";"0";"2";"1";"1";"1";""
"202100052380";"108 085";"B01";"2";"7";"0";"2";"3";"1";"0";""
"202100052380";"108 086";"A01";"1";"7";"0";"2";"1";"1";"1";""
"202100052381";"108 083";"A01";"3";"7";"0";"2";"2";"9";"1";""
"202100052381";"108 084";"B01";"3";"7";"0";"2";"6";"2";"1";""
"202100052382";"108 081";"A01";"3";"7";"0";"2";"3";"9";"1";""
"202100052382";"108 082";"B01";"2";"14";"0";"2";"5";"1";"1";""
"202100052383";"108 078";"C01";"3";"7";"0";"2";"4";"2";"0";""
"202100052383";"108 079";"B01";"3";"7";"0";"2";"4";"2";"0";""
"202100052383";"108 080";"A01";"3";"7";"0";"2";"2";"2";"0";""
"202100052384";"108 075";"C01";"2";"7";"0";"2";"1";"1";"1";""
"202100052384";"108 076";"A01";"2";"7";"0";"2";"4";"1";"1";""
"202100052384";"108 077";"B01";"2";"7";"0";"2";"3";"1";"1";""
"202100052385";"108 074";"A01";"2";"7";"0";"1";"2";"15";"1";""
"202100052386";"108 071";"A01";"1";"7";"0";"2";"3";"13";"1";""
"202100052386";"108 072";"B01";"1";"7";"0";"2";"8";"1";"1";""
"202100052386";"108 073";"C01";"1";"7";"1";"2";"6";"0";"1";""
"202100052387";"108 070";"Z01";"1";"30";"1";"1";"0";"21";"0";""
"202100052388";"108 069";"A01";"1";"7";"0";"1";"2";"19";"1";""
"202100052389";"108 067";"A01";"2";"7";"0";"2";"1";"2";"1";""
"202100052389";"108 068";"B01";"1";"7";"0";"2";"4";"2";"2";""
"202100052390";"108 065";"A01";"3";"50";"0";"2";"8";"26";"3";""