"Num_Acc";"id_vehicule";"num_veh";"senc";"catv";"obs";"obsm";"choc";"manv";"motor";"occutc"
"202100053033";"106 925";"A01";"1";"7";"0";"2";"1";"2";"1";""
"202100053033";"106 926";"B01";"1";"7";"0";"2";"4";"2";"1";""
"202100053034";"106 924";"A01";"2";"7";"4";"0";"1";"14";"1";""
"202100053035";"106 922";"B01";"1";"7";"0";"2";"4";"2";"1";""
"202100053035";"106 923";"A01";"2";"7";"0";"2";"1";"1";"1";""
"202100053036";"106 921";"A01";"1";"7";"3";"0";"1";"1";"1";""
"202100053037";"106 919";"B01";"1";"7";"0";"0";"5";"1";"1";""
"202100053037";"106 920";"A01";"1";"33";"0";"0";"0";"0";"1";""
"202100053038";"106 917";"B01";"1";"7";"0";"2";"4";"1";"1";""
"202100053038";"106 918";"A01";"1";"7";"0";"2";"9";"1";"1";""
"202100053039";"106 916";"A01";"1";"33";"0";"0";"9";"1";"1";""
"202100053040";"106 914";"A01";"1";"7";"0";"2";"3";"13";"1";""
"202100053040";"106 915";"B01";"1";"7";"0";"2";"2";"1";"1";""
"202100053041";"106 912";"B01";"1";"1";"0";"2";"4";"1";"5";""
"202100053041";"106 913";"A01";"1";"7";"0";"2";"2";"1";"1";""
"202100053042";"106 910";"A01";"2";"33";"0";"2";"1";"3";"1";""
"202100053042";"106 911";"B01";"2";"7";"0";"2";"3";"9";"1";""
"202100053043";"106 908";"B01";"1";"7";"0";"2";"5";"23";"1";""
"202100053043";"106 909";"A01";"1";"1";"0";"2";"1";"1";"5";""
"202100053044";"106 906";"B01";"2";"7";"0";"2";"5";"1";"1";""
"202100053044";"106 907";"A01";"2";"7";"0";"2";"1";"1";"1";""
"202100053045";"106 904";"A01";"2";"10";"0";"2";"3";"1";"1";""
"202100053045";"106 905";"B01";"3";"33";"0";"2";"0";"16";"1";""
"202100053046";"106 902";"B01";"2";"7";"0";"2";"1";"15";"1";""
"202100053046";"106 903";"A01";"1";"2";"0";"2";"1";"26";"3";""
"202100053047";"106 900";"A01";"1";"7";"0";"2";"1";"2";"1";""
"202100053047";"106 901";"B01";"1";"7";"0";"0";"4";"2";"1";""
"202100053048";"106 899";"A01";"1";"33";"12";"0";"3";"1";"1";""
"202100053049";"106 898";"A01";"1";"7";"1";"0";"1";"1";"1";""
"202100053050";"106 897";"A01";"3";"7";"8";"0";"1";"15";"1";""
"202100053051";"106 896";"Z01";"2";"10";"0";"1";"6";"26";"0";""
"202100053052";"106 894";"B01";"3";"50";"0";"2";"1";"25";"3";""
"202100053052";"106 895";"A01";"3";"7";"0";"2";"1";"16";"1";""
"202100053053";"106 892";"A01";"2";"2";"0";"2";"1";"1";"1";""
"202100053053";"106 893";"B01";"2";"7";"0";"0";"4";"2";"1";""
"202100053054";"106 890";"A01";"3";"80";"0";"2";"1";"1";"3";""
"202100053054";"106 891";"B01";"3";"7";"0";"2";"3";"1";"1";""
"202100053055";"106 888";"B01";"2";"1";"0";"2";"4";"1";"5";""
"202100053055";"106 889";"A01";"1";"10";"0";"2";"1";"9";"1";""
"202100053056";"106 886";"B01";"1";"7";"0";"2";"6";"15";"2";""
"202100053056";"106 887";"A01";"1";"33";"0";"2";"1";"17";"1";""
"202100053057";"106 884";"B01";"2";"30";"0";"2";"4";"1";"1";""
"202100053057";"106 885";"A01";"2";"7";"14";"0";"1";"9";"1";""
"202100053058";"106 883";"A01";"2";"7";"13";"0";"1";"13";"1";""
"202100053059";"106 882";"A01";"1";"7";"13";"0";"1";"14";"1";""
"202100053060";"106 881";"A01";"3";"2";"14";"0";"1";"1";"1";""
"202100053061";"106 879";"B01";"3";"7";"0";"2";"8";"1";"1";""
"202100053061";"106 880";"A01";"3";"7";"0";"2";"3";"1";"1";""
"202100053062";"106 877";"A01";"2";"30";"0";"2";"1";"9";"1";""
"202100053062";"106 878";"B01";"2";"7";"0";"2";"2";"1";"1";""
"202100053063";"106 873";"C01";"2";"7";"0";"2";"9";"1";"1";""
"202100053063";"106 874";"A01";"1";"7";"0";"2";"3";"15";"1";""
"202100053063";"106 875";"D01";"2";"7";"0";"2";"7";"1";"1";""
"202100053063";"106 876";"B01";"2";"7";"0";"2";"1";"1";"1";""
"202100053064";"106 869";"B01";"3";"1";"0";"2";"1";"2";"5";""
"202100053064";"106 870";"A01";"3";"14";"0";"2";"0";"1";"1";""
"202100053065";"106 868";"A01";"2";"7";"7";"0";"7";"1";"1";""
"202100053066";"106 867";"A01";"0";"7";"0";"1";"2";"1";"1";""
"202100053067";"106 864";"C01";"1";"7";"0";"2";"1";"0";"0";""
"202100053067";"106 865";"B01";"1";"7";"0";"2";"3";"0";"0";""
"202100053067";"106 866";"A01";"2";"7";"0";"2";"1";"19";"0";""
"202100053068";"106 863";"A01";"1";"7";"0";"1";"3";"1";"1";""
"202100053069";"106 862";"A01";"1";"7";"0";"1";"1";"19";"1";""
"202100053070";"106 860";"B01";"1";"7";"9";"2";"7";"2";"1";""
"202100053070";"106 861";"A01";"1";"7";"9";"2";"1";"13";"1";""
"202100053071";"106 859";"A01";"1";"7";"8";"0";"1";"1";"1";""
"202100053072";"106 857";"A01";"3";"7";"0";"2";"3";"10";"1";""
"202100053072";"106 858";"B01";"3";"2";"0";"2";"1";"2";"1";""
"202100053073";"106 855";"B01";"1";"2";"0";"2";"8";"2";"1";""
"202100053073";"106 856";"A01";"1";"7";"0";"2";"7";"12";"1";""
"202100053074";"106 854";"A01";"1";"32";"0";"0";"3";"11";"1";""
"202100053075";"106 853";"A01";"2";"32";"0";"2";"1";"1";"1";""
"202100053076";"106 851";"A01";"2";"13";"0";"2";"2";"12";"1";""
"202100053076";"106 852";"B01";"2";"7";"0";"2";"3";"1";"1";""
"202100053077";"106 850";"A01";"1";"7";"1";"0";"2";"14";"1";""
"202100053078";"106 848";"B01";"1";"7";"0";"2";"1";"1";"1";""
"202100053078";"106 849";"A01";"2";"30";"0";"2";"1";"15";"1";""
"202100053079";"106 847";"A01";"1";"7";"0";"1";"7";"16";"1";""
"202100053080";"106 845";"A01";"1";"31";"0";"2";"0";"1";"1";""
"202100053080";"106 846";"Z01";"1";"7";"0";"2";"0";"9";"0";""
"202100053081";"106 844";"A01";"1";"30";"0";"1";"3";"1";"1";""
"202100053082";"106 843";"A01";"2";"1";"0";"1";"0";"1";"5";""
"202100053083";"106 842";"A01";"3";"32";"12";"0";"1";"13";"1";""
"202100053084";"106 840";"A01";"2";"7";"0";"2";"7";"13";"1";""
"202100053084";"106 841";"B01";"2";"33";"0";"2";"7";"17";"1";""
"202100053085";"106 838";"B01";"1";"30";"0";"2";"3";"1";"1";""
"202100053085";"106 839";"A01";"1";"7";"0";"2";"3";"15";"2";""
"202100053086";"106 837";"A01";"1";"7";"0";"1";"1";"1";"1";""
"202100053087";"106 835";"B01";"3";"2";"0";"0";"0";"0";"1";""
"202100053087";"106 836";"A01";"1";"7";"0";"2";"1";"2";"0";""
"202100053088";"106 833";"B01";"3";"7";"0";"2";"8";"15";"1";""
"202100053088";"106 834";"A01";"1";"7";"0";"2";"1";"1";"1";""
"202100053089";"106 832";"A01";"1";"7";"0";"1";"3";"18";"0";""
"202100053090";"106 831";"A01";"2";"1";"12";"0";"1";"1";"5";""
"202100053091";"106 830";"A01";"1";"7";"8";"0";"1";"18";"1";""
"202100053092";"106 829";"A01";"1";"7";"3";"0";"1";"1";"1";""
"202100053093";"106 826";"B01";"1";"7";"1";"0";"9";"23";"1";""
"202100053093";"106 827";"C01";"1";"7";"1";"0";"1";"16";"1";""
"202100053093";"106 828";"A01";"1";"7";"0";"2";"6";"23";"1";""
"202100053094";"106 825";"A01";"2";"7";"1";"1";"4";"4";"1";""
"202100053095";"106 824";"A01";"2";"32";"14";"0";"3";"13";"1";""
"202100053096";"106 823";"A01";"1";"32";"0";"0";"1";"26";"1";""
"202100053097";"106 821";"A01";"0";"7";"0";"2";"5";"16";"1";""
"202100053097";"106 822";"Y01";"0";"7";"0";"2";"0";"9";"0";""
"202100053098";"106 820";"A01";"0";"7";"0";"1";"7";"1";"1";""
"202100053099";"106 818";"B01";"2";"30";"0";"2";"1";"14";"1";""
"202100053099";"106 819";"A01";"1";"7";"1";"2";"3";"17";"1";""
"202100053100";"106 816";"B01";"1";"7";"0";"2";"6";"15";"1";""
"202100053100";"106 817";"A01";"1";"31";"0";"2";"1";"1";"1";""
"202100053101";"106 814";"B01";"1";"2";"0";"2";"8";"15";"1";""
"202100053101";"106 815";"A01";"1";"7";"0";"2";"7";"15";"1";""
"202100053102";"106 813";"A01";"1";"7";"0";"1";"1";"1";"1";""
"202100053103";"106 812";"A01";"2";"33";"3";"0";"0";"1";"1";""
"202100053104";"106 810";"B01";"1";"7";"0";"2";"1";"1";"1";""
"202100053104";"106 811";"A01";"2";"7";"0";"2";"1";"13";"1";""
"202100053105";"106 808";"B01";"2";"7";"0";"2";"3";"1";"1";""
"202100053105";"106 809";"A01";"1";"7";"0";"2";"2";"5";"1";""
"202100053106";"106 806";"A01";"1";"7";"0";"1";"2";"1";"1";""
"202100053106";"106 807";"B01";"1";"15";"0";"1";"2";"1";"1";""
"202100053107";"106 805";"A01";"3";"31";"8";"0";"1";"1";"1";""
"202100053108";"106 802";"A01";"1";"33";"0";"2";"1";"13";"1";""
"202100053108";"106 803";"B01";"1";"7";"0";"2";"6";"1";"1";""
"202100053108";"106 804";"C01";"1";"7";"0";"2";"8";"1";"1";""
"202100053109";"106 801";"A01";"1";"7";"13";"0";"2";"13";"1";""
"202100053110";"106 799";"B01";"3";"7";"0";"2";"1";"15";"1";""
"202100053110";"106 800";"A01";"0";"7";"0";"2";"6";"19";"1";""
"202100053111";"106 797";"A01";"1";"7";"0";"2";"1";"1";"1";""
"202100053111";"106 798";"B01";"2";"10";"0";"2";"1";"1";"1";""
"202100053112";"106 796";"A01";"2";"7";"13";"0";"1";"1";"1";""
"202100053113";"106 795";"A01";"2";"10";"8";"0";"0";"0";"1";""
"202100053114";"106 793";"B01";"2";"7";"0";"2";"8";"15";"1";""
"202100053114";"106 794";"A01";"2";"7";"0";"2";"1";"17";"6";""
"202100053115";"106 792";"A01";"1";"7";"2";"0";"2";"1";"1";""
"202100053116";"106 789";"A01";"2";"7";"0";"2";"3";"13";"1";""
"202100053116";"106 790";"B01";"1";"7";"0";"2";"3";"1";"1";""
"202100053116";"106 791";"C01";"1";"7";"0";"2";"7";"1";"1";""
"202100053117";"106 788";"A01";"3";"7";"13";"0";"3";"13";"1";""
"202100053118";"106 787";"A01";"3";"2";"14";"9";"1";"1";"1";""
"202100053119";"106 786";"A01";"2";"7";"0";"0";"1";"1";"1";""
"202100053120";"106 784";"B01";"1";"2";"0";"2";"1";"5";"1";""
"202100053120";"106 785";"A01";"2";"7";"0";"2";"2";"1";"1";""
"202100053121";"106 782";"A01";"2";"7";"0";"0";"8";"1";"1";""
"202100053121";"106 783";"B01";"2";"34";"0";"2";"7";"17";"1";""
"202100053122";"106 781";"A01";"1";"7";"3";"0";"8";"1";"1";""
"202100053123";"106 780";"A01";"0";"33";"0";"0";"0";"0";"1";""
"202100053124";"106 778";"A01";"1";"32";"0";"2";"7";"17";"1";""
"202100053124";"106 779";"B01";"1";"1";"0";"2";"8";"1";"1";""
"202100053125";"106 777";"A01";"0";"7";"2";"0";"1";"0";"1";""
"202100053126";"106 776";"A01";"1";"7";"6";"0";"2";"14";"1";""
"202100053127";"106 774";"A01";"2";"7";"0";"9";"1";"19";"1";""
"202100053127";"106 775";"B01";"1";"1";"0";"2";"7";"19";"5";""
"202100053128";"106 773";"A01";"3";"10";"0";"1";"4";"4";"1";""
"202100053129";"106 772";"A01";"1";"7";"13";"0";"2";"14";"1";""
"202100053130";"106 770";"A01";"2";"10";"1";"0";"6";"1";"1";""
"202100053131";"106 769";"A01";"1";"7";"2";"0";"1";"21";"1";""
"202100053132";"106 768";"A01";"1";"33";"0";"0";"8";"16";"1";""
"202100053133";"106 767";"A01";"1";"2";"0";"0";"0";"0";"1";""
"202100053134";"106 765";"A01";"1";"7";"16";"2";"8";"1";"1";""
"202100053134";"106 766";"B01";"2";"7";"0";"2";"8";"17";"1";""
"202100053135";"106 763";"B01";"0";"7";"0";"0";"1";"1";"1";""
"202100053135";"106 764";"A01";"0";"7";"0";"0";"1";"15";"1";""
"202100053136";"106 762";"A01";"2";"7";"6";"0";"1";"6";"1";""
"202100053137";"106 761";"A01";"1";"36";"6";"0";"2";"0";"1";""
"202100053138";"106 760";"A01";"1";"7";"6";"0";"1";"0";"1";""
"202100053139";"106 757";"A01";"2";"7";"3";"2";"4";"2";"1";""
"202100053139";"106 758";"B01";"2";"7";"3";"2";"4";"2";"1";""
"202100053139";"106 759";"C01";"2";"7";"3";"2";"1";"2";"1";""
"202100053140";"106 755";"A01";"2";"7";"0";"2";"2";"1";"1";""
"202100053140";"106 756";"B01";"2";"7";"0";"2";"6";"1";"1";""
"202100053141";"106 752";"B01";"2";"7";"0";"2";"4";"2";"1";""
"202100053141";"106 753";"A01";"2";"7";"0";"2";"1";"2";"1";""
"202100053141";"106 754";"C01";"2";"7";"0";"2";"4";"0";"2";""
"202100053142";"106 751";"A01";"1";"7";"2";"0";"2";"1";"1";""
"202100053143";"106 750";"A01";"2";"33";"0";"0";"8";"26";"1";""
"202100053144";"106 749";"A01";"1";"7";"0";"0";"0";"1";"1";""
"202100053145";"106 747";"A01";"1";"33";"0";"2";"2";"3";"1";""
"202100053145";"106 748";"B01";"1";"7";"0";"2";"3";"11";"1";""
"202100053146";"106 744";"A01";"1";"7";"0";"2";"1";"21";"1";""
"202100053146";"106 745";"B01";"1";"7";"0";"2";"5";"2";"1";""
"202100053146";"106 746";"C01";"1";"7";"0";"2";"4";"0";"1";""
"202100053147";"106 743";"A01";"1";"7";"0";"0";"9";"1";"1";""
"202100053148";"106 740";"A01";"2";"7";"0";"2";"1";"1";"1";""
"202100053148";"106 741";"C01";"2";"10";"0";"2";"2";"1";"1";""
"202100053148";"106 742";"B01";"2";"10";"0";"2";"4";"1";"1";""
"202100053149";"106 737";"B01";"1";"7";"0";"2";"6";"23";"1";""
"202100053149";"106 738";"A01";"1";"10";"0";"2";"2";"21";"1";""
"202100053149";"106 739";"C01";"1";"7";"0";"2";"4";"0";"1";""
"202100053150";"106 735";"B01";"1";"10";"0";"2";"6";"23";"1";""
"202100053150";"106 736";"A01";"1";"33";"1";"0";"1";"2";"1";""
"202100053151";"106 732";"A01";"1";"7";"0";"2";"1";"2";"1";""
"202100053151";"106 733";"B01";"1";"7";"0";"2";"1";"2";"1";""
"202100053151";"106 734";"C01";"1";"7";"0";"2";"4";"23";"1";""
"202100053152";"106 730";"B01";"0";"10";"0";"0";"0";"0";"1";""
"202100053152";"106 731";"A01";"1";"33";"2";"2";"1";"17";"1";""
"202100053153";"106 729";"A01";"1";"7";"1";"1";"3";"13";"1";""
"202100053154";"106 726";"C01";"3";"7";"0";"2";"4";"1";"1";""
"202100053154";"106 727";"B01";"3";"7";"0";"2";"4";"1";"1";""
"202100053154";"106 728";"A01";"3";"14";"0";"2";"1";"1";"1";""
"202100053155";"106 724";"B01";"2";"7";"0";"2";"8";"15";"1";""
"202100053155";"106 725";"A01";"2";"33";"0";"2";"7";"17";"1";""
"202100053156";"106 722";"A01";"1";"7";"0";"2";"8";"16";"1";""
"202100053156";"106 723";"B01";"1";"7";"0";"2";"2";"1";"1";""
"202100053157";"106 721";"A01";"1";"7";"0";"1";"8";"2";"1";""
"202100053158";"106 718";"C01";"2";"7";"0";"2";"6";"2";"1";""
"202100053158";"106 719";"B01";"2";"7";"0";"2";"4";"2";"1";""
"202100053158";"106 720";"A01";"2";"10";"0";"2";"1";"2";"1";""
"202100053159";"106 716";"B01";"2";"7";"0";"2";"8";"1";"1";""
"202100053159";"106 717";"A01";"2";"32";"0";"2";"1";"1";"1";""
"202100053160";"106 714";"A01";"3";"7";"0";"2";"3";"2";"1";""
"202100053160";"106 715";"B01";"3";"7";"0";"2";"5";"1";"1";""
"202100053161";"106 712";"A01";"2";"7";"0";"0";"0";"14";"1";""
"202100053161";"106 713";"B01";"2";"1";"0";"0";"0";"21";"5";""
"202100053162";"106 710";"A01";"2";"30";"0";"2";"1";"1";"1";""
"202100053162";"106 711";"B01";"2";"7";"0";"2";"8";"15";"1";""
"202100053163";"106 708";"B01";"2";"32";"0";"2";"3";"0";"1";""
"202100053163";"106 709";"A01";"2";"7";"1";"2";"3";"15";"1";""
"202100053164";"106 706";"A01";"1";"50";"0";"2";"2";"15";"3";""
"202100053164";"106 707";"B01";"2";"32";"0";"2";"1";"1";"1";""
"202100053165";"106 704";"B01";"2";"7";"0";"2";"1";"1";"1";""
"202100053165";"106 705";"A01";"2";"7";"0";"2";"7";"19";"1";""
"202100053166";"106 702";"A01";"2";"7";"0";"2";"2";"15";"1";""
"202100053166";"106 703";"B01";"1";"7";"0";"2";"1";"1";"1";""
"202100053167";"106 699";"A01";"2";"37";"0";"9";"7";"1";"0";"0"
"202100053167";"106 700";"B01";"2";"2";"0";"2";"8";"26";"1";""
"202100053168";"106 696";"B01";"1";"7";"0";"2";"1";"1";"1";""
"202100053168";"106 697";"C01";"2";"7";"0";"2";"1";"24";"2";""
"202100053168";"106 698";"A01";"1";"7";"0";"2";"1";"15";"1";""
"202100053169";"106 695";"A01";"1";"30";"0";"0";"7";"9";"1";""
"202100053170";"106 694";"A01";"2";"7";"4";"0";"9";"13";"1";""
"202100053171";"106 692";"B01";"3";"7";"0";"2";"3";"1";"1";""
"202100053171";"106 693";"A01";"3";"7";"0";"2";"2";"1";"1";""
"202100053172";"106 690";"B01";"2";"32";"0";"2";"1";"1";"1";""
"202100053172";"106 691";"A01";"1";"10";"0";"2";"7";"15";"1";""
"202100053173";"106 688";"A01";"1";"7";"0";"2";"5";"1";"1";""
"202100053173";"106 689";"B01";"2";"7";"0";"2";"1";"1";"1";""
"202100053174";"106 687";"A01";"1";"7";"0";"1";"2";"16";"1";""
"202100053175";"106 684";"A01";"0";"7";"0";"2";"1";"15";"1";""
"202100053175";"106 685";"B01";"0";"1";"0";"2";"1";"1";"5";""
"202100053176";"106 683";"A01";"3";"7";"0";"1";"7";"11";"1";""
"202100053177";"106 681";"A01";"2";"2";"0";"2";"3";"12";"1";""
"202100053177";"106 682";"B01";"2";"7";"0";"2";"5";"1";"1";""
"202100053178";"106 679";"A01";"1";"7";"0";"2";"0";"1";"0";""
"202100053178";"106 680";"B01";"2";"1";"0";"2";"4";"15";"5";""
"202100053179";"106 678";"A01";"1";"32";"0";"0";"0";"16";"1";""
"202100053180";"106 677";"A01";"0";"7";"0";"2";"1";"1";"1";""
"202100053181";"106 674";"A01";"0";"7";"0";"2";"1";"13";"1";""
"202100053181";"106 675";"B01";"0";"7";"0";"2";"8";"1";"1";""
"202100053181";"106 676";"C01";"0";"7";"0";"2";"1";"1";"1";""
"202100053182";"106 673";"A01";"1";"7";"0";"1";"1";"1";"1";""
"202100053183";"106 671";"A01";"1";"7";"0";"2";"3";"7";"1";""
"202100053183";"106 672";"B01";"1";"37";"0";"2";"2";"1";"1";"5"
"202100053184";"106 667";"B01";"1";"7";"0";"2";"4";"2";"1";""
"202100053184";"106 668";"A01";"1";"7";"0";"2";"1";"2";"1";""
"202100053185";"106 665";"A01";"3";"7";"0";"2";"2";"15";"1";""
"202100053185";"106 666";"B01";"3";"7";"0";"2";"2";"1";"1";""
"202100053186";"106 663";"B01";"1";"7";"0";"9";"1";"1";"0";""
"202100053186";"106 664";"A01";"2";"1";"0";"2";"7";"19";"5";""
"202100053187";"106 662";"A01";"1";"7";"13";"0";"1";"14";"1";""
"202100053188";"106 661";"A01";"1";"40";"0";"1";"6";"1";"3";""
"202100053189";"106 659";"B01";"2";"7";"1";"2";"5";"1";"1";""
"202100053189";"106 660";"A01";"1";"7";"0";"2";"2";"9";"1";""
"202100053190";"106 658";"Z01";"1";"7";"0";"1";"1";"1";"1";""
"202100053191";"106 656";"B01";"0";"50";"0";"2";"1";"5";"3";""
"202100053191";"106 657";"A01";"1";"7";"0";"9";"3";"16";"1";""
"202100053192";"106 654";"B01";"2";"7";"0";"2";"2";"1";"1";""
"202100053192";"106 655";"A01";"2";"7";"0";"2";"3";"15";"1";""
"202100053193";"106 652";"A01";"1";"7";"14";"0";"1";"9";"1";""
"202100053193";"106 653";"B01";"1";"2";"0";"2";"0";"9";"1";""
"202100053194";"106 651";"A01";"3";"10";"0";"1";"1";"15";"1";""
"202100053195";"106 649";"B01";"1";"10";"0";"2";"2";"17";"0";""
"202100053195";"106 650";"A01";"1";"10";"0";"2";"8";"15";"0";""
"202100053196";"106 647";"A01";"2";"7";"0";"9";"3";"0";"3";""
"202100053196";"106 648";"B01";"1";"50";"0";"2";"7";"19";"3";""
"202100053197";"106 645";"B01";"2";"7";"0";"2";"6";"11";"1";""
"202100053197";"106 646";"A01";"2";"32";"0";"2";"2";"2";"1";""
"202100053198";"106 643";"A01";"1";"7";"0";"2";"1";"2";"1";""
"202100053198";"106 644";"B01";"1";"7";"0";"2";"4";"1";"1";""
"202100053199";"106 642";"A01";"3";"3";"0";"1";"3";"0";"1";""
"202100053200";"106 641";"A01";"2";"7";"2";"0";"1";"1";"1";""
"202100053201";"106 640";"A01";"2";"7";"0";"1";"3";"15";"1";""
"202100053202";"106 639";"A01";"3";"7";"5";"0";"5";"1";"1";""
"202100053203";"106 637";"B01";"1";"2";"15";"0";"1";"1";"1";""
"202100053203";"106 638";"A01";"1";"7";"0";"2";"2";"15";"1";""
"202100053204";"106 635";"B01";"1";"1";"0";"2";"7";"1";"5";""
"202100053204";"106 636";"A01";"1";"7";"0";"2";"8";"15";"1";""
"202100053205";"106 633";"B01";"2";"7";"0";"2";"2";"16";"1";""
"202100053205";"106 634";"A01";"2";"7";"0";"2";"3";"7";"1";""
"202100053206";"106 631";"A01";"3";"7";"0";"2";"1";"15";"1";""
"202100053206";"106 632";"B01";"3";"30";"0";"2";"4";"15";"1";""
"202100053207";"106 629";"A01";"3";"7";"0";"2";"3";"15";"1";""
"202100053207";"106 630";"B01";"3";"7";"0";"2";"3";"1";"1";""
"202100053208";"106 627";"B01";"1";"33";"0";"2";"2";"1";"1";""
"202100053208";"106 628";"A01";"1";"7";"0";"2";"3";"9";"2";""
"202100053209";"106 626";"A01";"1";"7";"4";"0";"3";"1";"1";""
"202100053210";"106 624";"B01";"1";"7";"0";"2";"7";"1";"1";""
"202100053210";"106 625";"A01";"1";"7";"0";"2";"0";"12";"1";""
"202100053211";"106 623";"A01";"1";"7";"0";"1";"1";"1";"1";""
"202100053212";"106 621";"A01";"2";"10";"0";"2";"3";"15";"1";""
"202100053212";"106 622";"B01";"2";"32";"0";"2";"1";"1";"1";""
"202100053213";"106 620";"A01";"2";"50";"0";"0";"0";"1";"3";""
"202100053214";"106 619";"A01";"1";"7";"0";"1";"1";"1";"1";""
"202100053215";"106 617";"B01";"1";"31";"0";"2";"7";"1";"1";""
"202100053215";"106 618";"A01";"2";"10";"0";"2";"6";"15";"1";""
"202100053216";"106 615";"A01";"3";"33";"12";"2";"2";"17";"1";""
"202100053216";"106 616";"B01";"3";"7";"0";"2";"3";"15";"1";""
"202100053217";"106 613";"B01";"1";"2";"0";"1";"0";"16";"1";""
"202100053217";"106 614";"A01";"1";"31";"0";"1";"0";"15";"0";""
"202100053218";"106 610";"B01";"3";"1";"0";"2";"0";"1";"5";""
"202100053218";"106 611";"A01";"2";"15";"0";"2";"5";"16";"1";""
"202100053219";"106 608";"A01";"2";"7";"0";"2";"1";"1";"1";""
"202100053219";"106 609";"B01";"1";"7";"0";"2";"1";"15";"1";""
"202100053220";"106 606";"A01";"3";"1";"0";"2";"7";"1";"5";""
"202100053220";"106 607";"B01";"3";"7";"0";"2";"1";"1";"1";""
"202100053221";"106 604";"A01";"1";"7";"0";"2";"1";"15";"1";""
"202100053221";"106 605";"B01";"2";"7";"0";"2";"3";"0";"1";""
"202100053222";"106 603";"A01";"1";"7";"0";"1";"1";"1";"1";""
"202100053223";"106 601";"A01";"1";"7";"0";"2";"1";"12";"1";""
"202100053223";"106 602";"B01";"1";"37";"0";"2";"1";"16";"1";"1"
"202100053224";"106 599";"B01";"1";"33";"0";"2";"1";"1";"1";""
"202100053224";"106 600";"A01";"1";"7";"0";"2";"3";"20";"1";""
"202100053225";"106 598";"A01";"1";"30";"0";"1";"1";"17";"1";""
"202100053226";"106 596";"A01";"2";"7";"0";"2";"5";"19";"1";""
"202100053226";"106 597";"B01";"1";"2";"0";"2";"1";"2";"1";""
"202100053227";"106 595";"A01";"3";"13";"0";"1";"5";"26";"1";""
"202100053228";"106 590";"D01";"1";"7";"0";"2";"4";"0";"1";""
"202100053228";"106 591";"A01";"1";"7";"0";"2";"1";"26";"1";""
"202100053228";"106 592";"B01";"1";"20";"0";"2";"4";"0";"1";""
"202100053228";"106 593";"C01";"1";"20";"0";"2";"4";"0";"1";""
"202100053228";"106 594";"E01";"1";"20";"0";"2";"4";"0";"1";""
"202100053229";"106 588";"B01";"1";"7";"0";"2";"8";"15";"1";""
"202100053229";"106 589";"A01";"1";"30";"0";"2";"1";"9";"1";""
"202100053230";"106 584";"A01";"3";"7";"0";"2";"1";"1";"1";""
"202100053230";"106 585";"B01";"3";"10";"0";"2";"4";"23";"1";""
"202100053231";"106 582";"A01";"0";"10";"0";"2";"1";"1";"1";""
"202100053231";"106 583";"B01";"0";"7";"0";"2";"4";"1";"1";""
"202100053232";"106 579";"A01";"3";"10";"0";"2";"1";"1";"1";""
"202100053232";"106 580";"B01";"3";"7";"0";"2";"4";"1";"1";""
"202100053232";"106 581";"C01";"3";"15";"0";"2";"6";"1";"1";""
"202100053233";"106 577";"B01";"3";"7";"0";"2";"2";"15";"1";""
"202100053233";"106 578";"A01";"3";"30";"0";"2";"7";"26";"1";""
"202100053234";"106 576";"A01";"2";"31";"0";"1";"1";"21";"1";""
"202100053235";"106 573";"C01";"3";"7";"0";"2";"4";"1";"1";""
"202100053235";"106 574";"B01";"3";"7";"0";"2";"4";"2";"1";""
"202100053235";"106 575";"A01";"3";"14";"0";"2";"1";"2";"1";""
"202100053236";"106 572";"A01";"1";"7";"8";"0";"1";"1";"1";""
"202100053237";"106 568";"B01";"1";"7";"0";"2";"4";"2";"1";""
"202100053237";"106 569";"Z01";"1";"10";"0";"2";"1";"2";"0";""
"202100053237";"106 570";"C01";"1";"7";"0";"2";"4";"2";"1";""
"202100053237";"106 571";"A01";"1";"7";"0";"2";"4";"2";"1";""
"202100053238";"106 566";"B01";"2";"7";"0";"2";"4";"23";"1";""
"202100053238";"106 567";"A01";"2";"30";"0";"2";"1";"2";"1";""
"202100053239";"106 564";"A01";"1";"1";"0";"2";"1";"1";"5";""
"202100053239";"106 565";"B01";"1";"7";"0";"2";"8";"1";"1";""
"202100053240";"106 562";"B01";"3";"7";"0";"2";"7";"1";"1";""
"202100053240";"106 563";"A01";"3";"7";"1";"2";"1";"5";"1";""
"202100053241";"106 560";"A01";"1";"7";"0";"2";"7";"14";"1";""
"202100053241";"106 561";"B01";"1";"32";"0";"2";"0";"1";"1";""
"202100053242";"106 559";"A01";"1";"7";"14";"0";"1";"13";"1";""
"202100053243";"106 557";"B01";"2";"7";"0";"2";"7";"22";"1";""
"202100053243";"106 558";"A01";"2";"1";"1";"2";"7";"18";"5";""
"202100053244";"106 555";"B01";"1";"1";"0";"2";"8";"1";"5";""
"202100053244";"106 556";"A01";"1";"32";"0";"2";"8";"1";"1";""
"202100053245";"106 553";"B01";"2";"32";"0";"2";"7";"1";"1";""
"202100053245";"106 554";"A01";"2";"7";"0";"2";"8";"15";"2";""
"202100053246";"106 552";"A01";"1";"7";"0";"1";"1";"1";"1";""
"202100053247";"106 550";"Z01";"2";"10";"0";"2";"0";"13";"1";""