"Num_Acc";"id_vehicule";"num_veh";"senc";"catv";"obs";"obsm";"choc";"manv";"motor";"occutc"
"202100053673";"105 796";"A01";"3";"7";"0";"1";"4";"4";"1";""
"202100053674";"105 793";"C01";"1";"7";"0";"9";"3";"1";"1";""
"202100053674";"105 794";"B01";"2";"33";"0";"2";"3";"13";"1";""
"202100053674";"105 795";"A01";"1";"7";"0";"2";"3";"1";"1";""
"202100053675";"105 791";"B01";"1";"7";"0";"0";"3";"1";"1";""
"202100053675";"105 792";"A01";"0";"7";"0";"0";"2";"13";"1";""
"202100053676";"105 790";"A01";"1";"7";"4";"0";"0";"1";"1";""
"202100053677";"105 789";"A01";"0";"7";"15";"0";"1";"1";"1";""
"202100053678";"105 788";"A01";"3";"7";"0";"1";"2";"15";"0";""
"202100053679";"105 783";"B01";"2";"7";"0";"2";"6";"1";"2";""
"202100053679";"105 784";"A01";"1";"7";"6";"2";"7";"1";"1";""
"202100053679";"105 785";"C01";"1";"7";"0";"2";"5";"2";"1";""
"202100053679";"105 786";"D01";"1";"7";"0";"2";"8";"1";"1";""
"202100053679";"105 787";"E01";"1";"7";"0";"0";"7";"2";"1";""
"202100053680";"105 782";"A01";"2";"7";"0";"1";"3";"16";"1";""
"202100053681";"105 781";"A01";"1";"7";"0";"1";"3";"1";"1";""
"202100053682";"105 779";"A01";"1";"15";"0";"2";"1";"1";"1";""
"202100053682";"105 780";"B01";"1";"10";"0";"2";"3";"9";"1";""
"202100053683";"105 777";"B01";"2";"2";"0";"2";"1";"1";"1";""
"202100053683";"105 778";"A01";"2";"7";"0";"2";"3";"9";"1";""
"202100053684";"105 775";"B01";"1";"7";"0";"2";"8";"1";"1";""
"202100053684";"105 776";"A01";"2";"15";"0";"2";"6";"13";"1";""
"202100053685";"105 774";"A01";"1";"7";"17";"0";"1";"21";"1";""
"202100053686";"105 772";"Z01";"1";"7";"0";"2";"3";"12";"0";""
"202100053686";"105 773";"A01";"1";"7";"0";"2";"5";"1";"1";""
"202100053687";"105 770";"B01";"2";"33";"0";"2";"1";"3";"1";""
"202100053687";"105 771";"A01";"2";"7";"0";"2";"6";"11";"1";""
"202100053688";"105 767";"A01";"2";"7";"0";"2";"6";"2";"1";""
"202100053688";"105 768";"B01";"2";"7";"0";"2";"6";"9";"1";""
"202100053688";"105 769";"C01";"2";"7";"0";"2";"2";"1";"1";""
"202100053689";"105 764";"C01";"1";"7";"0";"2";"4";"2";"0";""
"202100053689";"105 765";"B01";"1";"7";"0";"2";"4";"2";"1";""
"202100053689";"105 766";"A01";"1";"7";"0";"2";"1";"2";"1";""
"202100053690";"105 763";"A01";"1";"7";"9";"0";"1";"21";"1";""
"202100053691";"105 761";"A01";"2";"33";"0";"2";"1";"3";"1";""
"202100053691";"105 762";"B01";"2";"7";"0";"2";"4";"11";"1";""
"202100053692";"105 759";"A01";"2";"10";"0";"2";"6";"0";"1";""
"202100053692";"105 760";"B01";"2";"33";"0";"2";"1";"3";"1";""
"202100053693";"105 757";"B01";"2";"32";"0";"2";"2";"3";"1";""
"202100053693";"105 758";"A01";"2";"7";"0";"2";"6";"11";"1";""
"202100053694";"105 756";"A01";"2";"7";"0";"9";"1";"1";"1";""
"202100053695";"105 753";"C01";"2";"7";"0";"2";"0";"2";"1";""
"202100053695";"105 754";"B01";"2";"33";"0";"2";"1";"3";"1";""
"202100053695";"105 755";"A01";"2";"10";"0";"2";"6";"1";"1";""
"202100053696";"105 751";"A01";"2";"7";"0";"2";"5";"12";"1";""
"202100053696";"105 752";"B01";"2";"33";"0";"2";"1";"3";"1";""
"202100053697";"105 749";"A01";"2";"7";"0";"2";"4";"1";"1";""
"202100053697";"105 750";"B01";"1";"7";"0";"2";"1";"2";"1";""
"202100053698";"105 747";"B01";"1";"7";"0";"2";"4";"2";"1";""
"202100053698";"105 748";"A01";"1";"37";"0";"2";"1";"9";"1";"1"
"202100053699";"105 745";"A01";"1";"7";"0";"2";"1";"2";"1";""
"202100053699";"105 746";"B01";"1";"7";"0";"2";"4";"2";"1";""
"202100053700";"105 744";"A01";"3";"7";"0";"1";"3";"15";"1";""
"202100053701";"105 742";"B01";"1";"7";"0";"2";"4";"2";"1";""
"202100053701";"105 743";"A01";"1";"34";"0";"2";"1";"2";"1";""
"202100053702";"105 740";"A01";"2";"7";"1";"2";"8";"1";"1";""
"202100053702";"105 741";"B01";"2";"31";"0";"2";"1";"1";"1";""
"202100053703";"105 739";"A01";"3";"7";"0";"1";"1";"19";"1";""
"202100053704";"105 738";"A01";"1";"7";"0";"1";"2";"1";"0";""
"202100053705";"105 737";"A01";"1";"10";"9";"1";"2";"2";"1";""
"202100053706";"105 735";"B01";"1";"7";"0";"2";"7";"1";"1";""
"202100053706";"105 736";"A01";"1";"7";"0";"2";"1";"1";"1";""
"202100053707";"105 733";"A01";"3";"7";"0";"2";"3";"1";"1";""
"202100053707";"105 734";"B01";"3";"1";"0";"2";"1";"1";"5";""
"202100053708";"105 732";"A01";"2";"7";"0";"1";"2";"1";"1";""
"202100053709";"105 731";"A01";"2";"7";"0";"1";"7";"26";"1";""
"202100053710";"105 729";"A01";"1";"7";"0";"2";"3";"15";"1";""
"202100053710";"105 730";"B01";"1";"7";"2";"0";"8";"1";"1";""
"202100053711";"105 728";"A01";"1";"7";"0";"1";"1";"1";"1";""
"202100053712";"105 725";"A01";"1";"10";"0";"2";"0";"17";"1";""
"202100053712";"105 726";"B01";"1";"7";"0";"2";"6";"12";"1";""
"202100053713";"105 723";"B01";"1";"10";"0";"2";"3";"15";"1";""
"202100053713";"105 724";"A01";"1";"7";"0";"2";"2";"1";"1";""
"202100053714";"105 721";"A01";"2";"7";"0";"2";"1";"1";"1";""
"202100053714";"105 722";"B01";"1";"7";"0";"2";"8";"1";"1";""
"202100053715";"105 719";"A01";"1";"7";"0";"2";"8";"15";"1";""
"202100053715";"105 720";"B01";"1";"7";"0";"2";"1";"1";"1";""
"202100053716";"105 717";"B01";"2";"7";"0";"2";"1";"1";"1";""
"202100053716";"105 718";"A01";"1";"7";"5";"2";"4";"13";"1";""
"202100053717";"105 715";"A01";"0";"7";"0";"2";"0";"1";"0";""
"202100053717";"105 716";"B01";"1";"7";"0";"2";"1";"1";"1";""
"202100053718";"105 714";"A01";"1";"7";"0";"1";"1";"16";"1";""
"202100053719";"105 713";"A01";"1";"15";"0";"0";"0";"14";"1";""
"202100053720";"105 711";"B01";"2";"7";"0";"2";"1";"1";"1";""
"202100053720";"105 712";"A01";"1";"1";"0";"2";"5";"1";"5";""
"202100053721";"105 709";"B01";"1";"33";"0";"2";"1";"1";"1";""
"202100053721";"105 710";"A01";"1";"7";"0";"2";"1";"15";"1";""
"202100053722";"105 708";"A01";"0";"7";"8";"0";"1";"1";"1";""
"202100053723";"105 707";"A01";"3";"30";"0";"0";"7";"9";"1";""
"202100053724";"105 706";"A01";"1";"7";"0";"1";"1";"26";"1";""
"202100053725";"105 704";"B01";"1";"7";"0";"2";"3";"1";"1";""
"202100053725";"105 705";"A01";"1";"32";"0";"2";"3";"1";"1";""
"202100053726";"105 703";"A01";"1";"99";"0";"1";"1";"26";"1";""
"202100053727";"105 702";"A01";"1";"7";"0";"1";"7";"19";"1";""
"202100053728";"105 701";"A01";"3";"7";"0";"9";"1";"15";"1";""
"202100053729";"105 700";"A01";"3";"30";"2";"0";"1";"1";"1";""
"202100053730";"105 698";"A01";"3";"7";"0";"2";"4";"1";"1";""
"202100053730";"105 699";"B01";"3";"7";"0";"2";"1";"2";"0";""
"202100053731";"105 697";"A01";"2";"7";"0";"1";"2";"1";"1";""
"202100053732";"105 695";"A01";"1";"7";"0";"2";"6";"15";"1";""
"202100053732";"105 696";"B01";"1";"2";"0";"2";"7";"17";"1";""
"202100053733";"105 694";"A01";"0";"7";"8";"0";"2";"1";"1";""
"202100053734";"105 693";"A01";"3";"30";"0";"0";"7";"0";"1";""
"202100053735";"105 692";"A01";"1";"7";"0";"1";"8";"16";"1";""
"202100053736";"105 691";"A01";"1";"99";"0";"1";"1";"1";"1";""
"202100053737";"105 689";"B01";"1";"1";"0";"2";"7";"26";"5";""
"202100053737";"105 690";"A01";"1";"7";"0";"2";"7";"9";"1";""
"202100053738";"105 687";"A01";"1";"7";"0";"2";"2";"15";"1";""
"202100053738";"105 688";"B01";"2";"7";"0";"2";"1";"1";"1";""
"202100053739";"105 686";"A01";"1";"7";"0";"0";"9";"26";"1";""
"202100053740";"105 683";"A01";"2";"7";"0";"2";"3";"17";"1";""
"202100053740";"105 684";"B01";"2";"33";"0";"2";"1";"1";"1";""
"202100053740";"105 685";"C01";"2";"7";"0";"2";"4";"1";"1";""
"202100053741";"105 676";"A01";"2";"7";"0";"2";"1";"13";"1";""
"202100053741";"105 677";"B01";"1";"7";"0";"2";"1";"1";"1";""
"202100053742";"105 674";"A01";"1";"7";"0";"2";"0";"26";"1";""
"202100053742";"105 675";"B01";"1";"30";"0";"2";"0";"0";"6";""
"202100053743";"105 672";"A01";"2";"7";"0";"2";"2";"10";"1";""
"202100053743";"105 673";"B01";"1";"34";"0";"2";"1";"26";"1";""
"202100053744";"105 671";"A01";"2";"37";"0";"0";"0";"7";"1";"3"
"202100053745";"105 669";"B01";"2";"7";"0";"2";"8";"1";"1";""
"202100053745";"105 670";"A01";"1";"10";"0";"2";"1";"1";"1";""
"202100053746";"105 668";"A01";"1";"10";"0";"1";"5";"4";"3";""
"202100053747";"105 666";"A01";"2";"30";"0";"2";"7";"15";"1";""
"202100053747";"105 667";"B01";"1";"30";"0";"2";"1";"1";"3";""
"202100053748";"105 665";"A01";"1";"7";"0";"1";"1";"16";"1";""
"202100053749";"105 664";"A01";"2";"32";"0";"1";"1";"1";"1";""
"202100053750";"105 662";"A01";"1";"7";"0";"2";"1";"16";"1";""
"202100053750";"105 663";"B01";"2";"1";"0";"2";"4";"1";"5";""
"202100053751";"105 660";"A01";"1";"1";"0";"2";"7";"1";"5";""
"202100053751";"105 661";"B01";"1";"10";"0";"2";"3";"1";"1";""
"202100053752";"105 658";"A01";"2";"33";"0";"2";"1";"1";"1";""
"202100053752";"105 659";"B01";"1";"32";"0";"2";"7";"15";"1";""
"202100053753";"105 657";"Z01";"1";"2";"0";"1";"1";"1";"1";""
"202100053754";"105 656";"A01";"2";"7";"8";"0";"0";"1";"1";""
"202100053755";"105 654";"A01";"2";"7";"0";"2";"7";"15";"1";""
"202100053755";"105 655";"B01";"1";"32";"0";"2";"1";"1";"1";""
"202100053756";"105 653";"A01";"1";"37";"0";"1";"7";"26";"1";"1"
"202100053757";"105 652";"A01";"1";"7";"0";"1";"3";"0";"0";""
"202100053758";"105 650";"A01";"1";"7";"0";"2";"1";"1";"1";""
"202100053758";"105 651";"B01";"1";"34";"0";"2";"4";"23";"1";""
"202100053759";"105 648";"A01";"2";"7";"0";"2";"2";"16";"2";""
"202100053759";"105 649";"B01";"2";"2";"0";"2";"1";"18";"0";""
"202100053760";"105 646";"A01";"2";"7";"0";"2";"1";"17";"0";""
"202100053760";"105 647";"B01";"2";"13";"0";"0";"4";"1";"0";""
"202100053761";"105 645";"A01";"2";"7";"0";"1";"2";"1";"1";""
"202100053762";"105 643";"B01";" -1";"7";"0";"2";"1";"15";"0";""
"202100053762";"105 644";"A01";"3";"30";"0";"2";"8";"1";"0";""
"202100053763";"105 641";"B01";"3";"7";"0";"2";"3";"1";"0";""
"202100053763";"105 642";"A01";"3";"7";"0";"2";"1";"15";"0";""
"202100053764";"105 640";"A01";"2";"30";"0";"1";"1";"9";"1";""
"202100053765";"105 638";"A01";"2";"33";"0";"2";"2";"1";"1";""
"202100053765";"105 639";"B01";"2";"7";"0";"2";"1";"15";"2";""
"202100053766";"105 637";"A01";"2";"15";"0";"1";"7";"1";"1";""
"202100053767";"105 635";"Y01";"0";"50";"0";"0";"0";"0";"3";""
"202100053767";"105 636";"A01";"1";"7";"0";"1";"1";"17";"1";""
"202100053768";"105 633";"A01";"3";"33";"0";"2";"6";"1";"1";""
"202100053768";"105 634";"B01";"3";"7";"0";"2";"1";"2";"1";""
"202100053769";"105 632";"A01";"2";"7";"0";"1";"1";"1";"2";""
"202100053770";"105 631";"A01";"3";"1";"0";"0";"0";"26";"5";""
"202100053771";"105 630";"A01";"2";"7";"0";"1";"2";"1";"1";""
"202100053772";"105 628";"A01";"3";"7";"0";"1";"2";"15";"1";""
"202100053773";"105 627";"A01";"2";"3";"0";"0";"0";"2";"1";""
"202100053774";"105 625";"A01";"3";"7";"0";"9";"2";"15";"1";""
"202100053774";"105 626";"B01";"3";"1";"0";"2";"1";"1";"5";""
"202100053775";"105 624";"A01";"2";"7";"2";"0";"0";"1";"1";""
"202100053776";"105 622";"A01";"0";"7";"0";"2";"1";"1";"2";""
"202100053776";"105 623";"B01";"0";"7";"0";"2";"1";"17";"1";""
"202100053777";"105 621";"A01";"2";"7";"4";"0";"3";"1";"1";""
"202100053778";"105 619";"B01";"1";"7";"0";"2";"1";"1";"1";""
"202100053778";"105 620";"A01";"2";"7";"0";"2";"1";"13";"1";""
"202100053779";"105 618";"A01";"1";"7";"8";"0";"1";"1";"1";""
"202100053780";"105 616";"B01";"1";"17";"0";"2";"8";"1";"1";""
"202100053780";"105 617";"A01";"2";"10";"6";"2";"3";"13";"1";""
"202100053781";"105 615";"A01";"2";"17";"1";"1";"2";"1";"1";""
"202100053782";"105 613";"B01";"1";"7";"1";"0";"7";"2";"1";""
"202100053782";"105 614";"A01";"1";"7";"3";"0";"7";"1";"1";""
"202100053783";"105 612";"A01";"1";"7";"15";"9";"1";"21";"1";""
"202100053784";"105 610";"A01";"2";"7";"0";"2";"3";"1";"1";""
"202100053784";"105 611";"B01";"1";"7";"0";"2";"3";"1";"1";""
"202100053785";"105 608";"B01";"1";"7";"0";"2";"1";"2";"1";""
"202100053785";"105 609";"A01";"1";"7";"0";"2";"8";"2";"1";""
"202100053786";"105 606";"B01";"0";"21";"0";"0";"4";"2";"1";""
"202100053786";"105 607";"A01";"0";"10";"0";"2";"1";"2";"1";""
"202100053787";"105 605";"A01";"1";"7";"14";"0";"1";"1";"1";""
"202100053788";"105 604";"A01";"2";"7";"0";"1";"3";"1";"1";""
"202100053789";"105 603";"A01";"1";"33";"0";"0";"0";"1";"1";""
"202100053790";"105 599";"C01";"2";"10";"0";"2";"1";"1";"1";""
"202100053790";"105 600";"D01";"1";"7";"0";"2";"1";"1";"1";""
"202100053790";"105 601";"A01";"1";"31";"0";"2";"1";"17";"1";""
"202100053790";"105 602";"B01";"2";"7";"0";"2";"1";"1";"1";""
"202100053791";"105 598";"A01";"2";"7";"2";"0";"1";"14";"1";""
"202100053792";"105 597";"A01";"1";"7";"0";"1";"3";"15";"1";""
"202100053793";"105 596";"A01";"3";"7";"0";"1";"2";"20";"1";""
"202100053794";"105 595";"A01";"3";"7";"0";"0";"7";"1";"1";""
"202100053795";"105 594";"A01";"0";"7";"0";"0";"2";"2";"1";""
"202100053796";"105 591";"A01";"2";"7";"17";"0";"2";"21";"1";""
"202100053797";"105 590";"A01";"1";"15";"3";"0";"9";"6";"1";""
"202100053798";"105 589";"A01";"2";"7";"0";"1";"2";"1";"1";""
"202100053799";"105 588";"A01";"1";"7";"0";"1";"1";"1";"1";""
"202100053800";"105 586";"A01";"2";"7";"0";"2";"2";"1";"1";""
"202100053800";"105 587";"B01";"1";"7";"0";"2";"1";"1";"1";""
"202100053801";"105 584";"A01";"2";"7";"0";"2";"2";"17";"1";""
"202100053801";"105 585";"B01";"2";"15";"0";"2";"6";"13";"1";""
"202100053802";"105 581";"A01";"2";"7";"0";"2";"1";"2";"1";""
"202100053802";"105 582";"B01";"2";"10";"0";"2";"4";"2";"1";""
"202100053802";"105 583";"C01";"2";"7";"0";"2";"8";"9";"1";""
"202100053803";"105 579";"B01";"0";"7";"0";"0";"5";"15";"1";""
"202100053803";"105 580";"A01";"0";"1";"0";"2";"2";"1";"5";""
"202100053804";"105 577";"A01";"2";"7";"0";"2";"2";"15";"1";""
"202100053804";"105 578";"B01";"1";"2";"0";"2";"1";"1";"1";""
"202100053805";"105 575";"A01";"1";"7";"0";"0";"2";"13";"1";""
"202100053805";"105 576";"B01";"1";"7";"0";"0";"2";"21";"1";""
"202100053806";"105 574";"A01";"3";"7";"2";"0";"3";"13";"1";""
"202100053807";"105 573";"A01";"1";"7";"4";"0";"0";"1";"1";""
"202100053808";"105 572";"A01";"1";"7";"0";"1";"1";"1";"1";""
"202100053809";"105 570";"B01";"2";"15";"0";"2";"8";"1";"1";""
"202100053809";"105 571";"A01";"1";"7";"0";"2";"1";"5";"1";""
"202100053810";"105 568";"B01";"1";"31";"0";"2";"1";"1";"1";""
"202100053810";"105 569";"A01";"2";"7";"0";"2";"2";"19";"1";""
"202100053811";"105 566";"A01";"3";"7";"0";"2";"3";"9";"1";""
"202100053811";"105 567";"B01";"1";"2";"0";"2";"1";"1";"1";""
"202100053812";"105 565";"A01";"3";"7";"0";"1";"1";"15";"1";""
"202100053813";"105 563";"B01";"3";"7";"0";"2";"3";"1";"1";""
"202100053813";"105 564";"A01";"3";"10";"0";"2";"3";"1";"1";""
"202100053814";"105 560";"C01";"3";"7";"0";"2";"1";"1";"1";""
"202100053814";"105 561";"B01";"3";"7";"0";"2";"3";"1";"1";""
"202100053814";"105 562";"A01";"3";"7";"0";"2";"1";"13";"1";""
"202100053815";"105 559";"A01";"2";"7";"3";"0";"1";"13";"1";""
"202100053816";"105 556";"B01";"1";"7";"0";"2";"4";"2";"1";""
"202100053816";"105 557";"A01";"1";"7";"0";"2";"1";"2";"1";""
"202100053817";"105 553";"A01";"1";"7";"0";"2";"1";"2";"1";""
"202100053817";"105 554";"C01";"1";"7";"0";"2";"4";"2";"1";""
"202100053817";"105 555";"B01";"1";"7";"0";"2";"4";"2";"1";""
"202100053818";"105 552";"A01";"2";"33";"0";"0";"8";"1";"1";""
"202100053819";"105 550";"B01";"1";"7";"4";"0";"4";"2";"1";""
"202100053819";"105 551";"A01";"1";"7";"0";"2";"1";"2";"1";""
"202100053820";"105 546";"A01";"1";"7";"0";"2";"4";"12";"1";""
"202100053820";"105 547";"B01";"1";"10";"0";"2";"1";"2";"1";""
"202100053820";"105 548";"C01";"1";"7";"0";"2";"5";"1";"1";""
"202100053820";"105 549";"D01";"1";"7";"0";"2";"1";"1";"1";""
"202100053821";"105 545";"A01";"2";"7";"3";"0";"0";"1";"1";""
"202100053822";"105 543";"B01";"1";"30";"0";"2";"1";"1";"1";""
"202100053822";"105 544";"A01";"1";"10";"0";"2";"4";"1";"1";""
"202100053823";"105 541";"B01";"2";"30";"0";"2";"1";"1";"1";""
"202100053823";"105 542";"A01";"1";"7";"0";"2";"1";"1";"1";""
"202100053824";"105 539";"A01";"2";"7";"0";"2";"6";"2";"1";""
"202100053824";"105 540";"B01";"2";"7";"0";"2";"2";"2";"1";""
"202100053825";"105 537";"A01";"3";"7";"0";"2";"1";"1";"1";""
"202100053825";"105 538";"B01";"3";"7";"0";"2";"4";"1";"1";""
"202100053826";"105 535";"B01";"2";"7";"0";"2";"2";"16";"1";""
"202100053826";"105 536";"A01";"2";"36";"0";"2";"8";"18";"1";""
"202100053827";"105 533";"A01";"2";"7";"0";"2";"1";"16";"1";""
"202100053827";"105 534";"B01";"2";"7";"0";"2";"7";"1";"1";""
"202100053828";"105 531";"B01";"3";"7";"0";"2";"1";"16";"1";""
"202100053828";"105 532";"A01";"1";"7";"0";"2";"1";"5";"1";""
"202100053829";"105 530";"A01";"1";"7";"3";"0";"3";"2";"1";""
"202100053830";"105 528";"B01";"1";"1";"0";"2";"6";"1";"0";""
"202100053830";"105 529";"A01";"2";"7";"0";"1";"3";"15";"1";""
"202100053831";"105 526";"A01";"1";"30";"0";"2";"1";"2";"1";""
"202100053831";"105 527";"B01";"1";"7";"0";"2";"6";"2";"1";""
"202100053832";"105 524";"A01";"0";"7";"9";"0";"2";"1";"1";""
"202100053832";"105 525";"B01";"0";"7";"2";"0";"0";"0";"1";""
"202100053833";"105 523";"A01";"1";"7";"2";"0";"7";"1";"1";""
"202100053834";"105 522";"A01";"1";"7";"0";"1";"2";"26";"1";""
"202100053835";"105 520";"A01";"2";"3";"0";"2";"1";"1";"1";""
"202100053835";"105 521";"B01";"2";"3";"0";"2";"7";"1";"1";""
"202100053836";"105 518";"A01";"1";"7";"0";"9";"3";"15";"1";""
"202100053836";"105 519";"B01";"1";"50";"0";"2";"1";"1";"3";""
"202100053837";"105 516";"B01";"3";"7";"0";"2";"1";"1";"1";""
"202100053837";"105 517";"A01";"3";"7";"1";"2";"8";"9";"1";""
"202100053838";"105 515";"A01";"1";"2";"11";"0";"1";"1";"1";""
"202100053839";"105 513";"B01";"1";"7";"0";"2";"2";"1";"1";""
"202100053839";"105 514";"A01";"2";"7";"0";"2";"3";"1";"2";""
"202100053840";"105 511";"A01";"1";"7";"0";"2";"2";"2";"1";""
"202100053840";"105 512";"B01";"1";"7";"0";"2";"6";"1";"1";""
"202100053841";"105 509";"B01";"2";"7";"0";"2";"1";"1";"1";""
"202100053841";"105 510";"A01";"1";"7";"0";"2";"2";"15";"1";""
"202100053842";"105 507";"B01";"0";"33";"0";"2";"8";"1";"1";""
"202100053842";"105 508";"A01";"3";"7";"0";"2";"1";"19";"1";""
"202100053843";"105 506";"A01";"1";"7";"0";"1";"3";"1";"1";""
"202100053844";"105 504";"B01";"2";"7";"8";"2";"7";"1";"1";""
"202100053844";"105 505";"A01";"0";"7";"0";"2";"2";"15";"1";""
"202100053845";"105 503";"A01";"2";"7";"0";"0";"2";"14";"1";""
"202100053846";"105 501";"B01";"1";"7";"13";"2";"8";"1";"1";""
"202100053846";"105 502";"A01";"3";"7";"0";"2";"1";"19";"1";""
"202100053847";"105 497";"B01";"2";"33";"0";"2";"1";"1";"1";""
"202100053847";"105 498";"A01";"2";"7";"0";"2";"1";"15";"1";""
"202100053848";"105 495";"A01";"2";"7";"0";"2";"2";"3";"1";""
"202100053848";"105 496";"B01";"2";"7";"0";"2";"6";"1";"1";""
"202100053849";"105 493";"B01";"0";"7";"0";"2";"2";"1";"1";""
"202100053849";"105 494";"A01";"0";"7";"0";"2";"8";"2";"1";""
"202100053850";"105 489";"C01";"2";"7";"0";"2";"0";"26";"1";""
"202100053850";"105 490";"B01";"2";"7";"0";"2";"3";"26";"1";""
"202100053850";"105 491";"A01";"1";"34";"0";"2";"1";"13";"1";""
"202100053851";"105 487";"B01";"1";"7";"0";"9";"4";"26";"1";""
"202100053851";"105 488";"A01";"1";"7";"0";"2";"1";"2";"1";""
"202100053852";"105 486";"A01";"1";"7";"0";"1";"3";"16";"1";""
"202100053853";"105 484";"A01";"1";"33";"0";"2";"1";"3";"1";""
"202100053853";"105 485";"B01";"1";"7";"0";"2";"5";"12";"1";""
"202100053854";"105 482";"A01";"1";"7";"0";"2";"1";"1";"2";""
"202100053854";"105 483";"B01";"1";"30";"0";"2";"5";"1";"1";""
"202100053855";"105 480";"B01";"1";"7";"0";"2";"2";"15";"1";""
"202100053855";"105 481";"A01";"3";"34";"0";"2";"1";"1";"1";""
"202100053856";"105 479";"A01";"3";"1";"0";"0";"0";"16";"5";""
"202100053857";"105 478";"A01";"0";"0";"0";"1";"0";"0";"0";""
"202100053858";"105 476";"A01";"2";"2";"0";"2";"1";"26";"1";""
"202100053858";"105 477";"B01";"2";"7";"0";"2";"8";"9";"1";""
"202100053859";"105 474";"A01";"1";"7";"0";"2";"1";"17";"1";""
"202100053859";"105 475";"B01";"2";"7";"0";"2";"1";"1";"1";""
"202100053860";"105 472";"B01";"1";"7";"0";"2";"1";"1";"1";""
"202100053860";"105 473";"A01";"1";"7";"0";"2";"8";"1";"1";""
"202100053861";"105 470";"A01";"2";"7";"0";"2";"5";"15";"1";""
"202100053861";"105 471";"B01";"2";"7";"0";"2";"3";"1";"1";""
"202100053862";"105 469";"A01";"2";"7";"0";"1";"3";"15";"1";""
"202100053863";"105 467";"A01";"1";"7";"0";"2";"2";"1";"1";""
"202100053863";"105 468";"B01";"2";"7";"0";"2";"1";"1";"1";""
"202100053864";"105 465";"B01";"0";"2";"0";"0";"0";"0";"0";""
"202100053864";"105 466";"A01";"0";"3";"0";"0";"0";"0";"0";""
"202100053865";"105 464";"A01";"3";"32";"1";"0";"1";"1";"1";""
"202100053866";"105 462";"A01";"1";"7";"0";"2";"7";"12";"1";""
"202100053866";"105 463";"B01";"1";"33";"0";"2";"8";"3";"1";""
"202100053867";"105 460";"A01";"1";"7";"0";"2";"3";"1";"1";""
"202100053867";"105 461";"B01";"2";"7";"0";"2";"3";"1";"1";""
"202100053868";"105 457";"A01";"1";"7";"0";"0";"6";"15";"1";""
"202100053868";"105 458";"B01";"1";"7";"0";"2";"4";"23";"1";""
"202100053868";"105 459";"C01";"1";"7";"0";"2";"1";"1";"1";""
"202100053869";"105 455";"B01";"2";"7";"0";"2";"1";"1";"1";""
"202100053869";"105 456";"A01";"1";"7";"0";"2";"7";"13";"1";""
"202100053870";"105 454";"A01";"0";"7";"0";"1";"1";"1";"1";""
"202100053871";"105 451";"B01";"2";"17";"0";"2";"3";"1";"1";""
"202100053871";"105 452";"A01";"1";"10";"0";"2";"8";"13";"1";""
"202100053871";"105 453";"C01";"1";"7";"0";"2";"1";"1";"1";""
"202100053872";"105 449";"A01";"3";"7";"0";"2";"3";"13";"1";""
"202100053872";"105 450";"B01";"3";"7";"0";"2";"3";"1";"1";""
"202100053873";"105 447";"B01";"2";"13";"0";"2";"6";"2";"1";""
"202100053873";"105 448";"A01";"2";"10";"0";"2";"1";"11";"1";""
"202100053874";"105 446";"A01";"1";"7";"0";"1";"1";"1";"1";""
"202100053875";"105 444";"B01";"1";"7";"0";"2";"1";"1";"1";""
"202100053875";"105 445";"A01";"2";"7";"0";"2";"1";"11";"1";""
"202100053876";"105 443";"A01";"3";"1";"16";"0";"0";"0";"5";""
"202100053877";"105 442";"A01";"1";"2";"0";"0";"8";"1";"1";""
"202100053878";"105 440";"A01";"3";"7";"0";"2";"3";"17";"1";""
"202100053878";"105 441";"B01";"2";"7";"0";"2";"1";"15";"1";""
"202100053879";"105 438";"A01";"1";"7";"0";"2";"3";"15";"1";""
"202100053879";"105 439";"B01";"2";"10";"0";"2";"2";"1";"1";""
"202100053880";"105 437";"A01";"1";"7";"13";"0";"1";"1";"1";""
"202100053881";"105 435";"B01";"3";"7";"0";"0";"7";"1";"1";""
"202100053881";"105 436";"A01";"3";"7";"0";"2";"1";"19";"1";""
"202100053882";"105 433";"A01";"1";"7";"0";"2";"3";"15";"1";""
"202100053882";"105 434";"B01";"1";"1";"0";"0";"4";"1";"5";""
"202100053883";"105 431";"A01";"1";"7";"0";"2";"6";"17";"1";""
"202100053883";"105 432";"B01";"2";"1";"0";"2";"1";"1";"5";""
"202100053884";"105 430";"A01";"2";"7";"0";"0";"2";"1";"1";""
"202100053885";"105 428";"B01";"0";"7";"0";"0";"4";"2";"1";""
"202100053885";"105 429";"A01";"3";"7";"0";"2";"1";"2";"1";""
"202100053886";"105 427";"A01";"2";"20";"6";"0";"2";"2";"1";""
"202100053887";"105 425";"A01";"0";"7";"0";"2";"1";"1";"1";""
"202100053887";"105 426";"B01";"0";"33";"0";"2";"1";"1";"1";""
"202100053888";"105 422";"A01";"2";"33";"0";"2";"1";"1";"1";""
"202100053888";"105 423";"C01";"1";"7";"0";"9";"1";"1";"1";""
"202100053888";"105 424";"B01";"1";"7";"0";"2";"3";"1";"1";""
"202100053889";"105 420";"A01";"2";"7";"0";"2";"3";"15";"1";""
"202100053889";"105 421";"B01";"1";"7";"0";"2";"1";"1";"1";""
"202100053890";"105 419";"A01";"1";"7";"8";"0";"6";"17";"1";""
"202100053891";"105 418";"A01";"2";"7";"3";"0";"0";"0";"1";""
"202100053892";"105 416";"A01";"2";"7";"0";"2";"6";"13";"1";""