"Num_Acc";"id_vehicule";"num_veh";"senc";"catv";"obs";"obsm";"choc";"manv";"motor";"occutc"
"202100053892";"105 417";"B01";"2";"7";"0";"2";"2";"1";"1";""
"202100053893";"105 414";"A01";"1";"7";"0";"2";"1";"1";"1";""
"202100053893";"105 415";"B01";"1";"33";"0";"0";"4";"1";"1";""
"202100053894";"105 413";"A01";"2";"99";"13";"9";"1";"1";"1";""
"202100053895";"105 412";"A01";"0";"7";"13";"9";"1";"1";"1";""
"202100053896";"105 411";"A01";"0";"7";"2";"0";"7";"13";"1";""
"202100053897";"105 409";"B01";"1";"7";"2";"2";"3";"1";"1";""
"202100053897";"105 410";"A01";"2";"7";"0";"2";"1";"13";"1";""
"202100053898";"105 407";"B01";"2";"7";"0";"2";"1";"1";"1";""
"202100053898";"105 408";"A01";"1";"7";"0";"2";"1";"13";"1";""
"202100053899";"105 406";"A01";"3";"7";"0";"1";"2";"1";"1";""
"202100053900";"105 404";"B01";"2";"2";"0";"2";"1";"1";"1";""
"202100053900";"105 405";"A01";"1";"7";"0";"2";"1";"17";"1";""
"202100053901";"105 403";"A01";"2";"7";"13";"0";"9";"26";"1";""
"202100053902";"105 402";"A01";"2";"7";"16";"0";"1";"1";"1";""
"202100053903";"105 400";"A01";"2";"33";"0";"2";"8";"15";"1";""
"202100053903";"105 401";"B01";"2";"33";"0";"2";"1";"1";"1";""
"202100053904";"105 398";"B01";"2";"7";"0";"2";"2";"1";"0";""
"202100053904";"105 399";"A01";"1";"7";"0";"2";"1";"9";"1";""
"202100053905";"105 396";"A01";"2";"7";"0";"2";"1";"15";"1";""
"202100053905";"105 397";"B01";"1";"2";"0";"2";"1";"1";"1";""
"202100053906";"105 394";"B01";"3";"7";"0";"9";"2";"15";"1";""
"202100053906";"105 395";"A01";"3";"1";"0";"2";"1";"1";"6";""
"202100053907";"105 393";"A01";"2";"7";"13";"0";"1";"1";"1";""
"202100053908";"105 389";"B01";"0";"7";"0";"2";"3";"1";"1";""
"202100053908";"105 390";"A01";"0";"7";"0";"2";"3";"13";"1";""
"202100053909";"105 386";"A01";"1";"7";"0";"2";"4";"1";"1";""
"202100053909";"105 387";"B01";"1";"7";"0";"2";"1";"2";"1";""
"202100053909";"105 388";"C01";"1";"7";"0";"2";"2";"23";"1";""
"202100053910";"105 384";"A01";"2";"7";"0";"2";"4";"23";"1";""
"202100053910";"105 385";"B01";"2";"7";"1";"0";"1";"1";"1";""
"202100053911";"105 383";"A01";"1";"32";"0";"0";"0";"26";"1";""
"202100053912";"105 381";"B01";"2";"7";"0";"2";"4";"2";"1";""
"202100053912";"105 382";"A01";"2";"7";"4";"2";"1";"1";"1";""
"202100053913";"105 380";"A01";"1";"7";"4";"0";"2";"26";"1";""
"202100053914";"105 375";"A01";"1";"7";"0";"2";"4";"12";"1";""
"202100053914";"105 376";"B01";"1";"7";"0";"2";"2";"2";"1";""
"202100053914";"105 377";"C01";"1";"7";"3";"2";"9";"2";"1";""
"202100053914";"105 378";"E01";"1";"7";"0";"2";"0";"0";"1";""
"202100053914";"105 379";"D01";"1";"7";"0";"2";"1";"2";"1";""
"202100053915";"105 373";"B01";"1";"7";"0";"2";"5";"2";"1";""
"202100053915";"105 374";"A01";"1";"7";"0";"2";"1";"9";"1";""
"202100053916";"105 372";"A01";"2";"7";"4";"0";"1";"1";"1";""
"202100053917";"105 370";"A01";"1";"7";"3";"2";"1";"1";"1";""
"202100053917";"105 371";"B01";"1";"10";"3";"2";"1";"21";"1";""
"202100053918";"105 368";"B01";"1";"2";"0";"2";"1";"1";"1";""
"202100053918";"105 369";"A01";"1";"32";"0";"2";"4";"1";"1";""
"202100053919";"105 366";"B01";"2";"7";"0";"2";"1";"9";"1";""
"202100053919";"105 367";"A01";"2";"7";"16";"0";"4";"2";"1";""
"202100053920";"105 364";"A01";"2";"10";"0";"2";"1";"1";"1";""
"202100053920";"105 365";"B01";"2";"7";"0";"2";"7";"1";"1";""
"202100053921";"105 363";"A01";"3";"33";"0";"0";"0";"26";"1";""
"202100053922";"105 361";"A01";"2";"7";"0";"2";"3";"15";"1";""
"202100053922";"105 362";"B01";"2";"37";"0";"2";"2";"1";"2";"2"
"202100053923";"105 358";"A01";"1";"7";"0";"2";"1";"12";"1";""
"202100053923";"105 359";"C01";"1";"7";"0";"2";"4";"23";"1";""
"202100053923";"105 360";"B01";"1";"7";"0";"2";"4";"23";"1";""
"202100053924";"105 357";"A01";"1";"7";"9";"0";"3";"13";"1";""
"202100053925";"105 356";"A01";"0";"7";"4";"0";"0";"14";"1";""
"202100053926";"105 355";"A01";"2";"7";"0";"1";"2";"1";"1";""
"202100053927";"105 353";"B01";"1";"7";"0";"2";"2";"1";"1";""
"202100053927";"105 354";"A01";"1";"7";"0";"2";"8";"9";"1";""
"202100053928";"105 351";"A01";"2";"7";"0";"2";"2";"15";"1";""
"202100053928";"105 352";"B01";"1";"7";"0";"2";"1";"1";"1";""
"202100053929";"105 349";"A01";"3";"7";"0";"2";"1";"0";"1";""
"202100053929";"105 350";"B01";"3";"7";"0";"2";"2";"1";"1";""
"202100053930";"105 347";"B01";"1";"7";"0";"2";"3";"1";"1";""
"202100053930";"105 348";"A01";"2";"10";"0";"2";"3";"15";"1";""
"202100053931";"105 346";"A01";"1";"7";"0";"1";"1";"1";"1";""
"202100053932";"105 345";"A01";"1";"10";"0";"1";"1";"1";"1";""
"202100053933";"105 343";"A01";"1";"7";"0";"2";"1";"1";"1";""
"202100053933";"105 344";"B01";"1";"7";"0";"2";"1";"5";"1";""
"202100053934";"105 342";"A01";"1";"7";"0";"1";"1";"1";"1";""
"202100053935";"105 340";"B01";"1";"7";"0";"2";"1";"1";"1";""
"202100053935";"105 341";"A01";"1";"7";"0";"2";"8";"1";"1";""
"202100053936";"105 339";"A01";"1";"7";"0";"1";"4";"26";"1";""
"202100053937";"105 338";"A01";"1";"2";"0";"1";"1";"2";"1";""
"202100053938";"105 336";"A01";"2";"7";"0";"2";"2";"19";"1";""
"202100053938";"105 337";"B01";"2";"7";"0";"2";"3";"1";"1";""
"202100053939";"105 334";"A01";"1";"7";"0";"2";"2";"13";"0";""
"202100053939";"105 335";"B01";"1";"31";"0";"2";"8";"15";"1";""
"202100053940";"105 333";"Z01";"1";"7";"0";"1";"0";"1";"1";""
"202100053941";"105 331";"B01";"3";"7";"0";"2";"1";"1";"1";""
"202100053941";"105 332";"A01";"1";"1";"0";"2";"8";"1";"5";""
"202100053942";"105 329";"A01";"1";"7";"0";"2";"1";"1";"1";""
"202100053942";"105 330";"B01";"3";"1";"0";"2";"8";"19";"5";""
"202100053943";"105 328";"A01";"3";"7";"0";"1";"4";"4";"1";""
"202100053944";"105 327";"A01";"3";"7";"0";"1";"3";"17";"1";""
"202100053945";"105 325";"B01";"2";"7";"0";"0";"4";"26";"1";""
"202100053945";"105 326";"A01";"2";"14";"0";"2";"1";"26";"1";""
"202100053946";"105 323";"B01";"1";"7";"0";"2";"2";"1";"1";""
"202100053946";"105 324";"A01";"1";"7";"0";"2";"3";"9";"1";""
"202100053947";"105 321";"B01";"3";"30";"0";"2";"1";"1";"1";""
"202100053947";"105 322";"A01";"3";"7";"0";"2";"7";"15";"1";""
"202100053948";"105 320";"Z01";"0";"3";"0";"1";"0";"26";"0";""
"202100053949";"105 318";"A01";"0";"7";"0";"2";"3";"1";"1";""
"202100053949";"105 319";"Z01";"0";"7";"0";"2";"1";"9";"1";""
"202100053950";"105 316";"A01";"3";"7";"0";"2";"1";"7";"1";""
"202100053950";"105 317";"B01";"3";"10";"0";"2";"7";"15";"1";""
"202100053951";"105 315";"A01";"1";"7";"0";"0";"9";"1";"1";""
"202100053952";"105 313";"A01";"2";"7";"0";"2";"1";"9";"1";""
"202100053952";"105 314";"B01";"2";"7";"15";"2";"5";"1";"1";""
"202100053953";"105 312";"A01";"3";"7";"0";"1";"2";"15";"1";""
"202100053954";"105 309";"C01";"1";"7";"0";"2";"6";"23";"1";""
"202100053954";"105 310";"B01";"1";"7";"0";"2";"5";"23";"1";""
"202100053954";"105 311";"A01";"1";"32";"0";"2";"1";"3";"1";""
"202100053955";"105 308";"A01";"2";"10";"0";"1";"1";"15";"1";""
"202100053956";"105 306";"A01";"2";"43";"0";"2";"3";"15";"1";""
"202100053956";"105 307";"B01";"2";"43";"0";"2";"1";"17";"1";""
"202100053957";"105 305";"A01";"2";"7";"0";"1";"6";"4";"1";""
"202100053958";"105 303";"B01";"1";"30";"0";"2";"5";"1";"3";""
"202100053958";"105 304";"A01";"1";"30";"0";"2";"1";"16";"1";""
"202100053959";"105 301";"B01";"3";"33";"0";"2";"1";"1";"1";""
"202100053959";"105 302";"A01";"3";"7";"0";"2";"2";"15";"1";""
"202100053960";"105 299";"A01";"1";"1";"0";"2";"1";"17";"5";""
"202100053960";"105 300";"B01";"1";"7";"0";"2";"8";"10";"1";""
"202100053961";"105 298";"A01";"3";"32";"0";"0";"0";"0";"1";""
"202100053962";"105 296";"B01";"1";"7";"0";"2";"4";"1";"1";""
"202100053962";"105 297";"A01";"1";"7";"0";"2";"1";"1";"1";""
"202100053963";"105 294";"B01";"2";"2";"0";"2";"1";"1";"1";""
"202100053963";"105 295";"A01";"2";"7";"0";"2";"2";"15";"1";""
"202100053964";"105 293";"A01";"1";"10";"0";"1";"2";"16";"1";""
"202100053965";"105 292";"Z01";"1";"30";"0";"1";"0";"1";"0";""
"202100053966";"105 290";"A01";"2";"7";"0";"2";"1";"1";"1";""
"202100053966";"105 291";"B01";"2";"7";"0";"2";"3";"1";"1";""
"202100053967";"105 288";"B01";"3";"30";"0";"2";"2";"1";"1";""
"202100053967";"105 289";"A01";"3";"7";"0";"2";"3";"11";"1";""
"202100053968";"105 286";"A01";"2";"32";"0";"2";"1";"1";"1";""
"202100053968";"105 287";"B01";"1";"7";"0";"2";"3";"1";"1";""
"202100053969";"105 284";"A01";"1";"7";"0";"2";"1";"9";"0";""
"202100053969";"105 285";"B01";"1";"7";"0";"2";"1";"1";"1";""
"202100053970";"105 281";"A01";"0";"7";"0";"2";"1";"26";"0";""
"202100053970";"105 282";"C01";"0";"7";"0";"2";"3";"23";"0";""
"202100053970";"105 283";"B01";"0";"7";"0";"2";"4";"0";"1";""
"202100053971";"105 279";"A01";"0";"7";"1";"0";"6";"23";"1";""
"202100053971";"105 280";"B01";"0";"10";"0";"2";"1";"1";"1";""
"202100053972";"105 277";"A01";"1";"7";"12";"0";"2";"0";"1";""
"202100053972";"105 278";"B01";"1";"7";"0";"2";"4";"1";"1";""
"202100053973";"105 274";"A01";"1";"7";"0";"2";"1";"26";"1";""
"202100053973";"105 275";"C01";"1";"7";"0";"2";"1";"1";"1";""
"202100053973";"105 276";"B01";"1";"7";"0";"2";"7";"1";"1";""
"202100053974";"105 271";"A01";"2";"7";"0";"2";"1";"1";"1";""
"202100053974";"105 272";"B01";"2";"7";"0";"2";"4";"23";"1";""
"202100053974";"105 273";"C01";"2";"7";"0";"2";"4";"23";"0";""
"202100053975";"105 269";"B01";"1";"32";"0";"2";"9";"1";"1";""
"202100053975";"105 270";"A01";"2";"7";"0";"2";"7";"19";"0";""
"202100053976";"105 268";"A01";"1";"7";"0";"1";"1";"26";"1";""
"202100053977";"105 267";"A01";"1";"99";"15";"0";"9";"14";"1";""
"202100053978";"105 265";"A01";"1";"7";"8";"2";"1";"1";"0";""
"202100053978";"105 266";"B01";"1";"7";"0";"0";"2";"9";"0";""
"202100053979";"105 263";"B01";"2";"7";"0";"2";"2";"1";"1";""
"202100053979";"105 264";"A01";"2";"10";"0";"2";"3";"9";"0";""
"202100053980";"105 262";"A01";"1";"30";"0";"0";"0";"1";"1";""
"202100053981";"105 260";"A01";"2";"37";"0";"2";"2";"1";"0";"1"
"202100053981";"105 261";"B01";"1";"1";"0";"2";"1";"16";"0";""
"202100053982";"105 256";"C01";"2";"7";"0";"2";"2";"1";"1";""
"202100053982";"105 257";"A01";"2";"7";"3";"0";"3";"1";"1";""
"202100053982";"105 258";"D01";"2";"7";"1";"0";"6";"23";"1";""
"202100053983";"105 255";"A01";"2";"10";"4";"0";"3";"2";"1";""
"202100053984";"105 253";"A01";"1";"7";"0";"1";"3";"1";"2";""
"202100053985";"105 252";"A01";"1";"2";"0";"0";"7";"1";"1";""
"202100053986";"105 250";"B01";"2";"7";"0";"2";"1";"1";"1";""
"202100053986";"105 251";"A01";"1";"10";"0";"2";"2";"13";"1";""
"202100053987";"105 249";"A01";"2";"3";"6";"0";"8";"13";"1";""
"202100053988";"105 247";"A01";"3";"1";"0";"2";"1";"15";"5";""
"202100053988";"105 248";"B01";"1";"7";"0";"2";"3";"1";"1";""
"202100053989";"105 246";"A01";"3";"10";"0";"0";"2";"0";"1";""
"202100053990";"105 244";"A01";"2";"7";"0";"2";"2";"2";"1";""
"202100053990";"105 245";"B01";"2";"1";"0";"2";"4";"2";"5";""
"202100053991";"105 243";"A01";"2";"7";"2";"0";"7";"0";"1";""
"202100053992";"105 242";"A01";"1";"33";"13";"0";"1";"1";"1";""
"202100053993";"105 241";"A01";"1";"7";"0";"0";"9";"1";"1";""
"202100053994";"105 238";"A01";"2";"7";"0";"2";"3";"15";"1";""
"202100053994";"105 239";"B01";"1";"33";"0";"2";"8";"1";"1";""
"202100053995";"105 235";"A01";"0";"7";"0";"0";"0";"0";"1";""
"202100053996";"105 234";"A01";"1";"7";"0";"1";"0";"1";"0";""
"202100053997";"105 232";"A01";"1";"33";"0";"2";"7";"13";"1";""
"202100053997";"105 233";"B01";"2";"10";"0";"9";"1";"21";"1";""
"202100053998";"105 228";"A01";"1";"7";"0";"2";"3";"15";"1";""
"202100053998";"105 229";"B01";"1";"33";"0";"2";"1";"17";"1";""
"202100053999";"105 226";"A01";"1";"7";"0";"2";"3";"13";"1";""
"202100053999";"105 227";"B01";"2";"7";"0";"2";"3";"21";"1";""
"202100054000";"105 225";"A01";"2";"7";"2";"0";"9";"1";"1";""
"202100054001";"105 223";"B01";"1";"33";"0";"2";"3";"1";"0";""
"202100054001";"105 224";"A01";"2";"7";"0";"2";"3";"1";"0";""
"202100054002";"105 221";"B01";"1";"34";"0";"2";"1";"1";"1";""
"202100054002";"105 222";"A01";"3";"7";"0";"2";"3";"17";"1";""
"202100054003";"105 220";"A01";"1";"7";"0";"0";"2";"26";"1";""
"202100054004";"105 219";"A01";"1";"2";"9";"0";"1";"1";"1";""
"202100054005";"105 218";"A01";"1";"20";"0";"1";"2";"16";"1";""
"202100054006";"105 216";"A01";"1";"7";"0";"1";"2";"1";"2";""
"202100054007";"105 213";"A01";"3";"7";"0";"2";"1";"5";"1";""
"202100054007";"105 214";"C01";"3";"7";"0";"2";"3";"23";"1";""
"202100054007";"105 215";"B01";"3";"7";"0";"2";"3";"1";"1";""
"202100054008";"105 212";"A01";"2";"7";"13";"0";"1";"1";"1";""
"202100054009";"105 210";"B01";"2";"33";"0";"2";"7";"16";"1";""
"202100054009";"105 211";"A01";"2";"7";"0";"2";"3";"2";"1";""
"202100054010";"105 208";"B01";"1";"31";"0";"2";"0";"0";"1";""
"202100054010";"105 209";"A01";"1";"7";"0";"2";"2";"0";"1";""
"202100054011";"105 205";"D01";"1";"7";"0";"2";"4";"1";"1";""
"202100054011";"105 206";"C01";"1";"7";"0";"2";"6";"1";"1";""
"202100054011";"105 207";"A01";"1";"7";"3";"2";"2";"21";"1";""
"202100054012";"105 204";"A01";"1";"7";"3";"0";"2";"26";"1";""
"202100054013";"105 199";"C01";"2";"7";"0";"2";"1";"2";"1";""
"202100054013";"105 200";"D01";"2";"7";"0";"2";"1";"2";"1";""
"202100054013";"105 201";"B01";"2";"7";"0";"2";"1";"2";"1";""
"202100054013";"105 202";"E01";"2";"7";"0";"2";"4";"2";"1";""
"202100054013";"105 203";"A01";"2";"7";"0";"2";"1";"2";"1";""
"202100054014";"105 198";"A01";"2";"7";"4";"0";"3";"26";"1";""
"202100054015";"105 197";"B01";"1";"7";"0";"2";"1";"1";"1";""
"202100054016";"105 194";"A01";"1";"7";"0";"2";"1";"14";"1";""
"202100054016";"105 195";"B01";"1";"10";"0";"2";"3";"1";"1";""
"202100054016";"105 196";"C01";"1";"7";"0";"2";"1";"1";"1";""
"202100054017";"105 192";"B01";"2";"7";"0";"2";"6";"23";"1";""
"202100054017";"105 193";"A01";"2";"14";"1";"0";"2";"1";"1";""
"202100054018";"105 190";"A01";"1";"7";"0";"2";"1";"26";"1";""
"202100054018";"105 191";"B01";"1";"7";"0";"2";"4";"0";"1";""
"202100054019";"105 185";"E01";"2";"7";"0";"2";"4";"2";"1";""
"202100054019";"105 186";"D01";"2";"7";"0";"2";"4";"2";"1";""
"202100054019";"105 187";"C01";"2";"7";"0";"2";"4";"2";"2";""
"202100054019";"105 188";"B01";"2";"10";"0";"2";"4";"2";"1";""
"202100054019";"105 189";"A01";"2";"7";"0";"2";"1";"2";"1";""
"202100054020";"105 183";"B01";"1";"7";"0";"2";"4";"2";"1";""
"202100054020";"105 184";"A01";"1";"10";"0";"2";"1";"2";"1";""
"202100054021";"105 181";"B01";"1";"7";"0";"2";"4";"2";"1";""
"202100054021";"105 182";"A01";"1";"7";"0";"2";"1";"2";"1";""
"202100054022";"105 180";"A01";"1";"32";"0";"0";"9";"1";"1";""
"202100054023";"105 178";"B01";"1";"32";"0";"2";"1";"1";"1";""
"202100054023";"105 179";"A01";"2";"33";"0";"2";"1";"13";"1";""
"202100054024";"105 177";"A01";"2";"30";"12";"0";"7";"26";"1";""
"202100054025";"105 175";"A01";"1";"30";"0";"2";"8";"3";"1";""
"202100054025";"105 176";"B01";"1";"7";"0";"2";"5";"1";"1";""
"202100054026";"105 173";"A01";"1";"7";"0";"2";"1";"15";"1";""
"202100054026";"105 174";"B01";"1";"7";"0";"2";"8";"1";"1";""
"202100054027";"105 172";"A01";"1";"10";"6";"0";"1";"1";"1";""
"202100054028";"105 171";"A01";"1";"7";"8";"0";"1";"16";"1";""
"202100054029";"105 169";"A01";"2";"7";"0";"2";"8";"1";"1";""
"202100054029";"105 170";"B01";"2";"7";"0";"2";"2";"12";"1";""
"202100054030";"105 167";"Z01";"3";"7";"0";"2";"1";"16";"1";""
"202100054030";"105 168";"B01";"2";"7";"0";"2";"7";"1";"1";""
"202100054031";"105 164";"C01";"3";"10";"0";"2";"4";"23";"1";""
"202100054031";"105 165";"B01";"3";"7";"0";"2";"4";"23";"1";""
"202100054031";"105 166";"A01";"3";"10";"0";"2";"1";"2";"1";""
"202100054032";"105 163";"A01";"1";"10";"0";"1";"3";"15";"1";""
"202100054033";"105 161";"A01";"3";"10";"0";"9";"3";"1";" -1";""
"202100054033";"105 162";"B01";"3";"39";"0";"2";"0";"0";"0";""
"202100054034";"105 159";"A01";"1";"7";"0";"2";"1";"17";"1";""
"202100054034";"105 160";"B01";"2";"7";"0";"2";"1";"1";"1";""
"202100054035";"105 158";"A01";"1";"7";"9";"1";"2";"2";"1";""
"202100054036";"105 157";"A01";"0";"7";"0";"1";"1";"0";" -1";""
"202100054037";"105 156";"A01";"2";"37";"0";"1";"0";"1";"1";"1"
"202100054038";"105 154";"B01";"0";"10";"0";"2";"3";"1";"1";""
"202100054038";"105 155";"A01";"0";"7";"0";"2";"1";"1";"1";""
"202100054039";"105 153";"A01";"1";"7";"0";"1";"3";"1";"1";""
"202100054040";"105 151";"B01";"1";"2";"0";"2";"7";"0";"1";""
"202100054040";"105 152";"A01";"1";"7";"0";"2";"3";"0";"1";""
"202100054041";"105 150";"Z01";"0";"7";"0";"1";"1";"1";"0";""
"202100054042";"105 146";"D01";"1";"7";"4";"0";"1";"2";"1";""
"202100054042";"105 147";"C01";"1";"13";"4";"0";"0";"0";"1";""
"202100054042";"105 148";"A01";"1";"3";"4";"0";"9";"1";"3";""
"202100054042";"105 149";"B01";"1";"7";"4";"0";"5";"11";"2";""
"202100054043";"105 145";"A01";"1";"7";"0";"1";"1";"20";"1";""
"202100054044";"105 143";"B01";"3";"7";"0";"2";"7";"1";"1";""
"202100054044";"105 144";"A01";"3";"7";"0";"2";"1";"1";"1";""
"202100054045";"105 141";"A01";"0";"7";"0";"1";"1";"1";"3";""
"202100054046";"105 139";"A01";"2";"7";"0";"1";"2";"17";"1";""
"202100054047";"105 137";"B01";"1";"7";"0";"2";"4";"1";"1";""
"202100054047";"105 138";"A01";"1";"7";"0";"2";"1";"1";"1";""
"202100054048";"105 136";"A01";"1";"7";"0";"1";"1";"9";"1";""
"202100054049";"105 134";"B01";"2";"7";"0";"0";"1";"1";"1";""
"202100054049";"105 135";"A01";"2";"2";"0";"2";"7";"1";"1";""
"202100054050";"105 130";"A01";"1";"30";"12";"0";"0";"26";"1";""
"202100054051";"105 128";"A01";"2";"7";"0";"2";"1";"1";"1";""
"202100054051";"105 129";"B01";"2";"1";"0";"2";"8";"13";"5";""
"202100054052";"105 127";"A01";"1";"7";"0";"1";"1";"1";"1";""
"202100054053";"105 126";"Z01";"3";"7";"0";"1";"1";"1";"0";""
"202100054054";"105 124";"A01";"2";"7";"0";"2";"2";"15";"1";""
"202100054054";"105 125";"B01";"2";"30";"0";"2";"8";"0";"1";""
"202100054055";"105 123";"A01";"1";"10";"0";"1";"2";"26";"1";""
"202100054056";"105 121";"B01";"3";"7";"0";"2";"1";"1";"1";""
"202100054056";"105 122";"A01";"1";"7";"0";"2";"6";"1";"1";""
"202100054057";"105 120";"A01";"2";"7";"0";"1";"3";"1";"1";""
"202100054058";"105 118";"A01";"2";"7";"0";"2";"1";"9";"1";""
"202100054058";"105 119";"B01";"1";"1";"0";"2";"7";"1";"5";""
"202100054059";"105 116";"B01";"2";"7";"0";"2";"1";"1";"1";""
"202100054059";"105 117";"A01";"1";"10";"0";"2";"2";"1";"1";""
"202100054060";"105 115";"A01";"2";"7";"0";"1";"1";"1";"1";""
"202100054061";"105 113";"A01";"2";"30";"0";"2";"1";"17";"1";""
"202100054061";"105 114";"B01";"2";"7";"0";"2";"6";"15";"1";""
"202100054062";"105 111";"B01";"1";"1";"0";"2";"1";"1";"5";""
"202100054062";"105 112";"A01";"1";"7";"0";"9";"1";"15";"1";""
"202100054063";"105 110";"A01";"2";"7";"0";"1";"3";"1";"1";""
"202100054064";"105 108";"B01";"3";"7";"0";"2";"1";"1";"1";""
"202100054064";"105 109";"A01";"3";"7";"9";"2";"7";"19";"1";""
"202100054065";"105 106";"A01";"3";"7";"0";"4";"1";"1";"1";""
"202100054065";"105 107";"B01";"3";"40";"0";"2";"2";"1";"3";""
"202100054066";"105 104";"B01";"3";"7";"0";"2";"4";"1";"1";""
"202100054066";"105 105";"A01";"3";"7";"0";"2";"1";"1";"1";""
"202100054067";"105 102";"B01";" -1";"31";"0";"2";"1";"0";"1";""
"202100054067";"105 103";"A01";"3";"7";"0";"2";"2";"15";"1";""
"202100054068";"105 100";"B01";"3";"1";"0";"2";"8";"19";"5";""
"202100054068";"105 101";"A01";"3";"10";"0";"2";"2";"1";"0";""
"202100054069";"105 098";"B01";"2";"7";"9";"2";"4";"2";"1";""
"202100054069";"105 099";"A01";"2";"7";"0";"2";"3";"2";"1";""
"202100054070";"105 097";"A01";"3";"7";"0";"1";"2";"1";"1";""
"202100054071";"105 095";"A01";"2";"7";"0";"2";"1";"1";"1";""
"202100054071";"105 096";"B01";"2";"7";"0";"2";"3";"16";"1";""
"202100054072";"105 093";"B01";"2";"2";"0";"2";"1";"1";"1";""
"202100054072";"105 094";"A01";"2";"7";"0";"2";"3";"15";"1";""
"202100054073";"105 091";"A01";"3";"7";"0";"2";"1";"1";"1";""
"202100054073";"105 092";"B01";"3";"30";"0";"2";"1";"1";"1";""
"202100054074";"105 090";"A01";"2";"7";"0";"1";"2";"1";"1";""
"202100054075";"105 089";"A01";"2";"7";"0";"1";"1";"1";"1";""
"202100054076";"105 088";"A01";"2";"7";"6";"0";"3";"13";"1";""
"202100054077";"105 085";"C01";"2";"7";"0";"2";"1";"24";"1";""
"202100054077";"105 086";"B01";"1";"31";"0";"2";"7";"17";"1";""
"202100054077";"105 087";"A01";"1";"7";"0";"2";"3";"15";"1";""
"202100054078";"105 083";"B01";"0";"7";"0";"0";"4";"1";"1";""
"202100054078";"105 084";"A01";"0";"7";"1";"2";"1";"1";"1";""
"202100054079";"105 081";"B01";"3";"50";"0";"2";"0";"0";"3";""
"202100054079";"105 082";"A01";"3";"7";"0";"2";"3";"26";"1";""
"202100054080";"105 079";"A01";"1";"7";"0";"2";"2";"15";"1";""
"202100054080";"105 080";"B01";"2";"7";"0";"2";"3";"1";"1";""
"202100054081";"105 078";"A01";"2";"7";"0";"1";"2";"15";"1";""
"202100054082";"105 077";"A01";"1";"2";"0";"1";"7";"1";"1";""
"202100054083";"105 075";"B01";"3";"2";"0";"2";"1";"1";"1";""
"202100054083";"105 076";"A01";"3";"7";"0";"2";"2";"19";"1";""
"202100054084";"105 073";"B01";"1";"7";"0";"2";"4";"1";"1";""
"202100054084";"105 074";"A01";"1";"7";"14";"2";"1";"2";"1";""
"202100054085";"105 071";"Z01";"1";"7";"0";"2";"1";"1";"0";""
"202100054085";"105 072";"B01";"1";"30";"0";"2";"1";"1";"1";""
"202100054086";"105 069";"Z01";"1";"7";"0";"2";"4";"20";"1";""
"202100054086";"105 070";"B01";"1";"7";"0";"2";"1";"23";"1";""
"202100054087";"105 067";"A01";"1";"7";"0";"2";"1";"16";"1";""
"202100054087";"105 068";"B01";"0";"7";"0";"2";"2";"1";"1";""
"202100054088";"105 065";"B01";"3";"7";"0";"2";"1";"0";"1";""
"202100054088";"105 066";"A01";"3";"7";"0";"2";"1";"0";"1";""
"202100054089";"105 063";"B01";"3";"10";"0";"2";"3";"9";"1";""
"202100054089";"105 064";"A01";"3";"7";"0";"2";"7";"13";"1";""
"202100054090";"105 061";"B01";"1";"7";"0";"2";"3";"15";"1";""
"202100054090";"105 062";"A01";"1";"31";"0";"2";"1";"1";"1";""
"202100054091";"105 059";"A01";"2";"7";"0";"2";"1";"13";"1";""
"202100054091";"105 060";"B01";"1";"7";"0";"2";"3";"1";"1";""
"202100054092";"105 057";"B01";"1";"50";"0";"2";"8";"1";"3";""
"202100054092";"105 058";"A01";"1";"7";"0";"2";"2";"16";"1";""
"202100054093";"105 056";"A01";"1";"7";"0";"1";"2";"1";"1";""
"202100054094";"105 055";"A01";"1";"10";"0";"1";"2";"26";"1";""
"202100054095";"105 053";"A01";"1";"7";"0";"2";"0";"1";"1";""
"202100054095";"105 054";"B01";"1";"30";"0";"2";"8";"15";"1";""
"202100054096";"105 051";"A01";"1";"33";"0";"2";"7";"15";"1";""
"202100054096";"105 052";"B01";"2";"30";"0";"2";"1";"1";"1";""
"202100054097";"105 049";"A01";"1";"7";"0";"2";"0";"22";"1";""
"202100054097";"105 050";"B01";"1";"1";"0";"2";"0";"1";"5";""
"202100054098";"105 047";"A01";"3";"30";"0";"2";"1";"18";"3";""
"202100054098";"105 048";"B01";"2";"7";"0";"2";"2";"15";"1";""
"202100054099";"105 045";"A01";"1";"10";"0";"2";"7";"10";"1";""
"202100054099";"105 046";"B01";"1";"43";"1";"2";"1";"17";"1";""
"202100054100";"105 042";"A01";"1";"7";"0";"1";"1";"1";"1";""
"202100054101";"105 040";"A01";"1";"7";"0";"2";"7";"15";"1";""
"202100054101";"105 041";"B01";"2";"32";"0";"2";"1";"1";"1";""
"202100054102";"105 039";"A01";"2";"33";"0";"0";"1";"1";"1";""
"202100054103";"105 038";"A01";"3";"7";"0";"1";"2";"1";"1";""
"202100054104";"105 037";"A01";"1";"50";"0";"0";"2";"1";"3";""
"202100054105";"105 036";"A01";"1";"32";"1";"0";"2";"1";"1";""
"202100054106";"105 034";"A01";"3";"10";"0";"2";"3";"2";"1";""
"202100054106";"105 035";"B01";"3";"50";"1";"0";"7";"1";"3";""