"Num_Acc";"id_vehicule";"num_veh";"senc";"catv";"obs";"obsm";"choc";"manv";"motor";"occutc"
"202100055425";"102 779";"A01";"2";"7";"3";"0";"3";"2";"1";""
"202100055426";"102 778";"A01";"2";"7";"4";"0";"3";"13";"1";""
"202100055427";"102 774";"A01";"2";"33";"0";"2";"8";"3";"1";""
"202100055427";"102 775";"B01";"2";"7";"0";"2";"2";"12";"1";""
"202100055427";"102 776";"C01";"2";"7";"0";"2";"7";"1";"1";""
"202100055427";"102 777";"D01";"2";"7";"0";"2";"6";"1";"1";""
"202100055428";"102 773";"A01";"2";"33";"0";"0";"0";"2";"1";""
"202100055429";"102 771";"B01";"1";"7";"0";"2";"1";"1";"1";""
"202100055429";"102 772";"A01";"1";"10";"0";"2";"4";"1";"1";""
"202100055430";"102 769";"A01";"2";"7";"0";"2";"0";"11";"1";""
"202100055430";"102 770";"B01";"2";"7";"0";"2";"0";"2";"1";""
"202100055431";"102 768";"A01";"1";"10";"0";"1";"1";"21";"1";""
"202100055432";"102 767";"A01";"1";"30";"14";"0";"0";"26";"1";""
"202100055433";"102 766";"A01";"2";"10";"4";"0";"1";"15";"1";""
"202100055434";"102 765";"A01";"3";"7";"0";"1";"1";"1";"1";""
"202100055435";"102 764";"A01";"1";"7";"1";"0";"2";"1";"1";""
"202100055436";"102 763";"A01";"1";"7";"1";"0";"2";"14";"1";""
"202100055437";"102 762";"A01";"2";"30";"14";"0";"1";"17";"1";""
"202100055438";"102 760";"A01";"2";"7";"0";"9";"0";"1";"1";""
"202100055438";"102 761";"B01";"1";"1";"0";"2";"0";"15";"0";""
"202100055439";"102 758";"A01";"1";"10";"0";"2";"2";"13";"1";""
"202100055439";"102 759";"B01";"2";"7";"0";"2";"2";"1";"1";""
"202100055440";"102 757";"A01";"2";"7";"0";"1";"3";"1";"1";""
"202100055441";"102 755";"B01";"1";"33";"0";"2";"0";"26";"1";""
"202100055441";"102 756";"A01";"1";"10";"0";"2";"2";"0";"1";""
"202100055442";"102 753";"A01";"3";"31";"0";"2";"0";"26";"0";""
"202100055442";"102 754";"B01";"3";"7";"5";"2";"3";"1";"6";""
"202100055443";"102 751";"B01";"2";"33";"0";"2";"7";"3";"1";""
"202100055443";"102 752";"A01";"2";"7";"0";"2";"8";"11";"1";""
"202100055444";"102 750";"A01";"1";"7";"15";"0";"1";"19";"1";""
"202100055445";"102 748";"B01";"3";"7";"0";"2";"8";"1";"1";""
"202100055445";"102 749";"A01";"1";"7";"0";"2";"1";"1";"1";""
"202100055446";"102 746";"B01";"2";"33";"0";"2";"3";"1";"1";""
"202100055446";"102 747";"A01";"1";"7";"0";"2";"3";"15";"1";""
"202100055447";"102 744";"B01";"1";"2";"0";"2";"1";"1";"1";""
"202100055447";"102 745";"A01";"1";"7";"0";"2";"2";"15";"1";""
"202100055448";"102 742";"B01";"2";"7";"0";"2";"1";"5";"1";""
"202100055448";"102 743";"A01";"1";"7";"0";"2";"1";"0";"1";""
"202100055449";"102 741";"A01";"1";"7";"0";"1";"1";"1";"1";""
"202100055450";"102 738";"A01";"1";"7";"11";"0";"0";"6";"1";""
"202100055450";"102 739";"B01";"1";"7";"0";"2";"1";"1";"1";""
"202100055450";"102 740";"C01";"1";"7";"0";"2";"3";"1";"1";""
"202100055451";"102 736";"B01";"2";"30";"0";"2";"1";"1";"3";""
"202100055451";"102 737";"A01";"2";"7";"0";"2";"3";"23";"1";""
"202100055452";"102 734";"A01";"1";"2";"0";"2";"1";"1";"1";""
"202100055452";"102 735";"B01";"2";"7";"0";"2";"2";"1";"1";""
"202100055453";"102 733";"A01";"1";"33";"0";"0";"8";"1";"1";""
"202100055454";"102 732";"A01";"2";"7";"13";"0";"1";"13";"1";""
"202100055455";"102 726";"A01";"2";"10";"0";"2";"1";"1";"1";""
"202100055455";"102 727";"E01";"2";"7";"0";"2";"4";"23";"1";""
"202100055455";"102 728";"D01";"2";"7";"0";"2";"4";"23";"1";""
"202100055455";"102 729";"C01";"2";"7";"0";"2";"4";"23";"1";""
"202100055455";"102 730";"B01";"2";"7";"0";"2";"4";"23";"1";""
"202100055456";"102 724";"A01";"3";"7";"0";"2";"1";"1";"1";""
"202100055456";"102 725";"B01";"3";"2";"0";"2";"1";"1";"1";""
"202100055457";"102 722";"Z01";"2";"7";"0";"2";"1";"2";"1";""
"202100055457";"102 723";"A01";"2";"80";"0";"2";"4";"1";"3";""
"202100055458";"102 720";"A01";"1";"33";"0";"2";"1";"13";"1";""
"202100055458";"102 721";"B01";"1";"7";"0";"2";"3";"1";"1";""
"202100055459";"102 718";"A01";"1";"7";"0";"2";"8";"1";"1";""
"202100055459";"102 719";"B01";"1";"80";"0";"2";"1";"1";"3";""
"202100055460";"102 716";"B01";"0";"7";"0";"2";"3";"1";"1";""
"202100055460";"102 717";"A01";"0";"7";"0";"2";"0";"9";"0";""
"202100055461";"102 714";"A01";"1";"10";"0";"2";"1";"2";"1";""
"202100055461";"102 715";"B01";"1";"43";"0";"2";"4";"23";"1";""
"202100055462";"102 712";"B01";"1";"1";"0";"2";"0";"1";"5";""
"202100055462";"102 713";"A01";"1";"15";"0";"2";"0";"16";"1";""
"202100055463";"102 710";"A01";"2";"7";"2";"0";"3";"26";"1";""
"202100055464";"102 705";"C01";"2";"37";"0";"2";"1";"1";"1";"1"
"202100055464";"102 706";"A01";"1";"7";"0";"2";"3";"9";"1";""
"202100055464";"102 707";"B01";"1";"34";"0";"2";"1";"1";"1";""
"202100055465";"102 703";"A01";"2";"7";"0";"2";"1";"1";"1";""
"202100055465";"102 704";"B01";"1";"10";"0";"2";"1";"15";"1";""
"202100055466";"102 699";"B01";"0";"7";"0";"2";"1";"1";"1";""
"202100055466";"102 700";"A01";"0";"7";"0";"2";"8";"26";"1";""
"202100055467";"102 698";"A01";"3";"7";"0";"1";"1";"26";"1";""
"202100055468";"102 697";"A01";"2";"7";"0";"1";"2";"21";"1";""
"202100055469";"102 695";"A01";"2";"10";"0";"2";"3";"15";"1";""
"202100055469";"102 696";"B01";"1";"50";"0";"2";"1";"1";"3";""
"202100055470";"102 694";"A01";"1";"7";"0";"1";"3";"1";"1";""
"202100055471";"102 692";"A01";"2";"7";"6";"0";"2";"1";"1";""
"202100055472";"102 691";"A01";"1";"7";"6";"0";"1";"1";"1";""
"202100055473";"102 689";"A01";"2";"7";"0";"2";"7";"1";"1";""
"202100055473";"102 690";"B01";"3";"14";"0";"2";"1";"1";"1";""
"202100055474";"102 688";"A01";"0";"7";"0";"1";"3";"11";"1";""
"202100055475";"102 687";"A01";"2";"99";"0";"1";"3";"15";"1";""
"202100055476";"102 686";"A01";"2";"7";"8";"0";"1";"13";"1";""
"202100055477";"102 684";"B01";"1";"7";"0";"2";"4";"23";"1";""
"202100055477";"102 685";"A01";"1";"7";"0";"2";"1";"1";"1";""
"202100055478";"102 683";"A01";"1";"7";"0";"1";"2";"1";"2";""
"202100055479";"102 682";"A01";"1";"7";"0";"1";"3";"1";"1";""
"202100055480";"102 680";"A01";"0";"7";"0";"2";"3";"0";"1";""
"202100055480";"102 681";"B01";"2";"50";"0";"2";"0";"0";"3";""
"202100055481";"102 679";"A01";"1";"30";"0";"0";"0";"1";"1";""
"202100055482";"102 678";"A01";"1";"30";"0";"0";"0";"1";"1";""
"202100055483";"102 677";"A01";"3";"7";"3";"0";"1";"1";"1";""
"202100055484";"102 675";"B01";"1";"7";"0";"2";"7";"1";"1";""
"202100055484";"102 676";"A01";"1";"60";"0";"2";"1";"1";"5";""
"202100055485";"102 672";"C01";"1";"7";"0";"2";"4";"1";"1";""
"202100055485";"102 673";"A01";"0";"7";"0";"2";"1";"1";"1";""
"202100055485";"102 674";"B01";"1";"7";"0";"2";"9";"1";"1";""
"202100055486";"102 671";"A01";"1";"7";"14";"0";"9";"1";"1";""
"202100055487";"102 669";"B01";"1";"40";"0";"2";"1";"1";"3";""
"202100055487";"102 670";"A01";"2";"7";"0";"4";"1";"1";"1";""
"202100055488";"102 667";"B01";"3";"7";"0";"2";"4";"1";"1";""
"202100055488";"102 668";"A01";"3";"7";"0";"2";"1";"1";"1";""
"202100055489";"102 665";"B01";"1";"7";"0";"2";"3";"1";"1";""
"202100055489";"102 666";"A01";"2";"7";"0";"2";"2";"10";"1";""
"202100055490";"102 663";"A01";"1";"1";"0";"2";"1";"5";"5";""
"202100055490";"102 664";"B01";"2";"7";"0";"2";"0";"1";"1";""
"202100055491";"102 661";"B01";"2";"7";"0";"2";"4";"1";"1";""
"202100055491";"102 662";"A01";"2";"7";"0";"2";"1";"2";"1";""
"202100055492";"102 658";"C01";"1";"7";"0";"2";"4";"2";"1";""
"202100055492";"102 659";"B01";"1";"7";"0";"2";"4";"1";"1";""
"202100055492";"102 660";"A01";"1";"10";"0";"2";"1";"2";"1";""
"202100055493";"102 656";"A01";"1";"7";"0";"2";"3";"9";"1";""
"202100055493";"102 657";"B01";"1";"1";"0";"2";"7";"1";"5";""
"202100055494";"102 654";"A01";"1";"30";"0";"2";"0";"1";"1";""
"202100055494";"102 655";"B01";"1";"7";"0";"2";"2";"1";"1";""
"202100055495";"102 652";"B01";"2";"7";"0";"2";"1";"1";"2";""
"202100055495";"102 653";"A01";"2";"10";"0";"2";"8";"9";"1";""
"202100055496";"102 651";"A01";"1";"7";"0";"1";"1";"1";"1";""
"202100055497";"102 649";"B01";"1";"7";"0";"2";"4";"1";"1";""
"202100055497";"102 650";"A01";"1";"10";"0";"2";"1";"1";"1";""
"202100055498";"102 648";"A01";"1";"7";"0";"1";"3";"1";"1";""
"202100055499";"102 645";"A01";"2";"7";"0";"2";"1";"16";"1";""
"202100055499";"102 646";"B01";"2";"10";"0";"2";"4";"16";"1";""
"202100055499";"102 647";"C01";"2";"7";"0";"2";"4";"9";"1";""
"202100055500";"102 643";"B01";"2";"2";"0";"2";"2";"1";"1";""
"202100055500";"102 644";"A01";"2";"7";"0";"2";"0";"15";"1";""
"202100055501";"102 638";"E01";"1";"7";"0";"2";"4";"15";"1";""
"202100055501";"102 639";"A01";"1";"7";"0";"2";"1";"1";"1";""
"202100055501";"102 640";"B01";"1";"7";"0";"0";"1";"1";"1";""
"202100055501";"102 641";"C01";"1";"7";"0";"0";"4";"0";"1";""
"202100055501";"102 642";"D01";"1";"7";"0";"2";"0";"0";"1";""
"202100055502";"102 636";"Z01";"3";"7";"0";"2";"4";"16";"1";""
"202100055502";"102 637";"A01";"3";"2";"0";"2";"1";"26";"1";""
"202100055503";"102 634";"A01";"0";"10";"0";"2";"2";"15";"1";""
"202100055503";"102 635";"B01";"0";"32";"0";"2";"1";"1";"1";""
"202100055504";"102 632";"B01";"1";"10";"0";"2";"1";"1";"1";""
"202100055504";"102 633";"A01";"2";"7";"0";"2";"1";"9";"1";""
"202100055505";"102 630";"B01";"1";"7";"0";"2";"3";"1";"1";""
"202100055505";"102 631";"A01";"2";"7";"0";"2";"3";"19";"1";""
"202100055506";"102 628";"B01";"2";"7";"4";"2";"0";"0";"1";""
"202100055506";"102 629";"A01";"1";"7";"4";"2";"3";"23";"1";""
"202100055507";"102 626";"B01";"1";"7";"0";"2";"2";"1";"1";""
"202100055507";"102 627";"A01";"1";"7";"0";"2";"3";"9";"1";""
"202100055508";"102 625";"A01";"3";"7";"5";"0";"1";"1";"1";""
"202100055509";"102 623";"A01";"1";"33";"0";"2";"1";"13";"1";""
"202100055509";"102 624";"B01";"2";"10";"0";"2";"1";"1";"1";""
"202100055510";"102 621";"B01";"1";"7";"1";"2";"1";"1";"1";""
"202100055510";"102 622";"A01";"1";"7";"1";"2";"2";"15";"1";""
"202100055511";"102 619";"B01";"3";"7";"0";"2";"4";"0";"1";""
"202100055511";"102 620";"A01";"3";"7";"0";"2";"1";"21";"1";""
"202100055512";"102 618";"A01";"2";"7";"0";"1";"1";"1";"1";""
"202100055513";"102 617";"A01";"1";"7";"6";"0";"1";"1";"1";""
"202100055514";"102 615";"B01";"2";"7";"0";"2";"1";"1";"1";""
"202100055514";"102 616";"A01";"1";"7";"0";"2";"4";"1";"1";""
"202100055515";"102 614";"A01";"3";"7";"2";"0";"8";"1";"1";""
"202100055516";"102 611";"A01";"2";"43";"0";"2";"2";"3";"1";""
"202100055516";"102 612";"B01";"2";"7";"0";"2";"8";"1";"1";""
"202100055516";"102 613";"C01";"2";"7";"0";"2";"7";"1";"1";""
"202100055517";"102 609";"A01";"1";"7";"0";"2";"7";"12";"1";""
"202100055517";"102 610";"B01";"1";"33";"0";"2";"8";"1";"1";""
"202100055518";"102 608";"A01";"1";"37";"0";"1";"2";"1";"1";"1"
"202100055519";"102 607";"A01";"3";"7";"9";"1";"1";"14";"1";""
"202100055520";"102 605";"A01";"1";"32";"0";"2";"1";"7";"1";""
"202100055520";"102 606";"B01";"1";"7";"0";"2";"2";"16";"1";""
"202100055521";"102 603";"B01";"1";"37";"0";"2";"3";"9";"2";"1"
"202100055521";"102 604";"A01";"2";"30";"0";"2";"1";"1";"1";""
"202100055522";"102 601";"Z01";"1";"7";"0";"2";"1";"2";"1";""
"202100055522";"102 602";"A01";"1";"7";"0";"2";"4";"1";"1";""
"202100055523";"102 600";"A01";"1";"7";"0";"1";"7";"1";"1";""
"202100055524";"102 598";"A01";"1";"2";"0";"2";"8";"18";"1";""
"202100055524";"102 599";"Z01";"1";"7";"0";"2";"7";"16";"0";""
"202100055525";"102 597";"A01";"2";"7";"0";"1";"3";"1";"1";""
"202100055526";"102 596";"A01";"1";"2";"8";"0";"1";"25";"1";""
"202100055527";"102 594";"A01";"1";"30";"0";"2";"3";"18";"1";""
"202100055527";"102 595";"Z01";"1";"10";"0";"2";"7";"14";"1";""
"202100055528";"102 593";"A01";"2";"34";"1";"0";"3";"13";"1";""
"202100055529";"102 592";"A01";"1";"1";"0";"1";"1";"1";"5";""
"202100055530";"102 590";"B01";"1";"1";"0";"2";"3";"1";"5";""
"202100055530";"102 591";"A01";"1";"7";"0";"2";"2";"16";"1";""
"202100055531";"102 588";"A01";"1";"2";"0";"2";"1";"11";"1";""
"202100055531";"102 589";"B01";"1";"7";"0";"2";"4";"1";"2";""
"202100055532";"102 587";"A01";"0";"1";"14";"0";"0";"1";"5";""
"202100055533";"102 585";"B01";"1";"1";"0";"2";"8";"1";"5";""
"202100055533";"102 586";"A01";"1";"14";"0";"2";"2";"2";"1";""
"202100055534";"102 584";"A01";"1";"1";"9";"0";"1";"19";"5";""
"202100055535";"102 583";"B01";"2";"1";"0";"0";"0";"21";"5";""
"202100055536";"102 582";"A01";"1";"1";"0";"1";"1";"1";"5";""
"202100055537";"102 581";"A01";"1";"50";"8";"0";"1";"25";"3";""
"202100055538";"102 580";"A01";"2";"7";"0";"1";"2";"9";"0";""
"202100055539";"102 579";"A01";"2";"30";"0";"0";"8";"1";"1";""
"202100055540";"102 578";"A01";"2";"34";"0";"0";"0";"1";"1";""
"202100055541";"102 576";"B01";"3";"32";"0";"2";"1";"1";"1";""
"202100055541";"102 577";"A01";"3";"7";"0";"2";"5";"19";"1";""
"202100055542";"102 575";"A01";"3";"7";"0";"0";"1";"21";"1";""
"202100055543";"102 573";"A01";"1";"32";"0";"2";"1";"1";"1";""
"202100055543";"102 574";"B01";"3";"7";"0";"2";"5";"15";"1";""
"202100055544";"102 572";"A01";"2";"7";"0";"1";"2";"20";"1";""
"202100055545";"102 570";"A01";"2";"30";"0";"2";"2";"1";"1";""
"202100055545";"102 571";"B01";"3";"7";"0";"2";"2";"1";"1";""
"202100055546";"102 568";"A01";"0";"30";"0";"0";"3";"0";"0";""
"202100055546";"102 569";"B01";"0";"7";"0";"0";"0";"2";"2";""
"202100055547";"102 566";"B01";"1";"43";"0";"2";"7";"2";"1";""
"202100055547";"102 567";"A01";"1";"7";"0";"2";"8";"13";"1";""
"202100055548";"102 565";"A01";"0";"7";"0";"1";"1";"26";"1";""
"202100055549";"102 563";"A01";"1";"30";"0";"2";"8";"17";"1";""
"202100055549";"102 564";"B01";"1";"7";"0";"2";"8";"15";"1";""
"202100055550";"102 561";"A01";"2";"7";"0";"2";"2";"15";"1";""
"202100055550";"102 562";"B01";"1";"33";"0";"2";"7";"1";"1";""
"202100055551";"102 559";"A01";"2";"10";"2";"0";"7";"26";"1";""
"202100055551";"102 560";"B01";"1";"10";"0";"2";"1";"16";"1";""
"202100055552";"102 555";"A01";"0";"30";"0";"2";"3";"26";"1";""
"202100055552";"102 556";"B01";"0";"7";"0";"0";"0";"0";"0";""
"202100055553";"102 554";"A01";"1";"7";"7";"0";"3";"1";"1";""
"202100055554";"102 552";"B01";"1";"32";"0";"2";"8";"16";"1";""
"202100055554";"102 553";"A01";"2";"7";"0";"2";"2";"1";"1";""
"202100055555";"102 551";"A01";"2";"7";"0";"1";"1";"1";"1";""
"202100055556";"102 550";"A01";"1";"33";"12";"0";"3";"18";"1";""
"202100055557";"102 549";"A01";"1";"34";"5";"0";"1";"19";"1";""
"202100055558";"102 546";"A01";"1";"7";"0";"2";"3";"15";"1";""
"202100055558";"102 547";"B01";"3";"7";"0";"2";"0";"0";"0";""
"202100055559";"102 544";"A01";"0";"7";"0";"2";"2";"20";"1";""
"202100055559";"102 545";"B01";"0";"2";"0";"2";"1";"1";"1";""
"202100055560";"102 542";"B01";"2";"7";"0";"2";"1";"1";"1";""
"202100055560";"102 543";"A01";"1";"7";"0";"2";"7";"1";"1";""
"202100055561";"102 540";"B01";"1";"14";"0";"2";"1";"1";"1";""
"202100055561";"102 541";"A01";"2";"10";"0";"2";"1";"5";"1";""
"202100055562";"102 538";"A01";"0";"7";"0";"2";"3";"15";"1";""
"202100055562";"102 539";"B01";"2";"33";"0";"2";"1";"21";"1";""
"202100055563";"102 536";"B01";"0";"2";"5";"2";"1";"1";"1";""
"202100055563";"102 537";"A01";"0";"10";"0";"2";"3";"15";"0";""
"202100055564";"102 533";"A01";"1";"7";"0";"2";"1";"17";"1";""
"202100055564";"102 534";"B01";"2";"7";"0";"2";"1";"1";"2";""
"202100055565";"102 532";"A01";"1";"17";"13";"0";"2";"1";"1";""
"202100055566";"102 530";"C01";"0";"2";"0";"2";"5";"19";"1";""
"202100055566";"102 531";"A01";"1";"7";"0";"2";"1";"1";"1";""
"202100055567";"102 527";"B01";"1";"7";"0";"0";"4";"2";"1";""
"202100055567";"102 528";"C01";"1";"7";"0";"0";"6";"2";"1";""
"202100055567";"102 529";"A01";"1";"10";"0";"2";"1";"1";"1";""
"202100055568";"102 525";"A01";"1";"7";"0";"2";"5";"17";"1";""
"202100055568";"102 526";"B01";"1";"7";"0";"2";"3";"1";"1";""
"202100055569";"102 523";"B01";"2";"3";"0";"2";"3";"1";"1";""
"202100055569";"102 524";"A01";"1";"7";"0";"2";"3";"13";"1";""
"202100055570";"102 522";"A01";"1";"7";"0";"0";"9";"1";"1";""
"202100055571";"102 521";"A01";"1";"33";"0";"0";"8";"1";"1";""
"202100055572";"102 519";"A01";"3";"2";"0";"2";"1";"1";"1";""
"202100055572";"102 520";"B01";"3";"7";"0";"2";"2";"15";"1";""
"202100055573";"102 518";"A01";"3";"7";"0";"0";"1";"1";"1";""
"202100055574";"102 517";"A01";"2";"33";"0";"0";"0";"1";"1";""
"202100055575";"102 516";"A01";"2";"7";"13";"0";"2";"1";"1";""
"202100055576";"102 514";"B01";"2";"21";"0";"2";"1";"1";"1";""
"202100055576";"102 515";"A01";"1";"7";"0";"2";"7";"26";"1";""
"202100055577";"102 512";"B01";"1";"13";"0";"2";"1";"0";"1";""
"202100055577";"102 513";"A01";"1";"7";"0";"2";"7";"13";"1";""
"202100055578";"102 511";"A01";"1";"7";"10";"0";"2";"1";"1";""
"202100055579";"102 510";"A01";"2";"7";"3";"0";"1";"16";"1";""
"202100055580";"102 509";"A01";"1";"7";"13";"0";"1";"0";"1";""
"202100055581";"102 507";"B01";"1";"7";"0";"2";"3";"1";"1";""
"202100055581";"102 508";"A01";"2";"10";"0";"2";"3";"13";"1";""
"202100055582";"102 505";"A01";"2";"7";"13";"0";"1";"1";"1";""
"202100055583";"102 503";"A01";"2";"7";"0";"2";"1";"1";"1";""
"202100055583";"102 504";"B01";"1";"10";"0";"2";"1";"1";"1";""
"202100055584";"102 502";"A01";"3";"7";"0";"1";"3";"20";"2";""
"202100055585";"102 500";"A01";"1";"7";"2";"2";"3";"17";"1";""
"202100055585";"102 501";"B01";"1";"7";"0";"2";"3";"1";"1";""
"202100055586";"102 499";"A01";"2";"7";"13";"0";"3";"1";"1";""
"202100055587";"102 497";"A01";"1";"7";"0";"2";"3";"1";"1";""
"202100055587";"102 498";"B01";"2";"7";"0";"2";"3";"1";"1";""
"202100055588";"102 495";"A01";"1";"7";"0";"2";"3";"13";"1";""
"202100055588";"102 496";"B01";"2";"10";"0";"2";"3";"1";"1";""
"202100055589";"102 493";"A01";"1";"7";"0";"2";"2";"13";"1";""
"202100055589";"102 494";"B01";"2";"7";"0";"2";"2";"1";"1";""
"202100055590";"102 490";"B01";"2";"33";"0";"0";"4";"1";"1";""
"202100055590";"102 491";"A01";"2";"14";"0";"0";"3";"9";"1";""
"202100055591";"102 488";"A01";"0";"7";"0";"1";"1";"0";"1";""
"202100055592";"102 486";"A01";"1";"7";"0";"2";"3";"1";"1";""
"202100055592";"102 487";"B01";"2";"7";"0";"2";"3";"1";"1";""
"202100055593";"102 484";"A01";"1";"7";"0";"2";"1";"1";"1";""
"202100055593";"102 485";"B01";"2";"7";"0";"2";"1";"13";"1";""
"202100055594";"102 482";"B01";"1";"7";"0";"2";"1";"0";"1";""
"202100055594";"102 483";"A01";"1";"1";"0";"0";"4";"0";"0";""
"202100055595";"102 480";"B01";"1";"7";"0";"2";"2";"1";"1";""
"202100055595";"102 481";"A01";"2";"30";"0";"2";"1";"19";"1";""
"202100055596";"102 478";"A01";"2";"7";"0";"2";"3";"19";"1";""
"202100055596";"102 479";"B01";"2";"7";"0";"2";"3";"21";"1";""
"202100055597";"102 477";"A01";"1";"33";"0";"0";"7";"1";"1";""
"202100055598";"102 476";"A01";"1";"7";"13";"0";"2";"1";"1";""
"202100055599";"102 475";"A01";"0";"7";"15";"1";"7";"2";"0";""
"202100055600";"102 474";"A01";"2";"33";"0";"0";"9";"14";"1";""
"202100055601";"102 473";"A01";"2";"7";"6";"0";"3";"15";"1";""
"202100055602";"102 471";"A01";"1";"7";"0";"2";"7";"15";"1";""
"202100055602";"102 472";"B01";"1";"33";"0";"2";"1";"1";"1";""
"202100055603";"102 468";"B01";"1";"7";"0";"2";"3";"17";"1";""
"202100055603";"102 469";"A01";"2";"7";"0";"2";"3";"1";"1";""
"202100055603";"102 470";"C01";"1";"15";"0";"2";"6";"1";"1";""
"202100055604";"102 466";"A01";"1";"7";"6";"1";"2";"1";"1";""
"202100055604";"102 467";"B01";"1";"7";"0";"2";"1";"1";"1";""
"202100055605";"102 464";"B01";"2";"10";"0";"2";"2";"13";"1";""
"202100055605";"102 465";"A01";"1";"7";"0";"2";"2";"13";"1";""
"202100055606";"102 462";"B01";"2";"7";"0";"1";"3";"1";"0";""
"202100055606";"102 463";"A01";"1";"10";"0";"1";"3";"1";"1";""
"202100055607";"102 460";"B01";"2";"21";"0";"2";"1";"1";"1";""
"202100055607";"102 461";"A01";"1";"7";"0";"2";"1";"17";"1";""
"202100055608";"102 458";"A01";"2";"20";"0";"2";"1";"9";"1";""
"202100055608";"102 459";"B01";"1";"38";"14";"2";"1";"2";"1";"1"
"202100055609";"102 452";"A01";"2";"10";"0";"2";"4";"2";"1";""
"202100055609";"102 453";"D01";"2";"7";"0";"2";"4";"1";"1";""
"202100055609";"102 454";"E01";"2";"7";"0";"2";"4";"1";"1";""
"202100055609";"102 455";"F01";"2";"10";"0";"2";"1";"1";"1";""
"202100055609";"102 456";"B01";"2";"10";"0";"2";"4";"2";"1";""
"202100055609";"102 457";"C01";"2";"7";"0";"2";"4";"2";"1";""
"202100055610";"102 450";"B01";"1";"14";"0";"2";"7";"1";"1";""
"202100055610";"102 451";"A01";"1";"7";"0";"2";"1";"1";"1";""
"202100055611";"102 447";"C01";"2";"7";"0";"2";"6";"1";"2";""
"202100055611";"102 448";"B01";"2";"7";"0";"2";"7";"12";"1";""
"202100055611";"102 449";"A01";"2";"33";"0";"2";"1";"3";"1";""
"202100055612";"102 446";"A01";"1";"10";"16";"0";"1";"15";"1";""
"202100055613";"102 443";"A01";"2";"10";"0";"2";"1";"1";"1";""
"202100055613";"102 444";"B01";"2";"7";"0";"2";"4";"2";"1";""
"202100055613";"102 445";"C01";"2";"7";"0";"2";"0";"0";"1";""
"202100055614";"102 441";"B01";"2";"7";"0";"2";"8";"1";"1";""
"202100055614";"102 442";"Z01";"2";"7";"0";"2";"2";"1";"1";""
"202100055615";"102 438";"C01";"1";"7";"0";"2";"4";"2";"1";""
"202100055615";"102 439";"B01";"1";"7";"0";"2";"1";"2";"1";""
"202100055615";"102 440";"A01";"1";"7";"0";"2";"1";"1";"1";""
"202100055616";"102 437";"A01";"2";"7";"4";"0";"1";"21";"1";""
"202100055617";"102 433";"D01";"2";"7";"4";"0";"1";"15";"1";""
"202100055617";"102 434";"C01";"2";"7";"0";"2";"7";"1";"1";""
"202100055617";"102 435";"B01";"2";"10";"0";"2";"6";"1";"1";""
"202100055617";"102 436";"A01";"2";"7";"0";"2";"2";"21";"1";""
"202100055618";"102 431";"A01";"2";"7";"0";"2";"1";"2";"1";""
"202100055618";"102 432";"B01";"2";"7";"0";"2";"4";"2";"1";""
"202100055619";"102 428";"C01";"2";"7";"0";"2";"4";"2";"1";""
"202100055619";"102 429";"A01";"2";"10";"0";"2";"1";"2";"1";""
"202100055619";"102 430";"B01";"2";"7";"0";"2";"4";"2";"1";""
"202100055620";"102 426";"A01";"1";"7";"0";"2";"3";"26";"1";""
"202100055620";"102 427";"B01";"1";"37";"0";"2";"2";"1";"1";"1"
"202100055621";"102 425";"A01";"2";"7";"0";"0";"7";"1";"1";""
"202100055622";"102 424";"A01";"2";"7";"0";"1";"1";"1";"1";""
"202100055623";"102 422";"A01";"1";"7";"0";"2";"3";"13";"1";""
"202100055623";"102 423";"B01";"2";"7";"0";"2";"3";"1";"1";""
"202100055624";"102 421";"A01";"1";"2";"0";"0";"0";"1";"1";""
"202100055625";"102 420";"A01";"1";"2";"0";"0";"0";"1";"1";""
"202100055626";"102 419";"A01";"1";"7";"13";"0";"9";"1";"1";""
"202100055627";"102 417";"A01";"2";"3";"0";"2";"1";"13";"1";""
"202100055627";"102 418";"B01";"1";"7";"0";"2";"2";"21";"1";""
"202100055628";"102 415";"A01";"1";"7";"0";"0";"3";"0";"1";""
"202100055628";"102 416";"B01";"2";"7";"0";"0";"3";"0";"1";""
"202100055629";"102 414";"A01";"1";"0";"0";"1";"0";"0";"0";""
"202100055630";"102 413";"A01";"1";"7";"0";"0";"2";"0";"1";""
"202100055631";"102 412";"A01";"1";"7";"2";"0";"1";"1";"1";""
"202100055632";"102 410";"B01";"1";"7";"0";"2";"3";"1";"1";""
"202100055632";"102 411";"A01";"1";"7";"13";"2";"5";"17";"1";""
"202100055633";"102 408";"A01";"1";"7";"0";"2";"1";"13";"1";""
"202100055633";"102 409";"B01";"2";"38";"0";"2";"3";"1";"1";"1"
"202100055634";"102 407";"A01";"2";"33";"13";"0";"9";"14";"1";""
"202100055635";"102 406";"A01";"1";"7";"13";"0";"9";"17";"1";""
"202100055636";"102 405";"A01";"2";"7";"13";"0";"9";"15";"1";""
"202100055637";"102 403";"B01";"2";"7";"0";"2";"3";"1";"1";""
"202100055637";"102 404";"A01";"1";"1";"0";"2";"1";"5";"5";""
"202100055638";"102 402";"A01";"1";"7";"8";"0";"1";"1";"1";""
"202100055639";"102 399";"A01";"2";"7";"0";"1";"3";"1";"1";""
"202100055640";"102 398";"A01";"3";"3";"0";"0";"1";"0";"1";""